{"url": "https://embrc.eu/node/1228", "name": "Structural and chemical analysis | EMBRC", "description": "Environmental analysis of nutrients, chlorophyll a, Dissolved Organic Carbon and its chromophoric fraction", "contact": "access_it@szn.it, antonietta.specchiulli@cnr.it", "link": "https://aria.embrc.eu/submit-proposal/new?platform_reference=TEC5_CNR-IRBIM-L&acid=131", "research_infrastructure": "EMBRC", "country": "Italy", "provider": "Consiglio Nazionale delle Ricerche (Italy) ", "offers": "Chemical lab equipped with Autoanalyzer 3 - Bran + Luebbe (Norderstedt, Germany) and Trilogy laboratory Fluorometer (Turner Designs, V. 1.2); SHIMADZUTOC-L CHS series + SSM 5000 and to SHIMADZU 2600 series dual beam UV-VIS spectrophotometer", "category": "Technology platforms"}