{"url": "https://embrc.eu/node/1195", "name": "Molecular biology and omics | EMBRC", "description": "Proteomics analysis (protein extraction and quantification, 1 and 2-dimensional gel electrophoresis, Filtered Aided Sample Preparation (FASP), Peptide purification (Desalting by C18 ziptips), LC-MS/MS, protein identification and label-free Q-proteomics). Genomic identification of organisms and gene based analyses (DNA extraction, sequencing and bionformatics). Gene expression studies (PCR)", "contact": "acanario@ualg.pt, amamaral@ualg.pt, ciimarembrc@ciimar.up.pt", "link": "https://aria.embrc.eu/submit-proposal/new?platform_reference=TEC3_CIIMAR&acid=131", "research_infrastructure": "EMBRC", "country": "Portugal", "provider": "On-site access, Interdisciplinary Centre of Marine and Environmental Research (Portugal) ", "offers": "N/A", "category": "Technology platforms"}