{"url": "https://embrc.eu/node/1091", "name": "Climate Controlled Rooms | EMBRC", "description": "Experimental facilities for marine organism cultivation", "contact": "info@embrc.uk, paulon@mba.ac.uk", "link": "https://aria.embrc.eu/submit-proposal/new?platform_reference=EXP3_MBA&acid=131", "research_infrastructure": "EMBRC", "country": "United Kingdom", "provider": "On-site access, The Marine Biological Association (United Kingdom) ", "offers": "Experienced aquarist with specialist knowledge particularly marine fish, elasmobranchs and cephalopods", "category": "Experimental facilities"}