{"url": "https://embrc.eu/node/869", "name": "Culture collections | EMBRC", "description": "LEGE Cyanobacteria collection (400 strains; https://lege.ciimar.up.pt). Actinobacteria, Planctomycetes and bacteria from different phyla (Proteobacteria, Firmicutes and Bacteroidetes)", "contact": "acanario@ualg.pt, amamaral@ualg.pt, ciimarembrc@ciimar.up.pt", "link": "https://aria.embrc.eu/submit-proposal/new?platform_reference=BIO1_CIIMAR&acid=131", "research_infrastructure": "EMBRC", "country": "Portugal", "provider": "On-site access, Interdisciplinary Centre of Marine and Environmental Research (Portugal) ", "offers": "N/A", "category": "Biological resources"}