{"url": "https://embrc.eu/node/1172", "name": "Imaging | EMBRC", "description": "Access to microscope laboratory with stereomicroscope for macrofauna and zooplankton observation", "contact": "access_it@szn.it, antonietta.specchiulli@cnr.it", "link": "https://aria.embrc.eu/submit-proposal/new?platform_reference=TEC2_CNR-IRBIM-L&acid=131", "research_infrastructure": "EMBRC", "country": "Italy", "provider": "Consiglio Nazionale delle Ricerche (Italy) ", "offers": "A number of inverted microscope is available for phytoplankton cells counting", "category": "Technology platforms"}