{"url": "https://embrc.eu/node/1210", "name": "Molecular biology and omics | EMBRC", "description": "Bacterial and biofilm studies, supported by molecular capability (NGS). Equipment for molecular biology and biochemical analysis", "contact": "info@embrc.uk, jmcw@st-andrews.ac.uk", "link": "https://aria.embrc.eu/submit-proposal/new?platform_reference=TEC3_SOI&acid=131", "research_infrastructure": "EMBRC", "country": "United Kingdom", "provider": "On-site access, Scottish Oceans Institute (United Kingdom) ", "offers": "Next generation sequencing and appropriate pipelines, specialising in benthic bacterial abundance and diversity", "category": "Technology platforms"}