{"url": "https://embrc.eu/node/1212", "name": "Molecular biology and omics | EMBRC", "description": "Access to marine bacterial and marine molecular platforms. DNA barcoding (PCR, DGGE, and RT-QPCR), High Throughput algal sample identification and NGS analysis", "contact": "embrc@ugent.be, marleen.roelofs@ugent.be", "link": "https://aria.embrc.eu/submit-proposal/new?platform_reference=TEC3_UGENT&acid=131", "research_infrastructure": "EMBRC", "country": "Belgium", "provider": "On-site access, Ghent University (Belgium) ", "offers": "N/A", "category": "Technology platforms"}