{"url": "https://embrc.eu/node/918", "name": "Organisms collected in the wild | EMBRC", "description": "Sampling marine bacteria and phytoplankton from the Gulf of Aqaba", "contact": "liaison_il@embrc.eu, gil.koplovitz@mail.huji.ac.il", "link": "https://aria.embrc.eu/submit-proposal/new?platform_reference=BIO5_IUI&acid=131", "research_infrastructure": "EMBRC", "country": "Israel", "provider": "On-site access, Interuniversity Institute for Marine Sciences (Israel) ", "offers": "N/A", "category": "Biological resources"}