{"url": "https://embrc.eu/node/1165", "name": "Bioassays | EMBRC", "description": "Toxicity tests, sublethal exposure response tests", "contact": "maria.huete@uvigo.es, xabier.lecube@ehu.eus", "link": "https://aria.embrc.eu/submit-proposal/new?platform_reference=TEC1_PiE-UPV/EHU&acid=131", "research_infrastructure": "EMBRC", "country": "Spain", "provider": "On-site access, Plentzia Marine Station (Spain) ", "offers": "Expertise in pollution biomonitoring using sentinel species in the field and in toxicological studies in the laboratory", "category": "Technology platforms"}