{"url": "https://embrc.eu/node/1164", "name": "Bioassays | EMBRC", "description": "Electrophysiology, including patch clamp, ion selective electrodes, single and 2-electrode voltage clamp", "contact": "info@embrc.uk, paulon@mba.ac.uk", "link": "https://aria.embrc.eu/submit-proposal/new?platform_reference=TEC1_MBA&acid=131", "research_infrastructure": "EMBRC", "country": "United Kingdom", "provider": "On-site access, The Marine Biological Association (United Kingdom) ", "offers": "Staff with high level of technical expertise in electrophysiology techniques", "category": "Technology platforms"}