{"url": "https://embrc.eu/node/963", "name": "Data analysis tools and software | EMBRC", "description": "MSP (Marine Spatial Planning) tools", "contact": "access_it@szn.it, lucia.bongiorni@ve.ismar.cnr.it", "link": "https://aria.embrc.eu/submit-proposal/new?platform_reference=ELE2_CNR-ISMAR&acid=131", "research_infrastructure": "EMBRC", "country": "Italy", "provider": "Consiglio Nazionale delle Ricerche (Italy) ", "offers": "Software-algorithms development and customization available upon request. Expertize on high resolution Multibeam, habitat mapping, videotransects, videoimaging (Venice lagoon, channels, coastal sites), Training expertize and facilities on Multibeam, habitat mapping, GIS", "category": "E-services"}