{"url": "https://embrc.eu/node/951", "name": "Taxonomic services | EMBRC", "description": "Taxonomic identification: benthos, microalgae, macroalgae, zooplancton", "contact": "maria.huete@uvigo.es, xabier.lecube@ehu.eus", "link": "https://aria.embrc.eu/submit-proposal/new?platform_reference=BIO6_PiE-UPV/EHU&acid=131", "research_infrastructure": "EMBRC", "country": "Spain", "provider": "Plentzia Marine Station (Spain) ", "offers": "Expert taxonomic advise for species identification and ecosystems monitoring", "category": "Biological resources"}