{"url": "https://embrc.eu/node/1218", "name": "Remote sensing and telemetry | EMBRC", "description": "Aqua Alta offshore oceanographic tower equipped with lab and accomodation", "contact": "access_it@szn.it, lucia.bongiorni@ve.ismar.cnr.it", "link": "https://aria.embrc.eu/submit-proposal/new?platform_reference=TEC4_CNR-ISMAR&acid=131", "research_infrastructure": "EMBRC", "country": "Italy", "provider": "Consiglio Nazionale delle Ricerche (Italy) ", "offers": "Aqua Alta is a unique offshore tower equipped with autonomous meteo-oceanographic instrumentation, sensors for hydrology, ADCP, hydrophones and 2 fixed underwater video cameras (continuos recording), wide band intranet connection, two rooms (small lab and accomodation)", "category": "Technology platforms"}