{"url": "https://embrc.eu/node/1140", "name": "Wet laboratories | EMBRC", "description": "Lab for the setup of experimental protocols and for sample observation (binocular)", "contact": "gemma.gimenez_papiol@sorbonne-universite.fr, raffaela.cattaneo@imev-mer.fr", "link": "https://aria.embrc.eu/submit-proposal/new?platform_reference=EXP4_IMEV&acid=131", "research_infrastructure": "EMBRC", "country": "France", "provider": "On-site access, Institut de la Mer de Villefranche (France) ", "offers": "N/A", "category": "Experimental facilities"}