{"url": "https://embrc.eu/node/1128", "name": "Mesocosms | EMBRC", "description": "Replicated mesocosm systems for medium-term incubation of bacteria, foraminifera, microphytobenthos, benthos etc.", "contact": "info@embrc.uk, jmcw@st-andrews.ac.uk", "link": "https://aria.embrc.eu/submit-proposal/new?platform_reference=EXP2_SOI&acid=131", "research_infrastructure": "EMBRC", "country": "United Kingdom", "provider": "On-site access, Scottish Oceans Institute (United Kingdom) ", "offers": "N/A", "category": "Experimental facilities"}