{"url": "https://embrc.eu/node/914", "name": "Organisms collected in the wild | EMBRC", "description": "Collection and supply of local marine flora and fauna from the Southern Galician Rias.", "contact": "maria.huete@uvigo.es", "link": "https://aria.embrc.eu/submit-proposal/new?platform_reference=BIO5_ECIMAT-UVIGO&acid=131", "research_infrastructure": "EMBRC", "country": "Spain", "provider": "Toralla Marine Science Station - Vigo University Marine Research Centre (Spain) ", "offers": "ISO9001 Certified service. Organisms collected at the coast: rocks, beach, harbors or within the Rias environment (40 km offshore/ up to 100m depth). Nagoya clearance and other permits transaction: sampling, transportation", "category": "Biological resources"}