{"url": "https://embrc.eu/node/911", "name": "Organisms collected in the wild | EMBRC", "description": "Collect and supply of bony fishes, chephalopods, crustaceans and elasmobranchs from GSA10", "contact": "access_it@szn.it, violetta.lacono@irbim.cnr.it", "link": "https://aria.embrc.eu/submit-proposal/new?platform_reference=BIO5_CNR-IRBIM-M&acid=131", "research_infrastructure": "EMBRC", "country": "Italy", "provider": "Consiglio Nazionale delle Ricerche (Italy) ", "offers": "A pressure-retaining sampler combined with high pressure incubator vessels suitable for both sampling and incubation under pressure of up to 50 MPa is available. Vessels can be rent on site to sample in the Capo Peloro brackish system and the Strait of Messina, among others", "category": "Biological resources"}