{"url": "https://embrc.eu/node/902", "name": "Marine model organisms | EMBRC", "description": "Collection and rearing of marine model organisms (ascidians, sea urchin, starfish, sea tutles, etc.)", "contact": "access_it@szn.it, andrea.tarallo@szn.it", "link": "https://aria.embrc.eu/submit-proposal/new?platform_reference=BIO3_SZN&acid=131", "research_infrastructure": "EMBRC", "country": "Italy", "provider": "Stazione Zoologica Anton Dohrn (Italy) ", "offers": "N/A", "category": "Biological resources"}