{"url": "https://embrc.eu/node/899", "name": "Marine model organisms | EMBRC", "description": "Provision of organisms at various life stages, as Branchiostoma lanceolatum, Phallusia mamillata, Ditrupa arietina, Corallium rubrum, Paracentrotus lividus, Aurelia aurita, Zebrafishes, Amphiprion ocellaris, Pocillopora damicornis, Scyliorhinus canicula, etc. Platform name: Services Aquariologie (SA CRBM) et Collection de Mutants", "contact": "gemma.gimenez_papiol@sorbonne-universite.fr, julie.boeuf@obs-banyuls.fr", "link": "https://aria.embrc.eu/submit-proposal/new?platform_reference=BIO3_OOB&acid=131", "research_infrastructure": "EMBRC", "country": "France", "provider": "Observatoire Oc\u00e9anologique de Banyuls sur Mer (France) ", "offers": "N/A", "category": "Biological resources"}