{"url": "https://embrc.eu/node/901", "name": "Marine model organisms | EMBRC", "description": "On-site or remote availability of Scyliorhinus canicula eggs, Ciona intestinalis, Paracentrotus lividus, Ciona robusta, Sphaerechinus granularis. Platform name: Service Aquariologie (SA CRBM)", "contact": "gemma.gimenez_papiol@sorbonne-universite.fr, cecile.cabresin@sb-roscoff.fr", "link": "https://aria.embrc.eu/submit-proposal/new?platform_reference=BIO3_SBR&acid=131", "research_infrastructure": "EMBRC", "country": "France", "provider": "Station Biologique de Roscoff (France) ", "offers": "N/A", "category": "Biological resources"}