{"url": "https://embrc.eu/node/1241", "name": "Structural and chemical analysis | EMBRC", "description": "Facilities for crystallisation, gene expression and identification of crystalline materials using x-ray diffraction. Marine biofilm lab (PAM and CSM), 8-m seawater flume supported by ADV and PIV systems", "contact": "info@embrc.uk, jmcw@st-andrews.ac.uk", "link": "https://aria.embrc.eu/submit-proposal/new?platform_reference=TEC5_SOI&acid=131", "research_infrastructure": "EMBRC", "country": "United Kingdom", "provider": "On-site access, Scottish Oceans Institute (United Kingdom) ", "offers": "N/A", "category": "Technology platforms"}