{"url": "https://embrc.eu/node/1113", "name": "Dry laboratories | EMBRC", "description": "Labs adjacent to tank rooms for dissection, histology, imaging, molecular biology, cell culture, analytical chemistry, histochemistry and biochemistry, cell separation and fractionation", "contact": "maria.huete@uvigo.es, xabier.lecube@ehu.eus", "link": "https://aria.embrc.eu/submit-proposal/new?platform_reference=EXP5_PiE-UPV/EHU&acid=131", "research_infrastructure": "EMBRC", "country": "Spain", "provider": "On-site access, Plentzia Marine Station (Spain) ", "offers": "Basic laboratory processing of marine organisms and their tissues or cells", "category": "Experimental facilities"}