{"url": "https://embrc.eu/node/931", "name": "Rearing of aquaculture animals | EMBRC", "description": "Cultivation of microalgae and zooplankton species for aquaculture studies. Rearing of mollusks, fishes and other marine organisms.", "contact": "maria.huete@uvigo.es", "link": "https://aria.embrc.eu/submit-proposal/new?platform_reference=BIO4_ECIMAT-UVIGO&acid=131", "research_infrastructure": "EMBRC", "country": "Spain", "provider": "Toralla Marine Science Station - Vigo University Marine Research Centre (Spain) ", "offers": "ISO9001 certified service. Microalgae, zooplankton, molluscs, fish and fish larvae", "category": "Biological resources"}