{"url": "https://embrc.eu/node/1049", "name": "Submersibles | EMBRC", "description": "Submersibles for underwater imaging: Side Scan Sonar DE3468D (DeepVision) for sea-floor mapping, BlueROV2 for underwater video and photography", "contact": "kasapidi@hcmr.gr, kasapidi@hcmr.gr", "link": "https://aria.embrc.eu/submit-proposal/new?platform_reference=ECO4_HCMR-IMBBC&acid=131", "research_infrastructure": "EMBRC", "country": "Greece", "provider": "Institute of Marine Biology, Biotechnology and Aquaculture, Hellenic Centre for Marine Research (Greece) ", "offers": "N/A", "category": "Ecosystem access"}