{"url": "https://embrc.eu/node/1188", "name": "Imaging | EMBRC", "description": "SEM and FTIR imaging, flow cytometer. Image analysis of protists, histopathological slides, animal behaviour, microplastics (FTIR microscopy). Hyperspectral monitoring (underwater) surfaces", "contact": "embrc@ugent.be, marleen.roelofs@ugent.be", "link": "https://aria.embrc.eu/submit-proposal/new?platform_reference=TEC2_UGENT&acid=131", "research_infrastructure": "EMBRC", "country": "Belgium", "provider": "On-site access, Ghent University (Belgium) ", "offers": "Image analysis of histopathological slides. Special stainings such as PAS, Giemsa, Von Gieson, as well as immunohistochemical staining with specific biomarkers. FTIR microscopy for microplastic detection, identifiication and quantification", "category": "Technology platforms"}