{"url": "https://embrc.eu/node/1266", "name": "Training facilities | EMBRC", "description": "Meeting rooms and office space, teaching facilities including a lecture hall with remote (video) teaching facilities, holding up to 80 people. Computer room for 16 people", "contact": "liaison_il@embrc.eu, gil.koplovitz@mail.huji.ac.il", "link": "https://aria.embrc.eu/submit-proposal/new?platform_reference=TRL1_IUI&acid=131", "research_infrastructure": "EMBRC", "country": "Israel", "provider": "On-site access, Interuniversity Institute for Marine Sciences (Israel) ", "offers": "N/A", "category": "Training & library services"}