{"url": "https://embrc.eu/node/1039", "name": "Scientific diving | EMBRC", "description": "Diving equipment. Use of personal basic equipment is strongly suggested", "contact": "acanario@ualg.pt, amamaral@ualg.pt, \u200bimarembrc@uac.pt, eduardo.jl.isidro@uac.pt", "link": "https://aria.embrc.eu/submit-proposal/new?platform_reference=ECO3_IMAR&acid=131", "research_infrastructure": "EMBRC", "country": "Portugal", "provider": "On-site access, Institute of Marine Research (Portugal) ", "offers": "A diving unit with diving equipment and", "category": "Ecosystem access"}