{"url": "https://embrc.eu/node/1095", "name": "Climate Controlled Rooms | EMBRC", "description": "Aquaria and tanks for different experimental sets (aquaculture, biomonitoring, ecotoxicology)", "contact": "maria.huete@uvigo.es, xabier.lecube@ehu.eus", "link": "https://aria.embrc.eu/submit-proposal/new?platform_reference=EXP3_PiE-UPV/EHU&acid=131", "research_infrastructure": "EMBRC", "country": "Spain", "provider": "On-site access, Plentzia Marine Station (Spain) ", "offers": "Climate rooms, controlled photoperiod, continuous supply of filtered sea and freshwater, metal-free", "category": "Experimental facilities"}