{"url": "https://embrc.eu/node/1185", "name": "Imaging | EMBRC", "description": "Confocal, fluorescence, transmission electron microscopes. Platform name: MerImage", "contact": "gemma.gimenez_papiol@sorbonne-universite.fr, cecile.cabresin@sb-roscoff.fr", "link": "https://aria.embrc.eu/submit-proposal/new?platform_reference=TEC2_SBR&acid=131", "research_infrastructure": "EMBRC", "country": "France", "provider": "On-site access, Station Biologique de Roscoff (France) ", "offers": "N/A", "category": "Technology platforms"}