{"url": "https://embrc.eu/node/998", "name": "Coastal research vessels | EMBRC", "description": "Research vessel & inflatable boats (RHIBs) for access to Azores", "contact": "acanario@ualg.pt, amamaral@ualg.pt, \u200bimarembrc@uac.pt, eduardo.jl.isidro@uac.pt", "link": "https://aria.embrc.eu/submit-proposal/new?platform_reference=ECO1_IMAR&acid=131", "research_infrastructure": "EMBRC", "country": "Portugal", "provider": "On-site access, Institute of Marine Research (Portugal) ", "offers": "RV Arquipelago (25m RV - operates at a Regional scale), RV \u00c1guas Vivas (11m - operates at a local scale), 4 RHIBS (suport diving and other coastal work). For the time being, access to RV Arquipelago is only guarented inside running programed missions.", "category": "Ecosystem access"}