{"url": "https://embrc.eu/node/983", "name": "Data sets | EMBRC", "description": "Rothera time series, Southern Ocean. More info at https://www.bas.ac.uk/data/our-data", "contact": "info@embrc.uk, mscl@bas.ac.uk", "link": "https://aria.embrc.eu/submit-proposal/new?platform_reference=ELE1_NERC-BAS&acid=131", "research_infrastructure": "EMBRC", "country": "United Kingdom", "provider": "Remote access, Natural Environment Research Council \u2013 British Antarctic Survey (United Kingdom) ", "offers": "N/A", "category": "E-services"}