{"url": "https://embrc.eu/node/907", "name": "Organisms collected in the wild | EMBRC", "description": "Organims collected in the Algarve Atlantic coast (South Portugal) and nearby estuaries (intertidal, subtidal areas). Small boats available", "contact": "acanario@ualg.pt, amamaral@ualg.pt, ccmarassemble@ualg.pt", "link": "https://aria.embrc.eu/submit-proposal/new?platform_reference=BIO5_CCMAR&acid=131", "research_infrastructure": "EMBRC", "country": "Portugal", "provider": "On-site access, Centre for Marine Sciences (Portugal) ", "offers": "N/A", "category": "Biological resources"}