{"url": "https://embrc.eu/node/1204", "name": "Molecular biology and omics | EMBRC", "description": "Protein and nucleic acid preparation and analysis: High throughput Q-PCR, associated separation and biochemical facilities, genetic manipulation. Full technical support", "contact": "info@embrc.uk, paulon@mba.ac.uk", "link": "https://aria.embrc.eu/submit-proposal/new?platform_reference=TEC3_MBA&acid=131", "research_infrastructure": "EMBRC", "country": "United Kingdom", "provider": "The Marine Biological Association (United Kingdom) ", "offers": "Full technical support", "category": "Technology platforms"}