{"url": "https://embrc.eu/node/1069", "name": "Aquaria and Tanks | EMBRC", "description": "Circulating seawater systems and aquaria. Natural seawater is pumped direct from sea and filtered for aquarium facilities for housing and husbandary of a wide range of marine species -invertebrates, vertebrate fish and seaweeds. Full range of tank sizes available housed in seawater hall and tank rooms. Environmental control and closed systems also available. Full technical support available", "contact": "info@embrc.uk, paulon@mba.ac.uk", "link": "https://aria.embrc.eu/submit-proposal/new?platform_reference=EXP1_MBA&acid=131", "research_infrastructure": "EMBRC", "country": "United Kingdom", "provider": "On-site access, The Marine Biological Association (United Kingdom) ", "offers": "Experienced aquarist with specialist knowledge particularly marine fish, elasmobranchs and cephalopods", "category": "Experimental facilities"}