{"url": "https://embrc.eu/node/893", "name": "Marine model organisms | EMBRC", "description": "Availability of different model species for studies with different purposes: Paracentrotus spp, Daphnia magna, Siriella armata, Cyprinodon variegatus.", "contact": "maria.huete@uvigo.es", "link": "https://aria.embrc.eu/submit-proposal/new?platform_reference=BIO3_ECIMAT-UVIGO&acid=131", "research_infrastructure": "EMBRC", "country": "Spain", "provider": "Toralla Marine Science Station - Vigo University Marine Research Centre (Spain) ", "offers": "Expert advise is available for experimentation with Paracentrotus spp, Daphnia magna, Siriella armata, Cyprinodon variegatus.", "category": "Biological resources"}