{"url": "https://embrc.eu/node/1014", "name": "Sampling equipment | EMBRC", "description": "Water column and net sampling, lake core sediment sampling. Environmental parameters probes", "contact": "acanario@ualg.pt, amamaral@ualg.pt, acoiembrc@ci.uc.pt", "link": "https://aria.embrc.eu/submit-proposal/new?platform_reference=ECO2_ACOI&acid=131", "research_infrastructure": "EMBRC", "country": "Portugal", "provider": "On-site access, Coimbra Collection of Algae (Portugal) ", "offers": "N/A", "category": "Ecosystem access"}