{"url": "https://embrc.eu/node/1148", "name": "Wet laboratories | EMBRC", "description": "Wet labs equipped for different experimental set ups (aquaculture, toxicology..)", "contact": "maria.huete@uvigo.es, xabier.lecube@ehu.eus", "link": "https://aria.embrc.eu/submit-proposal/new?platform_reference=EXP4_PiE-UPV/EHU&acid=131", "research_infrastructure": "EMBRC", "country": "Spain", "provider": "On-site access, Plentzia Marine Station (Spain) ", "offers": "N/A", "category": "Experimental facilities"}