{"url": "https://embrc.eu/node/1025", "name": "Sampling equipment | EMBRC", "description": "Various equipment for benthic and pelagic sampling", "contact": "susanna.pakkasmaa@uib.no, henrik.glenner@uib.no, rolf.e.olsen@ntnu.no", "link": "https://aria.embrc.eu/submit-proposal/new?platform_reference=ECO2_NTNU&acid=131", "research_infrastructure": "EMBRC", "country": "Norway", "provider": "On-site access, Norwegian University of Science and Technology (Norway) ", "offers": "N/A", "category": "Ecosystem access"}