{"url": "https://embrc.eu/node/1006", "name": "Coastal research vessels | EMBRC", "description": "Coastal research vessel for accessing coastal pelagic ecosystems, rocky shores and estuaries. 4.8 m RHIB and boat trailer.", "contact": "maria.huete@uvigo.es, xabier.lecube@ehu.eus", "link": "https://aria.embrc.eu/submit-proposal/new?platform_reference=ECO1_PiE-UPV/EHU&acid=131", "research_infrastructure": "EMBRC", "country": "Spain", "provider": "On-site access, Plentzia Marine Station (Spain) ", "offers": "Zodiac for 4 people to sample in esturaries and in the litoral vicinity of the marine station with gear for analysis of physicochemicals and sampling of pelagic ecosystems", "category": "Ecosystem access"}