{"url": "https://embrc.eu/node/846", "name": "In-house lodging | EMBRC", "description": "Access to in-house lodging at Chioggia Marine station", "contact": "access_it@szn.it, lorenzo.zane@unipd.it", "link": "https://aria.embrc.eu/submit-proposal/new?platform_reference=ACC1_CONISMA-Chioggia&acid=131", "research_infrastructure": "EMBRC", "country": "Italy", "provider": "On-site access, Consorzio Nazionale Interuniversitario per le Scienze del Mare (Italy) ", "offers": "Bed in shared room, shared bathroom, common kitchen and dining room.", "category": "Accommodation & catering"}