{"url": "https://embrc.eu/node/1147", "name": "Wet laboratories | EMBRC", "description": "Laboratories equipped with running seawater, fumehood, microscope, stereomicroscope, incubator, fridge and freezer", "contact": "gemma.gimenez_papiol@sorbonne-universite.fr, julie.boeuf@obs-banyuls.fr", "link": "https://aria.embrc.eu/submit-proposal/new?platform_reference=EXP4_OOB&acid=131", "research_infrastructure": "EMBRC", "country": "France", "provider": "On-site access, Observatoire Oc\u00e9anologique de Banyuls sur Mer (France) ", "offers": "N/A", "category": "Experimental facilities"}