{"url": "https://embrc.eu/node/1068", "name": "Aquaria and Tanks | EMBRC", "description": "Indoor and outdoor tanks with running sea water available for a wide range of applications, growing organisms (e.g., corals, sea urchins, molluscs, algae)", "contact": "liaison_il@embrc.eu, gil.koplovitz@mail.huji.ac.il", "link": "https://aria.embrc.eu/submit-proposal/new?platform_reference=EXP1_IUI&acid=131", "research_infrastructure": "EMBRC", "country": "Israel", "provider": "On-site access, Interuniversity Institute for Marine Sciences (Israel) ", "offers": "N/A", "category": "Experimental facilities"}