{"url": "https://embrc.eu/node/990", "name": "Coastal research vessels | EMBRC", "description": "Coastal research vessels operating in Northern Portugal, Atlantic Western coast and nearby estuaries", "contact": "acanario@ualg.pt, amamaral@ualg.pt, ciimarembrc@ciimar.up.pt", "link": "https://aria.embrc.eu/submit-proposal/new?platform_reference=ECO1_CIIMAR&acid=131", "research_infrastructure": "EMBRC", "country": "Portugal", "provider": "On-site access, Interdisciplinary Centre of Marine and Environmental Research (Portugal) ", "offers": "N/A", "category": "Ecosystem access"}