{"url": "https://embrc.eu/node/1237", "name": "Structural and chemical analysis | EMBRC", "description": "Freeze dryer, metabolomic unit, basic element X-ray analysis (Tornado), analytical chemistry service", "contact": "maria.huete@uvigo.es, xabier.lecube@ehu.eus", "link": "https://aria.embrc.eu/submit-proposal/new?platform_reference=TEC5_PiE-UPV/EHU&acid=131", "research_infrastructure": "EMBRC", "country": "Spain", "provider": "Plentzia Marine Station (Spain) ", "offers": "Expertise in environmental analytical chemistry specially in relation to chemical pollutants including emerging pollutants", "category": "Technology platforms"}