{"url": "https://embrc.eu/node/1176", "name": "Imaging | EMBRC", "description": "Light microscopy", "contact": "acanario@ualg.pt, amamaral@ualg.pt, \u200bimarembrc@uac.pt, eduardo.jl.isidro@uac.pt", "link": "https://aria.embrc.eu/submit-proposal/new?platform_reference=TEC2_IMAR&acid=131", "research_infrastructure": "EMBRC", "country": "Portugal", "provider": "On-site access, Institute of Marine Research (Portugal) ", "offers": "Microscopes, Stereomicroscopes with and without epifuorescencewith image aquisition systems", "category": "Technology platforms"}