{"url": "https://embrc.eu/node/1109", "name": "Dry laboratories | EMBRC", "description": "Standard lab facilities (autoclave, centrifuges, ventilation hoods, incubators, drying ovens, furnaces, shakers, baths, analytical and semi-analytical balances, freezers, etc.)", "contact": "liaison_il@embrc.eu, gil.koplovitz@mail.huji.ac.il", "link": "https://aria.embrc.eu/submit-proposal/new?platform_reference=EXP5_IUI&acid=131", "research_infrastructure": "EMBRC", "country": "Israel", "provider": "On-site access, Interuniversity Institute for Marine Sciences (Israel) ", "offers": "N/A", "category": "Experimental facilities"}