{"url": "https://embrc.eu/node/1115", "name": "Dry laboratories | EMBRC", "description": "Microalgae lab (microscope and binocular with camera - laminar flow cabinet - incubator basic consumables and reagents). Molecular biology lab (PCR hood, transilluminator UV, nanodrop, spectrophotometer, consumables, reagents)", "contact": "gemma.gimenez_papiol@sorbonne-universite.fr, cecile.cabresin@sb-roscoff.fr", "link": "https://aria.embrc.eu/submit-proposal/new?platform_reference=EXP5_SBR&acid=131", "research_infrastructure": "EMBRC", "country": "France", "provider": "On-site access, Station Biologique de Roscoff (France) ", "offers": "N/A", "category": "Experimental facilities"}