{"url": "https://embrc.eu/node/1036", "name": "Scientific diving | EMBRC", "description": "Support to diving and sampling", "contact": "access_it@szn.it, giorgio.tranchida@cnr.it", "link": "https://aria.embrc.eu/submit-proposal/new?platform_reference=ECO3_CNR-IAS-CG&acid=131", "research_infrastructure": "EMBRC", "country": "Italy", "provider": "On-site access, Consiglio Nazionale delle Ricerche (Italy) ", "offers": "Support vessel \"Bio4U\", 7.5 m LOA, can be operated around Sicily <12 nm", "category": "Ecosystem access"}