{"url": "https://embrc.eu/node/915", "name": "Organisms collected in the wild | EMBRC", "description": "Sampling of marine organisms from coastal habitats around Crete (Cretan and Libyan Seas)", "contact": "kasapidi@hcmr.gr, kasapidi@hcmr.gr", "link": "https://aria.embrc.eu/submit-proposal/new?platform_reference=BIO5_HCMR-IMBBC&acid=131", "research_infrastructure": "EMBRC", "country": "Greece", "provider": "Institute of Marine Biology, Biotechnology and Aquaculture, Hellenic Centre for Marine Research (Greece) ", "offers": "Organisms collected with various methods (by scuba diving, by small boat, from the coast), from coastal habitats of Crete (hard and soft substrate, Posidonia and algal meadows, plankton), mostly from the Gulf of Heraklion. Collection for fish species is not standard serviceprovided but it can be feasible for certain species.", "category": "Biological resources"}