{"url": "https://embrc.eu/node/1182", "name": "Imaging | EMBRC", "description": "BIOPIC platforms: flow cytometry, transmission electron microscope, fluorescence microscopes wide fields, laser scanning microscope", "contact": "gemma.gimenez_papiol@sorbonne-universite.fr, julie.boeuf@obs-banyuls.fr", "link": "https://aria.embrc.eu/submit-proposal/new?platform_reference=TEC2_OOB&acid=131", "research_infrastructure": "EMBRC", "country": "France", "provider": "Observatoire Oc\u00e9anologique de Banyuls sur Mer (France) ", "offers": "N/A", "category": "Technology platforms"}