{"url": "https://embrc.eu/node/1197", "name": "Molecular biology and omics | EMBRC", "description": "Basic molecular biology lab", "contact": "access_it@szn.it, mauro.angeletti@unicam.it", "link": "https://aria.embrc.eu/submit-proposal/new?platform_reference=TEC3_CONISMA-Camerino&acid=131", "research_infrastructure": "EMBRC", "country": "Italy", "provider": "On-site access, Consorzio Nazionale Interuniversitario per le Scienze del Mare (Italy) ", "offers": "Access to essential molecular biology lab equipped with DNA / RNA analyzer; PCR; Real-Time PCR Thermal Cycler; UV transilluminator; Gel box system", "category": "Technology platforms"}