{"url": "https://embrc.eu/node/957", "name": "Taxonomic services | EMBRC", "description": "Easy accessible habitats; deep-sea to intertidal/soft and hard bottom. Taxonomic expertise", "contact": "susanna.pakkasmaa@uib.no, henrik.glenner@uib.no, henrik.glenner@uib.no", "link": "https://aria.embrc.eu/submit-proposal/new?platform_reference=BIO6_UIB-MBSE&acid=131", "research_infrastructure": "EMBRC", "country": "Norway", "provider": "On-site access, University of Bergen (Norway) ", "offers": "N/A", "category": "Biological resources"}