{"url": "https://embrc.eu/node/892", "name": "Marine model organisms | EMBRC", "description": "Provision on request of marine model organisms from the Venice lagoon and North-Western Adriatic Sea", "contact": "access_it@szn.it, lorenzo.zane@unipd.it", "link": "https://aria.embrc.eu/submit-proposal/new?platform_reference=BIO3_CONISMA-Chioggia&acid=131", "research_infrastructure": "EMBRC", "country": "Italy", "provider": "Consorzio Nazionale Interuniversitario per le Scienze del Mare (Italy) ", "offers": "Collection of live samples for experimentation/shipment", "category": "Biological resources"}