{"url": "https://embrc.eu/node/1086", "name": "Climate Controlled Rooms | EMBRC", "description": "Climate controlled aquaria and tanks", "contact": "access_it@szn.it, mauro.angeletti@unicam.it", "link": "https://aria.embrc.eu/submit-proposal/new?platform_reference=EXP3_CONISMA-Camerino&acid=131", "research_infrastructure": "EMBRC", "country": "Italy", "provider": "On-site access, Consorzio Nazionale Interuniversitario per le Scienze del Mare (Italy) ", "offers": "This facility allows scientists to conduct experiments in seawater aquaria (100 L to 2000 L) with high-level control over water quality, temperature and salinity. Closed loop seawater circulation.", "category": "Experimental facilities"}