{"url": "https://embrc.eu/node/1087", "name": "Climate Controlled Rooms | EMBRC", "description": "Climate controlled room with experimental running seawater tanks for maintenance and experiments on marine organisms", "contact": "access_it@szn.it, lorenzo.zane@unipd.it", "link": "https://aria.embrc.eu/submit-proposal/new?platform_reference=EXP3_CONISMA-Chioggia&acid=131", "research_infrastructure": "EMBRC", "country": "Italy", "provider": "On-site access, Consorzio Nazionale Interuniversitario per le Scienze del Mare (Italy) ", "offers": "10 x 70 L, 10 x 60 L, 10 x 25 L aquaria climate controlled.", "category": "Experimental facilities"}