{"url": "https://embrc.eu/node/935", "name": "Rearing of aquaculture animals | EMBRC", "description": "Tanks with adjustable light regime, salinity, temperature", "contact": "susanna.pakkasmaa@uib.no, henrik.glenner@uib.no, rolf.e.olsen@ntnu.no", "link": "https://aria.embrc.eu/submit-proposal/new?platform_reference=BIO4_NTNU&acid=131", "research_infrastructure": "EMBRC", "country": "Norway", "provider": "On-site access, Norwegian University of Science and Technology (Norway) ", "offers": "N/A", "category": "Biological resources"}