{"url": "https://embrc.eu/node/948", "name": "Taxonomic services | EMBRC", "description": "Analysis and identification of zooplankton and phytoplankton including silk collected, net caught and preserved samples", "contact": "info@embrc.uk, paulon@mba.ac.uk", "link": "https://aria.embrc.eu/submit-proposal/new?platform_reference=BIO6_MBA&acid=131", "research_infrastructure": "EMBRC", "country": "United Kingdom", "provider": "The Marine Biological Association (United Kingdom) ", "offers": "Team of experienced plankton analysts", "category": "Biological resources"}