{"url": "https://embrc.eu/node/1002", "name": "Coastal research vessels | EMBRC", "description": "Two workboats, for river, estuarine and coastal environments, up to 60 miles off shore the South West of UK. Fully crewed and equipped; associated land transport; sampling gear", "contact": "info@embrc.uk, paulon@mba.ac.uk", "link": "https://aria.embrc.eu/submit-proposal/new?platform_reference=ECO1_MBA&acid=131", "research_infrastructure": "EMBRC", "country": "United Kingdom", "provider": "On-site access, The Marine Biological Association (United Kingdom) ", "offers": "Dedicated ship manager, seagoing technician and crew", "category": "Ecosystem access"}