{"url": "https://embrc.eu/node/1235", "name": "Structural and chemical analysis | EMBRC", "description": "Measurement of nutrients, chlorophyll a, particulate C and N concentrations", "contact": "access_it@szn.it, mcelussi@inogs.it", "link": "https://aria.embrc.eu/submit-proposal/new?platform_reference=TEC5_OGS&acid=131", "research_infrastructure": "EMBRC", "country": "Italy", "provider": "National Institute of Oceanography and Experimental Geophysics (Italy) ", "offers": "Expertise in sample preparation and interpretation of results are available upon request", "category": "Technology platforms"}