{"url": "https://embrc.eu/node/1133", "name": "Wet laboratories | EMBRC", "description": "General purpose wet laboratories to support aquaculture, ecotoxicology and ecological experiments", "contact": "acanario@ualg.pt, amamaral@ualg.pt, ciimarembrc@ciimar.up.pt", "link": "https://aria.embrc.eu/submit-proposal/new?platform_reference=EXP4_CIIMAR&acid=131", "research_infrastructure": "EMBRC", "country": "Portugal", "provider": "On-site access, Interdisciplinary Centre of Marine and Environmental Research (Portugal) ", "offers": "N/A", "category": "Experimental facilities"}