{"url": "https://embrc.eu/node/1244", "name": "Structural and chemical analysis | EMBRC", "description": "General chemistry/biochemistry lab. ELISA lab", "contact": "susanna.pakkasmaa@uib.no, henrik.glenner@uib.no, henrik.glenner@uib.no", "link": "https://aria.embrc.eu/submit-proposal/new?platform_reference=TEC5_UIB-MBSE&acid=131", "research_infrastructure": "EMBRC", "country": "Norway", "provider": "On-site access, University of Bergen (Norway) ", "offers": "N/A", "category": "Technology platforms"}