{"url": "https://embrc.eu/node/1230", "name": "Structural and chemical analysis | EMBRC", "description": "Chemical analysis on environmental matrices and organisms", "contact": "access_it@szn.it, lucia.bongiorni@ve.ismar.cnr.it", "link": "https://aria.embrc.eu/submit-proposal/new?platform_reference=TEC5_CNR-ISMAR&acid=131", "research_infrastructure": "EMBRC", "country": "Italy", "provider": "Consiglio Nazionale delle Ricerche (Italy) ", "offers": "Access to three fully equipped labs with Auto-analyzers, HPLC, GC-MS, inductively coupled plasma, mass and atomic emission spectrometer (ICP-MS and ICP-AES), for analysis of nutrients, organics and metals", "category": "Technology platforms"}