{"url": "https://embrc.eu/node/1217", "name": "Remote sensing and telemetry | EMBRC", "description": "Recording and analysis of underwater sounds and acoustic surveys for biomass assessment of small-sized pelagic fish", "contact": "access_it@szn.it, giorgio.tranchida@cnr.it", "link": "https://aria.embrc.eu/submit-proposal/new?platform_reference=TEC4_CNR-IAS-CG&acid=131", "research_infrastructure": "EMBRC", "country": "Italy", "provider": "On-site access, Consiglio Nazionale delle Ricerche (Italy) ", "offers": "Recording of underwater sounds (from organisms and environment) in tanks and at sea. Ethernet- and RS232- devices for parameters collection and device testing is available. Experimental acoustic surveys for biomass assessment of small-sized pelagic fish from hired vessel can be performed.", "category": "Technology platforms"}