{"url": "https://embrc.eu/node/1108", "name": "Dry laboratories | EMBRC", "description": "General chemistry/biochemistry lab. ELISA lab", "contact": "susanna.pakkasmaa@uib.no, henrik.glenner@uib.no, kjetil.stensland@hi.no", "link": "https://aria.embrc.eu/submit-proposal/new?platform_reference=EXP5_IMR-ARS&acid=131", "research_infrastructure": "EMBRC", "country": "Norway", "provider": "On-site access, Institute of Marine Research (Norway) ", "offers": "N/A", "category": "Experimental facilities"}