{"url": "https://embrc.eu/node/954", "name": "Taxonomic services | EMBRC", "description": "Qualitative and quantitative analysis of phytoplankton, zooplankton and benthos samples with morphological and molecular characterization", "contact": "access_it@szn.it, andrea.tarallo@szn.it", "link": "https://aria.embrc.eu/submit-proposal/new?platform_reference=BIO6_SZN&acid=131", "research_infrastructure": "EMBRC", "country": "Italy", "provider": "Stazione Zoologica Anton Dohrn (Italy) ", "offers": "Sorting, identification and isolation of phytoplankton, zooplankton, benthos from natural samples in collaboration with IRM. Isolation of single cells for the cultivation of microalgal strains. Organisms barcoding is available in collaboration with CSAM", "category": "Biological resources"}