{"url": "https://embrc.eu/node/1029", "name": "Sampling equipment | EMBRC", "description": "Field equipment and operators for sediment geotechnical and ecological survey (GIS mapping, side-scan sonar, sediment stability, invertebrate biodiversity). PAM fluorescence and radiometry for microphytobenthos biomass. Sediment dynamics (field operable MagPI and CSM systems). Safety equipment and appropriate risk assessments. Benthic, mudflat and saltmarsh sampling through photography, grab, and coring", "contact": "info@embrc.uk, jmcw@st-andrews.ac.uk", "link": "https://aria.embrc.eu/submit-proposal/new?platform_reference=ECO2_SOI&acid=131", "research_infrastructure": "EMBRC", "country": "United Kingdom", "provider": "On-site access, Scottish Oceans Institute (United Kingdom) ", "offers": "N/A", "category": "Ecosystem access"}