{"url": "https://embrc.eu/node/1866", "name": "In-house catering | EMBRC", "description": "Kitchen for staff and visitors use. It has ceramic hob, microwave, refrigerator and freezer. Vending machines with snacks, hot and cold drinks.", "contact": "maria.huete@uvigo.es", "link": "https://aria.embrc.eu/submit-proposal/new?platform_reference=ACC2_ECIMAT-UVIGO&acid=131", "research_infrastructure": "EMBRC", "country": "Spain", "provider": "On-site access, Toralla Marine Science Station - Vigo University Marine Research Centre (Spain) ", "offers": "Catering for lunches and buffets available on site, access to restaurant with special prize 5 mins walk, lunch room with microwave and refrigerator, vending machines", "category": "Accommodation & catering"}