{"url": "https://embrc.eu/node/927", "name": "Organisms collected in the wild | EMBRC", "description": "Sampling of benthic fauna (nematodes and other species) from the southern bight of the North Sea and Westerscheldt Estuary", "contact": "embrc@ugent.be, marleen.roelofs@ugent.be", "link": "https://aria.embrc.eu/submit-proposal/new?platform_reference=BIO5_UGENT&acid=131", "research_infrastructure": "EMBRC", "country": "Belgium", "provider": "On-site access, Ghent University (Belgium) ", "offers": "N/A", "category": "Biological resources"}