{"url": "https://embrc.eu/node/1001", "name": "Coastal research vessels | EMBRC", "description": "Coastal research vessel, 16 m long, for sampling in the Red Sea. Fully equipped for hydrographic, biological, and geological studies. Access to coral reefs, sea grasses. Access to warm, oligotrophic and deep sea ecosystems. Two 8 m small boats available", "contact": "liaison_il@embrc.eu, gil.koplovitz@mail.huji.ac.il", "link": "https://aria.embrc.eu/submit-proposal/new?platform_reference=ECO1_IUI&acid=131", "research_infrastructure": "EMBRC", "country": "Israel", "provider": "On-site access, Interuniversity Institute for Marine Sciences (Israel) ", "offers": "N/A", "category": "Ecosystem access"}