{"url": "https://embrc.eu/node/1227", "name": "Structural and chemical analysis | EMBRC", "description": "Inorganic and organic chemistry analyses", "contact": "access_it@szn.it, giorgio.tranchida@cnr.it", "link": "https://aria.embrc.eu/submit-proposal/new?platform_reference=TEC5_CNR-IAS-CG&acid=131", "research_infrastructure": "EMBRC", "country": "Italy", "provider": "On-site access, Consiglio Nazionale delle Ricerche (Italy) ", "offers": "Access to a full equipped lab for structural and chemical analyses, including mass spectroscopy, Optical emission spectroscopy, Isotope Ratio analyses, etc.", "category": "Technology platforms"}