{"url": "https://embrc.eu/node/1231", "name": "Structural and chemical analysis | EMBRC", "description": "Structural and chemical analysis facility equipped with spectrophotometer, pH-meter, stoves, microtome, water filtering", "contact": "access_it@szn.it, lorenzo.zane@unipd.it", "link": "https://aria.embrc.eu/submit-proposal/new?platform_reference=TEC5_CONISMA-Chioggia&acid=131", "research_infrastructure": "EMBRC", "country": "Italy", "provider": "On-site access, Consorzio Nazionale Interuniversitario per le Scienze del Mare (Italy) ", "offers": "Spectrophotometer ULTRASPEC 1100 PRO, pH-meter CRISON BASIC 20", "category": "Technology platforms"}