{"url": "https://embrc.eu/node/977", "name": "Data sets | EMBRC", "description": "Database on landings from Chioggia Fishing Fleets (1945 - present) and physical water parameters in the Venice lagoon (1973 - present)", "contact": "access_it@szn.it, lorenzo.zane@unipd.it", "link": "https://aria.embrc.eu/submit-proposal/new?platform_reference=ELE1_CONISMA-Chioggia&acid=131", "research_infrastructure": "EMBRC", "country": "Italy", "provider": "Remote access, Consorzio Nazionale Interuniversitario per le Scienze del Mare (Italy) ", "offers": "The database includes monthly local landings per species/group of species of the fish market of Chioggia, from 1945 to present, data are yearly updated. Characteristics of the fishing fleet, on a monthly base, from 1991 to present, data are yearly updated. Database of records of rare, protected or alien species.", "category": "E-services"}