{"url": "https://embrc.eu/node/1034", "name": "Scientific diving | EMBRC", "description": "Technical and logistic support for diving in the Algarve Atlantic Coast (South Portugal). Boat access to nearby estuaries, intertidal and subtidal ecosystems", "contact": "acanario@ualg.pt, amamaral@ualg.pt, ccmarassemble@ualg.pt", "link": "https://aria.embrc.eu/submit-proposal/new?platform_reference=ECO3_CCMAR&acid=131", "research_infrastructure": "EMBRC", "country": "Portugal", "provider": "On-site access, Centre for Marine Sciences (Portugal) ", "offers": "N/A", "category": "Ecosystem access"}