{"url": "https://embrc.eu/node/1179", "name": "Imaging | EMBRC", "description": "A range of high specification light and fluorescent microscopes. Mesolens facility. Electrophysiology capability", "contact": "info@embrc.uk, paulon@mba.ac.uk", "link": "https://aria.embrc.eu/submit-proposal/new?platform_reference=TEC2_MBA&acid=131", "research_infrastructure": "EMBRC", "country": "United Kingdom", "provider": "On-site access, The Marine Biological Association (United Kingdom) ", "offers": "Staff with high level of technical expertise in optical microscopy", "category": "Technology platforms"}