{"url": "https://embrc.eu/node/1101", "name": "Dry laboratories | EMBRC", "description": "Dry labs at Ramalhete Station and CCMAR, serving aquaria and mesocosms", "contact": "acanario@ualg.pt, amamaral@ualg.pt, ccmarassemble@ualg.pt", "link": "https://aria.embrc.eu/submit-proposal/new?platform_reference=EXP5_CCMAR&acid=131", "research_infrastructure": "EMBRC", "country": "Portugal", "provider": "On-site access, Centre for Marine Sciences (Portugal) ", "offers": "N/A", "category": "Experimental facilities"}