{"url": "https://embrc.eu/node/858", "name": "Biobanks | EMBRC", "description": "Sample series from the Aegean and Ionian seas (since 1989), DNA collections", "contact": "kasapidi@hcmr.gr, kasapidi@hcmr.gr", "link": "https://aria.embrc.eu/submit-proposal/new?platform_reference=BIO2_HCMR-IMBBC&acid=131", "research_infrastructure": "EMBRC", "country": "Greece", "provider": "Institute of Marine Biology, Biotechnology and Aquaculture, Hellenic Centre for Marine Research (Greece) ", "offers": "N/A", "category": "Biological resources"}