{"url": "https://embrc.eu/node/1158", "name": "Bioassays | EMBRC", "description": "Cell-based bioassays and biosensors for small molecule and protein function and biodiscovery. Extracellular and intracellular electrophysiology recording", "contact": "acanario@ualg.pt, amamaral@ualg.pt, ccmarassemble@ualg.pt", "link": "https://aria.embrc.eu/submit-proposal/new?platform_reference=TEC1_CCMAR&acid=131", "research_infrastructure": "EMBRC", "country": "Portugal", "provider": "On-site access, Centre for Marine Sciences (Portugal) ", "offers": "Electrophysiology Setups for Extracellular Recordings", "category": "Technology platforms"}