{"url": "https://embrc.eu/node/926", "name": "Organisms collected in the wild | EMBRC", "description": "Sampling of intertidal flora and fauna, microphytobenthos, benthic bacteria, shallow benthic infauna", "contact": "info@embrc.uk, jmcw@st-andrews.ac.uk", "link": "https://aria.embrc.eu/submit-proposal/new?platform_reference=BIO5_SOI&acid=131", "research_infrastructure": "EMBRC", "country": "United Kingdom", "provider": "On-site access, Scottish Oceans Institute (United Kingdom) ", "offers": "N/A", "category": "Biological resources"}