{"url": "https://embrc.eu/node/1240", "name": "Structural and chemical analysis | EMBRC", "description": "Technology platform for structural and chemical analyses. Platform names: CrystalO and Metabomer", "contact": "gemma.gimenez_papiol@sorbonne-universite.fr, cecile.cabresin@sb-roscoff.fr", "link": "https://aria.embrc.eu/submit-proposal/new?platform_reference=TEC5_SBR&acid=131", "research_infrastructure": "EMBRC", "country": "France", "provider": "On-site access, Station Biologique de Roscoff (France) ", "offers": "N/A", "category": "Technology platforms"}