{"url": "https://embrc.eu/node/1116", "name": "Dry laboratories | EMBRC", "description": "Climate rooms, and temperature- and light-controlled incubators. Access to advanced microscopes (light, confocal, TEM and SEM). Equipment for molecular biology and biochemical analysis", "contact": "info@embrc.uk, jmcw@st-andrews.ac.uk", "link": "https://aria.embrc.eu/submit-proposal/new?platform_reference=EXP5_SOI&acid=131", "research_infrastructure": "EMBRC", "country": "United Kingdom", "provider": "On-site access, Scottish Oceans Institute (United Kingdom) ", "offers": "Bacterial and biofilm studies, supported by molecular capability (NGS)", "category": "Experimental facilities"}