{"url": "https://embrc.eu/node/1080", "name": "Aquaria and Tanks | EMBRC", "description": "Access to experimental seawater tanks", "contact": "embrc@ugent.be, embrc@vliz.be", "link": "https://aria.embrc.eu/submit-proposal/new?platform_reference=EXP1_VLIZ&acid=131", "research_infrastructure": "EMBRC", "country": "Belgium", "provider": "On-site access, Flanders Marine Institute (Belgium) ", "offers": "Experimental seawater tanks designed for fish pathology experiments.", "category": "Experimental facilities"}