{"url": "https://embrc.eu/node/1043", "name": "Scientific diving | EMBRC", "description": "Sampling and in situ experiment in Banyuls sur mer and around. Underwater photo / video, visual inspection. Platform name: Moyens \u00e0 la Mer (MAM)", "contact": "gemma.gimenez_papiol@sorbonne-universite.fr, julie.boeuf@obs-banyuls.fr", "link": "https://aria.embrc.eu/submit-proposal/new?platform_reference=ECO3_OOB&acid=131", "research_infrastructure": "EMBRC", "country": "France", "provider": "On-site access, Observatoire Oc\u00e9anologique de Banyuls sur Mer (France) ", "offers": "N/A", "category": "Ecosystem access"}