{"url": "https://embrc.eu/node/1232", "name": "Structural and chemical analysis | EMBRC", "description": "Targeted analysis of biomolecules and metabolites (carotenoids & chlorophylls, hormones, biotoxins, peptides & proteins, fatty acids), with LC-MS/MS and GC-MS", "contact": "kasapidi@hcmr.gr, kasapidi@hcmr.gr", "link": "https://aria.embrc.eu/submit-proposal/new?platform_reference=TEC5_HCMR-IMBBC&acid=131", "research_infrastructure": "EMBRC", "country": "Greece", "provider": "Institute of Marine Biology, Biotechnology and Aquaculture, Hellenic Centre for Marine Research (Greece) ", "offers": "Sample extraction and cleanup (e.g. SPE). Analysis of steroid hormones, biotoxins, peptides & proteins by LC-MS/MS, analysis of carotenoids & chlorophylls by LC-DAD and analysis of fatty acids by GC-MS", "category": "Technology platforms"}