{"url": "https://embrc.eu/node/1102", "name": "Dry laboratories | EMBRC", "description": "General purpose dry labs, serving specific techniques", "contact": "acanario@ualg.pt, amamaral@ualg.pt, ciimarembrc@ciimar.up.pt", "link": "https://aria.embrc.eu/submit-proposal/new?platform_reference=EXP5_CIIMAR&acid=131", "research_infrastructure": "EMBRC", "country": "Portugal", "provider": "On-site access, Interdisciplinary Centre of Marine and Environmental Research (Portugal) ", "offers": "N/A", "category": "Experimental facilities"}