{"url": "https://embrc.eu/node/1026", "name": "Sampling equipment | EMBRC", "description": "Access to ecosystems in intertidal areas", "contact": "maria.huete@uvigo.es, xabier.lecube@ehu.eus", "link": "https://aria.embrc.eu/submit-proposal/new?platform_reference=ECO2_PiE-UPV/EHU&acid=131", "research_infrastructure": "EMBRC", "country": "Spain", "provider": "On-site access, Plentzia Marine Station (Spain) ", "offers": "Users are provided with advice about sampling sites and Biomonitoring and environmental health assessment", "category": "Ecosystem access"}