{"url": "https://embrc.eu/node/1215", "name": "Molecular biology and omics | EMBRC", "description": "Training in methods for manipulation of gene function in Nematostella vectensis and Oikopleura dioica", "contact": "susanna.pakkasmaa@uib.no, henrik.glenner@uib.no, lionel.christiaen@uib.no", "link": "https://aria.embrc.eu/submit-proposal/new?platform_reference=TEC3_UIB-SICMMB&acid=131", "research_infrastructure": "EMBRC", "country": "Norway", "provider": "University of Bergen (Norway) ", "offers": "N/A", "category": "Technology platforms"}