{"url": "https://embrc.eu/node/958", "name": "Data analysis tools and software | EMBRC", "description": "Bioinformatics platform: genomics software, genome assembly, sequence databases", "contact": "acanario@ualg.pt, amamaral@ualg.pt, acoiembrc@ci.uc.pt", "link": "https://aria.embrc.eu/submit-proposal/new?platform_reference=ELE2_ACOI&acid=131", "research_infrastructure": "EMBRC", "country": "Portugal", "provider": "On-site access, Coimbra Collection of Algae (Portugal) ", "offers": "N/A", "category": "E-services"}