{"url": "https://embrc.eu/node/1153", "name": "Wet laboratories | EMBRC", "description": "Experimental facilities focusing on sediment ecology. Fully equiped necropsyroom and laboratorium for histology and immunohistochemistry. Routine histologic staining such as HE, PAS, Giemsa, Von Gieson, as well as immunohistochemical staining with specific biomarkers are performed. Additional stainings/markers may be developed should this be requested. Several microscopes are available, including seven-headed, immunofluorescence", "contact": "embrc@ugent.be, marleen.roelofs@ugent.be", "link": "https://aria.embrc.eu/submit-proposal/new?platform_reference=EXP4_UGENT&acid=131", "research_infrastructure": "EMBRC", "country": "Belgium", "provider": "On-site access, Ghent University (Belgium) ", "offers": "Climate rooms, water manipulation equipment, water and sediment incubation units, aquaria, annular flume, in situ pressure sensors, respiration measurements; which are at the Marine Biology Research Group (MARBIOL) of Ghent University.", "category": "Experimental facilities"}