{"url": "https://embrc.eu/node/920", "name": "Organisms collected in the wild | EMBRC", "description": "Biodiversity hotspot for marine fauna", "contact": "susanna.pakkasmaa@uib.no, henrik.glenner@uib.no, rolf.e.olsen@ntnu.no", "link": "https://aria.embrc.eu/submit-proposal/new?platform_reference=BIO5_NTNU&acid=131", "research_infrastructure": "EMBRC", "country": "Norway", "provider": "On-site access, Norwegian University of Science and Technology (Norway) ", "offers": "N/A", "category": "Biological resources"}