{"url": "https://embrc.eu/node/886", "name": "Culture collections | EMBRC", "description": "Laboratory strains of L. salmonis: drug resistant strains and fully sensitive inbred and outbred strains", "contact": "susanna.pakkasmaa@uib.no, henrik.glenner@uib.no, frank.nilsen@uib.no", "link": "https://aria.embrc.eu/submit-proposal/new?platform_reference=BIO1_UIB-SLRC&acid=131", "research_infrastructure": "EMBRC", "country": "Norway", "provider": "On-site access, University of Bergen (Norway) ", "offers": "N/A", "category": "Biological resources"}