{"url": "https://embrc.eu/node/1205", "name": "Molecular biology and omics | EMBRC", "description": "Facilities for molecular biology", "contact": "susanna.pakkasmaa@uib.no, henrik.glenner@uib.no, rolf.e.olsen@ntnu.no", "link": "https://aria.embrc.eu/submit-proposal/new?platform_reference=TEC3_NTNU&acid=131", "research_infrastructure": "EMBRC", "country": "Norway", "provider": "On-site access, Norwegian University of Science and Technology (Norway) ", "offers": "N/A", "category": "Technology platforms"}