{"url": "https://embrc.eu/node/1214", "name": "Molecular biology and omics | EMBRC", "description": "Molecular biology lab, qPCR, DNA marker analysis", "contact": "susanna.pakkasmaa@uib.no, henrik.glenner@uib.no, henrik.glenner@uib.no", "link": "https://aria.embrc.eu/submit-proposal/new?platform_reference=TEC3_UIB-MBSE&acid=131", "research_infrastructure": "EMBRC", "country": "Norway", "provider": "Remote access, University of Bergen (Norway) ", "offers": "N/A", "category": "Technology platforms"}