{"url": "https://embrc.eu/node/2457", "name": "Data analysis tools and software | EMBRC", "description": "Bioinformatic Tool Development: Pipeline design, development and optimization (Docker, NextFlow), pipeline design, script development, training in basic/advanced genetic data analysis (population genomics, phylogenomics, breeding genomics, metagenomics). High-quality genome assembly, Biostatistics, Genome-Wide Association Studies (GWAS), transcriptome and epigenome analysis", "contact": "embrc@ugent.be, filip.volckaert@kuleuven.be", "link": "https://aria.embrc.eu/submit-proposal/new?platform_reference=ELE2_KULeuven&acid=131", "research_infrastructure": "EMBRC", "country": "Belgium", "provider": "On-site access, Katholieke Universiteit Leuven (Belgium) ", "offers": "N/A", "category": "E-services"}