{"url": "https://embrc.eu/node/1089", "name": "Climate Controlled Rooms | EMBRC", "description": "Three 4m2 rooms with temperature (5-35 \u00b1 0.5 \u00baC) and photoperiod control adaptable to the user needs", "contact": "maria.huete@uvigo.es", "link": "https://aria.embrc.eu/submit-proposal/new?platform_reference=EXP3_ECIMAT-UVIGO&acid=131", "research_infrastructure": "EMBRC", "country": "Spain", "provider": "Toralla Marine Science Station - Vigo University Marine Research Centre (Spain) ", "offers": "Rooms can be booked up to 60 consecutive days", "category": "Experimental facilities"}