{"url": "https://embrc.eu/node/1030", "name": "Sampling equipment | EMBRC", "description": "Oceanographic instrumentation and data processing", "contact": "access_it@szn.it, andrea.tarallo@szn.it", "link": "https://aria.embrc.eu/submit-proposal/new?platform_reference=ECO2_SZN&acid=131", "research_infrastructure": "EMBRC", "country": "Italy", "provider": "On-site access, Stazione Zoologica Anton Dohrn (Italy) ", "offers": "Continuous acquisition, processing and analysis of the main hydrographic variables (temperature, salinity, dissolved oxygen, fluorescence, transmittance, PAR, SPAR and pH) along the water column. Measurements of surface current and along the water column", "category": "Ecosystem access"}