{"url": "https://embrc.eu/node/1125", "name": "Mesocosms | EMBRC", "description": "Mesocosms for experimental studies of climate change", "contact": "info@embrc.uk, paulon@mba.ac.uk", "link": "https://aria.embrc.eu/submit-proposal/new?platform_reference=EXP2_MBA&acid=131", "research_infrastructure": "EMBRC", "country": "United Kingdom", "provider": "On-site access, The Marine Biological Association (United Kingdom) ", "offers": "Experienced aquarist with specialist knowledge particularly marine fish, elasmobranchs and cephalopods", "category": "Experimental facilities"}