{"url": "https://embrc.eu/node/1155", "name": "Wet laboratories | EMBRC", "description": "Small scale tank facilities for environmental and physiological studies", "contact": "susanna.pakkasmaa@uib.no, henrik.glenner@uib.no, henrik.glenner@uib.no", "link": "https://aria.embrc.eu/submit-proposal/new?platform_reference=EXP4_UIB-MBSE&acid=131", "research_infrastructure": "EMBRC", "country": "Norway", "provider": "On-site access, University of Bergen (Norway) ", "offers": "N/A", "category": "Experimental facilities"}