{"url": "https://embrc.eu/node/1139", "name": "Wet laboratories | EMBRC", "description": "General purpose wet labs for biological sampling & processing", "contact": "acanario@ualg.pt, amamaral@ualg.pt, \u200bimarembrc@uac.pt, eduardo.jl.isidro@uac.pt", "link": "https://aria.embrc.eu/submit-proposal/new?platform_reference=EXP4_IMAR&acid=131", "research_infrastructure": "EMBRC", "country": "Portugal", "provider": "On-site access, Institute of Marine Research (Portugal) ", "offers": "2 Wet Labs for processing and preserve biological samples", "category": "Experimental facilities"}