{"url": "https://embrc.eu/node/1134", "name": "Wet laboratories | EMBRC", "description": "Temperature-controlled ECOCEAN wet lab", "contact": "access_it@szn.it, giorgio.tranchida@cnr.it", "link": "https://aria.embrc.eu/submit-proposal/new?platform_reference=EXP4_CNR-IAS-CG&acid=131", "research_infrastructure": "EMBRC", "country": "Italy", "provider": "On-site access, Consiglio Nazionale delle Ricerche (Italy) ", "offers": "Temperature-controlled ECOCEAN wet lab and available for experiments", "category": "Experimental facilities"}