{"url": "https://embrc.eu/node/910", "name": "Organisms collected in the wild | EMBRC", "description": "Collect and supply of fauna specimens in Lesina lagoon", "contact": "access_it@szn.it, antonietta.specchiulli@cnr.it", "link": "https://aria.embrc.eu/submit-proposal/new?platform_reference=BIO5_CNR-IRBIM-L&acid=131", "research_infrastructure": "EMBRC", "country": "Italy", "provider": "Consiglio Nazionale delle Ricerche (Italy) ", "offers": "Fish and other macrozoobenthos can be collected in situ, including Polychaeta, Bivalvia, Gastropoda,Isopoda, Amphipoda. Lagoon macrofauna also includes Mugil cephalus, Sparus aurata, Atherina boyeri, Aphanius fasciatus, Anguilla anguilla, macroalgae. A box-corer is used for macrozoobenthos sampling. Macrofauna sampling is mainly based on the use of \u201cparanza\u201d, a traditional fishing system made up of net walls fixed on stakes and retaining devices (fyke-nets).", "category": "Biological resources"}