{"url": "https://embrc.eu/node/949", "name": "Taxonomic services | EMBRC", "description": "Quali-quantitative analysis of phytoplankton, microzooplankton, nematodes and macrobenthos communities", "contact": "access_it@szn.it, mcelussi@inogs.it", "link": "https://aria.embrc.eu/submit-proposal/new?platform_reference=BIO6_OGS&acid=131", "research_infrastructure": "EMBRC", "country": "Italy", "provider": "National Institute of Oceanography and Experimental Geophysics (Italy) ", "offers": "Traning in identification of marine organisms to be negotiated", "category": "Biological resources"}