{"url": "https://embrc.eu/node/1104", "name": "Dry laboratories | EMBRC", "description": "2 labs with 67 m2 research laboratory for experiments and research work that do not require running sea water (sea water available in attached laboratories). The laboratory is thermally conditioned and has bench space, shelves, storage space and a table for the maintenance of living organisms.", "contact": "maria.huete@uvigo.es", "link": "https://aria.embrc.eu/submit-proposal/new?platform_reference=EXP5_ECIMAT-UVIGO&acid=131", "research_infrastructure": "EMBRC", "country": "Spain", "provider": "Toralla Marine Science Station - Vigo University Marine Research Centre (Spain) ", "offers": "The biosecurity facility has an outlet disinfection to work in open flow with marine bio-hazardous organisms. The facilitiy has 36 x 30 l. subrectangular flat bottom tanks", "category": "Experimental facilities"}