{"url": "https://embrc.eu/node/1198", "name": "Molecular biology and omics | EMBRC", "description": "Basic molecular biology and histology facility", "contact": "access_it@szn.it, lorenzo.zane@unipd.it", "link": "https://aria.embrc.eu/submit-proposal/new?platform_reference=TEC3_CONISMA-Chioggia&acid=131", "research_infrastructure": "EMBRC", "country": "Italy", "provider": "On-site access, Consorzio Nazionale Interuniversitario per le Scienze del Mare (Italy) ", "offers": "Thermal cyclers, microcentrifuge,spectrophotometric system for DNA quantification, DNA electrophoresis system, PC for data analysis and storage, microtome Leica for histological preparation, BINDER BD53/E2", "category": "Technology platforms"}