{"url": "https://embrc.eu/node/1064", "name": "Aquaria and Tanks | EMBRC", "description": "Tanks and associated labs for experiments on aquafeed testing for sea bass, sea bream and meagre", "contact": "kasapidi@hcmr.gr, kasapidi@hcmr.gr", "link": "https://aria.embrc.eu/submit-proposal/new?platform_reference=EXP1_HCMR-IMBBC&acid=131", "research_infrastructure": "EMBRC", "country": "Greece", "provider": "On-site access, Institute of Marine Biology, Biotechnology and Aquaculture, Hellenic Centre for Marine Research (Greece) ", "offers": "Expert advice on Mediterranean aquaculture (aquaculture, nutrition, diet formulation, reproduction, pathogens)", "category": "Experimental facilities"}