{"url": "https://embrc.eu/node/919", "name": "Organisms collected in the wild | EMBRC", "description": "Marine organisms collected from marine ecosystems", "contact": "info@embrc.uk, paulon@mba.ac.uk", "link": "https://aria.embrc.eu/submit-proposal/new?platform_reference=BIO5_MBA&acid=131", "research_infrastructure": "EMBRC", "country": "United Kingdom", "provider": "On-site access, The Marine Biological Association (United Kingdom) ", "offers": "Full technical support", "category": "Biological resources"}