{"url": "https://embrc.eu/node/1044", "name": "Scientific diving | EMBRC", "description": "Access to ecosystems surrounding Plentzia marine station: rocky and sandy bottoms, outer side of estuaries and red seaweed meadows", "contact": "maria.huete@uvigo.es, xabier.lecube@ehu.eus", "link": "https://aria.embrc.eu/submit-proposal/new?platform_reference=ECO3_PiE-UPV/EHU&acid=131", "research_infrastructure": "EMBRC", "country": "Spain", "provider": "Remote access, Plentzia Marine Station (Spain) ", "offers": "Biomonitoring and environmental health assessment and remote access to subtidal biological resources", "category": "Ecosystem access"}