{"url": "https://embrc.eu/node/1224", "name": "Structural and chemical analysis | EMBRC", "description": "Atomic Absortion Spectrometers (AAS), HPLC, Gas Chromatographs (GC-FID and BID), Carbon/Nitrogen analyser", "contact": "acanario@ualg.pt, amamaral@ualg.pt, acoiembrc@ci.uc.pt", "link": "https://aria.embrc.eu/submit-proposal/new?platform_reference=TEC5_ACOI&acid=131", "research_infrastructure": "EMBRC", "country": "Portugal", "provider": "On-site access, Coimbra Collection of Algae (Portugal) ", "offers": "N/A", "category": "Technology platforms"}