{"url": "https://embrc.eu/node/1249", "name": "Library services | EMBRC", "description": "Online library services and library facility", "contact": "kasapidi@hcmr.gr, kasapidi@hcmr.gr", "link": "https://aria.embrc.eu/submit-proposal/new?platform_reference=TRL2_HCMR-IMBBC&acid=131", "research_infrastructure": "EMBRC", "country": "Greece", "provider": "On-site access, Institute of Marine Biology, Biotechnology and Aquaculture, Hellenic Centre for Marine Research (Greece) ", "offers": "Online access to scientific e-journals through the Hellenic Acadamecic Libraries Link (HEAL-Link) and access to the HCMR library facility.", "category": ""}