{"url": "https://embrc.eu/node/1265", "name": "Training facilities | EMBRC", "description": "Lecture rooms", "contact": "acanario@ualg.pt, amamaral@ualg.pt, \u200bimarembrc@uac.pt, eduardo.jl.isidro@uac.pt", "link": "https://aria.embrc.eu/submit-proposal/new?platform_reference=TRL1_IMAR&acid=131", "research_infrastructure": "EMBRC", "country": "Portugal", "provider": "On-site access, Institute of Marine Research (Portugal) ", "offers": "A 20 and a 60 people lecture rooms", "category": "Training & library services"}