{"url": "https://embrc.eu/node/1107", "name": "Dry laboratories | EMBRC", "description": "Dry lab for molecular biology (PCR, microbiology) and plancton observation", "contact": "gemma.gimenez_papiol@sorbonne-universite.fr, raffaela.cattaneo@imev-mer.fr", "link": "https://aria.embrc.eu/submit-proposal/new?platform_reference=EXP5_IMEV&acid=131", "research_infrastructure": "EMBRC", "country": "France", "provider": "On-site access, Institut de la Mer de Villefranche (France) ", "offers": "N/A", "category": "Experimental facilities"}