{"url": "https://embrc.eu/node/941", "name": "Taxonomic services | EMBRC", "description": "Taxonomic identification of invertebrates, fishes, marine plants and algae under request", "contact": "acanario@ualg.pt, amamaral@ualg.pt, ccmarassemble@ualg.pt", "link": "https://aria.embrc.eu/submit-proposal/new?platform_reference=BIO6_CCMAR&acid=131", "research_infrastructure": "EMBRC", "country": "Portugal", "provider": "On-site access, Centre for Marine Sciences (Portugal) ", "offers": "N/A", "category": "Biological resources"}