{"url": "https://embrc.eu/node/1226", "name": "Structural and chemical analysis | EMBRC", "description": "Segmented Flow Analyzers (SFA), Atomic Absortion Spectrometers (AAS), LC-MS/MS and HPLC, Gas Chromatographs (GC-FID and Mass Spectrometry), Organic Elemental Analyzer-Isotope Ratio Mass Spectrometer (EA-IRMS)", "contact": "acanario@ualg.pt, amamaral@ualg.pt, ciimarembrc@ciimar.up.pt", "link": "https://aria.embrc.eu/submit-proposal/new?platform_reference=TEC5_CIIMAR&acid=131", "research_infrastructure": "EMBRC", "country": "Portugal", "provider": "On-site access, Interdisciplinary Centre of Marine and Environmental Research (Portugal) ", "offers": "N/A", "category": "Technology platforms"}