{"url": "https://embrc.eu/node/1181", "name": "Imaging | EMBRC", "description": "Epifluorescence microscopy, optical microscopy, flow cytometry", "contact": "access_it@szn.it, mcelussi@inogs.it", "link": "https://aria.embrc.eu/submit-proposal/new?platform_reference=TEC2_OGS&acid=131", "research_infrastructure": "EMBRC", "country": "Italy", "provider": "National Institute of Oceanography and Experimental Geophysics (Italy) ", "offers": "Sample preparation, run of experiments and visual inspection", "category": "Technology platforms"}