{"url": "https://embrc.eu/node/1175", "name": "Imaging | EMBRC", "description": "Micro CT imaging (Skyscan 1172). Underwater imaging and optical miroscopy", "contact": "kasapidi@hcmr.gr, kasapidi@hcmr.gr", "link": "https://aria.embrc.eu/submit-proposal/new?platform_reference=TEC2_HCMR-IMBBC&acid=131", "research_infrastructure": "EMBRC", "country": "Greece", "provider": "Institute of Marine Biology, Biotechnology and Aquaculture, Hellenic Centre for Marine Research (Greece) ", "offers": "N/A", "category": "Technology platforms"}