{"url": "https://embrc.eu/node/883", "name": "Culture collections | EMBRC", "description": "Provision of more than 3000 marine bacteria and diatom strains. BCCM-DCG culture collection available at http://bccm.belspo.be/catalogues/lmg-catalogue-search). Provision of cultured nematodes and macroalgae. Various samples (meio- hyper-) from 1997 onwards", "contact": "embrc@ugent.be, marleen.roelofs@ugent.be", "link": "https://aria.embrc.eu/submit-proposal/new?platform_reference=BIO1_UGENT&acid=131", "research_infrastructure": "EMBRC", "country": "Belgium", "provider": "Ghent University (Belgium) ", "offers": "N/A", "category": "Biological resources"}