{"url": "https://embrc.eu/node/960", "name": "Data analysis tools and software | EMBRC", "description": "Bioinformatics platform: genomics and transcriptomics software, genome assembly, sequence databases", "contact": "acanario@ualg.pt, amamaral@ualg.pt, ciimarembrc@ciimar.up.pt", "link": "https://aria.embrc.eu/submit-proposal/new?platform_reference=ELE2_CIIMAR&acid=131", "research_infrastructure": "EMBRC", "country": "Portugal", "provider": "On-site access, Interdisciplinary Centre of Marine and Environmental Research (Portugal) ", "offers": "N/A", "category": "E-services"}