{"url": "https://embrc.eu/node/1238", "name": "Structural and chemical analysis | EMBRC", "description": "Analysis of contaminants (GC-Triple Quad or the GC-Ion Trap), nutrients, algal pigments (UHPLC and HPLC), explosives (national certification). Environmental analysis with Skalar autoanalyzer (e.g. nitrite, nitrate, ammonia, cyanide, and phenol). Oil fingerprinting (GC-MS)", "contact": "embrc@ugent.be, jvanaverbeke@naturalsciences.be", "link": "https://aria.embrc.eu/submit-proposal/new?platform_reference=TEC5_RBINS&acid=131", "research_infrastructure": "EMBRC", "country": "Belgium", "provider": "On-site access, Royal Belgian Institute of Natural Sciences (Belgium) ", "offers": "N/A", "category": "Technology platforms"}