{"url": "https://embrc.eu/node/1071", "name": "Aquaria and Tanks | EMBRC", "description": "9 aquario of 220 L for plankton studies; air conditioned range 10-25 \u00b0C; light control", "contact": "access_it@szn.it, mcelussi@inogs.it", "link": "https://aria.embrc.eu/submit-proposal/new?platform_reference=EXP1_OGS&acid=131", "research_infrastructure": "EMBRC", "country": "Italy", "provider": "On-site access, National Institute of Oceanography and Experimental Geophysics (Italy) ", "offers": "Expecially suitable for controlled experiments with plankton. Use of other organisms may be evaluated.", "category": "Experimental facilities"}