{"url": "https://embrc.eu/node/882", "name": "Culture collections | EMBRC", "description": "Collection of diatoms mutant strains. More info at\u00a0https://www.embrc-france.fr/en/research-and-development/genetical-resources", "contact": "gemma.gimenez_papiol@sorbonne-universite.fr, gemma.gimenez_papiol@sorbonne-universite.fr", "link": "https://aria.embrc.eu/submit-proposal/new?platform_reference=BIO1_SU&acid=131", "research_infrastructure": "EMBRC", "country": "France", "provider": "Sorbonne Universit\u00e8 (France) ", "offers": "N/A", "category": "Biological resources"}