{"url": "https://embrc.eu/node/1271", "name": "Training facilities | EMBRC", "description": "Access to office space and meeting rooms for visiting researchers. Organization of marine training workshops", "contact": "embrc@ugent.be, marleen.roelofs@ugent.be", "link": "https://aria.embrc.eu/submit-proposal/new?platform_reference=TRL1_UGENT&acid=131", "research_infrastructure": "EMBRC", "country": "Belgium", "provider": "On-site access, Ghent University (Belgium) ", "offers": "N/A", "category": "Training & library services"}