{"url": "https://embrc.eu/node/1088", "name": "Climate Controlled Rooms | EMBRC", "description": "Climate-controlled incubators", "contact": "access_it@szn.it, antonella.penna@uniurb.it", "link": "https://aria.embrc.eu/submit-proposal/new?platform_reference=EXP3_CONISMA-Urbino&acid=131", "research_infrastructure": "EMBRC", "country": "Italy", "provider": "On-site access, Consorzio Nazionale Interuniversitario per le Scienze del Mare (Italy) ", "offers": "A series of incubators; light, temperature and day-length regulated; one bioreactor with instrumentation for light-, temperature-, pH-, CO2- and O2-regulation and measurement; Facilities for the preparation of culture media, for the isolation of microorganisms into monoclonal cultures and for basic biochemical analyses (HPLC, nutrients analyses, spectro-photometer, spectro-fluorometer).", "category": "Experimental facilities"}