{"url": "https://embrc.eu/node/1171", "name": "Imaging | EMBRC", "description": "Microscopy laboratory with stereolenses, transmitted light microscope and scanning electron microscope", "contact": "access_it@szn.it, giorgio.tranchida@cnr.it", "link": "https://aria.embrc.eu/submit-proposal/new?platform_reference=TEC2_CNR-IAS-CG&acid=131", "research_infrastructure": "EMBRC", "country": "Italy", "provider": "On-site access, Consiglio Nazionale delle Ricerche (Italy) ", "offers": "Microscopy SEM/EDS Zeiss Bruker EVO-MA-10", "category": "Technology platforms"}