{"url": "https://embrc.eu/node/1061", "name": "Aquaria and Tanks | EMBRC", "description": "Aquaria room for rearing and performing exposure experiments on marine organisms", "contact": "access_it@szn.it, lucia.bongiorni@ve.ismar.cnr.it", "link": "https://aria.embrc.eu/submit-proposal/new?platform_reference=EXP1_CNR-ISMAR&acid=131", "research_infrastructure": "EMBRC", "country": "Italy", "provider": "Consiglio Nazionale delle Ricerche (Italy) ", "offers": "Three independent lines, each consisting of four tanks having a total capacity of about 400 liters (90 liters each tank) are available. Each line is provided with a pump, a biological filter, a UV lamp, a skimmer and a heating/cooling system. One of the three lines is also provided with a neon lighting system", "category": "Experimental facilities"}