{"url": "https://embrc.eu/node/1081", "name": "Climate Controlled Rooms | EMBRC", "description": "Access to aclimatized rooms and PBRs for microalgae and cyanobacteria cultivation", "contact": "acanario@ualg.pt, amamaral@ualg.pt, acoiembrc@ci.uc.pt", "link": "https://aria.embrc.eu/submit-proposal/new?platform_reference=EXP3_ACOI&acid=131", "research_infrastructure": "EMBRC", "country": "Portugal", "provider": "On-site access, Coimbra Collection of Algae (Portugal) ", "offers": "N/A", "category": "Experimental facilities"}