{"url": "https://embrc.eu/node/975", "name": "Data sets | EMBRC", "description": "Provision of oceanographic and pelagic data sets (1998 to date)", "contact": "access_it@szn.it, giorgio.tranchida@cnr.it", "link": "https://aria.embrc.eu/submit-proposal/new?platform_reference=ELE1_CNR-IAS-CG&acid=131", "research_infrastructure": "EMBRC", "country": "Italy", "provider": "Remote access, Consiglio Nazionale delle Ricerche (Italy) ", "offers": "Temporal series of oceanographic data and small-sized pelagic fish from the Strait of Sicily are available", "category": "E-services"}