{"url": "https://embrc.eu/node/995", "name": "Coastal research vessels | EMBRC", "description": "Coastal research vessel \"Athena\" for plankton sampling and SCUBA activities", "contact": "access_it@szn.it, antonella.penna@uniurb.it", "link": "https://aria.embrc.eu/submit-proposal/new?platform_reference=ECO1_CONISMA-Urbino&acid=131", "research_infrastructure": "EMBRC", "country": "Italy", "provider": "On-site access, Consorzio Nazionale Interuniversitario per le Scienze del Mare (Italy) ", "offers": "9.5 m near-shore research vessel, Pesaro Porto: instruments and services include a 100m steel cable; multiparametric probes (IDRONAUT ocean7 316); phytoplankton nets; water filtration systems; support to scientific scuba diving, underwater towed video camera.", "category": "Ecosystem access"}