{"url": "https://embrc.eu/node/879", "name": "Culture collections | EMBRC", "description": "Biological resources from the Basque Microalgae Culture Collection", "contact": "maria.huete@uvigo.es, xabier.lecube@ehu.eus", "link": "https://aria.embrc.eu/submit-proposal/new?platform_reference=BIO1_PiE-UPV/EHU&acid=131", "research_infrastructure": "EMBRC", "country": "Spain", "provider": "On-site access, Plentzia Marine Station (Spain) ", "offers": "Microalgae isolated from estuaries in the Southern Biscay Bay. Expert advice ofr the isolation and identification of strains from environmental samples is offered", "category": "Biological resources"}