{"url": "https://embrc.eu/node/939", "name": "Rearing of aquaculture animals | EMBRC", "description": "Laboratory strains of salmon lice Lepeophtheirus salmonis", "contact": "susanna.pakkasmaa@uib.no, henrik.glenner@uib.no, frank.nilsen@uib.no", "link": "https://aria.embrc.eu/submit-proposal/new?platform_reference=BIO4_UIB-SLRC&acid=131", "research_infrastructure": "EMBRC", "country": "Norway", "provider": "On-site access, University of Bergen (Norway) ", "offers": "N/A", "category": "Biological resources"}