{"url": "https://embrc.eu/node/896", "name": "Marine model organisms | EMBRC", "description": "Wide range of marine aquaculture fish species, invertebrates, macroalgae and model organisms", "contact": "info@embrc.uk, paulon@mba.ac.uk", "link": "https://aria.embrc.eu/submit-proposal/new?platform_reference=BIO3_MBA&acid=131", "research_infrastructure": "EMBRC", "country": "United Kingdom", "provider": "The Marine Biological Association (United Kingdom) ", "offers": "Full technical support", "category": "Biological resources"}