{"url": "https://embrc.eu/node/1222", "name": "Remote sensing and telemetry | EMBRC", "description": "Provision of satellite and GSM relayed data loggers for deployment on marine mammals or gliders including pressure, salinity, temp, fluorescence, and turbidity. Passive acoustic tags for marine mammals. Passive acoustic monitoring equipment for remote monitoring of marine acoustic environments and real-time transmission of data to a ground station via GSM or satellite", "contact": "info@embrc.uk, jmcw@st-andrews.ac.uk", "link": "https://aria.embrc.eu/submit-proposal/new?platform_reference=TEC4_SOI&acid=131", "research_infrastructure": "EMBRC", "country": "United Kingdom", "provider": "On-site access, Scottish Oceans Institute (United Kingdom) ", "offers": "N/A", "category": "Technology platforms"}