{"url": "https://embrc.eu/node/991", "name": "Coastal research vessels | EMBRC", "description": "Access and sampling of intertidal areas of the lesina lagoon", "contact": "access_it@szn.it, antonietta.specchiulli@cnr.it", "link": "https://aria.embrc.eu/submit-proposal/new?platform_reference=ECO1_CNR-IRBIM-L&acid=131", "research_infrastructure": "EMBRC", "country": "Italy", "provider": "Consiglio Nazionale delle Ricerche (Italy) ", "offers": "Access to Lesina lagoon by research vessel \"Sandalo\" (lenght 6m).An iInshore meteorological station(ISMAR laboratories), 20 m away from south-western shore of the Lesina lagoon, is availabable fpr data retrieving. Data: wind speed and direction, air temperature, atmospheric pressure, humidity, precipitation. Real time data transmissionHydro station, 10 m from the shore, bottom depth 05-07 m. data: water temperature and level. Real time data transmission.", "category": "Ecosystem access"}