{"url": "https://embrc.eu/node/1040", "name": "Scientific diving | EMBRC", "description": "Diving expertise and basic equipment for diving at Villefranche Bay (compressor, adapted rooms). Platform name: Moyens \u00e0 la Mer (MAM)", "contact": "gemma.gimenez_papiol@sorbonne-universite.fr, raffaela.cattaneo@imev-mer.fr", "link": "https://aria.embrc.eu/submit-proposal/new?platform_reference=ECO3_IMEV&acid=131", "research_infrastructure": "EMBRC", "country": "France", "provider": "On-site access, Institut de la Mer de Villefranche (France) ", "offers": "N/A", "category": "Ecosystem access"}