{"url": "https://embrc.eu/node/894", "name": "Marine model organisms | EMBRC", "description": "Clytia hemisphaerica (all life stages), Phallusia, Ciona, Botryllus, Paracentrotus lividus. Platform name: CRBM", "contact": "gemma.gimenez_papiol@sorbonne-universite.fr, raffaela.cattaneo@imev-mer.fr", "link": "https://aria.embrc.eu/submit-proposal/new?platform_reference=BIO3_IMEV&acid=131", "research_infrastructure": "EMBRC", "country": "France", "provider": "Institut de la Mer de Villefranche (France) ", "offers": "N/A", "category": "Biological resources"}