{"url": "https://embrc.eu/node/1209", "name": "Molecular biology and omics | EMBRC", "description": "Sequencing and molecular biology. Platform name: Genomer", "contact": "gemma.gimenez_papiol@sorbonne-universite.fr, cecile.cabresin@sb-roscoff.fr", "link": "https://aria.embrc.eu/submit-proposal/new?platform_reference=TEC3_SBR&acid=131", "research_infrastructure": "EMBRC", "country": "France", "provider": "On-site access, Station Biologique de Roscoff (France) ", "offers": "N/A", "category": "Technology platforms"}