{"url": "https://embrc.eu/node/1225", "name": "Structural and chemical analysis | EMBRC", "description": "Mass spectrometry (GC, HPLC, LC), SWITCHSense DNA nanolever biosensor (chemical interactions, Kd, etc.), RMN, micro FTIR, Carbon/Nitrogen analyser", "contact": "acanario@ualg.pt, amamaral@ualg.pt, ccmarassemble@ualg.pt", "link": "https://aria.embrc.eu/submit-proposal/new?platform_reference=TEC5_CCMAR&acid=131", "research_infrastructure": "EMBRC", "country": "Portugal", "provider": "On-site access, Centre for Marine Sciences (Portugal) ", "offers": "N/A", "category": "Technology platforms"}