{"url": "https://embrc.eu/node/1050", "name": "Submersibles | EMBRC", "description": "ROV SP (300m) and Lander to be operated on R/V \u00c1guas Vivas", "contact": "acanario@ualg.pt, amamaral@ualg.pt, \u200bimarembrc@uac.pt, eduardo.jl.isidro@uac.pt", "link": "https://aria.embrc.eu/submit-proposal/new?platform_reference=ECO4_IMAR&acid=131", "research_infrastructure": "EMBRC", "country": "Portugal", "provider": "On-site access, Institute of Marine Research (Portugal) ", "offers": "N/A", "category": "Ecosystem access"}