{"url": "https://embrc.eu/node/868", "name": "Culture collections | EMBRC", "description": "Provision of microalgae and cyanobacteria from ACOI collection (4000 strains, http://acoi.ci.uc.pt)", "contact": "acanario@ualg.pt, amamaral@ualg.pt, acoiembrc@ci.uc.pt", "link": "https://aria.embrc.eu/submit-proposal/new?platform_reference=BIO1_ACOI&acid=131", "research_infrastructure": "EMBRC", "country": "Portugal", "provider": "On-site access, Coimbra Collection of Algae (Portugal) ", "offers": "N/A", "category": "Biological resources"}