{"url": "https://embrc.eu/node/968", "name": "Data analysis tools and software | EMBRC", "description": "Fish larval transport model (SOLEMOD, http://odnature.naturalsciences.be/remsem/team#lacroix). Jellyfish life cycle model (JELLYMOD, http://odnature.naturalsciences.be/jellymod/index). Open source ocean circulation model (COHERENS, http://odnature.naturalsciences.be/coherens)", "contact": "embrc@ugent.be, jvanaverbeke@naturalsciences.be", "link": "https://aria.embrc.eu/submit-proposal/new?platform_reference=ELE2_RBINS&acid=131", "research_infrastructure": "EMBRC", "country": "Belgium", "provider": "On-site access, Royal Belgian Institute of Natural Sciences (Belgium) ", "offers": "N/A", "category": "E-services"}