{"url": "https://embrc.eu/node/1085", "name": "Climate Controlled Rooms | EMBRC", "description": "Climate rooms with illumination for organisms culture and sample manipulation and storage", "contact": "access_it@szn.it, lucia.bongiorni@ve.ismar.cnr.it", "link": "https://aria.embrc.eu/submit-proposal/new?platform_reference=EXP3_CNR-ISMAR&acid=131", "research_infrastructure": "EMBRC", "country": "Italy", "provider": "Consiglio Nazionale delle Ricerche (Italy) ", "offers": "limate room (range +8/30\u00b0C), Cold room (+4\u00b0C)", "category": "Experimental facilities"}