{"url": "https://embrc.eu/node/1264", "name": "Training facilities | EMBRC", "description": "Auditorium (50 people), seminar room (8 people), polyvalent room for trainings.", "contact": "maria.huete@uvigo.es", "link": "https://aria.embrc.eu/submit-proposal/new?platform_reference=TRL1_ECIMAT-UVIGO&acid=131", "research_infrastructure": "EMBRC", "country": "Spain", "provider": "On-site access, Toralla Marine Science Station - Vigo University Marine Research Centre (Spain) ", "offers": "Students can do their graduating thesis (BsC, MsC) at ECIMAT. ECIMAT premises can be booked by external users for courses", "category": "Training & library services"}