{"url": "https://embrc.eu/node/979", "name": "Data sets | EMBRC", "description": "Micro-CT scans and videos. Citizen science data (e.g. COMBER, CIGESMED datasets)", "contact": "kasapidi@hcmr.gr, kasapidi@hcmr.gr", "link": "https://aria.embrc.eu/submit-proposal/new?platform_reference=ELE1_HCMR-IMBBC&acid=131", "research_infrastructure": "EMBRC", "country": "Greece", "provider": "Remote access, Institute of Marine Biology, Biotechnology and Aquaculture, Hellenic Centre for Marine Research (Greece) ", "offers": "N/A", "category": "E-services"}