{"url": "https://embrc.eu/node/1004", "name": "Coastal research vessels | EMBRC", "description": "Sampling coastal areas by boat of fixed sampling station", "contact": "access_it@szn.it, mcelussi@inogs.it", "link": "https://aria.embrc.eu/submit-proposal/new?platform_reference=ECO1_OGS&acid=131", "research_infrastructure": "EMBRC", "country": "Italy", "provider": "National Institute of Oceanography and Experimental Geophysics (Italy) ", "offers": "A 10 meters vessel is available for sampling in the coastal areas of the Gulf of Trieste (max depth 25 m) and from the LTER station C1-LTER (depth 17m)", "category": "Ecosystem access"}