{"url": "https://embrc.eu/node/994", "name": "Coastal research vessels | EMBRC", "description": "Access to Venice lagoon and coastal waters for sampling and experiments", "contact": "access_it@szn.it, lorenzo.zane@unipd.it", "link": "https://aria.embrc.eu/submit-proposal/new?platform_reference=ECO1_CONISMA-Chioggia&acid=131", "research_infrastructure": "EMBRC", "country": "Italy", "provider": "On-site access, Consorzio Nazionale Interuniversitario per le Scienze del Mare (Italy) ", "offers": "Provision of boat, gears for sampling of different organisms from water column to the bottom, gears for underwater observations and sampling", "category": "Ecosystem access"}