{"url": "https://embrc.eu/node/1083", "name": "Climate Controlled Rooms | EMBRC", "description": "Climate controlled labs", "contact": "access_it@szn.it, stefano.marras@cnr.it", "link": "https://aria.embrc.eu/submit-proposal/new?platform_reference=EXP3_CNR-IAS-O&acid=131", "research_infrastructure": "EMBRC", "country": "Italy", "provider": "On-site access, Consiglio Nazionale delle Ricerche (Italy) ", "offers": "Two labs (dry, 80 m2; wet, 150 m2) for animal experimentation are temperature-controlled", "category": "Experimental facilities"}