{"url": "https://embrc.eu/node/1136", "name": "Wet laboratories | EMBRC", "description": "Plankton and benthos analyses labs, microscopy lab, biochemical and basic molecular lab", "contact": "access_it@szn.it, lucia.bongiorni@ve.ismar.cnr.it", "link": "https://aria.embrc.eu/submit-proposal/new?platform_reference=EXP4_CNR-ISMAR&acid=131", "research_infrastructure": "EMBRC", "country": "Italy", "provider": "Consiglio Nazionale delle Ricerche (Italy) ", "offers": "Access provided to laboratories for sample handling, observation under microscopes (stereo, optical, direct inverted EF microscope) of plankton, benthos, microbes, basic molecular facilities (electrophoresys, PCRs), chemical and microbiological hoods, refrigerated centrifuge, autoclave, etc", "category": "Experimental facilities"}