{"url": "https://embrc.eu/node/1200", "name": "Molecular biology and omics | EMBRC", "description": "DNA sequencing facility with ABI3730 (Sanger sequencing and fragment analysis), MiSeq-Illumina (library construction and sequencing for amplicons, transcriptomes and small genomes), MinION-Oxford Nanopore (library construction and sequencing)", "contact": "kasapidi@hcmr.gr, kasapidi@hcmr.gr", "link": "https://aria.embrc.eu/submit-proposal/new?platform_reference=TEC3_HCMR-IMBBC&acid=131", "research_infrastructure": "EMBRC", "country": "Greece", "provider": "Institute of Marine Biology, Biotechnology and Aquaculture, Hellenic Centre for Marine Research (Greece) ", "offers": "N/A", "category": "Technology platforms"}