{"url": "https://embrc.eu/node/1062", "name": "Aquaria and Tanks | EMBRC", "description": "Experimental running seawater tanks for maintenance and experiments on marine organisms", "contact": "access_it@szn.it, lorenzo.zane@unipd.it", "link": "https://aria.embrc.eu/submit-proposal/new?platform_reference=EXP1_CONISMA-Chioggia&acid=131", "research_infrastructure": "EMBRC", "country": "Italy", "provider": "On-site access, Consorzio Nazionale Interuniversitario per le Scienze del Mare (Italy) ", "offers": "4 x 500 L,1 x 1000 L tanks, 1 x 3800 L aquarium outdoor", "category": "Experimental facilities"}