{"url": "https://embrc.eu/node/1066", "name": "Aquaria and Tanks | EMBRC", "description": "Aquaria from 5 to 60 L, Kreisel tanks (from 2 to 90 L), temperature and photoperiod controlled conditions. Platform name: Service Aquariologie (SA CRBM)", "contact": "gemma.gimenez_papiol@sorbonne-universite.fr, raffaela.cattaneo@imev-mer.fr", "link": "https://aria.embrc.eu/submit-proposal/new?platform_reference=EXP1_IMEV&acid=131", "research_infrastructure": "EMBRC", "country": "France", "provider": "On-site access, Institut de la Mer de Villefranche (France) ", "offers": "N/A", "category": "Experimental facilities"}