{"url": "https://embrc.eu/node/1020", "name": "Sampling equipment | EMBRC", "description": "Sampling equipment for sediment (grabs, box corers, corers, frames), hard substrate (innovative sampling gear 'MANOSS') and water column (plankton nets, Niskin bottles, CTDs). They can be operated by divers, from the coast or from small boat, according to the type of equipment", "contact": "kasapidi@hcmr.gr, kasapidi@hcmr.gr", "link": "https://aria.embrc.eu/submit-proposal/new?platform_reference=ECO2_HCMR-IMBBC&acid=131", "research_infrastructure": "EMBRC", "country": "Greece", "provider": "Institute of Marine Biology, Biotechnology and Aquaculture, Hellenic Centre for Marine Research (Greece) ", "offers": "Sampling equipment for sediment (grabs, box corers, corers, frames), hard substrate (innovative sampling gear 'MANOSS') and water column (plankton nets, Niskin bottles, CTDs). They can be operated by divers, from the coast or from small boat, according to the type of equipment.", "category": "Ecosystem access"}