{"url": "https://embrc.eu/node/1257", "name": "Library services | EMBRC", "description": "Access to library: collection of journal titles, photos, scientific instruments, correspondence, miscellaneous and zoological specimens", "contact": "access_it@szn.it, andrea.tarallo@szn.it", "link": "https://aria.embrc.eu/submit-proposal/new?platform_reference=TRL2_SZN&acid=131", "research_infrastructure": "EMBRC", "country": "Italy", "provider": "Stazione Zoologica Anton Dohrn (Italy) ", "offers": "Over 100,000 volumes, a collection of 5000 miscellaneous, early publications and reprints, and over 2,000 electronic titles and scientific databases is available", "category": "Accommodation & catering"}