{"url": "https://embrc.eu/node/1100", "name": "Dry laboratories | EMBRC", "description": "Access to labs for isolation, maintenance and study of microalgae and cyanobacteria", "contact": "acanario@ualg.pt, amamaral@ualg.pt, acoiembrc@ci.uc.pt", "link": "https://aria.embrc.eu/submit-proposal/new?platform_reference=EXP5_ACOI&acid=131", "research_infrastructure": "EMBRC", "country": "Portugal", "provider": "On-site access, Coimbra Collection of Algae (Portugal) ", "offers": "N/A", "category": "Experimental facilities"}