{"url": "https://embrc.eu/node/878", "name": "Culture collections | EMBRC", "description": "Banyuls Bacteria Culture Collection: ca. 2500 living strains of marine bacteria. More info of the Banyuls Bacteria Culture Collection (2B2C) at https://collection.obs-banyuls.fr/", "contact": "gemma.gimenez_papiol@sorbonne-universite.fr, julie.boeuf@obs-banyuls.fr", "link": "https://aria.embrc.eu/submit-proposal/new?platform_reference=BIO1_OOB&acid=131", "research_infrastructure": "EMBRC", "country": "France", "provider": "Observatoire Oc\u00e9anologique de Banyuls sur Mer (France) ", "offers": "N/A", "category": "Biological resources"}