{"url": "https://embrc.eu/node/1138", "name": "Wet laboratories | EMBRC", "description": "2 wet laboratories of 67 m2 for experiments and research work that require running seawater. The laboratory is thermally conditioned with a supply of air, oxygen, freshwater, sand filtered seawater (~50\u00b5) at ambient temperature, 20 \u00b5m filtered seawater lines (13 and 18\u00baC), and different tanks volumes with photoperiod control in some experimentation sets.", "contact": "maria.huete@uvigo.es", "link": "https://aria.embrc.eu/submit-proposal/new?platform_reference=EXP4_ECIMAT-UVIGO&acid=131", "research_infrastructure": "EMBRC", "country": "Spain", "provider": "Toralla Marine Science Station - Vigo University Marine Research Centre (Spain) ", "offers": "Available for studies in aquaculture, climate change, population genetics, disease challenge, ecotoxicology.", "category": "Experimental facilities"}