{"url": "https://embrc.eu/node/976", "name": "Data sets | EMBRC", "description": "VM managment with SAN data storage and tape library backup", "contact": "access_it@szn.it, lucia.bongiorni@ve.ismar.cnr.it", "link": "https://aria.embrc.eu/submit-proposal/new?platform_reference=ELE1_CNR-ISMAR&acid=131", "research_infrastructure": "EMBRC", "country": "Italy", "provider": "Remote access, Consiglio Nazionale delle Ricerche (Italy) ", "offers": "Software-algorithms development and customization available upon request", "category": "E-services"}