{"url": "https://embrc.eu/node/1015", "name": "Sampling equipment | EMBRC", "description": "Sampling (Niskin bottles, nets, etc.); in situ environmental monitoring (CTD, multiparameter probes, etc.), submersibles, small boats", "contact": "acanario@ualg.pt, amamaral@ualg.pt, ccmarassemble@ualg.pt", "link": "https://aria.embrc.eu/submit-proposal/new?platform_reference=ECO2_CCMAR&acid=131", "research_infrastructure": "EMBRC", "country": "Portugal", "provider": "On-site access, Centre for Marine Sciences (Portugal) ", "offers": "Atlantic Coast, Algarve, Ria Formosa, Alvor, Intertidal, Subtidal", "category": "Ecosystem access"}