{"url": "https://embrc.eu/node/1106", "name": "Dry laboratories | EMBRC", "description": "A diverse set of labs for teaching and research. Oceanography lab, histology and sclerochronologyry lab, optical microscopy lab, analytical instruments lab, ecotoxicology and analytical chemistry lab, genetics and molecular biology lab", "contact": "acanario@ualg.pt, amamaral@ualg.pt, \u200bimarembrc@uac.pt, eduardo.jl.isidro@uac.pt", "link": "https://aria.embrc.eu/submit-proposal/new?platform_reference=EXP5_IMAR&acid=131", "research_infrastructure": "EMBRC", "country": "Portugal", "provider": "On-site access, Institute of Marine Research (Portugal) ", "offers": "Oceanography lab, Histology and sclerochronologyry lab, Optical microscopy lab, Analytical instruments lab, Ecotoxicology and analytical chemistry lab, Genetics and molecular biology lab", "category": "Experimental facilities"}