{"url": "https://embrc.eu/node/1221", "name": "Remote sensing and telemetry | EMBRC", "description": "Aircraftfor aerial surveys, e.g. marine mammal surveys", "contact": "embrc@ugent.be, jvanaverbeke@naturalsciences.be", "link": "https://aria.embrc.eu/submit-proposal/new?platform_reference=TEC4_RBINS&acid=131", "research_infrastructure": "EMBRC", "country": "Belgium", "provider": "On-site access, Royal Belgian Institute of Natural Sciences (Belgium) ", "offers": "Marine mammal aerial surveys", "category": "Technology platforms"}