{"url": "https://embrc.eu/node/871", "name": "Culture collections | EMBRC", "description": "The Mediterranean Culture Collection of Villefranche (MCCV) is a collection of marine microplanktonic organisms isolated mainly from Mediterranean Sea and especially from the Bay of Villefranche. Those protists can be auto-, mixo- or hetero-trophic organisms. Currently, MCCV is focused on dinoflagellates and diatoms. The Mediterranean Culture Collection of Villefranche also maintains some benthic unicellular auto- or mixo-trophic strains, such as the toxic genus Ostreopsis and the associated microalgae. More info at https://www.embrc-france.fr/en/nos-services/fourniture-de-ressources-bi\u2026", "contact": "gemma.gimenez_papiol@sorbonne-universite.fr, raffaela.cattaneo@imev-mer.fr", "link": "https://aria.embrc.eu/submit-proposal/new?platform_reference=BIO1_IMEV&acid=131", "research_infrastructure": "EMBRC", "country": "France", "provider": "Institut de la Mer de Villefranche (France) ", "offers": "The MCCV is focused on dinoflagellates and diatoms. The Mediterranean Culture Collection of Villefranche also maintains some benthic unicellular auto- or mixo-trophic strains, such as the toxic genus Ostreopsis and the associated microalgae.", "category": "Biological resources"}