{"url": "https://embrc.eu/node/1037", "name": "Scientific diving | EMBRC", "description": "Equipment for scuba diving in the Southern Galician Rias.", "contact": "maria.huete@uvigo.es", "link": "https://aria.embrc.eu/submit-proposal/new?platform_reference=ECO3_ECIMAT-UVIGO&acid=131", "research_infrastructure": "EMBRC", "country": "Spain", "provider": "On-site access, Toralla Marine Science Station - Vigo University Marine Research Centre (Spain) ", "offers": "N/A", "category": "Ecosystem access"}