{"url": "https://embrc.eu/node/1207", "name": "Molecular biology and omics | EMBRC", "description": "Transcriptomics, environmental DNA analysis", "contact": "maria.huete@uvigo.es, xabier.lecube@ehu.eus", "link": "https://aria.embrc.eu/submit-proposal/new?platform_reference=TEC3_PiE-UPV/EHU&acid=131", "research_infrastructure": "EMBRC", "country": "Spain", "provider": "Plentzia Marine Station (Spain) ", "offers": "Expertise in RNA extraction, PCR and environmental toxicogenomics", "category": "Technology platforms"}