{"url": "https://embrc.eu/node/1229", "name": "Structural and chemical analysis | EMBRC", "description": "Treatment and analyses of samples for chromatography", "contact": "access_it@szn.it, violetta.lacono@irbim.cnr.it", "link": "https://aria.embrc.eu/submit-proposal/new?platform_reference=TEC5_CNR-IRBIM-M&acid=131", "research_infrastructure": "EMBRC", "country": "Italy", "provider": "Consiglio Nazionale delle Ricerche (Italy) ", "offers": "Analysis of volatile organic compounds and gases: Hydrocarbons (HC), polycyclic aromatic hydrocarbons (PAH), lipids, etc. Solid-liquid and liquid-liquid extraction of compounds. Semi-automatic solid-liquid and liquid-liquid extraction of compounds", "category": "Technology platforms"}