{"url": "https://embrc.eu/node/944", "name": "Taxonomic services | EMBRC", "description": "Qualitative/quantitative identification analysis at group, genus or species level of coastal and deep sea oragnisms of the Mediterranean Sea", "contact": "access_it@szn.it, lucia.bongiorni@ve.ismar.cnr.it", "link": "https://aria.embrc.eu/submit-proposal/new?platform_reference=BIO6_CNR-ISMAR&acid=131", "research_infrastructure": "EMBRC", "country": "Italy", "provider": "Consiglio Nazionale delle Ricerche (Italy) ", "offers": "N/A", "category": "Biological resources"}