{"url": "https://embrc.eu/node/1150", "name": "Wet laboratories | EMBRC", "description": "Running seawater, fumehood, microscope, stereomicroscope, incubator, fridge and freezer, field equipment, consumables reagents", "contact": "gemma.gimenez_papiol@sorbonne-universite.fr, cecile.cabresin@sb-roscoff.fr", "link": "https://aria.embrc.eu/submit-proposal/new?platform_reference=EXP4_SBR&acid=131", "research_infrastructure": "EMBRC", "country": "France", "provider": "On-site access, Station Biologique de Roscoff (France) ", "offers": "N/A", "category": "Experimental facilities"}