{"url": "https://embrc.eu/node/1119", "name": "Dry laboratories | EMBRC", "description": "Dry lab with stereomicroscopes and cameras for sampling and documentation", "contact": "susanna.pakkasmaa@uib.no, henrik.glenner@uib.no, frank.nilsen@uib.no", "link": "https://aria.embrc.eu/submit-proposal/new?platform_reference=EXP5_UIB-SLRC&acid=131", "research_infrastructure": "EMBRC", "country": "Norway", "provider": "On-site access, University of Bergen (Norway) ", "offers": "N/A", "category": "Experimental facilities"}