{"url": "https://embrc.eu/node/1234", "name": "Structural and chemical analysis | EMBRC", "description": "Wide range analysis", "contact": "susanna.pakkasmaa@uib.no, henrik.glenner@uib.no, rolf.e.olsen@ntnu.no", "link": "https://aria.embrc.eu/submit-proposal/new?platform_reference=TEC5_NTNU&acid=131", "research_infrastructure": "EMBRC", "country": "Norway", "provider": "On-site access, Norwegian University of Science and Technology (Norway) ", "offers": "N/A", "category": "Technology platforms"}