{"url": "https://embrc.eu/node/1076", "name": "Aquaria and Tanks | EMBRC", "description": "Extensive seawater pool facility for marine research and equipment testing. Aquaria for fish, benthos, algae, biofilms. Disease challenge facilities (fish). 8 m seawater flume supported by ADV and PIV systems", "contact": "info@embrc.uk, jmcw@st-andrews.ac.uk", "link": "https://aria.embrc.eu/submit-proposal/new?platform_reference=EXP1_SOI&acid=131", "research_infrastructure": "EMBRC", "country": "United Kingdom", "provider": "On-site access, Scottish Oceans Institute (United Kingdom) ", "offers": "Licenced by EU regulatory body to carry out scientific research with seals. Maximum capacity of 9 animals", "category": "Experimental facilities"}