{"url": "https://embrc.eu/node/887", "name": "Culture collections | EMBRC", "description": "Living strains of microalgae, cyanobacteria and macroalgae. More information here: https://norcca.scrol.net/", "contact": "susanna.pakkasmaa@uib.no, henrik.glenner@uib.no, bente.edvardsen@ibv.uio.no", "link": "https://aria.embrc.eu/submit-proposal/new?platform_reference=BIO1_UO&acid=131", "research_infrastructure": "EMBRC", "country": "Norway", "provider": "On-site access, University of Oslo (Norway) ", "offers": "N/A", "category": "Biological resources"}