{"url": "https://embrc.eu/node/1011", "name": "Coastal research vessels | EMBRC", "description": "Coast vessels and collection of marine organisms from the Gulf of Naples. Access to the Ischia CO2 underwater volcanic vents", "contact": "access_it@szn.it, andrea.tarallo@szn.it", "link": "https://aria.embrc.eu/submit-proposal/new?platform_reference=ECO1_SZN&acid=131", "research_infrastructure": "EMBRC", "country": "Italy", "provider": "On-site access, Stazione Zoologica Anton Dohrn (Italy) ", "offers": "Availability of two boats: one pilot boat for small operatioins, and one vessel complete with crew and equipment for sampling activities, Collection of planktonic organisms through screenings or samples from Niskin bottles. Collection of benthic organisms with dredging, coring, grab or scuba diving", "category": "Ecosystem access"}