{"url": "https://embrc.eu/node/1075", "name": "Aquaria and Tanks | EMBRC", "description": "Acces to open/closed circuit running seawater experimental infrastructures. Aquaria/tanks from 15 to 4000 L; regulation of temperature, pH, salinity, tide, etc. Platform name: Service Aquariologie (SA CRBM)", "contact": "gemma.gimenez_papiol@sorbonne-universite.fr, cecile.cabresin@sb-roscoff.fr", "link": "https://aria.embrc.eu/submit-proposal/new?platform_reference=EXP1_SBR&acid=131", "research_infrastructure": "EMBRC", "country": "France", "provider": "On-site access, Station Biologique de Roscoff (France) ", "offers": "N/A", "category": "Experimental facilities"}