{"url": "https://embrc.eu/node/1018", "name": "Sampling equipment | EMBRC", "description": "Equipments for collecting water and sediment samples, sample processing and environment monitoring", "contact": "access_it@szn.it, antonietta.specchiulli@cnr.it", "link": "https://aria.embrc.eu/submit-proposal/new?platform_reference=ECO2_CNR-IRBIM-L&acid=131", "research_infrastructure": "EMBRC", "country": "Italy", "provider": "Consiglio Nazionale delle Ricerche (Italy) ", "offers": "Niskin bottles, multiparametric probes, box-corer, phytoplankton and zooplankton nets are available", "category": "Ecosystem access"}