{"url": "https://embrc.eu/node/1131", "name": "Wet laboratories | EMBRC", "description": "Access to labs for processing microalgae and cyanobacteria field samples", "contact": "acanario@ualg.pt, amamaral@ualg.pt, acoiembrc@ci.uc.pt", "link": "https://aria.embrc.eu/submit-proposal/new?platform_reference=EXP4_ACOI&acid=131", "research_infrastructure": "EMBRC", "country": "Portugal", "provider": "On-site access, Coimbra Collection of Algae (Portugal) ", "offers": "N/A", "category": "Experimental facilities"}