{"url": "https://embrc.eu/node/1065", "name": "Aquaria and Tanks | EMBRC", "description": "Flow-through tanks of sea water", "contact": "acanario@ualg.pt, amamaral@ualg.pt, \u200bimarembrc@uac.pt, eduardo.jl.isidro@uac.pt", "link": "https://aria.embrc.eu/submit-proposal/new?platform_reference=EXP1_IMAR&acid=131", "research_infrastructure": "EMBRC", "country": "Portugal", "provider": "On-site access, Institute of Marine Research (Portugal) ", "offers": "Small tanks with open or recirculating sea water systems.", "category": "Experimental facilities"}