{"url": "https://embrc.eu/node/1161", "name": "Bioassays | EMBRC", "description": "Biomarker evaluation and toxicogenomics-based cellular and provision of models", "contact": "access_it@szn.it, mauro.angeletti@unicam.it", "link": "https://aria.embrc.eu/submit-proposal/new?platform_reference=TEC1_CONISMA-Camerino&acid=131", "research_infrastructure": "EMBRC", "country": "Italy", "provider": "Consorzio Nazionale Interuniversitario per le Scienze del Mare (Italy) ", "offers": "Vitellogenin-ELISA; E-Screen; biosensors platform \u201cOn-surface\u201d binding studies using a biosensor-based approach for detecting environmental contaminants in real matrices.", "category": "Technology platforms"}