{"url": "https://embrc.eu/node/1045", "name": "Scientific diving | EMBRC", "description": "Certified diving team to access subtidal and intertidal artificial hard substrates - windmill farms of the North Sea Belgian zone. RHIB transport available", "contact": "embrc@ugent.be, jvanaverbeke@naturalsciences.be", "link": "https://aria.embrc.eu/submit-proposal/new?platform_reference=ECO3_RBINS&acid=131", "research_infrastructure": "EMBRC", "country": "Belgium", "provider": "On-site access, Royal Belgian Institute of Natural Sciences (Belgium) ", "offers": "N/A", "category": "Ecosystem access"}