{"url": "https://embrc.eu/node/993", "name": "Coastal research vessels | EMBRC", "description": "5-meter boat \"Urdisone\" with 30 hp engine", "contact": "access_it@szn.it, mauro.angeletti@unicam.it", "link": "https://aria.embrc.eu/submit-proposal/new?platform_reference=ECO1_CONISMA-Camerino&acid=131", "research_infrastructure": "EMBRC", "country": "Italy", "provider": "On-site access, Consorzio Nazionale Interuniversitario per le Scienze del Mare (Italy) ", "offers": "Access to the pristine area of Sentina Natural Regional Reserve is available, \u201ca landscape of water and sand\u201d and to the Costa del Piceno \u2013 San Nicola a mare Site of Community importance (IT5340022), \u201ca landscape of water\u201d of great natural value that are part of the Natura 2000 European Network.", "category": "Ecosystem access"}