{"url": "https://embrc.eu/node/839", "name": "In-house catering | EMBRC", "description": "In-house catering", "contact": "maria.huete@uvigo.es, xabier.lecube@ehu.eus", "link": "https://aria.embrc.eu/submit-proposal/new?platform_reference=ACC2_PiE-UPV/EHU&acid=131", "research_infrastructure": "EMBRC", "country": "Spain", "provider": "On-site access, Plentzia Marine Station (Spain) ", "offers": "Catering for lunches and buffetes available on site, access to restayrant with special prize 5 mins walk, lunch room with microwave and refrigerator, vending machines", "category": "Accommodation & catering"}