{"url": "https://embrc.eu/node/925", "name": "Organisms collected in the wild | EMBRC", "description": "Collection and supply of local marine flora and fauna from Morlaix Bay / Brittany coast. Platform name: Moyens \u00e0 la Mer (MAM)", "contact": "gemma.gimenez_papiol@sorbonne-universite.fr, cecile.cabresin@sb-roscoff.fr", "link": "https://aria.embrc.eu/submit-proposal/new?platform_reference=BIO5_SBR&acid=131", "research_infrastructure": "EMBRC", "country": "France", "provider": "On-site access, Station Biologique de Roscoff (France) ", "offers": "N/A", "category": "Biological resources"}