{"url": "https://embrc.eu/node/900", "name": "Marine model organisms | EMBRC", "description": "Biological resources and tissue samples (histology, cryopreserved tissues, gametes..)", "contact": "maria.huete@uvigo.es, xabier.lecube@ehu.eus", "link": "https://aria.embrc.eu/submit-proposal/new?platform_reference=BIO3_PiE-UPV/EHU&acid=131", "research_infrastructure": "EMBRC", "country": "Spain", "provider": "Plentzia Marine Station (Spain) ", "offers": "Expert advise is provided for experimentation with zebrafish, marine bilvalves and gastropods, sea-urchins, polychaettes, copepods, microalgae..specially in regard to toxicity testing and sublethal exposure response testing", "category": "Biological resources"}