{"url": "https://embrc.eu/node/1270", "name": "Training facilities | EMBRC", "description": "Small conference/meeting room for up to 10 people. No media support. Medium conference/meeting room for up to 20 people with media support (projection, audio, video-conferencing, wifi). Large conference/meeting room for up 150 people with media support: projection, audio", "contact": "embrc@ugent.be, jvanaverbeke@naturalsciences.be", "link": "https://aria.embrc.eu/submit-proposal/new?platform_reference=TRL1_RBINS&acid=131", "research_infrastructure": "EMBRC", "country": "Belgium", "provider": "On-site access, Royal Belgian Institute of Natural Sciences (Belgium) ", "offers": "N/A", "category": "Training & library services"}