{"url": "https://embrc.eu/node/1152", "name": "Wet laboratories | EMBRC", "description": "Medical treatment of wounded sea turtles (Caretta caretta); veterinary research, post-mortem examination, nesting at the Marine Turtles Research Centre Portici", "contact": "access_it@szn.it, andrea.tarallo@szn.it", "link": "https://aria.embrc.eu/submit-proposal/new?platform_reference=EXP4_SZN&acid=131", "research_infrastructure": "EMBRC", "country": "Italy", "provider": "On-site access, Stazione Zoologica Anton Dohrn (Italy) ", "offers": "The turtles are maintained in a semi-closed loop seawater circulation system. The service depends on animals availability.", "category": "Experimental facilities"}