{"url": "https://embrc.eu/node/841", "name": "In-house catering | EMBRC", "description": "In-house catering available upon use of experimental facilities, biological resources or ecosystem access", "contact": "gemma.gimenez_papiol@sorbonne-universite.fr, cecile.cabresin@sb-roscoff.fr", "link": "https://aria.embrc.eu/submit-proposal/new?platform_reference=ACC2_SBR&acid=131", "research_infrastructure": "EMBRC", "country": "France", "provider": "On-site access, Station Biologique de Roscoff (France) ", "offers": "N/A", "category": "Accommodation & catering"}