{"url": "https://embrc.eu/node/1194", "name": "Molecular biology and omics | EMBRC", "description": "High Throughput PCR, Sanger sequencing, Recombinant protein production, protein structural and functional characterization", "contact": "acanario@ualg.pt, amamaral@ualg.pt, ccmarassemble@ualg.pt", "link": "https://aria.embrc.eu/submit-proposal/new?platform_reference=TEC3_CCMAR&acid=131", "research_infrastructure": "EMBRC", "country": "Portugal", "provider": "On-site access, Centre for Marine Sciences (Portugal) ", "offers": "N/A", "category": "Technology platforms"}