{"url": "https://embrc.eu/node/1070", "name": "Aquaria and Tanks | EMBRC", "description": "Two indipendent units to run disease challenge experiments (Ellis Aquarium) and behavioural experiments (FBU, Fish behaviour unit). The Ellis aquarium makes available high level biosecurity containment aquaria, suitable for disease challenge with 3 independent units that can house any combination of large (1,000 L) or small (350 L) tanks. Each room/system can be independently run on seawater and temperature-controlled (5\u201325 \u00b0C). Configurable feed regimes, photoperiod (dawn and duskcycles, light intensity and day length). The Fish behaviour unit (FBU) houses a variety of marine species in natural seawater maintained in a recirculation system of ca. 400m 3 . Seawater is double-filtered and passed through UV prior to entering the system. The recirculation system comprises biological filtration, pressure sand filtration, fluid sand bed filters, UV, Ozone, and cooling. Available tanks are in different rooms/areas: Annular tank (10m diameter). The other tanks (one 12x3m, several 7x3m) can be temperature controlled", "contact": "info@embrc.uk, ben.williamson@gov.scot", "link": "https://aria.embrc.eu/submit-proposal/new?platform_reference=EXP1_MSS&acid=131", "research_infrastructure": "EMBRC", "country": "United Kingdom", "provider": "On-site access, Marine Scotland Science (United Kingdom) ", "offers": "Expertise on disease challenge experiments (Ellis Aquarium) and behavioural experiments (FBU, Fish behaviour unit)", "category": "Experimental facilities"}