{"url": "https://embrc.eu/node/1163", "name": "Bioassays | EMBRC", "description": "Bioassays for assessing biological or biochemical activity (e.g. antibacterial and antioxidant capacity, cosmetics-oriented bioassays)", "contact": "kasapidi@hcmr.gr, kasapidi@hcmr.gr", "link": "https://aria.embrc.eu/submit-proposal/new?platform_reference=TEC1_HCMR-IMBBC&acid=131", "research_infrastructure": "EMBRC", "country": "Greece", "provider": "Institute of Marine Biology, Biotechnology and Aquaculture, Hellenic Centre for Marine Research (Greece) ", "offers": "Bioassays for assessing biological or biochemical activity in microplate format (96- or 384-well), using a robotic liquid handling system for mixing and a fluorescene/absorbance microplate reader for signal recording", "category": "Technology platforms"}