{"url": "https://embrc.eu/node/906", "name": "Organisms collected in the wild | EMBRC", "description": "Provision of fresh or preserved field samples from Portugal", "contact": "acanario@ualg.pt, amamaral@ualg.pt, acoiembrc@ci.uc.pt", "link": "https://aria.embrc.eu/submit-proposal/new?platform_reference=BIO5_ACOI&acid=131", "research_infrastructure": "EMBRC", "country": "Portugal", "provider": "On-site access, Coimbra Collection of Algae (Portugal) ", "offers": "N/A", "category": "Biological resources"}