{"url": "https://embrc.eu/node/1236", "name": "Structural and chemical analysis | EMBRC", "description": "Microbiology and biochemistry laboratories for the identification of prokaryotes, eukaryotes, isolation and culture of microbes. Platform name: Bio2Mar", "contact": "gemma.gimenez_papiol@sorbonne-universite.fr, julie.boeuf@obs-banyuls.fr", "link": "https://aria.embrc.eu/submit-proposal/new?platform_reference=TEC5_OOB&acid=131", "research_infrastructure": "EMBRC", "country": "France", "provider": "On-site access, Observatoire Oc\u00e9anologique de Banyuls sur Mer (France) ", "offers": "N/A", "category": "Technology platforms"}