{"url": "https://embrc.eu/node/870", "name": "Culture collections | EMBRC", "description": "Culture collections of phytoplankton and zooplankton strains for aquaculture purposes", "contact": "maria.huete@uvigo.es", "link": "https://aria.embrc.eu/submit-proposal/new?platform_reference=BIO1_ECIMAT-UVIGO&acid=131", "research_infrastructure": "EMBRC", "country": "Spain", "provider": "Toralla Marine Science Station - Vigo University Marine Research Centre (Spain) ", "offers": "Culture collections of phytoplankton and zooplankton strains for aquaculture purposes. Contextual information: ISO9001 Certified service. Microalgae (around 40 strains, mostly isolated from Galician waters)", "category": "Biological resources"}