{"url": "https://embrc.eu/node/1105", "name": "Dry laboratories | EMBRC", "description": "Access to molecular biology lab, ecology and taxonomy lab", "contact": "kasapidi@hcmr.gr, kasapidi@hcmr.gr", "link": "https://aria.embrc.eu/submit-proposal/new?platform_reference=EXP5_HCMR-IMBBC&acid=131", "research_infrastructure": "EMBRC", "country": "Greece", "provider": "On-site access, Institute of Marine Biology, Biotechnology and Aquaculture, Hellenic Centre for Marine Research (Greece) ", "offers": "N/A", "category": "Experimental facilities"}