{"url": "https://embrc.eu/node/934", "name": "Rearing of aquaculture animals | EMBRC", "description": "Specialist culturing and rearing rearing of marine animals in research aquarium with aquarist expertise", "contact": "info@embrc.uk, paulon@mba.ac.uk", "link": "https://aria.embrc.eu/submit-proposal/new?platform_reference=BIO4_MBA&acid=131", "research_infrastructure": "EMBRC", "country": "United Kingdom", "provider": "On-site access, The Marine Biological Association (United Kingdom) ", "offers": "Experienced aquarist with specialist knowledge particularly marine fish, elasmobranchs and cephalopods", "category": "Biological resources"}