{"url": "https://embrc.eu/node/1027", "name": "Sampling equipment | EMBRC", "description": "Water column sampling with Niskin bottle, plankton nets and hyperbenthic sledge", "contact": "embrc@ugent.be, jvanaverbeke@naturalsciences.be", "link": "https://aria.embrc.eu/submit-proposal/new?platform_reference=ECO2_RBINS&acid=131", "research_infrastructure": "EMBRC", "country": "Belgium", "provider": "On-site access, Royal Belgian Institute of Natural Sciences (Belgium) ", "offers": "N/A", "category": "Ecosystem access"}