{"url": "https://embrc.eu/node/955", "name": "Taxonomic services | EMBRC", "description": "Isolation and identification of seaweeds, algae, marine diatoms and associated microbiota (bacteria) from marine samples", "contact": "embrc@ugent.be, marleen.roelofs@ugent.be", "link": "https://aria.embrc.eu/submit-proposal/new?platform_reference=BIO6_UGENT&acid=131", "research_infrastructure": "EMBRC", "country": "Belgium", "provider": "On-site access, Ghent University (Belgium) ", "offers": "This service can deliver identified cultures of pure marine bacteria from any type of marine sample. The service makes use of cultivation and isolation of bacteria, characterization by protein mass spectrometry and identification using gene and genome sequence analysis.", "category": "Biological resources"}