{"url": "https://embrc.eu/node/1023", "name": "Sampling equipment | EMBRC", "description": "CTD with oxygen, pH, light and fluorescence sensors, Rosette with 11 Niskin bottles. Plankton nets, multi-corer and grab. Light traps, flowmeters and current meters, acoustic doppler current profilers", "contact": "liaison_il@embrc.eu, gil.koplovitz@mail.huji.ac.il", "link": "https://aria.embrc.eu/submit-proposal/new?platform_reference=ECO2_IUI&acid=131", "research_infrastructure": "EMBRC", "country": "Israel", "provider": "On-site access, Interuniversity Institute for Marine Sciences (Israel) ", "offers": "N/A", "category": "Ecosystem access"}