{"url": "https://embrc.eu/node/1017", "name": "Sampling equipment | EMBRC", "description": "Biological sampling and oceanographic parameters collection", "contact": "access_it@szn.it, giorgio.tranchida@cnr.it", "link": "https://aria.embrc.eu/submit-proposal/new?platform_reference=ECO2_CNR-IAS-CG&acid=131", "research_infrastructure": "EMBRC", "country": "Italy", "provider": "On-site access, Consiglio Nazionale delle Ricerche (Italy) ", "offers": "Research vessel \"Luigi Sanzo\", 15 m LOA with hydraulic crane, can be operated at the Mediterranean scale", "category": "Ecosystem access"}