{"url": "https://embrc.eu/node/1031", "name": "Sampling equipment | EMBRC", "description": "Aerosol samplers for fast and efficient sea spray aerosol collection. Aerosol samplers are mobile and can be easily used in the field. The flow rate can be manually adjusted to mimic realistic environmental conditions of aerosol deposition", "contact": "embrc@ugent.be, marleen.roelofs@ugent.be", "link": "https://aria.embrc.eu/submit-proposal/new?platform_reference=ECO2_UGENT&acid=131", "research_infrastructure": "EMBRC", "country": "Belgium", "provider": "On-site access, Ghent University (Belgium) ", "offers": "N/A", "category": "Ecosystem access"}