{"url": "https://embrc.eu/node/1079", "name": "Aquaria and Tanks | EMBRC", "description": "Available 1x1m 500 l fish tanks and single fish tanks, and sea lice hatchery", "contact": "susanna.pakkasmaa@uib.no, henrik.glenner@uib.no, frank.nilsen@uib.no", "link": "https://aria.embrc.eu/submit-proposal/new?platform_reference=EXP1_UIB-SLRC&acid=131", "research_infrastructure": "EMBRC", "country": "Norway", "provider": "On-site access, University of Bergen (Norway) ", "offers": "N/A", "category": "Experimental facilities"}