{"url": "https://embrc.eu/node/859", "name": "Biobanks | EMBRC", "description": "> 20000 planktonic samples from world wide & Tara expeditions (Ocean, Med, Polar Circle). \u200b\u200b\u200b\u200b\u200b\u200b\u200bPlatform name: Centre des Collections Planctoniques (CCP CRBM)", "contact": "gemma.gimenez_papiol@sorbonne-universite.fr, raffaela.cattaneo@imev-mer.fr", "link": "https://aria.embrc.eu/submit-proposal/new?platform_reference=BIO2_IMEV&acid=131", "research_infrastructure": "EMBRC", "country": "France", "provider": "Institut de la Mer de Villefranche (France) ", "offers": "N/A", "category": "Biological resources"}