{"url": "https://embrc.eu/node/987", "name": "Data sets | EMBRC", "description": "Access to LTER data: high CO2 low pH site, long-term monitoring from LTER MareChiara", "contact": "access_it@szn.it, andrea.tarallo@szn.it", "link": "https://aria.embrc.eu/submit-proposal/new?platform_reference=ELE1_SZN&acid=131", "research_infrastructure": "EMBRC", "country": "Italy", "provider": "Stazione Zoologica Anton Dohrn (Italy) ", "offers": "Access to data is strictly regulated and evaluated case-by-case", "category": "E-services"}