{"url": "https://embrc.eu/node/1151", "name": "Wet laboratories | EMBRC", "description": "Seal pool; Climate rooms, temp & light-control incubators; Disease challenge facilities (fish); Marine, freshwater and brackish aquarium facilities for algae, invertebrates and fish; Sediment lab: sampling & support (wet sieving, sample handling); marine biofilm lab (PAM and CSM), 8-m seawater flume supported by ADV and PIV systems", "contact": "info@embrc.uk, jmcw@st-andrews.ac.uk", "link": "https://aria.embrc.eu/submit-proposal/new?platform_reference=EXP4_SOI&acid=131", "research_infrastructure": "EMBRC", "country": "United Kingdom", "provider": "On-site access, Scottish Oceans Institute (United Kingdom) ", "offers": "N/A", "category": "Experimental facilities"}