{"url": "https://embrc.eu/node/895", "name": "Marine model organisms | EMBRC", "description": "Availability of plankton, fishes and other vertebrates", "contact": "susanna.pakkasmaa@uib.no, henrik.glenner@uib.no, kjetil.stensland@hi.no", "link": "https://aria.embrc.eu/submit-proposal/new?platform_reference=BIO3_IMR-ARS&acid=131", "research_infrastructure": "EMBRC", "country": "Norway", "provider": "On-site access, Institute of Marine Research (Norway) ", "offers": "N/A", "category": "Biological resources"}