{"url": "https://embrc.eu/node/946", "name": "Taxonomic services | EMBRC", "description": "Taxonomic identification of invertebrates (polychaetes, amphipods, decapods, sponges)", "contact": "kasapidi@hcmr.gr, kasapidi@hcmr.gr", "link": "https://aria.embrc.eu/submit-proposal/new?platform_reference=BIO6_HCMR-IMBBC&acid=131", "research_infrastructure": "EMBRC", "country": "Greece", "provider": "Institute of Marine Biology, Biotechnology and Aquaculture, Hellenic Centre for Marine Research (Greece) ", "offers": "Experts for taxonomic identification of marine invertebrates of the Eastern Mediterranean Sea", "category": "Biological resources"}