{"url": "https://embrc.eu/node/1169", "name": "Imaging | EMBRC", "description": "Light, inverted microscopy with image acquisition. Confocal, fluorescence and light sheet microscopes", "contact": "acanario@ualg.pt, amamaral@ualg.pt, ccmarassemble@ualg.pt", "link": "https://aria.embrc.eu/submit-proposal/new?platform_reference=TEC2_CCMAR&acid=131", "research_infrastructure": "EMBRC", "country": "Portugal", "provider": "On-site access, Centre for Marine Sciences (Portugal) ", "offers": "Expertise on confocal and fluorescence microscopy", "category": "Technology platforms"}