{"url": "https://embrc.eu/node/864", "name": "Biobanks | EMBRC", "description": "Collection of marine mammal tissues. More info at http://marinemammals.be", "contact": "embrc@ugent.be, jvanaverbeke@naturalsciences.be", "link": "https://aria.embrc.eu/submit-proposal/new?platform_reference=BIO2_RBINS&acid=131", "research_infrastructure": "EMBRC", "country": "Belgium", "provider": "On-site access, Royal Belgian Institute of Natural Sciences (Belgium) ", "offers": "Focus on harbour porpoise, grey and harbour seal", "category": "Biological resources"}