{"url": "https://embrc.eu/node/1192", "name": "Imaging | EMBRC", "description": "Plankton imaging laboratory and facilities. Flow cytometry and on-board imaging equipment on the R/V Simon Stevin", "contact": "embrc@ugent.be, embrc@vliz.be", "link": "https://aria.embrc.eu/submit-proposal/new?platform_reference=TEC2_VLIZ&acid=131", "research_infrastructure": "EMBRC", "country": "Belgium", "provider": "On-site access, Flanders Marine Institute (Belgium) ", "offers": "N/A", "category": "Technology platforms"}