{"url": "https://embrc.eu/node/930", "name": "Rearing of aquaculture animals | EMBRC", "description": "Access to the aquarium facilities: 5L - 600 L tanks, RAS, salinity control, temperature, conductivity, redox, photoperiod control, diverse species tank, automatic feeders, faeces collectors, with technical support", "contact": "acanario@ualg.pt, amamaral@ualg.pt, ciimarembrc@ciimar.up.pt", "link": "https://aria.embrc.eu/submit-proposal/new?platform_reference=BIO4_CIIMAR&acid=131", "research_infrastructure": "EMBRC", "country": "Portugal", "provider": "On-site access, Interdisciplinary Centre of Marine and Environmental Research (Portugal) ", "offers": "N/A", "category": "Biological resources"}