{"url": "https://embrc.eu/node/874", "name": "Culture collections | EMBRC", "description": "Access to marine invertebrates specimens stored in ethanol from previous missions at Rothera base (Antarctica)", "contact": "info@embrc.uk, mscl@bas.ac.uk", "link": "https://aria.embrc.eu/submit-proposal/new?platform_reference=BIO1_NERC-BAS&acid=131", "research_infrastructure": "EMBRC", "country": "United Kingdom", "provider": "Remote access, Natural Environment Research Council \u2013 British Antarctic Survey (United Kingdom) ", "offers": "N/A", "category": "Biological resources"}