{"url": "https://embrc.eu/node/992", "name": "Coastal research vessels | EMBRC", "description": "Access and sampling in the Venice lagoon, North Adriatic coastal site (sampling of water, sediment, phyto, zooplankton, benthos, plastic debris)", "contact": "access_it@szn.it, lucia.bongiorni@ve.ismar.cnr.it", "link": "https://aria.embrc.eu/submit-proposal/new?platform_reference=ECO1_CNR-ISMAR&acid=131", "research_infrastructure": "EMBRC", "country": "Italy", "provider": "Consiglio Nazionale delle Ricerche (Italy) ", "offers": "One 5 meters and one 10 meters length small vessels for access and sampling Venice lagoon, with possibilities of accessing LTER sites (5 lagoons + 1 offshore LTER sites, urban channels, saltmarshes, seagrass beds, Venice industrial and harbour areas), north Adriatic coastal sites and tegnue coralligenous banks (Chioggia)", "category": "Ecosystem access"}