{"url": "https://embrc.eu/node/1103", "name": "Dry laboratories | EMBRC", "description": "Sedimentology laboratory for analysis of granulometry and chemical composition of sediments", "contact": "access_it@szn.it, giorgio.tranchida@cnr.it", "link": "https://aria.embrc.eu/submit-proposal/new?platform_reference=EXP5_CNR-IAS-CG&acid=131", "research_infrastructure": "EMBRC", "country": "Italy", "provider": "Consiglio Nazionale delle Ricerche (Italy) ", "offers": "Sedimentology laboratory equipped with Horiba Partica LA-950V2 laser scattering grain size analyzer and Bruker D8 Discover X-ray diffraction with solid X detectorfor, with training upon request", "category": "Experimental facilities"}