{"url": "https://embrc.eu/node/908", "name": "Organisms collected in the wild | EMBRC", "description": "Sampling of species from the Atlantic Western coast of Portugal and adjacent estuaries", "contact": "acanario@ualg.pt, amamaral@ualg.pt, ciimarembrc@ciimar.up.pt", "link": "https://aria.embrc.eu/submit-proposal/new?platform_reference=BIO5_CIIMAR&acid=131", "research_infrastructure": "EMBRC", "country": "Portugal", "provider": "On-site access, Interdisciplinary Centre of Marine and Environmental Research (Portugal) ", "offers": "N/A", "category": "Biological resources"}