{"url": "https://embrc.eu/node/950", "name": "Taxonomic services | EMBRC", "description": "Taxonomic identification through molecular biology platforms. Platform name: Bio2Mar", "contact": "gemma.gimenez_papiol@sorbonne-universite.fr, julie.boeuf@obs-banyuls.fr", "link": "https://aria.embrc.eu/submit-proposal/new?platform_reference=BIO6_OOB&acid=131", "research_infrastructure": "EMBRC", "country": "France", "provider": "On-site access, Observatoire Oc\u00e9anologique de Banyuls sur Mer (France) ", "offers": "N/A", "category": "Biological resources"}