{"url": "https://embrc.eu/node/1127", "name": "Mesocosms | EMBRC", "description": "Availability of two 20000 L outdoor mesocosms with continuous water flow that can be used for toxicological, nutrition, rearing, climate change studies", "contact": "maria.huete@uvigo.es, xabier.lecube@ehu.eus", "link": "https://aria.embrc.eu/submit-proposal/new?platform_reference=EXP2_PiE-UPV/EHU&acid=131", "research_infrastructure": "EMBRC", "country": "Spain", "provider": "On-site access, Plentzia Marine Station (Spain) ", "offers": "Toxicological, nutrition, rearing, climate change studies", "category": "Experimental facilities"}