{"url": "https://embrc.eu/node/923", "name": "Organisms collected in the wild | EMBRC", "description": "Access to sample series of non-indigenous invertebrate species and fauna of near- and offshore hard and soft substrate", "contact": "embrc@ugent.be, jvanaverbeke@naturalsciences.be", "link": "https://aria.embrc.eu/submit-proposal/new?platform_reference=BIO5_RBINS&acid=131", "research_infrastructure": "EMBRC", "country": "Belgium", "provider": "On-site access, Royal Belgian Institute of Natural Sciences (Belgium) ", "offers": "N/A", "category": "Biological resources"}