{"url": "https://embrc.eu/node/1141", "name": "Wet laboratories | EMBRC", "description": "Small scale tank facilities for environmental and physiological studies", "contact": "susanna.pakkasmaa@uib.no, henrik.glenner@uib.no, kjetil.stensland@hi.no", "link": "https://aria.embrc.eu/submit-proposal/new?platform_reference=EXP4_IMR-ARS&acid=131", "research_infrastructure": "EMBRC", "country": "Norway", "provider": "On-site access, Institute of Marine Research (Norway) ", "offers": "N/A", "category": "Experimental facilities"}