{"url": "https://embrc.eu/node/1035", "name": "Scientific diving | EMBRC", "description": "Fully certified scientific diving team: collection of biological samples; underwater experimental deployment; sensor/probes deployment and/or testing; video and photograph collection", "contact": "acanario@ualg.pt, amamaral@ualg.pt, ciimarembrc@ciimar.up.pt", "link": "https://aria.embrc.eu/submit-proposal/new?platform_reference=ECO3_CIIMAR&acid=131", "research_infrastructure": "EMBRC", "country": "Portugal", "provider": "On-site access, Interdisciplinary Centre of Marine and Environmental Research (Portugal) ", "offers": "N/A", "category": "Ecosystem access"}