{"url": "https://embrc.eu/node/1248", "name": "Library services | EMBRC", "description": "Access to historical Venice library", "contact": "access_it@szn.it, lucia.bongiorni@ve.ismar.cnr.it", "link": "https://aria.embrc.eu/submit-proposal/new?platform_reference=TRL2_CNR-ISMAR&acid=131", "research_infrastructure": "EMBRC", "country": "Italy", "provider": "Consiglio Nazionale delle Ricerche (Italy) ", "offers": "1650 books, 109 old maps, a unique library on the natural history of Venice and the Adriatic Seas (since 1600) can be consulted.", "category": "Accommodation & catering"}