{"url": "https://embrc.eu/node/877", "name": "Culture collections | EMBRC", "description": "Many species of unicellular (autothropic and heterotrophic) eukaryotes that belong to the broad categories of diatoms, flagellates and ciliates. The collection includes also microalgae used in aquaculture and ecotoxicology", "contact": "access_it@szn.it, mcelussi@inogs.it", "link": "https://aria.embrc.eu/submit-proposal/new?platform_reference=BIO1_OGS&acid=131", "research_infrastructure": "EMBRC", "country": "Italy", "provider": "National Institute of Oceanography and Experimental Geophysics (Italy) ", "offers": "Diatoms, Dinoflagellates, Chlorophytes, Cryptophytes, Dictyochophytes, Euglenophytes, Prasinophytes, Prymnesiophytes, Cyanophytes strains. for the complete list of species see the CoSMi website: http://cosmi.inogs.it/ Strains can be isolated from the wild upon request", "category": "Biological resources"}