{"url": "https://embrc.eu/node/863", "name": "Biobanks | EMBRC", "description": "Biological resources from Biscay Bay Environmental Biospecimen Bank. Liquid nitrogen supply for cryobank. Dry-shippers with temperature data logger for air transportation.", "contact": "maria.huete@uvigo.es, xabier.lecube@ehu.eus", "link": "https://aria.embrc.eu/submit-proposal/new?platform_reference=BIO2_PiE-UPV/EHU&acid=131", "research_infrastructure": "EMBRC", "country": "Spain", "provider": "Plentzia Marine Station (Spain) ", "offers": "Frozen tissues of fish, molluscs and marine mammals, paraffin-embedded samples, otoliths, shells from molluscs (material collected in an environmental health monitoring context)", "category": "Biological resources"}