{"url": "https://embrc.eu/node/959", "name": "Data analysis tools and software | EMBRC", "description": "Bioinformatics: genomics and transcriptomics software, genome assembly, sequence databases, technical support (high-performance computing (HPC)). More info at ceta.ualg.pt", "contact": "acanario@ualg.pt, amamaral@ualg.pt, ccmarassemble@ualg.pt", "link": "https://aria.embrc.eu/submit-proposal/new?platform_reference=ELE2_CCMAR&acid=131", "research_infrastructure": "EMBRC", "country": "Portugal", "provider": "On-site access, Centre for Marine Sciences (Portugal) ", "offers": "N/A", "category": "E-services"}