{"url": "https://embrc.eu/node/1060", "name": "Aquaria and Tanks | EMBRC", "description": "Aquaculture experimental plant with continuous water flow-through tanks", "contact": "access_it@szn.it, violetta.lacono@irbim.cnr.it", "link": "https://aria.embrc.eu/submit-proposal/new?platform_reference=EXP1_CNR-IRBIM-M&acid=131", "research_infrastructure": "EMBRC", "country": "Italy", "provider": "Consiglio Nazionale delle Ricerche (Italy) ", "offers": "Available tank size: 1.400L (12), 5.000 (2) indoor tanks and 70.000L, 100.000, 7.000 (2) and 300L (2) outdoor tanks", "category": "Experimental facilities"}