{"url": "https://embrc.eu/node/1177", "name": "Imaging | EMBRC", "description": "Quantitative Imagery (flow Cam, underwater vision profiler, zooscan). Microscopy imagery (confocal and full field microscopy). Platform name: PIQv and PIM", "contact": "gemma.gimenez_papiol@sorbonne-universite.fr, raffaela.cattaneo@imev-mer.fr", "link": "https://aria.embrc.eu/submit-proposal/new?platform_reference=TEC2_IMEV&acid=131", "research_infrastructure": "EMBRC", "country": "France", "provider": "Institut de la Mer de Villefranche (France) ", "offers": "N/A", "category": "Technology platforms"}