{"url": "https://embrc.eu/node/1012", "name": "Coastal research vessels | EMBRC", "description": "Small one-man operated boats to sea-going boats with crew", "contact": "susanna.pakkasmaa@uib.no, henrik.glenner@uib.no, henrik.glenner@uib.no", "link": "https://aria.embrc.eu/submit-proposal/new?platform_reference=ECO1_UIB-MBSE&acid=131", "research_infrastructure": "EMBRC", "country": "Norway", "provider": "On-site access, University of Bergen (Norway) ", "offers": "N/A", "category": "Ecosystem access"}