{"url": "https://embrc.eu/node/890", "name": "Marine model organisms | EMBRC", "description": "Benthic model organisms (Ciona, mussels, oysters, anemones, polychaetes etc.) and macroalgae from the Venice lagoon and Adriatic Sea", "contact": "access_it@szn.it, lucia.bongiorni@ve.ismar.cnr.it", "link": "https://aria.embrc.eu/submit-proposal/new?platform_reference=BIO3_CNR-ISMAR&acid=131", "research_infrastructure": "EMBRC", "country": "Italy", "provider": "Consiglio Nazionale delle Ricerche (Italy) ", "offers": "N/A", "category": "Biological resources"}