{"url": "https://embrc.eu/node/1183", "name": "Imaging | EMBRC", "description": "Slide scanner, inverted and regular light microscopy, epifluorescence microscopy and laser capture microdissector", "contact": "maria.huete@uvigo.es, xabier.lecube@ehu.eus", "link": "https://aria.embrc.eu/submit-proposal/new?platform_reference=TEC2_PiE-UPV/EHU&acid=131", "research_infrastructure": "EMBRC", "country": "Spain", "provider": "Plentzia Marine Station (Spain) ", "offers": "Full range of services in light microscopy and service in high reosultion slide scanning for biobanking and image analysis", "category": "Technology platforms"}