{"url": "https://embrc.eu/node/961", "name": "Data analysis tools and software | EMBRC", "description": "Development of software for acoustic data analysis", "contact": "access_it@szn.it, giorgio.tranchida@cnr.it", "link": "https://aria.embrc.eu/submit-proposal/new?platform_reference=ELE2_CNR-IAS-CG&acid=131", "research_infrastructure": "EMBRC", "country": "Italy", "provider": "Consiglio Nazionale delle Ricerche (Italy) ", "offers": "Custom-built, non-commercial software can be developed for the analysis of acoustic data seta", "category": "E-services"}