{"url": "https://embrc.eu/node/1211", "name": "Molecular biology and omics | EMBRC", "description": "Sanger sequencing, NGS, microsatellite, SNPs, Real Time PCR", "contact": "access_it@szn.it, andrea.tarallo@szn.it", "link": "https://aria.embrc.eu/submit-proposal/new?platform_reference=TEC3_SZN&acid=131", "research_infrastructure": "EMBRC", "country": "Italy", "provider": "Stazione Zoologica Anton Dohrn (Italy) ", "offers": "Strong expertise for protocol development and data analyses and interpretation is avaiable upon request", "category": "Technology platforms"}