{"url": "https://embrc.eu/node/1084", "name": "Climate Controlled Rooms | EMBRC", "description": "Laboratory for cultivation of aerobic and anaerobic microbial communities", "contact": "access_it@szn.it, violetta.lacono@irbim.cnr.it", "link": "https://aria.embrc.eu/submit-proposal/new?platform_reference=EXP3_CNR-IRBIM-M&acid=131", "research_infrastructure": "EMBRC", "country": "Italy", "provider": "Consiglio Nazionale delle Ricerche (Italy) ", "offers": "A pressure-retaining sampler combined with high pressure incubator vessels suitable for both sampling and incubation under pressure of up to 50 MPa is available.", "category": "Experimental facilities"}