{"url": "https://embrc.eu/node/847", "name": "In-house lodging | EMBRC", "description": "In-house lodging available upon use of experimental facilities, biological resources or ecosystem access", "contact": "gemma.gimenez_papiol@sorbonne-universite.fr, raffaela.cattaneo@imev-mer.fr", "link": "https://aria.embrc.eu/submit-proposal/new?platform_reference=ACC1_IMEV&acid=131", "research_infrastructure": "EMBRC", "country": "France", "provider": "On-site access, Institut de la Mer de Villefranche (France) ", "offers": "N/A", "category": "Accommodation & catering"}