{"url": "https://embrc.eu/node/1046", "name": "Scientific diving | EMBRC", "description": "Morlaix Bay / Brittany coasts. Underwater photo / video. Visual inspection, sampling protocols and experiments. Deployment and maintenance of moored sensors. Can operate autonomously (up to 3 divers) or support visiting divers. Platform name: Moyens \u00e0 la Mer (MAM)", "contact": "gemma.gimenez_papiol@sorbonne-universite.fr, cecile.cabresin@sb-roscoff.fr", "link": "https://aria.embrc.eu/submit-proposal/new?platform_reference=ECO3_SBR&acid=131", "research_infrastructure": "EMBRC", "country": "France", "provider": "On-site access, Station Biologique de Roscoff (France) ", "offers": "N/A", "category": "Ecosystem access"}