{"url": "https://embrc.eu/node/1009", "name": "Coastal research vessels | EMBRC", "description": "12 m vessel up to 30 miles offshore Roscoff. Coastal fishing, dredging, plankton net, hydrology, etc. Sampling gear, instrumentation, onboard wet laboratory. 2 lighter boats (length 6 m) for coastal waters (<5 miles) and very shallow depths. Diving operations. Platform name: Moyens \u00e0 la Mer (MAM)", "contact": "gemma.gimenez_papiol@sorbonne-universite.fr, cecile.cabresin@sb-roscoff.fr", "link": "https://aria.embrc.eu/submit-proposal/new?platform_reference=ECO1_SBR&acid=131", "research_infrastructure": "EMBRC", "country": "France", "provider": "On-site access, Station Biologique de Roscoff (France) ", "offers": "N/A", "category": "Ecosystem access"}