{"url": "https://embrc.eu/node/989", "name": "Coastal research vessels | EMBRC", "description": "Reseach boat (9 meters and up to 30 miles range) and small boats operating in Algarve Atlantic coast (South Portugal)", "contact": "acanario@ualg.pt, amamaral@ualg.pt, ccmarassemble@ualg.pt", "link": "https://aria.embrc.eu/submit-proposal/new?platform_reference=ECO1_CCMAR&acid=131", "research_infrastructure": "EMBRC", "country": "Portugal", "provider": "On-site access, Centre for Marine Sciences (Portugal) ", "offers": "Smalll boats to access Atlantic Coast, Algarve, Ria Formosa, Alvor", "category": "Ecosystem access"}