{"url": "https://embrc.eu/node/921", "name": "Organisms collected in the wild | EMBRC", "description": "Microalgae and planktonic ciliates collected upon request", "contact": "access_it@szn.it, mcelussi@inogs.it", "link": "https://aria.embrc.eu/submit-proposal/new?platform_reference=BIO5_OGS&acid=131", "research_infrastructure": "EMBRC", "country": "Italy", "provider": "National Institute of Oceanography and Experimental Geophysics (Italy) ", "offers": "Strains can be isolated from the wild upon request", "category": "Biological resources"}