{"url": "https://embrc.eu/node/970", "name": "Data analysis tools and software | EMBRC", "description": "Advanced bioinformatic laboratory and data mining facility for omics analyses", "contact": "access_it@szn.it, andrea.tarallo@szn.it", "link": "https://aria.embrc.eu/submit-proposal/new?platform_reference=ELE2_SZN&acid=131", "research_infrastructure": "EMBRC", "country": "Italy", "provider": "Stazione Zoologica Anton Dohrn (Italy) ", "offers": "De novo genome assembly, genome structure and functional annotation, compositional analysis, comparative genome analysis (Conserved non coding sequences; coding sequences; paralogy-orthology detection); GO enrichment analysis; RNA seq analysis, Protein structure and sequence analyses (ORF prediction; functional assignments; ortholog and paralog detection); Metabarcoding analysis; Shotgun Analysis; custome made tools for browsing and analyses", "category": "E-services"}