{"url": "https://embrc.eu/node/1122", "name": "Mesocosms | EMBRC", "description": "100 L (12), 3.000 L (3), 10.000 L (1) indoor and 28.000 L outdoor mesocosms", "contact": "access_it@szn.it, violetta.lacono@irbim.cnr.it", "link": "https://aria.embrc.eu/submit-proposal/new?platform_reference=EXP2_CNR-IRBIM-M&acid=131", "research_infrastructure": "EMBRC", "country": "Italy", "provider": "Consiglio Nazionale delle Ricerche (Italy) ", "offers": "Ideal to study microbes, oil spills, bioremediation, environmental technologies in waters and sediments.", "category": "Experimental facilities"}