{"url": "https://embrc.eu/node/1202", "name": "Molecular biology and omics | EMBRC", "description": "A molecular biology laboratory equipped with facilities for DNA, RNA and protein work, epifluorescent microscope, denaturing Gradient Gel Electrophoresis, plate reader, PCR, rt-PCR, fluorometer, spectrophotometer, freeze-drying lyophilizer, beta counter", "contact": "liaison_il@embrc.eu, gil.koplovitz@mail.huji.ac.il", "link": "https://aria.embrc.eu/submit-proposal/new?platform_reference=TEC3_IUI&acid=131", "research_infrastructure": "EMBRC", "country": "Israel", "provider": "On-site access, Interuniversity Institute for Marine Sciences (Israel) ", "offers": "N/A", "category": "Technology platforms"}