{"url": "https://embrc.eu/node/1042", "name": "Scientific diving | EMBRC", "description": "Fully equipped dive center for SCUBA and technical diving (90 m), underwater still, GoPro video cameras, online camera", "contact": "liaison_il@embrc.eu, gil.koplovitz@mail.huji.ac.il", "link": "https://aria.embrc.eu/submit-proposal/new?platform_reference=ECO3_IUI&acid=131", "research_infrastructure": "EMBRC", "country": "Israel", "provider": "On-site access, Interuniversity Institute for Marine Sciences (Israel) ", "offers": "N/A", "category": "Ecosystem access"}