{"url": "https://embrc.eu/node/1250", "name": "Library services | EMBRC", "description": "Meeting rooms and a library", "contact": "acanario@ualg.pt, amamaral@ualg.pt, \u200bimarembrc@uac.pt, eduardo.jl.isidro@uac.pt", "link": "https://aria.embrc.eu/submit-proposal/new?platform_reference=TRL2_IMAR&acid=131", "research_infrastructure": "EMBRC", "country": "Portugal", "provider": "On-site access, Institute of Marine Research (Portugal) ", "offers": "A library and 2 small meeting rooms", "category": ""}