{"url": "https://embrc.eu/node/1174", "name": "Imaging | EMBRC", "description": "Light & fluorescent microscopy & image analysis, flowcam", "contact": "maria.huete@uvigo.es", "link": "https://aria.embrc.eu/submit-proposal/new?platform_reference=TEC2_ECIMAT-UVIGO&acid=131", "research_infrastructure": "EMBRC", "country": "Spain", "provider": "Toralla Marine Science Station - Vigo University Marine Research Centre (Spain) ", "offers": "The equipment can be booked on-line for self-service (e.g. https://cim.uvigo.gal/ecimat/portal-de-reservas/en/33:binocular-microscope-smz1000.html)", "category": "Technology platforms"}