{"url": "https://embrc.eu/node/1142", "name": "Wet laboratories | EMBRC", "description": "Plankton laboratory with water filtration systems and peristaltic pumps", "contact": "liaison_il@embrc.eu, gil.koplovitz@mail.huji.ac.il", "link": "https://aria.embrc.eu/submit-proposal/new?platform_reference=EXP4_IUI&acid=131", "research_infrastructure": "EMBRC", "country": "Israel", "provider": "On-site access, Interuniversity Institute for Marine Sciences (Israel) ", "offers": "N/A", "category": "Experimental facilities"}