{"url": "https://embrc.eu/node/873", "name": "Culture collections | EMBRC", "description": "South West UK. 400 species/strains of eukaryotic microalgae; light & temperature controlled rooms; cryopreservation system for marine phytoplankton and prokaryotes", "contact": "info@embrc.uk, paulon@mba.ac.uk", "link": "https://aria.embrc.eu/submit-proposal/new?platform_reference=BIO1_MBA&acid=131", "research_infrastructure": "EMBRC", "country": "United Kingdom", "provider": "The Marine Biological Association (United Kingdom) ", "offers": "Full technical support", "category": "Biological resources"}