{"url": "https://embrc.eu/node/876", "name": "Culture collections | EMBRC", "description": "Availability of Calanus finmarchicus and Calanus helgolandicus and Acatia species", "contact": "susanna.pakkasmaa@uib.no, henrik.glenner@uib.no, rolf.e.olsen@ntnu.no", "link": "https://aria.embrc.eu/submit-proposal/new?platform_reference=BIO1_NTNU&acid=131", "research_infrastructure": "EMBRC", "country": "Norway", "provider": "On-site access, Norwegian University of Science and Technology (Norway) ", "offers": "N/A", "category": "Biological resources"}