{"url": "https://embrc.eu/node/942", "name": "Taxonomic services | EMBRC", "description": "Identification of marine bacteria", "contact": "acanario@ualg.pt, amamaral@ualg.pt, ciimarembrc@ciimar.up.pt", "link": "https://aria.embrc.eu/submit-proposal/new?platform_reference=BIO6_CIIMAR&acid=131", "research_infrastructure": "EMBRC", "country": "Portugal", "provider": "On-site access, Interdisciplinary Centre of Marine and Environmental Research (Portugal) ", "offers": "N/A", "category": "Biological resources"}