{"url": "https://embrc.eu/node/1159", "name": "Bioassays | EMBRC", "description": "Bioactivity screening assays: antifouling, antimicrobial, anticancer, allelopathy, anti-obesity, anti-inflammatory", "contact": "acanario@ualg.pt, amamaral@ualg.pt, ciimarembrc@ciimar.up.pt", "link": "https://aria.embrc.eu/submit-proposal/new?platform_reference=TEC1_CIIMAR&acid=131", "research_infrastructure": "EMBRC", "country": "Portugal", "provider": "On-site access, Interdisciplinary Centre of Marine and Environmental Research (Portugal) ", "offers": "N/A", "category": "Technology platforms"}