{"url": "https://embrc.eu/node/922", "name": "Organisms collected in the wild | EMBRC", "description": "Field collected biological resources", "contact": "maria.huete@uvigo.es, xabier.lecube@ehu.eus", "link": "https://aria.embrc.eu/submit-proposal/new?platform_reference=BIO5_PiE-UPV/EHU&acid=131", "research_infrastructure": "EMBRC", "country": "Spain", "provider": "Plentzia Marine Station (Spain) ", "offers": "Organisms are sampled in, and provided from, intertidal rocky shores, estuaries, mud-flats, harbour areas, beaches. Sampling of organisms from Southern Biscay Bay can be analysed on request and depending on availability (through fishing fleet, scuba dives of opportunity).", "category": "Biological resources"}