{"url": "https://embrc.eu/node/1253", "name": "Library services | EMBRC", "description": "National Marine Biological Library. Scientific literature, unique collection of reports, archives and grey literature relevant to marine sciences", "contact": "info@embrc.uk, paulon@mba.ac.uk", "link": "https://aria.embrc.eu/submit-proposal/new?platform_reference=TRL2_MBA&acid=131", "research_infrastructure": "EMBRC", "country": "United Kingdom", "provider": "The Marine Biological Association (United Kingdom) ", "offers": "Library services manager", "category": "Training & library services"}