{"url": "https://embrc.eu/node/1077", "name": "Aquaria and Tanks | EMBRC", "description": "Sixteen fully separate 100 L tanks each supplied with a cooling/heating device, aeration, mechanical and biological filter, allow to administer substances and/or pathogenic bacterial agents to the marine organisms housed in these tanks via the food or immersion and study their impact.", "contact": "embrc@ugent.be, marleen.roelofs@ugent.be", "link": "https://aria.embrc.eu/submit-proposal/new?platform_reference=EXP1_UGENT&acid=131", "research_infrastructure": "EMBRC", "country": "Belgium", "provider": "On-site access, Ghent University (Belgium) ", "offers": "Identification of new compounds engendered by the marine environment that could remediate diseases in an aquaculture setting, the assessment of the impact of electric fishing on (non)target organisms, the elucidation of the cause of disease in wild marine fish", "category": "Experimental facilities"}