{"url": "https://embrc.eu/node/889", "name": "Marine model organisms | EMBRC", "description": "Wide range of aquaculture fish species, invertebrates, macroalgae and model organisms", "contact": "acanario@ualg.pt, amamaral@ualg.pt, ciimarembrc@ciimar.up.pt", "link": "https://aria.embrc.eu/submit-proposal/new?platform_reference=BIO3_CIIMAR&acid=131", "research_infrastructure": "EMBRC", "country": "Portugal", "provider": "On-site access, Interdisciplinary Centre of Marine and Environmental Research (Portugal) ", "offers": "N/A", "category": "Biological resources"}