{"url": "https://embrc.eu/node/1093", "name": "Climate Controlled Rooms | EMBRC", "description": "Climate controlled room with emperature range 10-25 \u00b0C and light control", "contact": "access_it@szn.it, mcelussi@inogs.it", "link": "https://aria.embrc.eu/submit-proposal/new?platform_reference=EXP3_OGS&acid=131", "research_infrastructure": "EMBRC", "country": "Italy", "provider": "On-site access, National Institute of Oceanography and Experimental Geophysics (Italy) ", "offers": "Maintenance and culturing services available", "category": "Experimental facilities"}