{"url": "https://embrc.eu/node/1098", "name": "Climate Controlled Rooms | EMBRC", "description": "Photobioreactor, climate rooms, and temperature and light controlled incubators for experiments focusing on algae", "contact": "embrc@ugent.be, marleen.roelofs@ugent.be", "link": "https://aria.embrc.eu/submit-proposal/new?platform_reference=EXP3_UGENT&acid=131", "research_infrastructure": "EMBRC", "country": "Belgium", "provider": "On-site access, Ghent University (Belgium) ", "offers": "N/A", "category": "Experimental facilities"}