{"url": "https://embrc.eu/node/1187", "name": "Imaging | EMBRC", "description": "Assistance and sample preparation for optical, electron microscopy, live cell imaging, confocal microscopy, 3D and 4D microscopy, TEM and SEM", "contact": "access_it@szn.it, andrea.tarallo@szn.it", "link": "https://aria.embrc.eu/submit-proposal/new?platform_reference=TEC2_SZN&acid=131", "research_infrastructure": "EMBRC", "country": "Italy", "provider": "Stazione Zoologica Anton Dohrn (Italy) ", "offers": "Strong expertise for protocol development and data analyses and interpretation is avaiable upon request", "category": "Technology platforms"}