{"url": "https://embrc.eu/node/1242", "name": "Structural and chemical analysis | EMBRC", "description": "Analysis for environmental monitoring: nutrients, chlorophyll a, photosynthetic pigments, particulate C and N. Organic geochemistry at CNR-ISMAR Naples", "contact": "access_it@szn.it, andrea.tarallo@szn.it", "link": "https://aria.embrc.eu/submit-proposal/new?platform_reference=TEC5_SZN&acid=131", "research_infrastructure": "EMBRC", "country": "Italy", "provider": "On-site access, Stazione Zoologica Anton Dohrn (Italy) ", "offers": "A fully equipped geochemistry lab is available at the near ISMAR seats in Naples.", "category": "Technology platforms"}