{"url": "https://embrc.eu/node/1146", "name": "Wet laboratories | EMBRC", "description": "Wet laboratory, 40 m2, temperature range 20-25 \u00b0C", "contact": "access_it@szn.it, mcelussi@inogs.it", "link": "https://aria.embrc.eu/submit-proposal/new?platform_reference=EXP4_OGS&acid=131", "research_infrastructure": "EMBRC", "country": "Italy", "provider": "On-site access, National Institute of Oceanography and Experimental Geophysics (Italy) ", "offers": "Gas supply is available upon request", "category": "Experimental facilities"}