{"url": "https://embrc.eu/node/996", "name": "Coastal research vessels | EMBRC", "description": "Two coastal research vessels for accessing Southern Galician Rias: 7.5 m cruise +5.5m rigid-hulled inflatable boat", "contact": "maria.huete@uvigo.es", "link": "https://aria.embrc.eu/submit-proposal/new?platform_reference=ECO1_ECIMAT-UVIGO&acid=131", "research_infrastructure": "EMBRC", "country": "Spain", "provider": "Toralla Marine Science Station - Vigo University Marine Research Centre (Spain) ", "offers": "ECIMAT has staff who can pilot the vessels", "category": "Ecosystem access"}