{"url": "https://embrc.eu/node/891", "name": "Marine model organisms | EMBRC", "description": "Provision on request of samples from the sea turtle rescue centre", "contact": "access_it@szn.it, mauro.angeletti@unicam.it", "link": "https://aria.embrc.eu/submit-proposal/new?platform_reference=BIO3_CONISMA-Camerino&acid=131", "research_infrastructure": "EMBRC", "country": "Italy", "provider": "Consorzio Nazionale Interuniversitario per le Scienze del Mare (Italy) ", "offers": "Collection of tissues from loggerhead sea turtles (Caretta caretta) for sperimentation/spedition. A data set of plasma persistent organic contaminants (POPs) measured in more than 70 speciemens collected between 2014 and 2018.", "category": "Biological resources"}