{"url": "https://embrc.eu/node/913", "name": "Organisms collected in the wild | EMBRC", "description": "Provision of species from the Venice lagoon and North-Western Adriatic Sea by scuba divers sampling", "contact": "access_it@szn.it, lorenzo.zane@unipd.it", "link": "https://aria.embrc.eu/submit-proposal/new?platform_reference=BIO5_CONISMA-Chioggia&acid=131", "research_infrastructure": "EMBRC", "country": "Italy", "provider": "Consorzio Nazionale Interuniversitario per le Scienze del Mare (Italy) ", "offers": "Adriatic and lagoon species of planktonic microalgae, Seaweeds, Copepods, Benthic macrofauna of soft bottom, Benthic macrofauna of hard (artificial) bottom, Teleosts, Elasmobranchs.", "category": "Biological resources"}