{"url": "https://embrc.eu/node/1254", "name": "Library services | EMBRC", "description": "Access to office space and library of the University of the Basque Country", "contact": "maria.huete@uvigo.es, xabier.lecube@ehu.eus", "link": "https://aria.embrc.eu/submit-proposal/new?platform_reference=TRL2_PiE-UPV/EHU&acid=131", "research_infrastructure": "EMBRC", "country": "Spain", "provider": "On-site access, Plentzia Marine Station (Spain) ", "offers": "N/A", "category": "Training & library services"}