{"url": "https://embrc.eu/node/1160", "name": "Bioassays | EMBRC", "description": "Genotoxicity, biochemical, cellular, histochemical and physiological biomarkers and qualitative / quantitative histological analyses in marine organisms (mussels, clams, marine worms and fish)", "contact": "access_it@szn.it, lucia.bongiorni@ve.ismar.cnr.it", "link": "https://aria.embrc.eu/submit-proposal/new?platform_reference=TEC1_CNR-ISMAR&acid=131", "research_infrastructure": "EMBRC", "country": "Italy", "provider": "Consiglio Nazionale delle Ricerche (Italy) ", "offers": "N/A", "category": "Technology platforms"}