{"url": "https://embrc.eu/node/1058", "name": "Aquaria and Tanks | EMBRC", "description": "Aquaria and tanks for experiments with marine fishes and invertebrates. Climatic and axenic conditioning may be applied", "contact": "access_it@szn.it, stefano.marras@cnr.it", "link": "https://aria.embrc.eu/submit-proposal/new?platform_reference=EXP1_CNR-IAS-O&acid=131", "research_infrastructure": "EMBRC", "country": "Italy", "provider": "On-site access, Consiglio Nazionale delle Ricerche (Italy) ", "offers": "Experimental design applied to animal experimentation", "category": "Experimental facilities"}