{"url": "https://embrc.eu/node/936", "name": "Rearing of aquaculture animals | EMBRC", "description": "Maintenance of fish (zebrafish, mullets, flatfish, sea bass\u2026), mussels, marine gastropods, anemone, sea urchins, marine polychaetes, copepods, microalgae. \u00a0", "contact": "maria.huete@uvigo.es, xabier.lecube@ehu.eus", "link": "https://aria.embrc.eu/submit-proposal/new?platform_reference=BIO4_PiE-UPV/EHU&acid=131", "research_infrastructure": "EMBRC", "country": "Spain", "provider": "On-site access, Plentzia Marine Station (Spain) ", "offers": "Experience in toxicity testing with aquatic organisms", "category": "Biological resources"}