{"url": "https://embrc.eu/node/1219", "name": "Remote sensing and telemetry | EMBRC", "description": "Environmental cartography, photointerpretation of aerial photos and remote sensing through satellite images", "contact": "access_it@szn.it, mauro.angeletti@unicam.it", "link": "https://aria.embrc.eu/submit-proposal/new?platform_reference=TEC4_CONISMA-Camerino&acid=131", "research_infrastructure": "EMBRC", "country": "Italy", "provider": "Remote access, Consorzio Nazionale Interuniversitario per le Scienze del Mare (Italy) ", "offers": "The service is based on the use of geographic information systems (ArcMap or QGIS) and in this perspective, various spatial and spatio-temporal analysis can be performed. Carrying out surveys (also georeferenced) of fauna and flora of coastal areas.", "category": "Technology platforms"}