{"url": "https://embrc.eu/node/1063", "name": "Aquaria and Tanks | EMBRC", "description": "Several rooms with aquaria and tanks for different experimental sets: quarantine, mollusc room, maintenance room. Availability of tanks of various volumes to suit the needs of the experiments (500 l, 150 l, 50 l, ..).", "contact": "maria.huete@uvigo.es", "link": "https://aria.embrc.eu/submit-proposal/new?platform_reference=EXP1_ECIMAT-UVIGO&acid=131", "research_infrastructure": "EMBRC", "country": "Spain", "provider": "Toralla Marine Science Station - Vigo University Marine Research Centre (Spain) ", "offers": "Experiments with fish larvae are ECIMAT's strongest asset. ECIMAT has technical staff specialised on this.", "category": "Experimental facilities"}