{"url": "https://embrc.eu/node/1170", "name": "Imaging | EMBRC", "description": "Light, inverted and epifluorescence microscopy with image acquisition", "contact": "acanario@ualg.pt, amamaral@ualg.pt, ciimarembrc@ciimar.up.pt", "link": "https://aria.embrc.eu/submit-proposal/new?platform_reference=TEC2_CIIMAR&acid=131", "research_infrastructure": "EMBRC", "country": "Portugal", "provider": "On-site access, Interdisciplinary Centre of Marine and Environmental Research (Portugal) ", "offers": "N/A", "category": "Technology platforms"}