{"url": "https://embrc.eu/node/1135", "name": "Wet laboratories | EMBRC", "description": "Video analysis for ecophysiological and behavioural studies", "contact": "access_it@szn.it, stefano.marras@cnr.it", "link": "https://aria.embrc.eu/submit-proposal/new?platform_reference=EXP4_CNR-IAS-O&acid=131", "research_infrastructure": "EMBRC", "country": "Italy", "provider": "On-site access, Consiglio Nazionale delle Ricerche (Italy) ", "offers": "The video footage recorded with high-speed cameras in the lab can be anaysed (i.e., video tracking) with specific commercial software. Strong expertise in the design of ecophysiological and behavioural experimentation with marine fishes and invertebrates is provided for the use of local experimental facilities", "category": "Experimental facilities"}