{"url": "https://embrc.eu/node/1038", "name": "Scientific diving | EMBRC", "description": "Access to coastal habitats (hard and soft substrate, Posidonia and algal meadows, plankton) of the Gulf of Hearklion, Crete (Cretan Sea), by scuba diving, for sample collection, observations or experiments", "contact": "kasapidi@hcmr.gr, kasapidi@hcmr.gr", "link": "https://aria.embrc.eu/submit-proposal/new?platform_reference=ECO3_HCMR-IMBBC&acid=131", "research_infrastructure": "EMBRC", "country": "Greece", "provider": "Institute of Marine Biology, Biotechnology and Aquaculture, Hellenic Centre for Marine Research (Greece) ", "offers": "Access to coastal habitats of the Gulf of Hearklion, Crete (Cretan Sea).The access can be berformed by scientific divers of IMBBC-HCMR, or by the user who should be accompanied by a diver of IMBBC-HCMR. Access can be from a boat or form the coast.", "category": "Ecosystem access"}