{"url": "https://embrc.eu/node/1144", "name": "Wet laboratories | EMBRC", "description": "Post-mortem area/room and surgical procedure areas attached to aquaria and tanks of the Ellis Aquarium and the Fish behaviour unit (FBU)", "contact": "info@embrc.uk, ben.williamson@gov.scot", "link": "https://aria.embrc.eu/submit-proposal/new?platform_reference=EXP4_MSS&acid=131", "research_infrastructure": "EMBRC", "country": "United Kingdom", "provider": "On-site access, Marine Scotland Science (United Kingdom) ", "offers": "Expertise on disease challenge experiments (Ellis Aquarium) and behavioural experiments (FBU, Fish behaviour unit)", "category": "Experimental facilities"}