{"url": "https://embrc.eu/node/962", "name": "Data analysis tools and software | EMBRC", "description": "Video analysis for ecophysiological and behavioural studies", "contact": "access_it@szn.it, stefano.marras@cnr.it", "link": "https://aria.embrc.eu/submit-proposal/new?platform_reference=ELE2_CNR-IAS-O&acid=131", "research_infrastructure": "EMBRC", "country": "Italy", "provider": "Consiglio Nazionale delle Ricerche (Italy) ", "offers": "The video footage recorded with high-speed cameras in the lab can be anaysed (i.e., video tracking) with specific commercial software", "category": "E-services"}