{"url": "https://embrc.eu/node/997", "name": "Coastal research vessels | EMBRC", "description": "Inflatable boat for access to coastal ecosystems around Crete", "contact": "kasapidi@hcmr.gr, kasapidi@hcmr.gr", "link": "https://aria.embrc.eu/submit-proposal/new?platform_reference=ECO1_HCMR-IMBBC&acid=131", "research_infrastructure": "EMBRC", "country": "Greece", "provider": "On-site access, Institute of Marine Biology, Biotechnology and Aquaculture, Hellenic Centre for Marine Research (Greece) ", "offers": "Small boat with driver for access to coastal ecosystems of the Gulf of Heraklion, Crete.", "category": "Ecosystem access"}