{"url": "https://embrc.eu/node/1073", "name": "Aquaria and Tanks | EMBRC", "description": "Aquaria rooms and tanks for different experimental set ups (aquaculture, biomonitoring, toxicology).", "contact": "maria.huete@uvigo.es, xabier.lecube@ehu.eus", "link": "https://aria.embrc.eu/submit-proposal/new?platform_reference=EXP1_PiE-UPV/EHU&acid=131", "research_infrastructure": "EMBRC", "country": "Spain", "provider": "On-site access, Plentzia Marine Station (Spain) ", "offers": "Climate rooms, controlled photoperiod, continuous supply of filtered sea and freshwater, metal-free", "category": "Experimental facilities"}