{"url": "https://embrc.eu/node/1016", "name": "Sampling equipment | EMBRC", "description": "Water column or sediment sampling (Niskin bottles, nets, etc ); in situ environmental monitoring (CTD, multiparameter probes, etc.)", "contact": "acanario@ualg.pt, amamaral@ualg.pt, ciimarembrc@ciimar.up.pt", "link": "https://aria.embrc.eu/submit-proposal/new?platform_reference=ECO2_CIIMAR&acid=131", "research_infrastructure": "EMBRC", "country": "Portugal", "provider": "On-site access, Interdisciplinary Centre of Marine and Environmental Research (Portugal) ", "offers": "N/A", "category": "Ecosystem access"}