{"url": "https://embrc.eu/node/984", "name": "Data sets | EMBRC", "description": "Data related to environmental biomonitoring of coastal and estuarine areas in the Southern Bay of Biscay", "contact": "maria.huete@uvigo.es, xabier.lecube@ehu.eus", "link": "https://aria.embrc.eu/submit-proposal/new?platform_reference=ELE1_PiE-UPV/EHU&acid=131", "research_infrastructure": "EMBRC", "country": "Spain", "provider": "On-site access, Plentzia Marine Station (Spain) ", "offers": "Metal and PAH content in water, sediments and biota, pollution biomarker data in pollution sentinel organisms, high resolution scanned histologcial images of pollutio sentinel organisms, acidfication of Basque esturaries, inventories of benthic fauna, zooplancton and fitoplancton", "category": "E-services"}