{"url": "https://embrc.eu/node/1057", "name": "Aquaria and Tanks | EMBRC", "description": "Temperature-controlled ECOCEAN indoor aquaria and mesocosms for marine macroalgae, seagrass and invertebrates", "contact": "access_it@szn.it, giorgio.tranchida@cnr.it", "link": "https://aria.embrc.eu/submit-proposal/new?platform_reference=EXP1_CNR-IAS-CG&acid=131", "research_infrastructure": "EMBRC", "country": "Italy", "provider": "On-site access, Consiglio Nazionale delle Ricerche (Italy) ", "offers": "Indoor 5 x 250 l mesocosms and 24 x 6 l aquaria located in a temperature-controlled wet lab (ECOCEAN)", "category": "Experimental facilities"}