{"url": "https://embrc.eu/node/1010", "name": "Coastal research vessels | EMBRC", "description": "Specialist, robust (6-m aluminium-hulled) vessel designed and equipped to capture seals. Vehicular access to ecosystems with a laboratory-owned van", "contact": "info@embrc.uk, jmcw@st-andrews.ac.uk", "link": "https://aria.embrc.eu/submit-proposal/new?platform_reference=ECO1_SOI&acid=131", "research_infrastructure": "EMBRC", "country": "United Kingdom", "provider": "On-site access, Scottish Oceans Institute (United Kingdom) ", "offers": "N/A", "category": "Ecosystem access"}