{"url": "https://embrc.eu/node/1024", "name": "Sampling equipment | EMBRC", "description": "Wide range of marine instrumentation and sampling gear deployable from the research vessel", "contact": "info@embrc.uk, paulon@mba.ac.uk", "link": "https://aria.embrc.eu/submit-proposal/new?platform_reference=ECO2_MBA&acid=131", "research_infrastructure": "EMBRC", "country": "United Kingdom", "provider": "On-site access, The Marine Biological Association (United Kingdom) ", "offers": "Dedicated ship manager, seagoing technician and crew", "category": "Ecosystem access"}