{"url": "https://embrc.eu/node/1269", "name": "Training facilities | EMBRC", "description": "Auditorium, lecture rooms, seminar room, study room and office space (video-streaming service)", "contact": "maria.huete@uvigo.es, xabier.lecube@ehu.eus", "link": "https://aria.embrc.eu/submit-proposal/new?platform_reference=TRL1_PiE-UPV/EHU&acid=131", "research_infrastructure": "EMBRC", "country": "Spain", "provider": "On-site access, Plentzia Marine Station (Spain) ", "offers": "Three Erasmus Mundus masters in environmental contamination and toxicology and in marine environment and resources", "category": "Training & library services"}