{"url": "https://embrc.eu/node/888", "name": "Marine model organisms | EMBRC", "description": "Wide range of aquaculture fish species, invertebrates, macroalgae and model organisms namely sole (Sole senegalensis), seabream (Sparus aurata), seabass (Dicentrachus labrax), cuttlefish (Sepia officinalis), seahorses (Hippocampus guttulatus); others on request", "contact": "acanario@ualg.pt, amamaral@ualg.pt, ccmarassemble@ualg.pt", "link": "https://aria.embrc.eu/submit-proposal/new?platform_reference=BIO3_CCMAR&acid=131", "research_infrastructure": "EMBRC", "country": "Portugal", "provider": "On-site access, Centre for Marine Sciences (Portugal) ", "offers": "sole (Sole senegalensis), seabream (Sparus aurata), seabass (Dicentrachus labrax), cuttlefish (Sepia officinalis), seahorses (Hippocampus guttulatus).", "category": "Biological resources"}