{"url": "https://embrc.eu/node/1206", "name": "Molecular biology and omics | EMBRC", "description": "Molecular biology. Platform name: Bio2Mar", "contact": "gemma.gimenez_papiol@sorbonne-universite.fr, julie.boeuf@obs-banyuls.fr", "link": "https://aria.embrc.eu/submit-proposal/new?platform_reference=TEC3_OOB&acid=131", "research_infrastructure": "EMBRC", "country": "France", "provider": "On-site access, Observatoire Oc\u00e9anologique de Banyuls sur Mer (France) ", "offers": "N/A", "category": "Technology platforms"}