{"url": "https://embrc.eu/node/881", "name": "Culture collections | EMBRC", "description": "Roscoff Culture Collection: 4431 living strains of marine microalgae, macroalgae, bacteria and viruses. More info of the RCC (Roscoff culture collection) at: http://www.roscoff-culture-collection.org", "contact": "gemma.gimenez_papiol@sorbonne-universite.fr, cecile.cabresin@sb-roscoff.fr", "link": "https://aria.embrc.eu/submit-proposal/new?platform_reference=BIO1_SBR&acid=131", "research_infrastructure": "EMBRC", "country": "France", "provider": "Station Biologique de Roscoff (France) ", "offers": "N/A", "category": "Biological resources"}