{"url": "https://embrc.eu/node/985", "name": "Data sets | EMBRC", "description": "Database with long-term data on subtidal artificial hard subtrates and intertidal artifical hard substrates. Marine mammal database http://marinemammals.be. Information on marine mammals in Belgian waters since 2011 (incl. strandings data, necropsy data, observations). Database on physico-chemical and biological environment data collected with public federal financial means (IDOD). Focus: Belgian part of the North Sea. Offshore wind effect database (WinMon): monitoring the effects of the installation of off shore wind farms on the marine environment", "contact": "embrc@ugent.be, jvanaverbeke@naturalsciences.be", "link": "https://aria.embrc.eu/submit-proposal/new?platform_reference=ELE1_RBINS&acid=131", "research_infrastructure": "EMBRC", "country": "Belgium", "provider": "On-site access, Royal Belgian Institute of Natural Sciences (Belgium) ", "offers": "N/A", "category": "E-services"}