{"url": "https://embrc.eu/node/1072", "name": "Aquaria and Tanks | EMBRC", "description": "Open/closed circuit running seawater experimental infrastructures. Platform name: Service Aquariologie (SA CRBM)", "contact": "gemma.gimenez_papiol@sorbonne-universite.fr, julie.boeuf@obs-banyuls.fr", "link": "https://aria.embrc.eu/submit-proposal/new?platform_reference=EXP1_OOB&acid=131", "research_infrastructure": "EMBRC", "country": "France", "provider": "On-site access, Observatoire Oc\u00e9anologique de Banyuls sur Mer (France) ", "offers": "N/A", "category": "Experimental facilities"}