{"url": "https://embrc.eu/node/1003", "name": "Coastal research vessels | EMBRC", "description": "Small research vessel with crew", "contact": "susanna.pakkasmaa@uib.no, henrik.glenner@uib.no, rolf.e.olsen@ntnu.no", "link": "https://aria.embrc.eu/submit-proposal/new?platform_reference=ECO1_NTNU&acid=131", "research_infrastructure": "EMBRC", "country": "Norway", "provider": "On-site access, Norwegian University of Science and Technology (Norway) ", "offers": "N/A", "category": "Ecosystem access"}