{"url": "https://embrc.eu/node/965", "name": "Data analysis tools and software | EMBRC", "description": "Bioinformatic pipelines for analysis of NGS data on the high-performance computing cluster \"Zorbas\" , 3D Image processing for Micro CT. For more info: https://hpc.hcmr.gr/", "contact": "kasapidi@hcmr.gr, kasapidi@hcmr.gr", "link": "https://aria.embrc.eu/submit-proposal/new?platform_reference=ELE2_HCMR-IMBBC&acid=131", "research_infrastructure": "EMBRC", "country": "Greece", "provider": "Remote access, Institute of Marine Biology, Biotechnology and Aquaculture, Hellenic Centre for Marine Research (Greece) ", "offers": "Access to software available on the hpc cluster of IMBBC for bioinformatic analysis", "category": "E-services"}