{"url": "https://embrc.eu/node/1078", "name": "Aquaria and Tanks | EMBRC", "description": "Small scale to full scale tank facilities in the lab and open air. Tanks with adjustable light regime, salinity, temperature", "contact": "susanna.pakkasmaa@uib.no, henrik.glenner@uib.no, henrik.glenner@uib.no", "link": "https://aria.embrc.eu/submit-proposal/new?platform_reference=EXP1_UIB-MBSE&acid=131", "research_infrastructure": "EMBRC", "country": "Norway", "provider": "On-site access, University of Bergen (Norway) ", "offers": "N/A", "category": "Experimental facilities"}