{"url": "https://embrc.eu/node/938", "name": "Rearing of aquaculture animals | EMBRC", "description": "Vertebrates/invertebrates of variable sizes", "contact": "susanna.pakkasmaa@uib.no, henrik.glenner@uib.no, henrik.glenner@uib.no", "link": "https://aria.embrc.eu/submit-proposal/new?platform_reference=BIO4_UIB-MBSE&acid=131", "research_infrastructure": "EMBRC", "country": "Norway", "provider": "On-site access, University of Bergen (Norway) ", "offers": "N/A", "category": "Biological resources"}