{"url": "https://embrc.eu/node/1193", "name": "Molecular biology and omics | EMBRC", "description": "Genomic identification of organisms and gene based analyses (DNA extraction, sequencing and bionformatics)", "contact": "acanario@ualg.pt, amamaral@ualg.pt, acoiembrc@ci.uc.pt", "link": "https://aria.embrc.eu/submit-proposal/new?platform_reference=TEC3_ACOI&acid=131", "research_infrastructure": "EMBRC", "country": "Portugal", "provider": "On-site access, Coimbra Collection of Algae (Portugal) ", "offers": "N/A", "category": "Technology platforms"}