{"url": "https://embrc.eu/node/999", "name": "Coastal research vessels | EMBRC", "description": "Coastal research vessel for access to Villefranche Bay. Platform name: Moyens \u00e0 la Mer (MAM)", "contact": "gemma.gimenez_papiol@sorbonne-universite.fr, raffaela.cattaneo@imev-mer.fr", "link": "https://aria.embrc.eu/submit-proposal/new?platform_reference=ECO1_IMEV&acid=131", "research_infrastructure": "EMBRC", "country": "France", "provider": "On-site access, Institut de la Mer de Villefranche (France) ", "offers": "N/A", "category": "Ecosystem access"}