{"url": "https://embrc.eu/node/1021", "name": "Sampling equipment | EMBRC", "description": "Equipment for sampling at Condor sea-mount and shallow water hydrothermal vent field", "contact": "acanario@ualg.pt, amamaral@ualg.pt, \u200bimarembrc@uac.pt, eduardo.jl.isidro@uac.pt", "link": "https://aria.embrc.eu/submit-proposal/new?platform_reference=ECO2_IMAR&acid=131", "research_infrastructure": "EMBRC", "country": "Portugal", "provider": "On-site access, Institute of Marine Research (Portugal) ", "offers": "This sampling equipment is managed by the RV and diving services", "category": "Ecosystem access"}