{"url": "https://embrc.eu/node/1019", "name": "Sampling equipment | EMBRC", "description": "Sampling (Niskin bottles, plankton nets, dredges, etc.)", "contact": "maria.huete@uvigo.es", "link": "https://aria.embrc.eu/submit-proposal/new?platform_reference=ECO2_ECIMAT-UVIGO&acid=131", "research_infrastructure": "EMBRC", "country": "Spain", "provider": "Toralla Marine Science Station - Vigo University Marine Research Centre (Spain) ", "offers": "ECIMAT has staff who can operate all the equipment at demand.", "category": "Ecosystem access"}