{"url": "https://embrc.eu/node/909", "name": "Organisms collected in the wild | EMBRC", "description": "Provision of marine/brackish water model organisms", "contact": "access_it@szn.it, stefano.marras@cnr.it", "link": "https://aria.embrc.eu/submit-proposal/new?platform_reference=BIO5_CNR-IAS-O&acid=131", "research_infrastructure": "EMBRC", "country": "Italy", "provider": "On-site access, Consiglio Nazionale delle Ricerche (Italy) ", "offers": "Collection by fishing gear of fishes (Dicentrarchus labrax, Mugil cephalus, Liza aurata, Mullus barbatus) and invertebrates (Paracentrotus lividus) from nearby locations", "category": "Biological resources"}