{"url": "https://embrc.eu/node/850", "name": "In-house lodging | EMBRC", "description": "In-house lodging available upon use of experimental facilities, biological resources or ecosystem access", "contact": "gemma.gimenez_papiol@sorbonne-universite.fr, julie.boeuf@obs-banyuls.fr", "link": "https://aria.embrc.eu/submit-proposal/new?platform_reference=ACC1_OOB&acid=131", "research_infrastructure": "EMBRC", "country": "France", "provider": "On-site access, Observatoire Oc\u00e9anologique de Banyuls sur Mer (France) ", "offers": "N/A", "category": "Accommodation & catering"}