{"url": "https://embrc.eu/node/1173", "name": "Imaging | EMBRC", "description": "Microscopy and bioimaging facility equipped with light microscope, dissecting microscope, videocamera, image analysis system", "contact": "access_it@szn.it, lorenzo.zane@unipd.it", "link": "https://aria.embrc.eu/submit-proposal/new?platform_reference=TEC2_CONISMA-Chioggia&acid=131", "research_infrastructure": "EMBRC", "country": "Italy", "provider": "On-site access, Consorzio Nazionale Interuniversitario per le Scienze del Mare (Italy) ", "offers": "LEICA DMLB Light Microscope, LEICA MZ95 Dissecting microscope, LEICA DFC420 Videocamera connected to microscope and dissecting microscope", "category": "Technology platforms"}