{"url": "https://embrc.eu/node/1243", "name": "Structural and chemical analysis | EMBRC", "description": "Analysis of pigments (HPLC), nutrients (SAN++ system from SKALAR), fatty acids (GC-FID and GC-MS), lipid and free vitamin C (HPLC has a thermo-controlled autosampler and column compartment and is equipped with UV-DAD, fluorescence and ELSD detectors). Analysis of grain size (Malvern Hydro 2000G), particle size (Beckman Coulter multisizer), sediments (TOC, TN, TOM and carbonates). Fatty acid methyl ester separation (gas chromatograph equipped with an FID and a single quadrupole mass spectrometer)", "contact": "embrc@ugent.be, marleen.roelofs@ugent.be", "link": "https://aria.embrc.eu/submit-proposal/new?platform_reference=TEC5_UGENT&acid=131", "research_infrastructure": "EMBRC", "country": "Belgium", "provider": "On-site access, Ghent University (Belgium) ", "offers": "N/A", "category": "Technology platforms"}