{"url": "https://embrc.eu/node/929", "name": "Rearing of aquaculture animals | EMBRC", "description": "Laboratories and aquaria facilities availabe including climate controlled rooms, mesocoms for acidification studies", "contact": "acanario@ualg.pt, amamaral@ualg.pt, ccmarassemble@ualg.pt", "link": "https://aria.embrc.eu/submit-proposal/new?platform_reference=BIO4_CCMAR&acid=131", "research_infrastructure": "EMBRC", "country": "Portugal", "provider": "On-site access, Centre for Marine Sciences (Portugal) ", "offers": "N/A", "category": "Biological resources"}