{"url": "https://embrc.eu/node/1055", "name": "Aquaria and Tanks | EMBRC", "description": "Flow-through tanks of seawater (50 L to 9 m3) at Ramalhete Marine Station. Climate controlled rooms and thermostatic baths", "contact": "acanario@ualg.pt, amamaral@ualg.pt, ccmarassemble@ualg.pt", "link": "https://aria.embrc.eu/submit-proposal/new?platform_reference=EXP1_CCMAR&acid=131", "research_infrastructure": "EMBRC", "country": "Portugal", "provider": "On-site access, Centre for Marine Sciences (Portugal) ", "offers": "50 L to 9 m3 flow-through seawater", "category": "Experimental facilities"}