{"url": "https://embrc.eu/node/1082", "name": "Climate Controlled Rooms | EMBRC", "description": "Experimental facilities for microorganisms cultivation", "contact": "acanario@ualg.pt, amamaral@ualg.pt, ciimarembrc@ciimar.up.pt", "link": "https://aria.embrc.eu/submit-proposal/new?platform_reference=EXP3_CIIMAR&acid=131", "research_infrastructure": "EMBRC", "country": "Portugal", "provider": "On-site access, Interdisciplinary Centre of Marine and Environmental Research (Portugal) ", "offers": "N/A", "category": "Experimental facilities"}