{"url": "https://embrc.eu/node/912", "name": "Organisms collected in the wild | EMBRC", "description": "Provision on request of species from the central Adriatic coastal waters", "contact": "access_it@szn.it, mauro.angeletti@unicam.it", "link": "https://aria.embrc.eu/submit-proposal/new?platform_reference=BIO5_CONISMA-Camerino&acid=131", "research_infrastructure": "EMBRC", "country": "Italy", "provider": "Consorzio Nazionale Interuniversitario per le Scienze del Mare (Italy) ", "offers": "Sampling of Adriatic species of Seaweeds, Benthic macrofauna of soft bottom, Benthic macrofauna of hard (natural and artificial) bottom, Teleosts, Elasmobranchs.", "category": "Biological resources"}