{"url": "https://embrc.eu/node/1137", "name": "Wet laboratories | EMBRC", "description": "Wet lab for samples/experiment preparation equipped for sample processing, dissecting microscopes, steromicroscopes, scales. -80\u00b0C and - 20\u00b0C freezers", "contact": "access_it@szn.it, lorenzo.zane@unipd.it", "link": "https://aria.embrc.eu/submit-proposal/new?platform_reference=EXP4_CONISMA-Chioggia&acid=131", "research_infrastructure": "EMBRC", "country": "Italy", "provider": "On-site access, Consorzio Nazionale Interuniversitario per le Scienze del Mare (Italy) ", "offers": "Essential equipment for sample processing, dissecting microscopes, steromicroscopes, scales, -80 and - 20 freezer", "category": "Experimental facilities"}