{"url": "https://embrc.eu/node/1047", "name": "Scientific diving | EMBRC", "description": "Underwater sampling and monitoring, visual census. Acquisition of images and films in immersion. Installation and maintenance of instruments and surveys", "contact": "access_it@szn.it, andrea.tarallo@szn.it", "link": "https://aria.embrc.eu/submit-proposal/new?platform_reference=ECO3_SZN&acid=131", "research_infrastructure": "EMBRC", "country": "Italy", "provider": "On-site access, Stazione Zoologica Anton Dohrn (Italy) ", "offers": "N/A", "category": "Ecosystem access"}