{"API name": ["AirNow FEED API"],
  "Description": [" AirNOW is a U.S. EPA program that provides forecast and real-time air quality information (AQI) across North America. AirNOW collects data from more than 2,000 monitoring stations and forecasts for over 300 cities.\nThe AirNOW API allows developers to programmatically access air quality forecasts and real-time data. The API is able to deliver data for a specific zip code or a set of geographic coordinates, as well as historical air quality observations."],
  "Url": ["http://www.airnowapi.org/"],
  "Category": ["Weather", "Climate", "Environment", "Government"],
  "Provider": ["AirNow"],
  "ServiceType": ["Web/Internet"],
  "Documentation": ["http://www.airnowapi.org/"],
  "Architectural Style": ["FEED"],
  "Endpoint Url": ["http://airnowapi.sonomatechdata.com/"],
  "Support SSL": ["Yes"],
  "Logo": ["https://www.programmableweb.com/sites/all/modules/contrib/lazyloader/image_placeholder.gif"]}