{"API name": ["API Ninjas REST API v1.0"], "Description": [" API Ninjas provides 1 API endpoint for 16 data APIs divided into three tiers. Tier 1 offers fundamental building block data for cities, currency conversion, country stats, dictionary, exchange rates, geocoding, reverse geocoding, facts, jokes, and trivia. Tier 2 offers data for thousands of cars from dozens of automakers, celebrity data, and text &extraction from images. Tier 3 offers data about Air Quality (AQI), nutrition extraction via natural language processing alogrithms, and weather for regions around the world."], "Url": ["https://api-ninjas.com/api/"], "Category": ["Data", "Auto", "Celebrities", "Cities", "Climate", "Countries", "Currency", "Dictionary", "Fitness", "Food", "Health", "Humor", "Images", "Location", "OCR", "Trivia", "Weather"], "Provider": ["API Ninjas"], "ServiceType": ["Web/Internet"], "Documentation": ["https://api-ninjas.com/api"], "Architectural Style": ["REST"], "Endpoint Url": ["https://api.api-ninjas.com/v1/"], "Support SSL": ["Yes"], "Logo": ["https://www.programmableweb.com/sites/all/modules/contrib/lazyloader/image_placeholder.gif"]}