{"API name": ["CarbonScopeData REST API v1"], "Description": [" CarbonScopeData RESTful API enables developers to integrate carbon emissions data into applications. It provides access to two types of life-cycle inventory (LCI) data from CarbonScopeData: process LCI and environmentally extended input-output LCI. The API is useful to quantify, track and reduce climate impacts."], "Url": ["https://www.carbonscopedata.com/api/home"], "Category": ["Sustainability", "Climate", "Energy"], "Provider": ["CleanMetrics"], "ServiceType": ["Web/Internet"], "Documentation": ["https://www.carbonscopedata.com/api/Documentation"], "Architectural Style": ["REST"], "Endpoint Url": ["https://www.carbonscopedata.com/api/"], "Support SSL": ["Yes"], "Logo": ["https://www.programmableweb.com/sites/all/modules/contrib/lazyloader/image_placeholder.gif"]}