{"API name": ["Carbon Interface REST API v1"], "Description": [" Carbon Interface API provides estimates about C02 emissions from activities. Users provide details about the activity and the API uses the most accurate estimation methodologies to compute the amount of C02 emitted from doing the activity. Emissions data can be returned for electricity, airplane flights, product manufacturing, shipping, and other specific activities."], "Url": ["https://docs.carboninterface.com/#introduction"], "Category": ["Climate", "Sustainability"], "Provider": ["Carbon Interface"], "ServiceType": ["Web/Internet"], "Documentation": ["https://docs.carboninterface.com/"], "Architectural Style": ["REST"], "Endpoint Url": ["https://www.carboninterface.com/api/v1/"], "Support SSL": ["Yes"], "Logo": ["https://www.programmableweb.com/sites/all/modules/contrib/lazyloader/image_placeholder.gif"]}