{"API name": ["Climatekuul REST API v1.0"], "Description": [" Climatekuul API enables applications to apply carbon footprint offsets to applications for e-commerce deliveries, carshare, rideshare, trucking and fleet management, food and parcel delivery, air travel and more."], "Url": ["http://api.climatekuul.com/docs/"], "Category": ["Sustainability", "Air Travel", "Climate", "eCommerce"], "Provider": ["Mithqal Digital"], "ServiceType": ["Web/Internet"], "Documentation": ["http://api.climatekuul.com/docs/"], "Architectural Style": ["REST"], "Endpoint Url": ["http://api.climatekuul.com/"], "Support SSL": ["No"], "Logo": ["https://www.programmableweb.com/sites/all/modules/contrib/lazyloader/image_placeholder.gif"]}