{"API name": ["ClimateTrade Unspecified API v1"], "Description": [" ClimateTrade enables companies to offset their carbon footprints. The ClimateTrade API offers programmatic integration to this service. Developers can implement the API to let businesses calculate the exact carbon footprint generated by products or services at the purchase point. A list projects that offset carbon footprints are then offered to the business. Project examples are wind power, solar farms, rice husk co-generation power plants, etc. Interested developers can contact the provider for API and documentation access."], "Url": ["https://climatetrade.com/api/"], "Category": ["Sustainability", "Business", "Climate", "Energy", "Non-Profit"], "Provider": ["ClimateTrade"], "ServiceType": ["Web/Internet"], "Documentation": [], "Architectural Style": ["Unspecified"], "Endpoint Url": [], "Support SSL": ["Yes"], "Logo": ["https://www.programmableweb.com/sites/all/modules/contrib/lazyloader/image_placeholder.gif"]}