{"API name": ["ClimBiz ADAPT Climate Projection REST API v1"], "Description": [" The ClimBiz ADAPT Climate Project API allows users to access climate projection information for different scenarios, data types (i.e. temperature, precipitation, etc), and geographies such as countries, states/provinces, etc."], "Url": ["http://api.climbiz.com:8084/documentation/"], "Category": ["Climate", "Predictions"], "Provider": ["ClimBiz"], "ServiceType": ["Web/Internet"], "Documentation": [], "Architectural Style": ["REST"], "Endpoint Url": ["http://api.climbiz.com"], "Support SSL": ["No"], "Logo": ["https://www.programmableweb.com/sites/all/modules/contrib/lazyloader/image_placeholder.gif"]}