{"API name": ["Climate FieldView Platform REST API v4.0.11"], "Description": [" The Climate FieldView Platform API retrieves crop performance in agricultural fields, based on climate conditions. Manage argonomic data such as field boundries, field data, resource owner, and farm organization data.\nUse Jason Web Token to authenticate and make calls in JSON format.\nClimate Fieldview provides crop performance analysis, field health imagery, variable rate prescriptions, fertility management, data connectivity, and data visualization for farms."], "Url": ["https://dev.fieldview.com/technical-documentation/"], "Category": ["Climate", "Agriculture"], "Provider": ["The Climate Corporation"], "ServiceType": ["Web/Internet"], "Documentation": ["https://dev.fieldview.com/technical-documentation/"], "Architectural Style": ["REST"], "Endpoint Url": ["https://platform.climate.com/v4/"], "Support SSL": ["Yes"], "Logo": ["https://www.programmableweb.com/sites/all/modules/contrib/lazyloader/image_placeholder.gif"]}