{"API name": ["electricityMap REST API v3"], "Description": [" electricityMap is a platform including visualizations, database tracking and API, to help users understand the climate impact of electricity. The electricityMap API provides hourly live, historical, and forecasted global electricity emissions data from 228 areas globally. This data is useful to inform users how to consume electricity at the optimal time for optimization and reducing the carbon footprint."], "Url": ["https://api.electricitymap.org/"], "Category": ["Sustainability", "Climate", "Energy"], "Provider": ["Tomorrow"], "ServiceType": ["Web/Internet"], "Documentation": ["http://static.electricitymap.org/api/docs/index.html"], "Architectural Style": ["REST"], "Endpoint Url": ["https://api.electricitymap.org/v3/"], "Support SSL": ["Yes"], "Logo": ["https://www.programmableweb.com/sites/all/modules/contrib/lazyloader/image_placeholder.gif"]}