{"API name": ["Foreca Climate Data REST API"], "Description": [" The Foreca Climate Data API allows you to get annual weather statics at a glance. Based on measurements at official weather observation sites, this API offers accurate information about daily or monthly average temperatures and precipitation. Climate data is available via the API for any inland location specified by latitude-longitude coordinates and for all Foreca forecast locations (over 150.000 named locations worldwide).\nThe Foreca Climate Data API is helpful for websites wishing to inform their visitors and businesses who need to make decisions based on what the weather may be like be like two months in advance. For consumers, information about precipitation and temperature is helpful for travel planning.\nFor more detailed information, please complete the contact us form on the API's homepage, and a Foreca team member will assist you."], "Url": ["https://corporate.foreca.com/en/weather-data/climate-data"], "Category": ["Weather", "Climate", "Data", "Statistics"], "Provider": ["Foreca"], "ServiceType": ["Web/Internet"], "Documentation": [], "Architectural Style": ["REST"], "Endpoint Url": [], "Support SSL": ["Yes"], "Logo": ["https://www.programmableweb.com/sites/all/modules/contrib/lazyloader/image_placeholder.gif"]}