{"API name": ["Iteris ClearAg Map Overlay REST API"], "Description": [" The Map Overlay API uses ClearAg's meteorological data, weather models and sensor data to to generate map overlays for specific locals. Requests require a unique API key, and both requests and responses are in HTTP. Map Overlay API provides overlays of observed and forecasted data, including radar imagery, temperature, humidity, and wind speeds. Iteris ClearAg provides high-resolution data services, derived from data assimilation and modeling technologies, for agricultural applications. ClearAg offers multiple APIs for agribusiness and offers API integration, application framework and white label capability."], "Url": ["Iteris ClearAg Map Overlay"], "Category": ["Weather", "Agriculture", "Climate", "Data", "Mapping"], "Provider": ["Iteris"], "ServiceType": [], "Documentation": ["https://clearag.com"], "Architectural Style": ["REST"], "Endpoint Url": ["http://tiles.clearapis.com/"], "Support SSL": ["No"], "Logo": ["https://www.programmableweb.com/sites/all/modules/contrib/lazyloader/image_placeholder.gif"]}