{"API name": ["Iteris ClearAg Soil Condition REST API"], "Description": [" The Soil Conditions API uses detail from several in-house computer models to provide users with historically estimated depth specific soil moisture and temperature conditions. Requests require a unique API key, and both requests and responses are in HTTP.\nIteris ClearAg provides high-resolution data services, derived from data assimilation and modeling technologies, for agricultural applications. ClearAg offers multiple APIs for agribusiness and offers API integration, application framework and white label capability."], "Url": ["Iteris ClearAg Soil Condition "], "Category": ["Weather", "Agriculture", "Climate", "Data"], "Provider": ["Iteris"], "ServiceType": [], "Documentation": ["https://clearag.com"], "Architectural Style": ["REST"], "Endpoint Url": ["http://ag.clearapis.com/"], "Support SSL": ["No"], "Logo": ["https://www.programmableweb.com/sites/all/modules/contrib/lazyloader/image_placeholder.gif"]}