{"API name": ["Iteris ClearAg Crop Health REST API"], "Description": [" The Crop Health API provides growth, pest, and specific recommendation to agricultural users through single sine, corn growth, spring wheat growth, canola growth, sugar beet growth, and barley growth API services.\nIteris ClearAg provides high-resolution data services, derived from data assimilation and modeling technologies, for agricultural applications. ClearAg offers multiple APIs for agribusiness and offers API integration, application framework and white label capability."], "Url": ["Iteris ClearAg Crop Health API"], "Category": ["Agriculture", "Climate", "Data", "Weather"], "Provider": ["Iteris"], "ServiceType": [], "Documentation": ["https://clearag.com"], "Architectural Style": ["REST"], "Endpoint Url": ["http://ag.clearapis.com/"], "Support SSL": ["No"], "Logo": ["https://www.programmableweb.com/sites/all/modules/contrib/lazyloader/image_placeholder.gif"]}