{"API name": ["Iteris ClearAg Field Weather REST API"], "Description": [" The Field Weather API uses ClearAg's meteorological data, weather models and sensor data to provide users with field specific weather data. Requests require a unique API key and both requests and responses are in HTTP or HTTPS. Field Weather API methods include historical and current forecasts, temperature, hail, and rain data.\nIteris ClearAg provides high-resolution data services, derived from data assimilation and modeling technologies, for agricultural applications. ClearAg offers multiple APIs for agribusiness and offers API integration, application framework and white label capability."], "Url": ["Iteris ClearAg Field Weather"], "Category": ["Weather", "Agriculture", "Climate", "Data"], "Provider": ["Iteris"], "ServiceType": [], "Documentation": ["https://clearag.com"], "Architectural Style": ["REST"], "Endpoint Url": ["http://ag.clearapis.com/"], "Support SSL": ["No"], "Logo": ["https://www.programmableweb.com/sites/all/modules/contrib/lazyloader/image_placeholder.gif"]}