{"API name": ["Laminar Weather Data REST API v1"], "Description": [" The Laminar Weather Data REST API integrates forecast information, according to visibility, wind, cloud, and climate change. Developers can send HTTP requests to receive XML and GeoJSON responses. Authentication is required with Api Key."], "Url": ["https://developer.laminardata.aero/documentation/weatherdata"], "Category": ["Data-as-a-Service", "Air Travel", "Climate", "Notifications", "Transportation", "Weather"], "Provider": ["Snowflake Software"], "ServiceType": ["Product"], "Documentation": ["https://developer.laminardata.aero/documentation/weatherdata"], "Architectural Style": ["REST"], "Endpoint Url": [], "Support SSL": ["No"], "Logo": ["https://www.programmableweb.com/sites/all/modules/contrib/lazyloader/image_placeholder.gif"]}