{"API name": ["meteoblue REST API"], "Description": [" The meteoblue API is an interface for weather data designed to receive forecasts from direct HTTP requests to meteoblue servers. The requests are executed instantaneously and always provide latest up-to-date data. The meteoblue API provides updated local weather information for systems, weather information for each location on Earth (or in the ocean) from coordinates (latitude/longitude) and altitude (asl), flexible requests adapted to user demand (no pre-programmed daily downloads), and the opportunity to minimize infrastructure for hosting weather data."], "Url": ["meteoblue API "], "Category": ["Weather", "Climate", "Location", "Predictions"], "Provider": ["meteoblue"], "ServiceType": [], "Documentation": ["https://content.meteoblue.com/en/products/meteoblue-api"], "Architectural Style": ["REST"], "Endpoint Url": ["http://my.meteoblue.com/dataApi/"], "Support SSL": ["Yes"], "Logo": ["https://www.programmableweb.com/sites/all/modules/contrib/lazyloader/image_placeholder.gif"]}