{"API name": ["MetGIS Weather Point REST API v1"], "Description": [" ULTRA-PRECISE WEATHER DATA FOR BETTER DECISION-MAKING\nMetGIS combines exact weather models and terrain data and thus creates ultra-precise forecasts. With a resolution of up to 30 m MetGIS forecasts are among the best in the world. For you this means: Better decisions, targeted actions and new opportunities.\nPOINT-BASED API: FORECASTS, CURRENT AND HISTORIC WEATHER DATA\nMetGIS weather data can be retrieved from the point API via https that are delivered in JSON or JSONP format and is optimized for mountainous and remote regions worldwide - thanks to extremely detailed geographical data!\nEXTREMELY DETAILED WEATHER MAPS (TILES)\nWeather layers for Google Maps & co: Embed extremely detailed weather layers (tiles) into web projects, apps and GIS."], "Url": ["http://weatherapi.metgis.com"], "Category": ["Weather", "Climate"], "Provider": ["MetGIS"], "ServiceType": ["Web/Internet"], "Documentation": ["http://wetterapi.metgis.com/f-8-lightbox.html"], "Architectural Style": ["REST"], "Endpoint Url": ["https://api.metgis.com/forecast"], "Support SSL": ["Yes"], "Logo": ["https://www.programmableweb.com/sites/all/modules/contrib/lazyloader/image_placeholder.gif"]}