{"API name": ["NASA PO.DAAC Granules Metadata REST API"], "Description": [" The Physical Oceanography Distributed Active Archive Center (PO.DAAC) is part of NASA\u2019s Earth Observing System Data and Information System (EOSDIS). PO.DAAC\u2019s purpose is to store oceanography and climatography related data obtained by NASA. PO.DAAC also serves as a pathway to other related archives and provides relevant tools making their datasets easily consumable and applicable. NASA\u2019s PO.DAAC Granules Metadata API retrieves granule metadata from PO.DAAC's dataset. The Granules Metadata API can retrieve metadata for one given granule or a list of granules added within 24 hours."], "Url": ["http://podaac.jpl.nasa.gov/ws/metadata/granule/index.html"], "Category": ["Metadata", "Climate", "Geography", "Science"], "Provider": ["NASA"], "ServiceType": ["Web/Internet"], "Documentation": ["http://podaac.jpl.nasa.gov/ws/metadata/granule/index.html"], "Architectural Style": ["REST"], "Endpoint Url": ["http://podaac.jpl.nasa.gov/ws/metadata/granule"], "Support SSL": ["Yes"], "Logo": ["https://www.programmableweb.com/sites/all/modules/contrib/lazyloader/image_placeholder.gif"]}