{"API name": ["NASA's Mars Atmospheric Aggregation System (MAAS) REST API"], "Description": [" NASA's Mars Atmospheric Aggregation System (MAAS) API is an interface through which users can access weather and weather related data on Mars. The weather data is provided by NASA's Curiosity Rover currently on Mars and includes information such as, temperature, atmospheric pressure, humidity, wind direction, and weather status. This API is open-sourced and is REST formatted."], "Url": ["http://marsweather.ingenology.com/#get_started"], "Category": ["Astronomy", "Climate", "Data", "Weather"], "Provider": ["NASA"], "ServiceType": ["Web/Internet"], "Documentation": ["http://marsweather.ingenology.com/"], "Architectural Style": ["REST"], "Endpoint Url": ["http://marsweather.ingenology.com/v1/latest/"], "Support SSL": ["No"], "Logo": ["https://www.programmableweb.com/sites/all/modules/contrib/lazyloader/image_placeholder.gif"]}