{"API name": ["NASA PO.DAAC Dataset Metadata REST API"], "Description": [" The Physical Oceanography Distributed Active Archive Center (PO.DAAC) is part of NASA's Earth Observing System Data and Information System (EOSDIS). PO.DAAC's purpose is to store oceanography and climatography related data obtained by NASA. PO.DAAC also serves as a pathway to other related archives and provides relevant tools making their datasets easily consumable and applicable. NASA's PO.DAAC Dataset Metadata API gives access to PO.DAAC's dataset catalog. Possible queries include: datasetId, shortName, and format."], "Url": ["http://podaac.jpl.nasa.gov/ws/metadata/dataset/index.html"], "Category": ["Data", "Climate", "Geography", "Science"], "Provider": ["NASA"], "ServiceType": ["Web/Internet"], "Documentation": ["http://podaac.jpl.nasa.gov/ws/metadata/dataset/index.html"], "Architectural Style": ["REST"], "Endpoint Url": ["http://podaac.jpl.nasa.gov/ws/metadata/dataset"], "Support SSL": ["Yes"], "Logo": ["https://www.programmableweb.com/sites/all/modules/contrib/lazyloader/image_placeholder.gif"]}