{"API name": ["NASA CO2 Virtual Data Environment REST API"], "Description": [" The CO2 Virtual Data Environment API is designed to facilitate research on atmospheric CO2. This API gives users access to a host of datasets concerning atmospheric research including calculations, algorithms, data models, etc. In addition, users have access to tools to aid in the manipulation and transformation of atmospheric data."], "Url": ["https://co2.jpl.nasa.gov/developer/grid_api"], "Category": ["Astronomy", "Climate", "Data", "Science"], "Provider": ["NASA"], "ServiceType": ["Web/Internet"], "Documentation": ["https://co2.jpl.nasa.gov/developer/grid_api"], "Architectural Style": ["REST"], "Endpoint Url": ["https://co2.jpl.nasa.gov/regrid/wps/submit "], "Support SSL": ["Yes"], "Logo": ["https://www.programmableweb.com/sites/all/modules/contrib/lazyloader/image_placeholder.gif"]}