{"API name": ["National Grid ESO Carbon Intensity REST API v2.0.0"], "Description": [" National Grid ESO's Carbon Intensity API enables users and smart devices to schedule and minimize carbon emissions at a local level. The API provides an indicative trend of regional carbon intensity of the electricity system in Great Britain (GB) 96+ hours ahead of real-time. It provides programmatic and timely access to both forecast and estimated carbon intensity data. National Grid ESO is the electricity system operator for Great Britain."], "Url": ["https://carbonintensity.org.uk/"], "Category": ["Sustainability", "Climate", "Energy"], "Provider": ["Carbon Intensity", "National Grid ESO"], "ServiceType": ["Web/Internet"], "Documentation": ["https://carbon-intensity.github.io/api-definitions/"], "Architectural Style": ["REST"], "Endpoint Url": ["https://api.carbonintensity.org.uk"], "Support SSL": ["Yes"], "Logo": ["https://www.programmableweb.com/sites/all/modules/contrib/lazyloader/image_placeholder.gif"]}