{"API name": ["OpenUV Global UV Index Forecast REST API v1.0"], "Description": [" The OpenUV Global UV Index Forecast API in JSON format provides Ultraviolet index data in real time. With the API, developers can build wearable apps, bots, and smart home assistants, based on data provided by The Royal Netherlands Meteorological Institute (KNMI), The National Institute of Water and Atmospheric Research (NIWA) of New Zealand, Ozone data from OMI datasets, AURA Satellite, and NASA. It includes JSON responses and API Key."], "Url": ["https://www.openuv.io"], "Category": ["Weather", "Climate", "Health", "Predictions"], "Provider": ["OpenUV"], "ServiceType": ["Web/Internet"], "Documentation": ["https://www.openuv.io/uvindex"], "Architectural Style": ["REST"], "Endpoint Url": [], "Support SSL": ["Yes"], "Logo": ["https://www.programmableweb.com/sites/all/modules/contrib/lazyloader/image_placeholder.gif"]}