{"API name": ["PressureNet.io REST API"], "Description": [" PressureNet.io is a company that provides atmosphere data and software intelligence for improving weather and climate forecasting. They've built an open source platform that collects live atmosphere data from Android smartphones locate around the world. This network takes 5 million measurements per day. Atmosphere researchers can access a feed of this data from the PressureNet API."], "Url": ["PressureNet.io"], "Category": ["Weather", "Climate", "Crowdsourcing", "Data", "Internet of Things", "Mobile", "Open Source"], "Provider": ["Cumulonimbus"], "ServiceType": [], "Documentation": ["http://pressurenet.io/api/"], "Architectural Style": ["REST"], "Endpoint Url": ["https://pressurenet.io/live/"], "Support SSL": ["Yes"], "Logo": ["https://www.programmableweb.com/sites/all/modules/contrib/lazyloader/image_placeholder.gif"]}