{"API name": ["Qalendra Predictions REST API"], "Description": [" The Qalendra Predictions API provides long-range predictions for travel and hospitality. This Restful API responds in the JSON format and employs HTTP Basic Authentication. It is powered by algorithms that ingest big data, compare all destinations at once and identify where the best conditions for vacations, sports and activities are, anywhere in the world, with months in advance. Different data sources are analyzed such as weather , terrain, and traffic. Qalendra offers one pay-per-use plan."], "Url": ["Documentation"], "Category": ["Travel", "Aggregation", "Algorithms", "Analytics", "B2B", "Big Data", "Climate", "Comparisons", "Data Mining", "Geography", "Holidays", "Intelligence", "Location", "Predictions", "Recommendations", "Sports", "Statistics", "Tourism", "Weather"], "Provider": ["Qalendra"], "ServiceType": [], "Documentation": [], "Architectural Style": ["REST"], "Endpoint Url": ["https://api.qalendra.com"], "Support SSL": ["Yes"], "Logo": ["https://www.programmableweb.com/sites/all/modules/contrib/lazyloader/image_placeholder.gif"]}