{"API name": ["RealEarth REST API"], "Description": [" RealEarth is a mapping data discovery platform developed by the Space Science and Engineering Center and the Cooperative Institute for Meteorological Satellite Studies at the University of Wisconsin-Madison. The API provides the latest simulations associated with meteorology, aviation, flood hazards, and more."], "Url": ["https://www.ssec.wisc.edu/realearth/"], "Category": ["Science", "Climate", "Mapping", "Weather"], "Provider": ["University of Wisconsin"], "ServiceType": ["Web/Internet"], "Documentation": ["https://realearth.ssec.wisc.edu/doc/api.php"], "Architectural Style": ["REST"], "Endpoint Url": ["https://realearth.ssec.wisc.edu/api/"], "Support SSL": ["Yes"], "Logo": ["https://www.programmableweb.com/sites/all/modules/contrib/lazyloader/image_placeholder.gif"]}