{"API name": ["SkyWise Insight REST API"], "Description": [" The SkyWise Insight API allows developers to access historical, current, and forecast data for any geographic area of interest. Weather information is updated hourly and has a resolution of 1km throughout North America. The API includes endpoints for standard weather variables as well as some industry-specific metrics, such as Heating/Cooling Degree Days, Growing Degree Days, and Evapotranspiration."], "Url": ["http://skywise.wdtinc.com"], "Category": ["Weather", "Agriculture", "Climate", "Energy"], "Provider": ["Weather Decision Technologies"], "ServiceType": ["Web/Internet"], "Documentation": ["http://docs.api.wdtinc.com/insight-api/en/latest/index.html"], "Architectural Style": ["REST"], "Endpoint Url": [], "Support SSL": ["Yes"], "Logo": ["https://www.programmableweb.com/sites/all/modules/contrib/lazyloader/image_placeholder.gif"]}