{"API name": ["Solcast REST API v1.0"], "Description": [" Solcast API delivers solar power and radiation forecasts and measurements, plus temperature - anywhere in the world.\nAuthentication is available via Key.\nWith the API, developers can obtain PV power output forecast, access solar radiation estimates, access real-time data, and apply analytics for individualized forecasts."], "Url": ["https://solcast.com/"], "Category": ["Solar", "Analytics", "Climate", "Energy", "Machine Learning", "Swagger (OpenAPI)", "Weather"], "Provider": ["Solcast"], "ServiceType": ["Web/Internet"], "Documentation": ["https://docs.solcast.com.au"], "Architectural Style": ["REST"], "Endpoint Url": ["https://api.solcast.com.au/"], "Support SSL": ["Yes"], "Logo": ["https://www.programmableweb.com/sites/all/modules/contrib/lazyloader/image_placeholder.gif"]}