{"API name": ["Trip to Carbon REST API v1.1"], "Description": [" Trip to Carbon provides simple carbon emission calculation tools for travel. The Trip to Carbon API provides a travelers' carbon footprint based on available fuel usage or distance traveled. The carbon footprint is provided in kilograms, based on input of what kind of fuel, country traveled, motorbike, transit, bus, bike, type of flight and other parameters. The API uses two methods outlined by the IPCC, DEFRA U.K & GHG Protocol to determine the footprint."], "Url": ["https://triptocarbon.com/documentation"], "Category": ["Sustainability", "Climate", "Travel"], "Provider": ["Trip to Carbon"], "ServiceType": ["Web/Internet"], "Documentation": ["https://triptocarbon.com/documentation/api"], "Architectural Style": ["REST"], "Endpoint Url": ["https://api.triptocarbon.xyz/v1/"], "Support SSL": ["Yes"], "Logo": ["https://www.programmableweb.com/sites/all/modules/contrib/lazyloader/image_placeholder.gif"]}