{"API name": ["Troposphere Weather REST API v1.0"], "Description": [" Troposphere Weather is an easy to use versatile weather API which provides hyperlocal forecasts, historic climate data und location/place search. Get data about temperature, wind, rain, humidity, pressure, snow, air quality index, sunshine hours and more with this API."], "Url": ["https://www.troposphere.io/developer"], "Category": ["Weather", "Climate", "Location", "Mapping"], "Provider": ["Troposphere"], "ServiceType": ["Web/Internet"], "Documentation": ["https://www.troposphere.io/developer"], "Architectural Style": ["REST"], "Endpoint Url": ["https://api.troposphere.io"], "Support SSL": ["Yes"], "Logo": ["https://www.programmableweb.com/sites/all/modules/contrib/lazyloader/image_placeholder.gif"]}