{"API name": ["Weatherbit Climate Normals REST API v2.0"], "Description": [" The Weatherbit API returns 30 year historical climate normals ranging from monthly to hourly intervals with a period of calculation of 1981 to 2010. Data is sourced from the ERA5-Land dataset. Developers can programatically retrieve temporal averages for temperature, dew point, wind speed, precipitation, and snowfall. This API supports a spatial resolution of 9 kilometers. The Weatherbit Climate Normals API features REST architecture, and JSON formatted responses."], "Url": ["https://www.weatherbit.io/api/climate-normals"], "Category": ["Climate", "Weather"], "Provider": ["Weatherbit"], "ServiceType": ["Web/Internet"], "Documentation": ["https://www.weatherbit.io/api/climate-normals"], "Architectural Style": ["REST"], "Endpoint Url": ["https://api.weatherbit.io/v2.0"], "Support SSL": ["Yes"], "Logo": ["https://www.programmableweb.com/sites/all/modules/contrib/lazyloader/image_placeholder.gif"]}