{"API name": ["Weatherlogics climate REST API v1"], "Description": [" The Weatherlogics climate API provides a complete and high-quality climate data for Canada. With this family of APIs, developers can search for Canadian climate data, records, and normals for over 700 locations."], "Url": ["https://climate.weatherlogics.com"], "Category": ["Climate", "Weather"], "Provider": ["Weatherlogics"], "ServiceType": ["Product"], "Documentation": ["https://documenter.getpostman.com/view/8270641/SWLk3516"], "Architectural Style": ["REST"], "Endpoint Url": ["https://api.weatherlogics.com/climate/v1/"], "Support SSL": ["Yes"], "Logo": ["https://www.programmableweb.com/sites/all/modules/contrib/lazyloader/image_placeholder.gif"]}