{"API name": ["WeatherOps Climate Analysis REST API v1.0"], "Description": [" The WeatherOps Climate Analysis API retrieves degree days, precipitation, relative humidity, solar radiation, temperature, wind, evapotranspiration, and climatology data in JSON format. Responses can be about historical, current, or forecast data for any area, such as an agriculture field, urban area, or utility service area, with time series specifications. WeatherOps tools are powered by DTN to provide businesses with actionable insights."], "Url": ["https://www.weatherops.com/apis-climate-analysis"], "Category": ["Weather", "Climate", "Solar"], "Provider": ["DTN"], "ServiceType": ["Web/Internet"], "Documentation": ["http://docs.api.wdtinc.com/insight-api/en/latest/index.html"], "Architectural Style": ["REST"], "Endpoint Url": ["https://insight.api.wdtinc.com/daily-high-temperature/"], "Support SSL": ["No"], "Logo": ["https://www.programmableweb.com/sites/all/modules/contrib/lazyloader/image_placeholder.gif"]}