{"API name": ["Weatherbit Degree Day REST API v2.0"], "Description": [" The Historical Energy Weather API (Degree Days API) returns historical weather data specific to the energy industry from their network of over 38,000 stations. With this API, you can retrieve cooling or heating degree day data. Additionally, you can retrieve other valuable information like total sun hours, precipitation, snowfall, and more for any point in the world via postal code, latitude/longitude, city, or weather station ID.\nThe API has call limitations and pricing tiers, ranging from \"Free\" (75 calls per hour) to \"Advanced\" (30,000 calls/minute)"], "Url": ["https://www.weatherbit.io/api/weather-energy"], "Category": ["Weather", "Climate", "Energy"], "Provider": ["Weatherbit"], "ServiceType": ["Web/Internet"], "Documentation": ["https://www.weatherbit.io/api/weather-energy"], "Architectural Style": ["REST"], "Endpoint Url": ["https://api.weatherbit.io/v2.0/history/energy"], "Support SSL": ["Yes"], "Logo": ["https://www.programmableweb.com/sites/all/modules/contrib/lazyloader/image_placeholder.gif"]}