{"API name": ["Weatherbit REST API v1.0"], "Description": [" The Weatherbit API allows developers to get >5 years of backfilled historical data, 16 day (daily) forecasts, 5 day (3 hour interval), 48 hour (hourly) forecasts, and current weather observations programmatically. Weather data is supplied by over 40,000 weather stations, and 370,000 cities located around the world. This service is geared toward high-volume users and is available in both free and paid versions."], "Url": ["https://www.weatherbit.io"], "Category": ["Weather", "Analytics", "Big Data", "Climate", "Data-as-a-Service", "Open Data"], "Provider": ["Weatherbit"], "ServiceType": ["Product"], "Documentation": ["https://weatherbit.io/api"], "Architectural Style": ["REST"], "Endpoint Url": [], "Support SSL": ["Yes"], "Logo": ["https://www.programmableweb.com/sites/all/modules/contrib/lazyloader/image_placeholder.gif"]}