{"API name": ["World Bank Climate Data REST API"], "Description": [" The World Bank profiles climate data in the site Climate Change World Portal. The organization also offers an API for developers interested to access some of the info uploaded on such website. With the API, users can create an application featuring information in real time. This could be valuable because the reports will always be recent. The API is about access to climate information. Some of the resources include REST basic requests in the form of variables to support time, precipitation, temperature, historical data and statistics. API Key is required. Developers can use this data to support their own applications, as long as they fulfill the requirements stated in World Bank\u2019s terms of use."], "Url": ["Climate Data API"], "Category": ["Climate", "Data", "Weather"], "Provider": ["World Bank Group"], "ServiceType": [], "Documentation": ["http://data.worldbank.org/developers/climate-data-api"], "Architectural Style": ["REST"], "Endpoint Url": ["http://data.worldbank.org/developers/climate-data-api"], "Support SSL": ["No"], "Logo": ["https://www.programmableweb.com/sites/all/modules/contrib/lazyloader/image_placeholder.gif"]}