{"API name": ["Aquaplot REST API v1"], "Description": [" Aquaplot offers sea routing functionality and distance computation for ships. Developers can build integrations related to route planning, route optimization, fleet maneuver planning, and traffic monitoring. The Aquaplot API allows developers to retrieve the distance between 2 coordinates in water. The database contains 3,500 ports. This API uses JSON for responses, and GeoJSON will be available in the near future."], "Url": ["http://doc.aquaplot.com/"], "Category": ["Optimization", "Algorithms", "Analytics", "Developers", "Intelligence", "Logistics", "Mapping", "Marine", "Optimization", "Shipping"], "Provider": ["Gestalt Systems"], "ServiceType": ["Web/Internet"], "Documentation": [], "Architectural Style": ["REST"], "Endpoint Url": ["https://api.aquaplot.com/v1"], "Support SSL": ["Yes"], "Logo": ["https://www.programmableweb.com/sites/all/modules/contrib/lazyloader/image_placeholder.gif"]}