{"API name": ["Boats Group Inventory REST API"], "Description": [" The Boats Group Inventory API provides detailed boating related information. This interface supports methods to perform searches, and access resources in several standard units of length and currencies. This information is provided in JSON, XML or PLIST format. API Keys are required to authenticate. Boats Group is a recreational marine industry service that operates Boat Trader, YachtWorld, boats.com, Cosas De Barcos, and YachtCloser."], "Url": ["http://api.boats.com/docs/services/details?s=inventory"], "Category": ["Boating", "Data", "Directories", "Marine", "Marketplace"], "Provider": ["Boats Group"], "ServiceType": ["Web/Internet"], "Documentation": ["http://api.boats.com/docs/services/details"], "Architectural Style": ["REST"], "Endpoint Url": ["http://api.boats.com/"], "Support SSL": ["Yes"], "Logo": ["https://www.programmableweb.com/sites/all/modules/contrib/lazyloader/image_placeholder.gif"]}