{"API name": ["BODC GEBCO Web Map Service REST API"], "Description": [" The British Oceanographic Data Centre (BODC) is a national facility for maintaining and distributing data concerning the marine environment. They provide several web services for implementing this data, including the GEBCO Web Map Service.\nThis service provides access to the General Bathymetric Chart of the Oceans' (GEBCO) global gridded bathymetric data set, enabling users to access geo-referenced underwater topographic maps over the internet. These can be viewed in a web browser or a geographic information system and incorporated with other web applications using REST (HTTP GET) calls."], "Url": ["http://www.bodc.ac.uk/products/web_services/gebco_wms/"], "Category": ["Mapping", "Marine", "England", "Science"], "Provider": [], "ServiceType": [], "Documentation": ["http://www.bodc.ac.uk/products/web_services/gebco_wms/"], "Architectural Style": ["REST"], "Endpoint Url": ["http://www.gebco.net/data_and_products/gebco_web_services/web_map_service/mapserv?"], "Support SSL": [], "Logo": ["https://www.programmableweb.com/sites/all/modules/contrib/lazyloader/image_placeholder.gif"]}