{"API name": ["Broadcastify Live Audio Feed Catalog REST API"], "Description": [" Broadcastify a radio communication platform that specializes in streaming live audio for public safety, aircraft, rail, and marine related communications. Live Audio Feed Catalog API is part of the Broadcastify API systems, when integrated in applications, developers can use it to request for live feeds from the Broadcastify catalog. Outputs for this API are in XML and JSON formats."], "Url": ["Live Audio Feed Catalog API"], "Category": ["Streaming", "Air Travel", "Audio", "Feeds", "Marine", "Safety", "Transportation"], "Provider": ["Zendesk"], "ServiceType": [], "Documentation": ["https://broadcastify.zendesk.com/entries/22579268-Live-Audio-Feed-Catalog-API-v-1-3-Documentation"], "Architectural Style": ["REST"], "Endpoint Url": ["https://api.broadcastify.com/audio/"], "Support SSL": ["Yes"], "Logo": ["https://www.programmableweb.com/sites/all/modules/contrib/lazyloader/image_placeholder.gif"]}