{"API name": ["California Coastal Commission Meeting Agendas REST API v1"], "Description": [" The California Coastal Commission Meeting Agendas API can be consumed with GET requests that display JSON format in return. It provides data on the items being addressed by the Commission at each of its monthly meetings. Each agenda includes Spanish language translations, URLs to reports, and results."], "Url": ["https://www.coastal.ca.gov/open-data/api-docs/"], "Category": ["Marine"], "Provider": ["State of California"], "ServiceType": ["Web/Internet"], "Documentation": ["https://www.coastal.ca.gov/open-data/api-docs/"], "Architectural Style": ["REST"], "Endpoint Url": ["https://api.coastal.ca.gov/agendas/v1/:year/:month"], "Support SSL": ["Yes"], "Logo": ["https://www.programmableweb.com/sites/all/modules/contrib/lazyloader/image_placeholder.gif"]}