{"API name": ["California Coastal Commission Locations REST API v1"], "Description": [" The California Coastal Commission Locations API returns JSON data after making GET requests. It provides data on over 1500 public beaches spanning all 15 coastal counties. Each location includes attributes that define the characteristics of that beach, such as dog friendliness and wheelchair accessible."], "Url": ["https://www.coastal.ca.gov/open-data/api-docs/"], "Category": ["Marine"], "Provider": ["State of California"], "ServiceType": ["Web/Internet"], "Documentation": ["https://www.coastal.ca.gov/open-data/api-docs/"], "Architectural Style": ["REST"], "Endpoint Url": ["https://api.coastal.ca.gov/access/v1/locations"], "Support SSL": ["Yes"], "Logo": ["https://www.programmableweb.com/sites/all/modules/contrib/lazyloader/image_placeholder.gif"]}