{"API name": ["CO-OPS RPC API"], "Description": [" As part of NOAA, CO-OPS (Center for Operational Oceanographic Products and Services) monitors, assesses, and distributes information relating to tides, currents, water levels, and other coastal oceanographic indicators. CO-OPS provides several SOAP APIs that return information on water levels, tides, currents, harmonics, station metadata, and meteorology for locations along the U.S. coast."], "Url": ["http://opendap.co-ops.nos.noaa.gov/"], "Category": ["Science", "Marine"], "Provider": [], "ServiceType": [], "Documentation": ["http://opendap.co-ops.nos.noaa.gov/"], "Architectural Style": ["RPC"], "Endpoint Url": ["http://opendap.co-ops.nos.noaa.gov/axis/webservices/waterlevelrawsixmin/wsdl"], "Support SSL": [], "Logo": ["https://www.programmableweb.com/sites/all/modules/contrib/lazyloader/image_placeholder.gif"]}