{"API name": ["CORDC Nautical Charts Indirect API v3"], "Description": [" The Nautical Charts indirect API by the University of California at San Diego displays NOAA Nautical Charts within Google Maps API v. 3. The Nautical Charts API provides map layering capabilities and gives developers access to the data. Functionality allows developers to manipulate map layering and access any geographical information they may need. The API is guided towards scientific research and oceanic mapping innovation. JavaScript SDK available."], "Url": ["http://cordc.ucsd.edu/projects/charts/api/jsdoc/symbols/Panel.html"], "Category": ["Mapping", "Charts", "Marine"], "Provider": ["Regents of the University of California"], "ServiceType": ["Web/Internet"], "Documentation": ["http://cordc.ucsd.edu/projects/charts/api/jsdoc/symbols/Panel.html"], "Architectural Style": ["Indirect"], "Endpoint Url": ["http://cordc.ucsd.edu/projects/charts/api"], "Support SSL": ["Yes"], "Logo": ["https://www.programmableweb.com/sites/all/modules/contrib/lazyloader/image_placeholder.gif"]}