{"API name": ["Datalastic Maritime Vessels and Ports Data REST API"], "Description": [" Datalastic Maritime Vessels and Ports Data API offers vessels Information, images, real-time location, destination, images, historical data, ports information, vessels in ports, vessels in a radius of a port search and more. Get geo-coordinates of vessels, MMSI and IMO for ship identification, ETD, ETA, heading, call sign, dead weight tonnage, marine port information, and track ships with the API."], "Url": ["https://datalastic.com/"], "Category": ["Marine", "Boating", "Transportation"], "Provider": ["Datalastic"], "ServiceType": ["Web/Internet"], "Documentation": ["https://datalastic.com/developers-documentation/"], "Architectural Style": ["REST"], "Endpoint Url": ["https://api.datalastic.com/api/v0/"], "Support SSL": ["Yes"], "Logo": ["https://www.programmableweb.com/sites/all/modules/contrib/lazyloader/image_placeholder.gif"]}