{"API name": ["Deep Voyage RPC API"], "Description": [" Deep Voyage is an Egyptian dive operation, created and run by experienced divers. Divers will travel on the ship, Liberty, which has a maximum speed of 12 knots, a spacious dive deck, and fully air conditioned cabins. The Deep Voyage API allows users to send booking requests and subscribe or unsubscribe from the Deep Voyage mailing list."], "Url": ["http://www.deepvoyage.com/WebService.asmx?"], "Category": ["Travel", "Marine"], "Provider": [], "ServiceType": [], "Documentation": ["http://www.deepvoyage.com/WebService.asmx"], "Architectural Style": ["RPC"], "Endpoint Url": [], "Support SSL": [], "Logo": ["https://www.programmableweb.com/sites/all/modules/contrib/lazyloader/image_placeholder.gif"]}