{"API name": ["Divesites REST API"], "Description": [" The Divesites API returns database information for scuba divers including location, weather, latitude & longitude, map, and tide stations. The API supports POST and GET methods, JSON and AJAX formats. Divesites API determines the location using Geo IP location and return sites in a radius from that point."], "Url": ["http://api.divesites.com/docs/"], "Category": ["Recreation", "Database", "Location", "Marine", "Sports", "Water", "Weather"], "Provider": ["Divesites"], "ServiceType": ["Web/Internet"], "Documentation": ["http://api.divesites.com/docs/"], "Architectural Style": ["REST"], "Endpoint Url": ["http://api.divesites.com"], "Support SSL": ["Yes"], "Logo": ["https://www.programmableweb.com/sites/all/modules/contrib/lazyloader/image_placeholder.gif"]}