{"API name": ["Dockwa OnWater REST API v1"], "Description": [" Dokwa is an engineering company that provides a variety of technology products. The Dockwa OnWater API allows you to determine if a particular geographic point, in term of latitude and longitude parameters, is on water or land. The API conveys data in JSON format."], "Url": ["https://onwater.io/"], "Category": ["Geography", "Location", "Marine", "Water"], "Provider": [], "ServiceType": ["Web/Internet"], "Documentation": ["https://onwater.io/"], "Architectural Style": ["REST"], "Endpoint Url": ["https://api.onwater.io/api/v1/"], "Support SSL": ["Yes"], "Logo": ["https://www.programmableweb.com/sites/all/modules/contrib/lazyloader/image_placeholder.gif"]}