{"API name": ["Fishbase REST API v1"], "Description": [" The Fishbase API returns fish data provided by rOpenSci, a non-profit that advocates for sharing of scientific data. With this API, developers can implement data about fish ecology, ecosystems, fecundity, food items, maturity, population growth, reproduction, species, and swimming. The REST API uses backend SQL and it queries data in JSON format. Learn more at "], "Url": ["https://fishbaseapi.readme.io/docs"], "Category": ["Science", "Animals", "Fishing", "Marine", "Nature", "Open Data", "Sustainability"], "Provider": ["Fishbase", "rOpenSci"], "ServiceType": ["Web/Internet"], "Documentation": ["https://github.com/ropensci/fishbaseapi"], "Architectural Style": ["REST"], "Endpoint Url": [], "Support SSL": ["Yes"], "Logo": ["https://www.programmableweb.com/sites/all/modules/contrib/lazyloader/image_placeholder.gif"]}