{"API name": ["GeoGarage REST API v1.0"], "Description": [" The GeoGarage API displays nautical charts for web and mobile. Services include interoperability with geospatial solutions, geo-referenced digital nautical charts processed in the GeoGarage Tiling Engine, and returns of nautical time zones in maritime areas.\nGeoGarage provides a business-to-business online mapping service with a new API that is already in use by different public and private-sector organizations. The Geogarage API plugs across all browsers and operating systems."], "Url": ["https://www.geogarage.com/blog/news-1/post/geogarage-time-zone-api-31"], "Category": ["Marine", "Charts", "Mapping", "Platform-as-a-Service", "Time", "Water"], "Provider": ["GeoGarage"], "ServiceType": ["Web/Internet"], "Documentation": ["https://www.geogarage.com/blog/news-1/post/geogarage-time-zone-api-31"], "Architectural Style": ["REST"], "Endpoint Url": ["https://geogarage.com/api/timezone/xml?location=Lat,Lon&amp;timestamp=time&amp;key=API_KEY"], "Support SSL": ["Yes"], "Logo": ["https://www.programmableweb.com/sites/all/modules/contrib/lazyloader/image_placeholder.gif"]}