{"API name": ["Great Circle Routing REST API v2"], "Description": [" The Great Circle Routing API provides routes for sailing and motor boat vessels. The API returns ideal isochronic forecast route from a user's own polar data and wind, sea state weather information for a specified route with potentially several waypoints. Great Circle-Squid is a world-leading provider of marine weather services, both for race management and sailors (skippers and navigators)."], "Url": ["https://www.squid-sailing.com/doc-api/"], "Category": ["Marine", "Boating", "Location", "Mapping"], "Provider": ["Great Circle-Squid"], "ServiceType": ["Web/Internet"], "Documentation": ["https://www.squid-sailing.com/doc-api/routing/description.html"], "Architectural Style": ["REST"], "Endpoint Url": ["https://front-remora.greatcircle.be/routings/"], "Support SSL": ["Yes"], "Logo": ["https://www.programmableweb.com/sites/all/modules/contrib/lazyloader/image_placeholder.gif"]}