{"API name": ["Great Circle Forecast REST API v1"], "Description": [" The Great Circle Forecast API provides weather forecasts primarily for sailing races. Data returned includes wind, pressure, temperature, precipitations, sea currents, etc. for a specified location. These forecasts can be computed for every location on the planet, with time interval varying from 1 minute to 3 hours and up to a horizon of 7 days into the future. Great Circle-Squid is a world-leading provider of marine weather services, both for race management and sailors (skippers and navigators)."], "Url": ["https://front-remora.greatcircle.be/forecast"], "Category": ["Weather", "Boating", "Marine"], "Provider": ["Great Circle-Squid"], "ServiceType": ["Web/Internet"], "Documentation": ["https://www.squid-sailing.com/doc-api/forecast/description.html"], "Architectural Style": ["REST"], "Endpoint Url": ["https://front-remora.greatcircle.be/forecast"], "Support SSL": ["Yes"], "Logo": ["https://www.programmableweb.com/sites/all/modules/contrib/lazyloader/image_placeholder.gif"]}