{"API name": ["i-Boating GPS Nautical Charts and Fishing Maps Native/Browser API"], "Description": [" i-Boating is a provider of ENC (Electronic Navigation Charts), Bathymetric maps, & depth maps for inland waterways/lakes. The API allows browser applications to use ENCs as a base map for their browser applications in web applications. ENC maps can also be integrated into native app using their platform specific SDK. For protocol information, contact support@gpsnauticalcharts.com"], "Url": ["http://fishing-app.gpsnauticalcharts.com"], "Category": ["Mapping", "Boating", "Fishing", "Marine", "Water"], "Provider": ["Bist"], "ServiceType": ["Browser"], "Documentation": ["http://fishing-app.gpsnauticalcharts.com"], "Architectural Style": ["Native/Browser"], "Endpoint Url": [], "Support SSL": ["No"], "Logo": ["https://www.programmableweb.com/sites/all/modules/contrib/lazyloader/image_placeholder.gif"]}