{"API name": ["Magic Seaweed Forecast REST API"], "Description": [" The Magic Seaweed Forecast API allows access to core marine weather data for creative and interesting projects that support developers and surfers. The API requires a valid API key and follows Restful convention to query for information that retrieves a JSON array of data representing the forecast.\nThe Magic Seaweed Forecast service provides access to core weather and ocean open data, whose purpose is specifically for surfers and surfing but is also useful for a huge range of activities. Magic Seaweed supports global surf forecasting and news service."], "Url": ["https://magicseaweed.com/developer/forecast-api"], "Category": ["Sports", "Marine", "Open Data", "Water", "Weather"], "Provider": ["Magic Seaweed"], "ServiceType": ["Web/Internet"], "Documentation": ["https://magicseaweed.com/docs"], "Architectural Style": ["REST"], "Endpoint Url": ["http://magicseaweed.com/api"], "Support SSL": ["No"], "Logo": ["https://www.programmableweb.com/sites/all/modules/contrib/lazyloader/image_placeholder.gif"]}