{"API name": ["Marine/Surfing Weather REST API"], "Description": [" The Free Marine Weather REST API methods allows developers and programmers to access today's live marine and sailing weather forecast. You can use any programming language of your choice to get marine weather using our REST based weather API methods."], "Url": ["http://www.worldweatheronline.com/free-marine-weather-feed.aspx"], "Category": ["Weather", "Marine", "API"], "Provider": [], "ServiceType": [], "Documentation": ["http://www.worldweatheronline.com/free-marine-weather-feed.aspx"], "Architectural Style": ["REST"], "Endpoint Url": [], "Support SSL": ["Yes"], "Logo": ["https://www.programmableweb.com/sites/all/modules/contrib/lazyloader/image_placeholder.gif"]}