{"API name": ["MarineTraffic REST API v1"], "Description": [" MarineTraffic provides data on millions of daily vessel positions, which users may integrate with their applications or websites using the RESTful API. Users can also get the most recent arrivals and departures for a given port or vessel, all of a vessel's AIS positions, or a popular photo of a vessel to display in their app."], "Url": ["http://www.marinetraffic.com/p/api-services"], "Category": ["Travel", "Mapping", "Marine", "Transportation"], "Provider": ["MarineTraffic"], "ServiceType": ["Web/Internet"], "Documentation": ["http://www.marinetraffic.com/p/api-services"], "Architectural Style": ["REST"], "Endpoint Url": [], "Support SSL": ["Yes"], "Logo": ["https://www.programmableweb.com/sites/all/modules/contrib/lazyloader/image_placeholder.gif"]}