{"API name": ["MeteoGroup Nautical REST API"], "Description": [" MeteoGroup is a provider of full-service B2B weather solutions that allow businesses to take into account weather predictions in their decision-making processes. The MeteoGroup Nautical API is a shipping solution that supports the transmission of weather forecasts and hindcasts for the marine industry. It allows developers to integrate the capabilities for accessing weather forecasts for sailing routes and other offshore locations. It delivers data for prevailing conditions at the high seas including currents, swell, water temperature, and wind waves among others. The API supports only a single call at a time for requests of weather parameters such as location and time stamp. Users can access the latest weather predictions and hindcast data stretching a maximum of one year back from the current date."], "Url": ["https://api.weather.mg/api-detail-pages/nautical-parameter.html"], "Category": ["Weather", "Marine", "Predictions", "Shipping"], "Provider": ["MeteoGroup"], "ServiceType": ["Web/Internet"], "Documentation": ["https://api.weather.mg/api-detail-pages/nautical-parameter.html"], "Architectural Style": ["REST"], "Endpoint Url": ["https://nautical.weather.mg/"], "Support SSL": ["Yes"], "Logo": ["https://www.programmableweb.com/sites/all/modules/contrib/lazyloader/image_placeholder.gif"]}