{"API name": ["MetOcean Forecast Data Time Series REST API v0.3"], "Description": [" This MetOcean API provides access to MetOcean weather Forecast data such as sea surface temperature, visibility, wave height, period and direction of total sea state and swell, wind speed and direction. air temperature, and ocean surface currents. This REST API accepts location or a series of sites as query parameters to extract data from available models with data that is returned in CF-JSON format. MetOcean Solutions is a science-based consultancy that offers specialist numerical modeling and analytical services in meteorology and oceanography."], "Url": ["https://www.metocean.co.nz/apis"], "Category": ["Weather", "Marine", "Metadata", "Science"], "Provider": ["Meteorological Service of New Zealand"], "ServiceType": ["Web/Internet"], "Documentation": ["http://docs.forecast.metoceanapi.com"], "Architectural Style": ["REST"], "Endpoint Url": ["https://forecast.metoceanapi.com/v0"], "Support SSL": ["Yes"], "Logo": ["https://www.programmableweb.com/sites/all/modules/contrib/lazyloader/image_placeholder.gif"]}