{"API name": ["MetOcean Hindcast Statistics REST API v1.0.0"], "Description": [" This MetOcean API provides access to 37 years of data about oceans, including frequency of wave height, period and direction for each month, frequency of wind speed and others. This REST API retrieves statistics from MetOcean for specific location sites and along routes, and returns data in CF-JSON format. MetOcean Solutions is a science-based consultancy that offers specialist numerical modeling and analytical services in meteorology and oceanography."], "Url": ["https://www.metocean.co.nz/apis"], "Category": ["Weather", "Marine", "Metadata", "Science", "Statistics"], "Provider": ["Meteorological Service of New Zealand"], "ServiceType": ["Web/Internet"], "Documentation": ["http://docs.stats.metoceanapi.com"], "Architectural Style": ["REST"], "Endpoint Url": ["https://stats.metoceanapi.com/v1"], "Support SSL": ["Yes"], "Logo": ["https://www.programmableweb.com/sites/all/modules/contrib/lazyloader/image_placeholder.gif"]}