{"API name": ["National Maritime Museum REST API"], "Description": [" The National Maritime Museum (NMM) in Greenwich, England, is the leading maritime museum in the world, with a collection of over 2 million items related to seafaring, navigation and astronomy. NMM provides an online collection of catalogue records and images. Access to the online catalog is also available through an API.\nThe API uses SOLR for queries."], "Url": ["http://collections.rmg.co.uk/page/76fd680cdfa46b8848f3a719e15a6772.html"], "Category": ["Education", "Catalogs", "Collecting", "Marine", "Museums", "Photos"], "Provider": [], "ServiceType": ["Web/Internet"], "Documentation": ["http://collections.rmg.co.uk/page/76fd680cdfa46b8848f3a719e15a6772.html"], "Architectural Style": ["REST"], "Endpoint Url": ["http://collections.nmm.ac.uk/solr"], "Support SSL": ["Yes"], "Logo": ["https://www.programmableweb.com/sites/all/modules/contrib/lazyloader/image_placeholder.gif"]}