{"API name": ["Navarik Inspection RPC API v1.7"], "Description": [" The Navarik Inspection API allows oil companies and inspection vendors to submit and retrieve data from the Navarik Inspection web service. This includes; Invoicing, Nominations, Time Logs, Utilities and more. Navarik provides physical operations software and data services for the commodity trading industry."], "Url": ["https://navarik-insp.readme.io/docs"], "Category": ["Data-as-a-Service", "Energy", "Marine", "Shipping"], "Provider": ["Navarik"], "ServiceType": ["Web/Internet"], "Documentation": [], "Architectural Style": ["RPC"], "Endpoint Url": [], "Support SSL": ["Yes"], "Logo": ["https://www.programmableweb.com/sites/all/modules/contrib/lazyloader/image_placeholder.gif"]}