{"API name": ["NOAA ERDDAP REST API"], "Description": [" This data service provides a combined interface to access and download scientific datasets and subsets on oceanography in common file formats. Typical uses involve charting and mapping. ERDDAP presents a single format for accessing multiple repositories, which the service reformats to interact with the remote server hosting the desired data.\nAPI methods support retrieving a list of available resource URLs, resource categories, and datasets, as well as metadata describing those resources. Methods also allow both full-text and advanced search against the datasets."], "Url": ["http://coastwatch.pfeg.noaa.gov/erddap/rest.html"], "Category": ["Science", "Data", "Marine", "Open Data"], "Provider": ["NOAA"], "ServiceType": ["Web/Internet"], "Documentation": ["http://coastwatch.pfeg.noaa.gov/erddap/rest.html"], "Architectural Style": ["REST"], "Endpoint Url": ["http://coastwatch.pfeg.noaa.gov/erddap/search/"], "Support SSL": ["Yes"], "Logo": ["https://www.programmableweb.com/sites/all/modules/contrib/lazyloader/image_placeholder.gif"]}