{"API name": ["NOC Innovations Global Coastal Dataset REST API v1.0"], "Description": [" UK's National Oceanography Centre Global coastal API predicts accurate astronomical tidal heights and currents (high and low water) for any defined geographical area. API documentation is not public so developers must contact provider for access."], "Url": ["https://noc-innovations.co.uk/software"], "Category": ["Marine"], "Provider": ["NOC Innovations"], "ServiceType": ["Web/Internet"], "Documentation": [], "Architectural Style": ["REST"], "Endpoint Url": [], "Support SSL": ["No"], "Logo": ["https://www.programmableweb.com/sites/all/modules/contrib/lazyloader/image_placeholder.gif"]}