{"API name": ["nowCOAST LayerInfo REST API"], "Description": [" nowCOAST is a GIS-based online mapping tool that provides access to real-time coastal environmental observations and NOAA forecasts for any region in the coastal United States. nowCOAST's LayerInfo API provides access to additional useful information on mapping layers, including Legends, Timestamps, Icons, and Layer Descriptions. The API uses HTTP calls and responses are formatted in XML, HTML and TXT."], "Url": ["http://nowcoast.noaa.gov/help/layerinfo.shtml?name=layerinfo"], "Category": ["Mapping", "Marine"], "Provider": [], "ServiceType": [], "Documentation": [], "Architectural Style": ["REST"], "Endpoint Url": ["http://nowcoast.noaa.gov/LayerInfo?"], "Support SSL": [], "Logo": ["https://www.programmableweb.com/sites/all/modules/contrib/lazyloader/image_placeholder.gif"]}