{"API name": ["Ocean Networks Canada REST API"], "Description": [" Ocean Networks Canada (ONC) supports research on complex Earth processes through its ocean observatories, for the advancement of science and the Benefit of Canada. The Ocean Networks Canada API provides programmatic access to much of ONC\u00e2\u20ac\u2122s data and services. Exposed resources include information describing data products, sensor and observation data, station information, and archival data."], "Url": ["http://wiki.neptunecanada.ca/display/help/API"], "Category": ["Science", "Marine", "Canadian"], "Provider": [], "ServiceType": [], "Documentation": ["http://wiki.neptunecanada.ca/display/help/API"], "Architectural Style": ["REST"], "Endpoint Url": ["http://dmas.uvic.ca/api/"], "Support SSL": ["No"], "Logo": ["https://www.programmableweb.com/sites/all/modules/contrib/lazyloader/image_placeholder.gif"]}