{"API name": ["ODWeather REST API v1.0"], "Description": [" The OceanDrivers (OD) ODWeather API offers weather data about the ocean including currents, wind and swell from, aemet, Ocib Bahia de Palma Buoy, Easy Wind and other weather stations. Data is provided for Yacht club and other usage. OceanDrivers provides ocean data software including real wind time information, ocean weather and real time current measurements."], "Url": ["https://api.oceandrivers.com/"], "Category": ["Weather", "Boating", "Marine"], "Provider": ["OceanDrivers"], "ServiceType": ["Web/Internet"], "Documentation": ["https://api.oceandrivers.com/static/docs.html"], "Architectural Style": ["REST"], "Endpoint Url": ["https://api.oceandrivers.com/static/resources.json"], "Support SSL": ["Yes"], "Logo": ["https://www.programmableweb.com/sites/all/modules/contrib/lazyloader/image_placeholder.gif"]}