{"API name": ["Pole Star REST API"], "Description": [" Pole Star API supports the streaming of navigational and tracking data of ships as they cruise the high seas or berths at destination ports. The API\u2019s provider, Pole Star Space Applications, Ltd., is a major international brand in maritime transportation industry. Other than transmitting requests and returns on JSON protocol, the RESTful API has simple configurations designed to aid integration and compatibility with clients' host applications. Pole Star API is well-documented and its access requires API key permissions."], "Url": ["http://purplefinder.polestarglobal.com/api"], "Category": ["Marine", "Data", "Logistics", "Shipping"], "Provider": ["Pole Star Space Applications"], "ServiceType": [], "Documentation": ["http://purplefinder.polestarglobal.com/api"], "Architectural Style": ["REST"], "Endpoint Url": ["http://web.polestarglobal.com"], "Support SSL": ["No"], "Logo": ["https://www.programmableweb.com/sites/all/modules/contrib/lazyloader/image_placeholder.gif"]}