{"API name": ["Seametrix REST API v1.2"], "Description": [" Seametrix API provides a REST API with sea distances and sea routing between ports and waypoints and comes along with a complete database of sea and inland ports and terminals across the globe."], "Url": ["https://seametrix.net/sea-distances-api/"], "Category": ["Shipping", "Boating", "Logistics", "Marine", "Shipping", "Software-as-a-Service", "Transportation", "Travel"], "Provider": ["Seametrix"], "ServiceType": ["Web/Internet"], "Documentation": [], "Architectural Style": ["REST"], "Endpoint Url": [], "Support SSL": ["Yes"], "Logo": ["https://www.programmableweb.com/sites/all/modules/contrib/lazyloader/image_placeholder.gif"]}