{"API name": ["Searoutes REST API v1.0.0"], "Description": [" The searoutes.com API is a route optimization system that delivers GeoJSON data for routing on the water. The API supports street/ocean routing for inter-modal supply chains, fuel consumption, voyage weather, and piracy zones which can be avoided and displayed during mapping. Canals and inland rivers can also be used. API Keys are required for authentication."], "Url": ["https://discover.searoutes.com/api/"], "Category": ["Marine", "Shipping", "Weather"], "Provider": ["searoutes"], "ServiceType": ["Web/Internet"], "Documentation": ["https://discover.searoutes.com/wp-includes/swagger-ui"], "Architectural Style": ["REST"], "Endpoint Url": ["https://api.searoutes.com/"], "Support SSL": ["Yes"], "Logo": ["https://www.programmableweb.com/sites/all/modules/contrib/lazyloader/image_placeholder.gif"]}