{"API name": ["SeaVision REST API v1"], "Description": [" The U.S. Department of Transportation's SeaVision offers maritime situational awareness tools and web-based unclassified maritime information sharing in order to increase maritime security and build partnerships within the maritime community. The SeaVision Public API supports ingesting data into SeaVision and sharing data with external systems. API returns vessel data, incidents, vessel history and more."], "Url": ["https://info.seavision.volpe.dot.gov/node/131"], "Category": ["Marine", "Boating", "Security"], "Provider": ["U.S. Department of Transportation"], "ServiceType": ["Web/Internet"], "Documentation": ["https://info.seavision.volpe.dot.gov/node/131"], "Architectural Style": ["REST"], "Endpoint Url": ["https://api.seavision.volpe.dot.gov/v1/"], "Support SSL": ["Yes"], "Logo": ["https://www.programmableweb.com/sites/all/modules/contrib/lazyloader/image_placeholder.gif"]}