{"API name": ["Shipfinder REST API v1.0"], "Description": [" The Shipfinder API displays data with a ship's location. It embeds a ships position and a map in a user's business system or website, creating vessel management and monitoring system.\nDevelopers can access ship search, single ship, multiple ships, and area ships in JSON formats."], "Url": ["http://api.shipfinder.com/"], "Category": ["Marine", "Boating", "Satellites"], "Provider": ["Shipfinder"], "ServiceType": ["Web/Internet"], "Documentation": ["http://api.shipfinder.com/"], "Architectural Style": ["REST"], "Endpoint Url": ["http://api.shipfinder.com/apicall/QueryShip"], "Support SSL": ["Yes"], "Logo": ["https://www.programmableweb.com/sites/all/modules/contrib/lazyloader/image_placeholder.gif"]}