{"API name": ["Smart Sea Level Sensors REST API v1.0"], "Description": [" This API provides an easy way to retrieve measurements and metadata from sea level sensors deployed in Chatham County, GA. The API is built according to the OGC SensorThings API standard, which provides a unified way to retrieve measurements from IoT sensor systems. Retrieve data about all sensors, specific sensors, measurements from specific sensors, and measurements within start and end dates with this API"], "Url": ["https://www.sealevelsensors.org/data-packages/"], "Category": ["Internet of Things", "Marine", "Sustainability", "Water"], "Provider": ["Georgia Tech"], "ServiceType": ["Web/Internet"], "Documentation": ["https://dev.sealevelsensors.org/"], "Architectural Style": ["REST"], "Endpoint Url": ["https://api.sealevelsensors.org/v1.0/"], "Support SSL": ["Yes"], "Logo": ["https://www.programmableweb.com/sites/all/modules/contrib/lazyloader/image_placeholder.gif"]}