{"API name": ["Sound Metrics Indirect API"], "Description": [" Sound Metrics is a provider of underwater acoustic technology with imaging sonars such as the ARIS Explorer. Sonar imaging has applications in evidence recovery (law enforcement), pipeline inspection, construction, military, and fish surveying. This API is accessible by using C# or F# calls; SDKs are provided by Sound Metrics."], "Url": ["http://www.soundmetrics.com/"], "Category": ["Water", "Audio", "Construction", "Fishing", "Images", "Marine", "Photos"], "Provider": ["Sound Metrics"], "ServiceType": ["Web/Internet"], "Documentation": [], "Architectural Style": ["Indirect"], "Endpoint Url": [], "Support SSL": ["No"], "Logo": ["https://www.programmableweb.com/sites/all/modules/contrib/lazyloader/image_placeholder.gif"]}