{"API name": ["Storm Glass REST API"], "Description": [" The Storm Glass API gives developers access to global marine weather data from multiple sources using a single REST API.\nThe API returns marine weather forecasts for the next 7 days in hourly resolution. Forecasts include swell height, swell direction, swell period, wave height, wave direction, wave period, wind speed, wind direction, and air temperature."], "Url": ["https://stormglass.io/"], "Category": ["Marine", "Weather"], "Provider": ["Storm Glass"], "ServiceType": ["Web/Internet"], "Documentation": ["https://stormglass.io/"], "Architectural Style": ["REST"], "Endpoint Url": ["https://api.stormglass.io/"], "Support SSL": ["Yes"], "Logo": ["https://www.programmableweb.com/sites/all/modules/contrib/lazyloader/image_placeholder.gif"]}