{"API name": ["Stormglass REST API"], "Description": [" The Storm Glass Marine Weather API allows fetching forecasts for any coordinate using conventional HTTP requests. When a request is successful, a response will be sent back in the form of a JSON object. API Key is required to authenticate."], "Url": ["https://docs.stormglass.io/"], "Category": ["Weather", "Marine"], "Provider": ["Stormglass"], "ServiceType": ["Web/Internet"], "Documentation": ["https://docs.stormglass.io/"], "Architectural Style": ["REST"], "Endpoint Url": [], "Support SSL": ["Yes"], "Logo": ["https://www.programmableweb.com/sites/all/modules/contrib/lazyloader/image_placeholder.gif"]}