{"API name": ["The Whale Hotline REST API"], "Description": [" The Whale Hotline API allows developers to access public sighting reports of marine mammals. The Hotline receives thousands of sightings every year. Sightings can be filtered by species, orca type, orca pod, date and time, and location. Data is available in JSON format.\nThis API is provided by The Whale Museum."], "Url": ["http://hotline.whalemuseum.org/api"], "Category": ["Animals", "Marine", "Nature"], "Provider": ["Whale Museum"], "ServiceType": ["Web/Internet"], "Documentation": ["http://hotline.whalemuseum.org/api"], "Architectural Style": ["REST"], "Endpoint Url": ["http://hotline.whalemuseum.org"], "Support SSL": ["No"], "Logo": ["https://www.programmableweb.com/sites/all/modules/contrib/lazyloader/image_placeholder.gif"]}