{"API name": ["World Weather Online Marine, Sailing, Surfing Weather REST API"], "Description": [" The World Weather Online Marine, Sailing, Surfing Weather API integrates forecast data into web services and mobile applications. XML, JSON, and REST are available as protocols to make callbacks."], "Url": ["MARINE, SAILING AND SURFING WEATHER API"], "Category": ["Weather", "Marine", "Predictions"], "Provider": ["World Weather Online"], "ServiceType": [], "Documentation": ["http://developer.worldweatheronline.com/api/docs/marine-weather-api.aspx"], "Architectural Style": ["REST"], "Endpoint Url": ["http://us.worldweatheronline.com/"], "Support SSL": ["No"], "Logo": ["https://www.programmableweb.com/sites/all/modules/contrib/lazyloader/image_placeholder.gif"]}