{"API name": ["WSDOT Traveler Information Toll REST API"], "Description": [" This API allows you access to WSDOT Tolling data. This includes; current toll rates for high occupancy lanes, get information for the HOV toll lanes and more. The Washington State Department of Transportation is the steward of a multimodal transportation system and responsible for ensuring that people and goods move safely and efficiently. In addition to building, maintaining, and operating the state highway system, WSDOT is responsible for the state ferry system, and works in partnership with others to maintain and improve local roads, railroads and airports, as well as to support alternatives to driving, such as public transportation, bicycles and pedestrian programs."], "Url": ["http://wsdot.wa.gov/traffic/api/Documentation/class_traveler_a_p_i_1_1_controlle\u2026"], "Category": ["Transportation", "Data", "Marine", "Travel", "Weather"], "Provider": ["WSDOT"], "ServiceType": ["Web/Internet"], "Documentation": ["http://wsdot.wa.gov/traffic/api/Documentation/index.html"], "Architectural Style": ["REST"], "Endpoint Url": ["http://wsdot.wa.gov/traffic/api/api/tolling"], "Support SSL": ["No"], "Logo": ["https://www.programmableweb.com/sites/all/modules/contrib/lazyloader/image_placeholder.gif"]}