{"API name": ["Beach and Creek Monitoring Results San Mateo REST API"], "Description": [" The Beach and Creek Monitoring Results San Mateo API returns water data in JSON, CSV, and XML formats. With the API, developers can implement water data indicating E.Coli, Enterococcus, and Coliform bacteria. Water samples from natural recreational waters in San Mateo County are sampled each week."], "Url": ["https://dev.socrata.com/foundry/data.smcgov.org/kpd9-xf4h"], "Category": ["Water", "Nature"], "Provider": ["County of San Mateo California"], "ServiceType": ["Web/Internet"], "Documentation": ["https://dev.socrata.com/foundry/data.smcgov.org/kpd9-xf4h"], "Architectural Style": ["REST"], "Endpoint Url": ["https://data.smcgov.org/resource/kpd9-xf4h.json"], "Support SSL": ["Yes"], "Logo": ["https://www.programmableweb.com/sites/all/modules/contrib/lazyloader/image_placeholder.gif"]}