{"API name": ["BrAPI Breeding REST API v1.0"], "Description": [" The Breeding API (BrAPI) project is an effort to enable interoperability among plant breeding databases. BrAPI is a Standardized RESTful Web Service API Specification for communicating plant breeding data. This community driven standard is free to be implemented by any group interested in plant breeding data management. BrAPI manages information concepts like breeding programs and studies, scientific observations and variables, plant germplasm and pedigrees, and genotype sequences and markers. Learn more at brapi.org. Released on November 13, 2017. This version is now Archived for reference, please use the Latest Stable Release."], "Url": ["https://brapi.org"], "Category": ["Agriculture", "Database", "Flowers", "Food", "International", "Nature", "Open Source", "Science", "Standards", "Visualizations"], "Provider": ["BrAPI"], "ServiceType": ["Standard"], "Documentation": ["https://brapi.org/specification"], "Architectural Style": ["REST"], "Endpoint Url": [" https://test-server.brapi.org/brapi/v1"], "Support SSL": ["Yes"], "Logo": ["https://www.programmableweb.com/sites/all/modules/contrib/lazyloader/image_placeholder.gif"]}