{"API name": ["Data.BaltimoreCity.Gov Vegetated Area REST API"], "Description": [" The Data.BaltimoreCity.Gov Vegetated Area API returns esriGeometryPolygon data with vegetated zones in the city of Baltimore. Supported Query Formats: JSON, AMF, geoJSON. See a live example at https://data.baltimorecity.gov/dataset/Vegetated-Area-egis_rest_services_OpenBaltimore_Ve/jraa-fcme This API is provided by OpenBaltimore, Baltimore City's Open Data Warehouse."], "Url": ["https://maps.baltimorecity.gov/egis/rest/services/OpenBaltimore/Vegetated_Area/M\u2026"], "Category": ["Cities", "Agriculture", "Data", "Mapping", "Nature", "Open Data"], "Provider": ["City of Baltimore"], "ServiceType": ["Web/Internet"], "Documentation": ["https://data.baltimorecity.gov/dataset/Vegetated-Area-egis_rest_services_OpenBaltimore_Ve/jraa-fcme"], "Architectural Style": ["REST"], "Endpoint Url": [], "Support SSL": ["Yes"], "Logo": ["https://www.programmableweb.com/sites/all/modules/contrib/lazyloader/image_placeholder.gif"]}