{"API name": ["eBird REST API v2.0"], "Description": [" The eBird API allows developers to programmatically retrieve data from the eBird website. Developers can retrieve birding observation information such as recent or notable observations within a region, observations of a given species within a region, recent nearby observations, and historic observations on a given date. Developers can also get information on regions, hotspots, bird taxonomy, and more."], "Url": ["https://documenter.getpostman.com/view/664302/S1ENwy59?version=latest"], "Category": ["Animals", "Nature", "Science"], "Provider": ["eBird"], "ServiceType": ["Web/Internet"], "Documentation": ["https://documenter.getpostman.com/view/664302/S1ENwy59"], "Architectural Style": ["REST"], "Endpoint Url": ["https://api.ebird.org/v2/"], "Support SSL": ["Yes"], "Logo": ["https://www.programmableweb.com/sites/all/modules/contrib/lazyloader/image_placeholder.gif"]}