{"API name": ["EcoMatcher TreeManager REST API v1.0"], "Description": [" The EcoMatcher TreeManager API integrates data about automated tree gifting. EcoMatcher lets users request tree planting as an addition to checkout payment. Customers can decide to add trees, increasing revenues and improving contribution to a greener world. The API provides methods to get tree data such as farmer name, tree name, company name, company URL, company image, tree latitude and longitude based on SKU, or Gift Code."], "Url": ["https://www.ecomatcher.com/intro-api-integration/"], "Category": ["Sustainability", "Gifts", "Nature", "Payments"], "Provider": ["EcoMatcher"], "ServiceType": ["Web/Internet"], "Documentation": ["https://www.ecomatcher.com/intro-api-integration/"], "Architectural Style": ["REST"], "Endpoint Url": [], "Support SSL": ["Yes"], "Logo": ["https://www.programmableweb.com/sites/all/modules/contrib/lazyloader/image_placeholder.gif"]}