{"API name": ["GEO DAB REST API v1.1.0"], "Description": [" The GEO DAB API aims to simplify application development by returning catalog services from the web, open searches with GEO, open archives initiatives, and web processing services. The REST API provides a Swagger URL. GEO (or Group On Earth Observations) operates GEOSS: Group On Earth Observations System of Systems, a set of coordinated, independent Earth observation, information and processing systems that interact for public an private use. GEO Discovery and Access Broker (DAB) is a middleware component which is in charge of interconnecting the heterogeneous and distributed capacities contributing to GEOSS."], "Url": ["http://api.eurogeoss-broker.eu/"], "Category": ["Sustainability", "Catalogs", "Climate", "Nature", "Reporting", "Water"], "Provider": ["Group on Earth Observations"], "ServiceType": ["Product"], "Documentation": ["http://api.geodab.eu/dab/api-rest-docs/"], "Architectural Style": ["REST"], "Endpoint Url": [], "Support SSL": ["Yes"], "Logo": ["https://www.programmableweb.com/sites/all/modules/contrib/lazyloader/image_placeholder.gif"]}