{"API name": ["Hiking Project Data REST API"], "Description": [" The Hiking Project Data API provides access to some of the data found on the publicly available pages of the Hiking Project website. Developers can retrieve trails by maximum distance, minimum trail length, or minimum star rating. They can also get conditions for a given trail or retrieve a list of up to 200 of a user's to-dos."], "Url": ["https://www.hikingproject.com/data"], "Category": ["Sports", "Nature"], "Provider": ["Adventure Projects"], "ServiceType": ["Web/Internet"], "Documentation": ["https://www.hikingproject.com/data"], "Architectural Style": ["REST"], "Endpoint Url": ["https://www.hikingproject.com/data/"], "Support SSL": ["Yes"], "Logo": ["https://www.programmableweb.com/sites/all/modules/contrib/lazyloader/image_placeholder.gif"]}