{"API name": ["HuntScore REST API v1.0"], "Description": [" HuntScore provides big game hunting maps, data, and tools. The HuntScore API retrieves data from the HuntScore website including counties, drawings, harvests, records, photos, scores, posts, tips, states, and units.\nThis API is currently available by invitation-only."], "Url": ["https://api.huntscore.com/"], "Category": ["Recreation", "Animals", "Nature", "Sports", "Weapons"], "Provider": ["HuntScore"], "ServiceType": ["Web/Internet"], "Documentation": ["https://api.huntscore.com/1.0/docs"], "Architectural Style": ["REST"], "Endpoint Url": ["http://api.huntscore.com/1.0"], "Support SSL": ["Yes"], "Logo": ["https://www.programmableweb.com/sites/all/modules/contrib/lazyloader/image_placeholder.gif"]}