{"API name": ["Idaho Fish and Game Hunter Reports REST API"], "Description": [" The Idaho Fish and Game Hunter Reports API returns hunter reports for a subset of data about hunts, weapons, harvest, season, games, ornaments, and more in JSON format. The data is provided by the State of Idaho Fish and Game department."], "Url": ["https://fishandgame.idaho.gov/ifwis/rest/services/wildlife/mhr/readme.html"], "Category": ["Nature", "Education", "Fishing", "Recreation"], "Provider": ["Idaho Fish and Game"], "ServiceType": ["Web/Internet"], "Documentation": ["https://fishandgame.idaho.gov/ifwis/rest/services/wildlife/mhr/readme.html"], "Architectural Style": ["REST"], "Endpoint Url": [" http://fishandgame.idaho.gov/"], "Support SSL": ["Yes"], "Logo": ["https://www.programmableweb.com/sites/all/modules/contrib/lazyloader/image_placeholder.gif"]}