{"API name": ["IUCN Red List REST API v3"], "Description": [" The International Union for Conservation of Nature and Natural Resources (IUCN) Red List of Threatened species provides evaluation of conservation status of plant and animal species. The IUCN Red List API outputs the same data which is from the IUCN Red List website. The API provides endpoints to a variety of functional parameters including species, countries, species by country, species by region, and species by category, among others."], "Url": ["http://apiv3.iucnredlist.org/api/v3/docs"], "Category": ["Science", "Animals", "Lists", "Nature"], "Provider": ["International Union for Conservation of Nature"], "ServiceType": ["Web/Internet"], "Documentation": ["http://apiv3.iucnredlist.org/api/v3/docs"], "Architectural Style": ["REST"], "Endpoint Url": ["http://apiv3.iucnredlist.org/api/v3/"], "Support SSL": ["Yes"], "Logo": ["https://www.programmableweb.com/sites/all/modules/contrib/lazyloader/image_placeholder.gif"]}