{"API name": ["MoonCalc REST API"], "Description": [" The MoonCalc API provides access to mooncalc.org to determine the course of the moon, moonrise, moon angle, full moon and lunar eclipse for any location and time. It allows you to integrate the calculation of the moon\u2019s location that is based on latitude, longitude, date, time and more."], "Url": ["https://www.torsten-hoffmann.de/web.html#mondverlauf"], "Category": ["Mapping", "Astronomy", "Nature", "Time"], "Provider": ["Independent Developer"], "ServiceType": ["Web/Internet"], "Documentation": ["https://www.torsten-hoffmann.de/apis/suncalcmooncalc/link_en.html"], "Architectural Style": ["REST"], "Endpoint Url": ["https://mooncalc.org/#/lat,lon,zoom/date/time/objectlevel/maptype"], "Support SSL": ["Yes"], "Logo": ["https://www.programmableweb.com/sites/all/modules/contrib/lazyloader/image_placeholder.gif"]}