{"API name": ["Mushroom Observer REST API"], "Description": [" The Mushroom Observer API allows developers to integrate mushroom related resources with applications. The API can be utilized to access entry points to retrieve images, comments, locations, names, projects, and sequences. This information is available in JSON format. The API requires API Keys for authentication."], "Url": ["https://github.com/MushroomObserver/mushroom-observer/blob/master/README_API.md"], "Category": ["Science", "Data", "Nature", "Photos"], "Provider": ["Mushroom Observer"], "ServiceType": ["Web/Internet"], "Documentation": ["https://github.com/MushroomObserver/mushroom-observer/blob/master/README_API.md"], "Architectural Style": ["REST"], "Endpoint Url": ["http://mushroomobserver.org/api/"], "Support SSL": ["Yes"], "Logo": ["https://www.programmableweb.com/sites/all/modules/contrib/lazyloader/image_placeholder.gif"]}