{"API name": ["MyGarden REST API"], "Description": [" MyGarden.org is a social platform for gardeners to share their gardens virtually with people. Members can follow other gardeners and share knowledge, look up detailed plant records, keep wish lists, save articles and more. The MyGarden API lets developers integrate the platform into their own web site or applications. Method categories exposed by the API include Activities, Badges, Comments, Plants and more. The API uses RESTful calls and responses are formatted in XML and JSON."], "Url": ["http://www.mygarden.org/dev/"], "Category": ["Social", "Nature"], "Provider": [], "ServiceType": [], "Documentation": ["http://www.mygarden.org/dev/"], "Architectural Style": ["REST"], "Endpoint Url": ["http://api.mygarden.org/"], "Support SSL": ["Yes"], "Logo": ["https://www.programmableweb.com/sites/all/modules/contrib/lazyloader/image_placeholder.gif"]}