{"API name": ["MyHeritage Family Graph REST API"], "Description": [" Family Graph by MyHeritage.com allows users to share their family trees and photos with other people. Family Graph also allows users to connect with other families that use MyHeritage.com.\nThe Family Graph API allows users to access data and functionality from MyHeritage.com to build other applications. Some example API methods include accessing photos and albums, retrieving user information, finding other members and families, and connecting to other users and families."], "Url": ["http://www.familygraph.com/"], "Category": ["Social", "Family", "Genealogy", "Photos", "Nature"], "Provider": [], "ServiceType": [], "Documentation": ["http://www.familygraph.com/"], "Architectural Style": ["REST"], "Endpoint Url": ["https://familygraph.myheritage.com"], "Support SSL": ["Yes"], "Logo": ["https://www.programmableweb.com/sites/all/modules/contrib/lazyloader/image_placeholder.gif"]}