{"API name": ["National Park Service NPMap REST API"], "Description": [" National Park Service's NPMap team enables National Park Service employees, volunteers, and partners to create and embed maps, including nps.gov content management system, into their web pages.\nThe NPMap is made of simple Javascript modules and returns coordinates in Decimal Degrees."], "Url": ["http://www.nps.gov/npmap/support/library/api/"], "Category": ["Mapping", "Nature", "Government"], "Provider": [], "ServiceType": [], "Documentation": ["http://www.nps.gov/npmap/support/library/api/"], "Architectural Style": ["REST"], "Endpoint Url": [], "Support SSL": [], "Logo": ["https://www.programmableweb.com/sites/all/modules/contrib/lazyloader/image_placeholder.gif"]}