{"API name": ["National Park Service REST API v1"], "Description": [" The National Park Service API returns parks' events, news, and alerts. With the API, developers can implement campgrounds, lesson plans, parks, people, places, and visitor centers into applications. They can authenticate with an API Key."], "Url": ["https://www.nps.gov/subjects/developer/api-documentation.htm"], "Category": ["Nature", "Countries", "Events", "Recreation"], "Provider": ["National Park Service"], "ServiceType": ["Web/Internet"], "Documentation": ["https://www.nps.gov/subjects/developer/api-documentation.htm"], "Architectural Style": ["REST"], "Endpoint Url": [], "Support SSL": ["Yes"], "Logo": ["https://www.programmableweb.com/sites/all/modules/contrib/lazyloader/image_placeholder.gif"]}