{"API name": ["National Institute for Geographic Information and forestry REST API"], "Description": [" The service provides data for mapping and geographic information sysetms (GIS) applications related to forestry and agricultural conditions in France. It documents forest coverage, tree species and health, soil conditions, and related environmental reports tied to specific locations, identified as geographic points or physical areas. It is intended to provide a continuously updated inventory of French forest resources.\nAPI methods support retrieval of reports on tree species, environmental health, and forestation. Data may be formatted as map layers for integration with third-party mapping applications. Native client integrations are available, including Geoportal."], "Url": ["http://api.ign.fr/accueil"], "Category": ["Science", "Nature", "Mapping", "Mapping", "French"], "Provider": [], "ServiceType": [], "Documentation": ["http://api.ign.fr/accueil"], "Architectural Style": ["REST"], "Endpoint Url": [], "Support SSL": ["Yes"], "Logo": ["https://www.programmableweb.com/sites/all/modules/contrib/lazyloader/image_placeholder.gif"]}