{"API name": ["Natural History Museum REST API"], "Description": [" This REST API lets users access the data portal of London's Natural History Museum to retrieve collection and research datasets for use in software or applications. The datasets, returned in JSON, hold 2.7 million specimen records from the Museum\u2019s Zoology, Botany, Mineralogy, Palaeontology and Entomology collections."], "Url": ["Natural History Museum"], "Category": ["Museums", "Geology", "Nature", "Open Data", "Science"], "Provider": ["Natural History Museum, London"], "ServiceType": [], "Documentation": ["http://data.nhm.ac.uk/about/download"], "Architectural Style": ["REST"], "Endpoint Url": ["http://data.nhm.ac.uk/api/3"], "Support SSL": ["No"], "Logo": ["https://www.programmableweb.com/sites/all/modules/contrib/lazyloader/image_placeholder.gif"]}