{"API name": ["Netherlands Biodiversity REST API v2.11"], "Description": [" The Netherlands Biodiversity API provides programmatic access to more than 8 million specimen records from the Natural History Collection at the Naturalis Biodiversity Center in Leiden, the Netherlands. More specimens are being added continuously as their digitization project proceeds. Developers can use the API to get details about specimens, taxonomy information, geographic data, multimedia about specimens, metadata and more. The Naturalis Biodiversity Center serves as a national museum, academic research institute, and cultural heritage institution with a focus on describing, understanding, and exploring biodiversity."], "Url": ["http://docs.biodiversitydata.nl/en/latest/"], "Category": ["Museums", "Geology", "Nature", "Science"], "Provider": ["Naturalis Biodiversity Center"], "ServiceType": ["Web/Internet"], "Documentation": ["http://docs.biodiversitydata.nl/en/latest/introduction/"], "Architectural Style": ["REST"], "Endpoint Url": ["http://api.biodiversitydata.nl/v2/"], "Support SSL": ["No"], "Logo": ["https://www.programmableweb.com/sites/all/modules/contrib/lazyloader/image_placeholder.gif"]}