{"API name": ["openModeller RPC API"], "Description": [" openModeller is a program for performing species niche modelling simulations. It does so by building a representation of the ecological requirements for a species and extrapolating those requirements into a geographical region. openModeller makes its ecological niche modelling functions available as a SOAP-based API to facilitate standardized online use."], "Url": ["http://openmodeller.sourceforge.net/index.php"], "Category": ["Science", "Nature"], "Provider": [], "ServiceType": [], "Documentation": ["http://openmodeller.sourceforge.net/index.php"], "Architectural Style": ["RPC"], "Endpoint Url": ["http://openmodeller.cria.org.br/ws/1.0"], "Support SSL": [], "Logo": ["https://www.programmableweb.com/sites/all/modules/contrib/lazyloader/image_placeholder.gif"]}