{"API name": ["Plant.id REST API"], "Description": [" The Plant.id API returns plant identification data in JSON format, using photos recognizable by deep machine learning. API Key is required to authenticate. Plant.id enables users to identify plants from images. It is powered by FlowerChecker."], "Url": ["https://plant.id/api"], "Category": ["Nature", "Agriculture", "Flowers", "Machine Learning", "Recognition"], "Provider": ["FlowerChecker"], "ServiceType": ["Web/Internet"], "Documentation": ["https://plant.id/api"], "Architectural Style": ["REST"], "Endpoint Url": ["https://api.plant.id/identify"], "Support SSL": ["Yes"], "Logo": ["https://www.programmableweb.com/sites/all/modules/contrib/lazyloader/image_placeholder.gif"]}