{"API name": ["Plant Image Analysis REST API"], "Description": [" The Plant Image Analysis API data can be accessed using a GET request that is constructed from a custom URL. The results are returned as a JSON file and may include data for Roots, Leaves, Measurements and more. The Plant Image Analysis Database provides a way to reference plant image analysis software and plant image datasets."], "Url": ["https://www.plant-image-analysis.org/api"], "Category": ["Images", "Analytics", "Database", "Nature", "Open Data", "Science"], "Provider": ["Plant Image Analysis"], "ServiceType": ["Web/Internet"], "Documentation": [], "Architectural Style": ["REST"], "Endpoint Url": ["http://www.plant-image-analysis.org/api?type=dataset&amp;field=organ&amp;q=root-system"], "Support SSL": ["No"], "Logo": ["https://www.programmableweb.com/sites/all/modules/contrib/lazyloader/image_placeholder.gif"]}