{"API name": ["Powderhook Events REST API"], "Description": [" The Powderhook Events API returns hunting, fishing, and shooting events data in the United States. Data includes event title, location, description, host name, registration links, pricing, and more. It gets data from 50 state agencies as well as Cabela's, NWTF, MDF, Eventbrite, Kalkomey, and others. Interested developers can register for API and documentation access."], "Url": ["https://powderhook.com/events-landing"], "Category": ["Recreation", "Events", "Fishing", "Nature", "Sports"], "Provider": ["Powderhook"], "ServiceType": ["Web/Internet"], "Documentation": ["https://powderhook.com/events-landing"], "Architectural Style": ["REST"], "Endpoint Url": [], "Support SSL": ["Yes"], "Logo": ["https://www.programmableweb.com/sites/all/modules/contrib/lazyloader/image_placeholder.gif"]}