{"API name": ["Powderhook Map Data REST API"], "Description": [" The Powderhook Map Data returns outdoor location data, mapping services, and GIS data. With the API, developers can implement trips, recreation overlays, conservation initiatives, and geographic areas. The API and documentation are available to developers who register."], "Url": ["https://powderhook.com/data"], "Category": ["Recreation", "Data", "Mapping", "Nature"], "Provider": ["Powderhook"], "ServiceType": ["Web/Internet"], "Documentation": ["https://powderhook.com/data"], "Architectural Style": ["REST"], "Endpoint Url": [], "Support SSL": ["No"], "Logo": ["https://www.programmableweb.com/sites/all/modules/contrib/lazyloader/image_placeholder.gif"]}