{"API name": ["Species Invaders REST API"], "Description": [" Species Invaders is a solution for identifying and mapping invasive species. It is a RESTful API that allows researchers to look up or add information about to a crowdsourced database of invasive species threats. This allows user from different apps or widgets to input data separately but develop the same knowledge base. Users can query it for data and updates or submit new information via the API. It returns JSON-encoded data and is still in its alpha release stage."], "Url": ["http://www.rhok.org/solutions/species-invaders-api"], "Category": ["Science", "Database", "Nature"], "Provider": [], "ServiceType": [], "Documentation": [], "Architectural Style": ["REST"], "Endpoint Url": ["http://silentrunning.info/si/api/"], "Support SSL": ["No"], "Logo": ["https://www.programmableweb.com/sites/all/modules/contrib/lazyloader/image_placeholder.gif"]}