{"API name": ["SunCalc REST API"], "Description": [" The SunCalc API provides access to suncalc.org to determine the course of the sun, sunrise, sun angle, shadow length, solar eclipse for any location and time. It allows you to integrate the calculation of the sun's location that is based on latitude, longitude, date, time and more."], "Url": ["https://www.torsten-hoffmann.de/web.html#sonnenverlauf"], "Category": ["Mapping", "Astronomy", "Nature", "Time"], "Provider": ["Independent Developer"], "ServiceType": ["Web/Internet"], "Documentation": ["https://www.torsten-hoffmann.de/apis/suncalcmooncalc/link_en.html"], "Architectural Style": ["REST"], "Endpoint Url": ["https://suncalc.org/#/lat,lon,zoom/date/time/objectlevel/maptype"], "Support SSL": ["Yes"], "Logo": ["https://www.programmableweb.com/sites/all/modules/contrib/lazyloader/image_placeholder.gif"]}