{"API name": ["SunsetWx Sunburst Web REST API v1.0"], "Description": [" The Sunburst Web API allows you to fetch SunsetWx\u2019s sunrise and sunset quality predictions. Sunburst currently supports JSON format, with geographical data conforming to GeoJSON. Sunset Weather provides Sunset and Sunrise Predictions using an algorithm comprised of meteorological factors."], "Url": ["https://sunsetwx.com/sunburst"], "Category": ["Predictions", "Nature", "Weather"], "Provider": ["SunsetWx"], "ServiceType": ["Web/Internet"], "Documentation": ["https://sunburst.sunsetwx.com/v1/docs"], "Architectural Style": ["REST"], "Endpoint Url": ["https://sunburst.sunsetwx.com/v1/quality"], "Support SSL": ["Yes"], "Logo": ["https://www.programmableweb.com/sites/all/modules/contrib/lazyloader/image_placeholder.gif"]}