{"API name": ["Trefle REST API v1"], "Description": [" The Trefle API in REST architecture supports JSON format to return botanical data for plant species. With the API, developers could build farming robots, gardening apps, and search apps with information related to plants of the world. Trefle.io aims to deliver all plant information gathered from USDA, Tela Botanica, Tropicos, and International Plant Names Index (IPNI)."], "Url": ["https://trefle.io/reference"], "Category": ["Nature", "Agriculture", "Data", "Directories", "Hacking", "Nature", "Open Data", "Science"], "Provider": ["Trefle"], "ServiceType": ["Web/Internet"], "Documentation": ["https://trefle.io/reference"], "Architectural Style": ["REST"], "Endpoint Url": ["https://trefle.io"], "Support SSL": ["Yes"], "Logo": ["https://www.programmableweb.com/sites/all/modules/contrib/lazyloader/image_placeholder.gif"]}