{"API name": ["USGS Earthquake Catalog REST API v1.0"], "Description": [" USGS Earthquake Catalog API allows custom searches for earthquake information using a variety of parameters. USGS develop new methods and tools to enable timely, relevant, and useful information about the Earth and its processes, and provides science about hazards, water, energy, minerals, and other natural resources. This service is an implementation of the FDSN Event Web Service Specification."], "Url": ["https://earthquake.usgs.gov/fdsnws/event/1"], "Category": ["Earthquakes", "Data", "Nature"], "Provider": ["USGS"], "ServiceType": ["Web/Internet"], "Documentation": ["https://earthquake.usgs.gov/ws"], "Architectural Style": ["REST"], "Endpoint Url": ["https://earthquake.usgs.gov/fdsnws/event/1/version"], "Support SSL": ["Yes"], "Logo": ["https://www.programmableweb.com/sites/all/modules/contrib/lazyloader/image_placeholder.gif"]}