{"API name": ["Bird.i Catalog REST API v1.0"], "Description": [" The Bird.i Catalog API provides the ability to browse and search imagery and metadata from the Bird.i satellite imagery catalog. It allows you to retrieve information about images in the Bird.i catalog, return a list of available images, return catalog data for images and more. Bird.i is a Scottish tech start-up that provides high resolution satellite imagery and machine learning technology to businesses globally."], "Url": ["https://hibirdi.com/apis/birdi-apis"], "Category": ["Images", "Business", "Machine Learning", "Metadata", "Satellites"], "Provider": ["Birdi"], "ServiceType": ["Web/Internet"], "Documentation": ["https://docs.hibirdi.com"], "Architectural Style": ["REST"], "Endpoint Url": ["https://catalog-api.hibirdi.com/catalog"], "Support SSL": ["Yes"], "Logo": ["https://www.programmableweb.com/sites/all/modules/contrib/lazyloader/image_placeholder.gif"]}