{"API name": ["Bird.i Image REST API v1.0"], "Description": [" The Bird.i Image API provides the ability to retrieve an image from the Bird.i satellite imagery service. It allows you to return a single image tile for a given location using the provided coordinates and image ID. Bird.i is a Scottish tech start-up that provides high resolution satellite imagery and machine learning technology to businesses globally."], "Url": ["https://hibirdi.com/apis/birdi-apis"], "Category": ["Images", "Business", "Machine Learning", "Metadata", "Satellites"], "Provider": ["Birdi"], "ServiceType": ["Web/Internet"], "Documentation": ["https://docs.hibirdi.com"], "Architectural Style": ["REST"], "Endpoint Url": ["https://image-api.hibirdi.com/image"], "Support SSL": ["Yes"], "Logo": ["https://www.programmableweb.com/sites/all/modules/contrib/lazyloader/image_placeholder.gif"]}