{"API name": ["Bird.i Tiles REST API v1.0"], "Description": [" The Bird.i Tiles API allows users to view image impressions from satellite imagery as a layer within a mapping application. It enables you with the ability to use \u201cGet Tile\u201d to return a single image tile with the provided coordinates. Bird.i is a Scottish tech start-up that provides high resolution satellite imagery and machine learning technology to businesses globally."], "Url": ["https://hibirdi.com/apis/birdi-apis"], "Category": ["Images", "Business", "Machine Learning", "Mapping", "Metadata", "Satellites"], "Provider": ["Birdi"], "ServiceType": ["Web/Internet"], "Documentation": ["https://docs.hibirdi.com"], "Architectural Style": ["REST"], "Endpoint Url": ["https://tiles-api.hibirdi.com/tiles"], "Support SSL": ["Yes"], "Logo": ["https://www.programmableweb.com/sites/all/modules/contrib/lazyloader/image_placeholder.gif"]}