{"API name": ["Emissions REST API v2"], "Description": [" Emissions API offers satellite-based emissions data about methane, carbon monoxide, oxone, and nitrogen oxide from the European Space Agency\u2019s Sentinel-5P satellite. Get data about averages, date range, GeoJSON feature, products (methane, carbon monoxide, oxone, and nitrogen oxide), and statistic arrays."], "Url": ["https://emissions-api.org/"], "Category": ["Climate", "Open Data", "Satellites", "Sustainability"], "Provider": ["Emissions API"], "ServiceType": ["Web/Internet"], "Documentation": ["https://api.v2.emissions-api.org/ui/"], "Architectural Style": ["REST"], "Endpoint Url": ["https://api.v2.emissions-api.org/api/v2"], "Support SSL": ["Yes"], "Logo": ["https://www.programmableweb.com/sites/all/modules/contrib/lazyloader/image_placeholder.gif"]}