{"API name": ["EUMETSAT Product Navigator RPC API"], "Description": [" The main purpose of the European Organisation for the Exploitation of Meteorological Satellites (EUMETSAT) is to make available weather- and climate-related satellite data, images, and products. The EUMETSAT Product Navigator is a service that allows users to search through the available data products. The Product Navigator can be accessed using either a web interface or a SOAP API."], "Url": ["http://navigator.eumetsat.int/discovery/Start/Explore/Quick.do"], "Category": ["Science", "Weather", "Weather", "Satellites"], "Provider": [], "ServiceType": [], "Documentation": ["http://navigator.eumetsat.int/discovery/Start/Explore/Quick.do"], "Architectural Style": ["RPC"], "Endpoint Url": ["http://www.opengis.net/cat/csw/2.0.2/wsdl"], "Support SSL": [], "Logo": ["https://www.programmableweb.com/sites/all/modules/contrib/lazyloader/image_placeholder.gif"]}