{"API name": ["KMA Websky RPC API"], "Description": [" The service from the Korean Meteorological Administration (KMA) provides a shared database of weather observations, measurements, and forecasts. It reports any special warnings about weather conditions in the area along with reports on lightning activity, radar and satellite imagery, weather charts, and related resources. Data services are provided to partner agencies, businesses, and the general public.\nAPI methods support retrieval of forecast data, warnings about extraordinary conditions, readings from surface observation stations, and satellite radar data."], "Url": ["http://web.kma.go.kr/eng/wigos/04_strategy3/strategy3_02.jsp"], "Category": ["Weather", "Korean", "Satellites"], "Provider": [], "ServiceType": [], "Documentation": ["http://web.kma.go.kr/eng/wigos/04_strategy3/strategy3_02.jsp"], "Architectural Style": ["RPC"], "Endpoint Url": [], "Support SSL": ["No"], "Logo": ["https://www.programmableweb.com/sites/all/modules/contrib/lazyloader/image_placeholder.gif"]}