{"API name": ["mChan REST API"], "Description": [" mChan API access satellite TV and radio channels data, DVB-S/2 frequency, transponder, and logo by Channel ID or Channel name. Available in JSON format via HTTPS support."], "Url": ["mChan API - The TV Channels API"], "Category": ["TV", "Satellites"], "Provider": ["Independent Developer"], "ServiceType": [], "Documentation": ["http://channelsapi.com/"], "Architectural Style": ["REST"], "Endpoint Url": ["http://channelsapi.com/ch.php?"], "Support SSL": ["Yes"], "Logo": ["https://www.programmableweb.com/sites/all/modules/contrib/lazyloader/image_placeholder.gif"]}