{"API name": ["MeteoEye REST API v2.0"], "Description": [" MeteoEye offers hotspots detection service of thermal anomaly points (fires/wildfires) which have been detected by data of the meteorological satellites. Thermal anomaly points are available to the users within 30 minutes after receiving the satellites information. MeteoEye API offers management for functions including plans, DeductedResources, Events, Resources and ValueSets."], "Url": ["https://meteoeye.gis.by"], "Category": ["Satellites", "Fire"], "Provider": ["Geoinformation systems"], "ServiceType": ["Web/Internet"], "Documentation": ["https://meteoeye.gis.by/api/index.html"], "Architectural Style": ["REST"], "Endpoint Url": ["https://meteoeye.gis.by/api"], "Support SSL": ["Yes"], "Logo": ["https://www.programmableweb.com/sites/all/modules/contrib/lazyloader/image_placeholder.gif"]}