{"API name": ["NASA LANCE-MODIS REST API"], "Description": [" NASA\u2019s LANCE-MODIS API gives users access to a library of geodata. LANCE (Land, Atmosphere Near real-time Capability for EOS) is a term used to denote the satellite imaging of geographical and atmospheric phenomenon (natural and man-made). Combined with MODIS (Moderate-resolution Imaging Spectroradiometer) the LANCE-MODIS API offers data and imagery from variety of satellites and instruments allowing for Near Real-Time (NRT) observation and data acquisition. Data is typically available within 3 hours of satellite observation."], "Url": ["http://lance-modis.eosdis.nasa.gov/user_services/api-lance.html"], "Category": ["Images", "Data", "Geology", "Satellites"], "Provider": ["NASA"], "ServiceType": ["Web/Internet"], "Documentation": ["http://lance-modis.eosdis.nasa.gov/user_services/api-lance.html"], "Architectural Style": ["REST"], "Endpoint Url": ["https://www.nasa.gov/"], "Support SSL": ["Yes"], "Logo": ["https://www.programmableweb.com/sites/all/modules/contrib/lazyloader/image_placeholder.gif"]}