{"API name": ["NASA Earth REST API v1.0"], "Description": [" NASA's Earth API gives users access to Earth observation data. The Earth API is powered by the Google Earth Engine and consists of a database of images from Landsat 8. Landsat 8 is NASA satellite that takes images of the entire Earth every 16 days. Users can query the database for images of a specific place at a specific date.\nNOTE: The API currently only works for a limited data range. The API owners are attempting to fix this."], "Url": ["https://api.nasa.gov/"], "Category": ["Mapping", "Images", "Photos", "Satellites"], "Provider": ["NASA"], "ServiceType": ["Web/Internet"], "Documentation": ["https://api.nasa.gov/"], "Architectural Style": ["REST"], "Endpoint Url": ["https://api.nasa.gov/planetary/earth/imagery"], "Support SSL": ["Yes"], "Logo": ["https://www.programmableweb.com/sites/all/modules/contrib/lazyloader/image_placeholder.gif"]}