{"API name": ["NASA WISE NEA/COMET DISCOVERY STATISTICS REST API"], "Description": [" NASA WISE NEA/COMET DISCOVERY STATISTICS API gives users access to data on Near Earth Asteroids (NEAs) and Potentially Hazardous Asteroids (PHAs) derived from NASA\u2019s WISE satellite. Possible queries include searching by discovering date, designation, orbit class, and period year. This API is RESTful and formatted for JSON, CSV, and XML."], "Url": ["https://data.nasa.gov/api-documents/foundry/#/data.nasa.gov/7qz6-zrqt"], "Category": ["Astronomy", "Data", "Satellites"], "Provider": ["NASA"], "ServiceType": ["Web/Internet"], "Documentation": ["https://data.nasa.gov/api-documents/foundry/"], "Architectural Style": ["REST"], "Endpoint Url": ["https://data.nasa.gov/resource/7qz6-zrqt.json"], "Support SSL": ["Yes"], "Logo": ["https://www.programmableweb.com/sites/all/modules/contrib/lazyloader/image_placeholder.gif"]}