{"API name": ["NASA Power REST API v1.0"], "Description": [" NASA POWER API allows external applications to connect and interact with POWER Data, which is solar and meteorogical data from satellite observations. Examples are available in Python for Solar, Meteorology, Operations and more. The POWER Project is supported by NASA Earth Science's Applied Sciences Program and provides solar and meteorological data sets that support renewable energy, building energy efficiency and agriculture."], "Url": ["https://power.larc.nasa.gov/docs/services/api/"], "Category": ["Science", "Agriculture", "Data", "Energy", "Satellites", "Solar", "Weather"], "Provider": ["NASA"], "ServiceType": ["Web/Internet"], "Documentation": ["https://power.larc.nasa.gov/docs/services/api/"], "Architectural Style": ["REST"], "Endpoint Url": ["https://power.larc.nasa.gov/cgi-bin/v1"], "Support SSL": ["Yes"], "Logo": ["https://www.programmableweb.com/sites/all/modules/contrib/lazyloader/image_placeholder.gif"]}