{"API name": ["NASA GIBS REST API"], "Description": [" NASA\u2019s Global Imagery Browse Services (GIBS) API gives users access to a database of Earth observation data. The GIBS API offers access to high-resolution satellite images in a tile pyramid format. Users of the GIBS API also have access to an Open Geospatial Consortium (OGC) Web Map Tile Service (WMTS), a Tiled Web Map Service (TWMS), Google Earth KML files, and the Geospatial Data Abstraction Library (GDAL). The GIBS API is powered by \u201cOnEarth\u201d a NASA/JPL server system."], "Url": ["https://wiki.earthdata.nasa.gov/display/GIBS/GIBS+API+for+Developers"], "Category": ["Images", "Data", "Geography", "Mapping", "Photos", "Satellites", "Science"], "Provider": ["NASA"], "ServiceType": ["Web/Internet"], "Documentation": ["https://wiki.earthdata.nasa.gov/display/GIBS/GIBS+API+for+Developers"], "Architectural Style": ["REST"], "Endpoint Url": ["https://wiki.earthdata.nasa.gov/display/GIBS/GIBS+API+for+Developers"], "Support SSL": ["Yes"], "Logo": ["https://www.programmableweb.com/sites/all/modules/contrib/lazyloader/image_placeholder.gif"]}