{"API name": ["NASA Satellite Situation Center REST API v2.0"], "Description": [" NASA\u2019s Satellite Situation Center (SSC) API gives users access to a wide variety of tools and data related to space sciences including: space physics data, data for rockets and satellites, data concerning heliophysics and several others. The SSC API was created by the NASA/GSFC Space Physics Data Facility (SPDF) and the National Space Science Data Center (NSSDC) with the express intent of helping to promote collaborative research across disciplines. SSC's primary purpose is to track and predict geocentric spacecraft location while also providing a variety of relevant empirical data, mappings, and data analysis."], "Url": ["https://api.nasa.gov/"], "Category": ["Astronomy", "Mapping", "Satellites"], "Provider": ["NASA"], "ServiceType": ["Web/Internet"], "Documentation": ["http://sscweb.gsfc.nasa.gov/WebServices/REST/"], "Architectural Style": ["REST"], "Endpoint Url": ["https://sscweb.gsfc.nasa.gov/WS/sscr/2"], "Support SSL": ["Yes"], "Logo": ["https://www.programmableweb.com/sites/all/modules/contrib/lazyloader/image_placeholder.gif"]}