{"API name": ["openEO REST API v1"], "Description": [" The openEO API lets cloud back-ends with large Earth observation (EO) datasets communicate with applications in an interoperable way. Developers can use this API to discover Earth observation data and processes from cloud back-ends, execute (chained) processes on back-ends, run user-defined functions (UDFs) on back-ends, download results and manage user content including billing. openEO is a part of the Horizon 2020 project and funded with a grant from the European Commission to enable the exploration of space and satellite data."], "Url": ["https://openeo.org/documentation/1.0/"], "Category": ["Astronomy", "European", "Open Data", "Satellites"], "Provider": ["European Union", "openEO"], "ServiceType": ["Web/Internet"], "Documentation": ["https://openeo.org/documentation/1.0/developers/api/reference.html"], "Architectural Style": ["REST"], "Endpoint Url": ["https://openeo.cloudprovider.com/api/v1/"], "Support SSL": ["Yes"], "Logo": ["https://www.programmableweb.com/sites/all/modules/contrib/lazyloader/image_placeholder.gif"]}