{"API name": ["OrbitalViews REST API v0.0.1"], "Description": [" The OrbitalViews API offers an agriculture interface with information related to elevation, water needs, solar radiation and more. The latest version supports NDVI, NDWI, Albedo, LAI, CIR, RGB and Biomass Variance maps. Developers can also expose their own data or algorithms for seamless integration with this API. API Keys are required for external requests."], "Url": ["https://orbitalviews.eu/description/"], "Category": ["Agriculture", "Analytics", "Data", "Photos", "Satellites"], "Provider": ["OrbitalViews"], "ServiceType": ["Web/Internet"], "Documentation": ["https://orbitalviews.eu/documentation/"], "Architectural Style": ["REST"], "Endpoint Url": ["https://orbitalviews.eu/description/"], "Support SSL": ["Yes"], "Logo": ["https://www.programmableweb.com/sites/all/modules/contrib/lazyloader/image_placeholder.gif"]}