{"API name": ["PathSense Indirect API"], "Description": [" The PathSense service provides geofencing capabilities for applications. The service features GPS accuracy in cities with tall buildings, tunnels, etc. This is indirect access to this service. Please refer to the corresponding SDKs below. The Android/iOS TruePath (road snapping) matches notoriously messy GPS data to roads, even in areas where tall buildings block the GPS signal, such as San Francisco, Chicago, and New York. Low power background location Continuous tracking of visits and paths, with near zero battery drain."], "Url": ["https://developer.pathsense.com"], "Category": ["Location", "Artificial Intelligence", "Background", "Geography", "Satellites"], "Provider": ["PathSense"], "ServiceType": ["Product"], "Documentation": ["https://developer.pathsense.com/documentation"], "Architectural Style": ["Indirect"], "Endpoint Url": [], "Support SSL": ["No"], "Logo": ["https://www.programmableweb.com/sites/all/modules/contrib/lazyloader/image_placeholder.gif"]}