{"API name": ["Planet Tasking REST API v2.0"], "Description": [" The Planet Tasking API is a programmatic interface that enables you with the ability to manage and request imagery collections in an automated way to; create, edit, and cancel SkySat point collection orders, Get the status of an order, view metadata on the images tasked and more. The Planet Tasking REST API allows you to integrate commonly used aspects such as orders, editing and cancellation, with services for; Order creation, Stereo create, Filtering and Area. This Tasking API is currently in Beta. This API supports GeoJSON/JSON formats and utilizes Basic HTTP authentication and requires an API Key. Planet provides daily satellite imagery and insights."], "Url": ["https://developers.planet.com/quickstart/apis"], "Category": ["Satellites", "Analytics", "Images", "Ordering", "Tasks"], "Provider": ["Planet Labs"], "ServiceType": ["Web/Internet"], "Documentation": ["https://developers.planet.com/docs/tasking"], "Architectural Style": ["REST"], "Endpoint Url": ["https://api.planet.com/tasking/v2"], "Support SSL": ["Yes"], "Logo": ["https://www.programmableweb.com/sites/all/modules/contrib/lazyloader/image_placeholder.gif"]}