{"API name": ["Planet Tiles Data REST API v1.0"], "Description": [" The Planet Tiles API returns data about tiled imagery of the Earth in desktop and web applications that support XYZ and WMTS protocols. With the API, developers can discover and display imagery to display in web browsers. Planet provides daily satellite imagery and insights."], "Url": ["https://developers.planet.com/docs/basemaps/tile-services/#api-tile-service"], "Category": ["Satellites", "Geography", "Mapping", "Photos"], "Provider": ["Planet Labs"], "ServiceType": ["Web/Internet"], "Documentation": ["https://developers.planet.com/docs/apis"], "Architectural Style": ["REST"], "Endpoint Url": [], "Support SSL": ["Yes"], "Logo": ["https://www.programmableweb.com/sites/all/modules/contrib/lazyloader/image_placeholder.gif"]}