{"API name": ["Planet Orders REST API v2.0"], "Description": [" This Planet Orders API is raster tools to create analysis-ready data with Planet's imagery archive. It is an ordering service to create pipelines to continuously ingest imagery for processing and analysis. This includes services to; cancel orders in bulk, download orders, Get aggregated order stats and more. This API supports JSON formats and utilizes Basic HTTP authentication and requires an API Key. Planet provides daily satellite imagery and insights."], "Url": ["https://developers.planet.com/quickstart/apis"], "Category": ["Satellites", "Analytics", "Images", "Ordering"], "Provider": ["Planet Labs"], "ServiceType": ["Web/Internet"], "Documentation": ["https://developers.planet.com/docs/orders"], "Architectural Style": ["REST"], "Endpoint Url": ["https://api.planet.com/compute/ops/orders/v2"], "Support SSL": ["Yes"], "Logo": ["https://www.programmableweb.com/sites/all/modules/contrib/lazyloader/image_placeholder.gif"]}