{"API name": ["Planet Data REST API v1.0"], "Description": [" The Planet API integrates earth's satellite images and data. It is available in JSON and HTTP protocols with Key. Imagery options include scenes and mosaics."], "Url": ["https://developers.planet.com/docs/data"], "Category": ["Satellites", "Astronomy", "Data", "Images", "Science"], "Provider": ["Planet Labs"], "ServiceType": ["Web/Internet"], "Documentation": ["https://developers.planet.com/docs/data/reference"], "Architectural Style": ["REST"], "Endpoint Url": ["https://api.planet.com/data/v1"], "Support SSL": ["Yes"], "Logo": ["https://www.programmableweb.com/sites/all/modules/contrib/lazyloader/image_placeholder.gif"]}