{"API name": ["Planet Basemaps REST API v1.0"], "Description": [" This Planet Basemaps API returns satellite imagery and allows you to search, clip, order, and view data from maps. It provides a way to download a full mosaic or just one or more selected quads. The API supports JSON and GeoSON formats and utilizes Basic HTTP authentication and requires an API Key. Planet provides daily satellite imagery and insights."], "Url": ["https://developers.planet.com/quickstart/apis"], "Category": ["Satellites", "Analytics", "Geography", "Images", "Mapping", "Photos"], "Provider": ["Planet Labs"], "ServiceType": ["Web/Internet"], "Documentation": ["https://developers.planet.com/docs/basemaps"], "Architectural Style": ["REST"], "Endpoint Url": ["https://api.planet.com/basemaps/v1"], "Support SSL": ["Yes"], "Logo": ["https://www.programmableweb.com/sites/all/modules/contrib/lazyloader/image_placeholder.gif"]}