{"API name": ["r2server REST API v1"], "Description": [" The r2server API retrieves satellite data from r2cloud with telemetry, manages observations, and manages metrics from base stations. r2server allows developers to configure and install a base station, know how to build antennas, and get satellites telemetry in JSON format. r2cloud enables users to decode satellite signals on Raspberry Pi."], "Url": ["https://r2server.ru/api"], "Category": ["Satellites", "Internet of Things", "Science"], "Provider": ["r2server"], "ServiceType": ["Standard"], "Documentation": ["https://r2server.ru/api"], "Architectural Style": ["REST"], "Endpoint Url": ["http://r2server.ru/api/v1"], "Support SSL": ["Yes"], "Logo": ["https://www.programmableweb.com/sites/all/modules/contrib/lazyloader/image_placeholder.gif"]}