{"API name": ["Rock Seven REST API v2.0"], "Description": [" Rock Seven provides satellite tracking products and IoT devices for government, military, NGOs, and private institutions. The Rock Seven API allows developers to send messages to RockSTAR devices, and retrieve configurations. This platform utilizes the Iridium satellite network for voice and data information coverage."], "Url": ["https://docs.rock7.com/reference"], "Category": ["Satellites", "Internet of Things", "Military"], "Provider": ["Rock Seven"], "ServiceType": ["Web/Internet"], "Documentation": ["https://docs.rock7.com/reference"], "Architectural Style": ["REST"], "Endpoint Url": ["https://core.rock7.com/API2"], "Support SSL": ["Yes"], "Logo": ["https://www.programmableweb.com/sites/all/modules/contrib/lazyloader/image_placeholder.gif"]}