{"API name": ["Satellite Situation Center Web (SSCWeb) RPC API"], "Description": [" Satellite Situation Center Web (SSCWeb) is a NASA service consisting of software and an associated database which provides geocentric spacecraft location information mapped to geophysical regions of Earth's magnetic field. Access to an SDK and associated API are available for developers to create and incorporate SSCWeb software and data into their own applications. The API uses the SOAP protocol."], "Url": ["http://sscweb.gsfc.nasa.gov/WebServices/"], "Category": ["Science", "Government", "Satellites", "Mapping", "Mapping"], "Provider": [], "ServiceType": [], "Documentation": ["http://sscweb.gsfc.nasa.gov/WebServices/"], "Architectural Style": ["RPC"], "Endpoint Url": [], "Support SSL": [], "Logo": ["https://www.programmableweb.com/sites/all/modules/contrib/lazyloader/image_placeholder.gif"]}