{"API name": ["Sentinel Hub REST API v1.0"], "Description": [" The Sentinel Hub API enables developers to integrate satellite imaging processing capabilities with their applications. The API can be utilized to enable batch processing, catalogs, and statistical analysis. The API requires JSON formatted payloads and returns JSON responses. Sentinel Hub is a cloud-based satellite imagery system. This platform offers global coverage, multi-temporal processing, and customized scripting."], "Url": ["https://docs.sentinel-hub.com/api/latest/api/overview/"], "Category": ["Cloud", "Images", "Satellites"], "Provider": ["Sinergise Laboratory"], "ServiceType": ["Web/Internet"], "Documentation": ["https://docs.sentinel-hub.com/api/latest/reference/"], "Architectural Style": ["REST"], "Endpoint Url": ["https://services.sentinel-hub.com/api/v1"], "Support SSL": ["Yes"], "Logo": ["https://www.programmableweb.com/sites/all/modules/contrib/lazyloader/image_placeholder.gif"]}