{"API name": ["SkyWatch REST API"], "Description": [" SkyWatch is a company that specializes in capturing and providing accessibility to satellite data. The SkyWatch platform, EarthCache, allows users to retrieve remote sensing datasets for consumption in a variety of business, enterprise, and scientific applications. The API returns responses in JSON format."], "Url": ["https://www.skywatch.co/products/earthcache"], "Category": ["Satellites", "Aggregation", "Analytics", "B2B", "Big Data", "Business", "Data", "Images", "Intelligence", "Machine-to-Machine", "Monitoring"], "Provider": ["SkyWatch"], "ServiceType": ["Web/Internet"], "Documentation": ["https://docs.skywatch.co/"], "Architectural Style": ["REST"], "Endpoint Url": ["https://api.skywatch.co"], "Support SSL": ["Yes"], "Logo": ["https://www.programmableweb.com/sites/all/modules/contrib/lazyloader/image_placeholder.gif"]}