{"API name": ["spectator.earth REST API v1.0"], "Description": [" The spectator.earth API allows you to interact with spectator.earth programmatically using its functionalities and data directly. You can search for satellite data, request images in high resolution, track satellite overpasses and more. To use most of the endpoints, you'll need a key that is automatically generated for every account at https://app.spectator.earth. spectator.earth tracks and monitors earth-imaging satellites so users can get up-to-date satellite imagery."], "Url": ["https://api.spectator.earth"], "Category": ["Satellites", "Images"], "Provider": ["Spectator"], "ServiceType": ["Web/Internet"], "Documentation": ["https://api.spectator.earth"], "Architectural Style": ["REST"], "Endpoint Url": ["https://api.spectator.earth"], "Support SSL": ["Yes"], "Logo": ["https://www.programmableweb.com/sites/all/modules/contrib/lazyloader/image_placeholder.gif"]}