{"API name": ["Unofficial SpaceX REST API v2.0"], "Description": [" This is an Unofficial SpaceX Open Source REST API for rocket, core, capsule, pad, and launch data. This public API does not require authentication and includes endpoints for; Launches, Rockets, Capsules, Company Info, Roadster Info and more. SpaceX designs, manufactures and launches advanced rockets and spacecraft."], "Url": ["https://github.com/r-spacex"], "Category": ["Data", "Air Travel", "Astronomy", "Satellites"], "Provider": ["Independent Developer"], "ServiceType": ["Web/Internet"], "Documentation": ["https://www.reddit.com/r/spacex"], "Architectural Style": ["REST"], "Endpoint Url": ["https://api.spacexdata.com/v2/launches"], "Support SSL": ["Yes"], "Logo": ["https://www.programmableweb.com/sites/all/modules/contrib/lazyloader/image_placeholder.gif"]}