{"API name": ["Urthecast Platform REST API"], "Description": [" The Urthecast Platform is a system of RESTful APIs, services, and tools that allows for fast, scalable access to Earth imagery, video, geospatial information and other data sets in order to build dynamic applications to monitor our ever-changing planet."], "Url": ["https://www.urthecast.com/geosys/geosys-api/"], "Category": ["Mapping", "Activity Streams", "Agriculture", "Algorithms", "Big Data", "Cities", "Climate", "Earthquakes", "Geography", "Geology", "Images", "Machine Learning", "Media", "Monitoring", "Open Data", "Platform-as-a-Service", "Satellites", "Science", "Sustainability", "Water"], "Provider": ["Urthecast"], "ServiceType": ["Unspecified"], "Documentation": ["https://github.com/urthecast/urthecast-api-presentation"], "Architectural Style": ["REST"], "Endpoint Url": [], "Support SSL": ["Yes"], "Logo": ["https://www.programmableweb.com/sites/all/modules/contrib/lazyloader/image_placeholder.gif"]}