{"url": "https://www.programmableweb.com/api/metadapi-zip-code-rest-api-v1", "name": "Metadapi Zip Code REST API v1", "description": " The Zip Code API provides United States zip code data with a comprehensive data model in JSON format. Using REST design, this API can help you build zip validations, city searches, distance calculations, radius searches and many other key functions for your applications.", "endpoint": "https://global.metadapi.com/zipc/v1", "homePage": "https://www.metadapi.com/API-Products/API-Product-Details/zip-code-api", "primaryCategory": "Reference", "secondaryCategories": "Data, Demographics, Geography, USA, Zip Codes", "provider": "Metadapi", "SSL_Support": "Yes", "authentication_Model": "API Key", "version": "1", "versionStatus": "Recommended (active, supported)", "type": "Web/Internet", "architecturalStyle": "REST", "supportedRequestFormats": "JSON", "supportedResponseFormats": "JSON", "restrictedAccess": "No"}