{"url": "https://www.programmableweb.com/api/rad-web-hosting-rest-api-v304", "name": "RAD WEB HOSTING REST API v3.0.4", "description": " RAD WEB HOSTING API allows access to domain registration services and management via remote systems. The API supports hundreds of TLDs, is highly customizable and easily accessible. RAD WEB HOSTING builds services for domains, hosting, Cloud VPS and Dedicated Servers.", "endpoint": "https://radwebhosting.com/client_area/domainsReseller/api.php", "homePage": "https://radwebhosting.com/client_area/knowledgebase/21/Domains-API", "primaryCategory": "Domains", "secondaryCategories": "Registry, Software-as-a-Service, Web Site Management", "provider": "RADWEBHOSTING", "SSL_Support": "Yes", "authentication_Model": "API Key, Shared Secret, Token", "version": "3.0.4", "versionStatus": "Recommended (active, supported)", "type": "of License if Non Proprietary This project is open-sourced software licensed under the MIT license.", "architecturalStyle": "REST", "supportedRequestFormats": "JSON, JSON API, URI Query String/CRUD", "supportedResponseFormats": "JSON", "restrictedAccess": "Yes"}