{"url": "https://www.programmableweb.com/api/vezgo-rest-api-v10", "name": "Vezgo REST API v1.0", "description": " One API. Every cryptocurrency integration. An API for connecting any cryptocurrency account - both exchanges and wallets. Allows apps to easily collect balances, holdings/coins and transaction histories from any crypto account.", "endpoint": "N/A", "homePage": "https://vezgo.com/status", "primaryCategory": "Cryptocurrency", "secondaryCategories": "Financial", "provider": "Wealthica Financial Technology", "SSL_Support": "Yes", "authentication_Model": "OAuth 2", "version": "1.0", "versionStatus": "Pre-release", "type": "Web/Internet", "architecturalStyle": "REST", "supportedRequestFormats": "JSON", "supportedResponseFormats": "JSON", "restrictedAccess": "Yes"}