{"url": "https://www.programmableweb.com/api/pokerapi-texas-hold-em-rest-api-v1", "name": "PokerAPI Texas Hold Em REST API v1", "description": " PokerAPI Texas Hold Em API is a simple JSON API for or calculating the winning hand in a game of Texas hold 'em. Input the community cards and each player card to winners.", "endpoint": "https://api.pokerapi.dev/v1", "homePage": "https://www.pokerapi.dev/", "primaryCategory": "Gambling", "secondaryCategories": "Entertainment, Games", "provider": "N/A", "SSL_Support": "Yes", "authentication_Model": "Unspecified", "version": "1", "versionStatus": "Recommended (active, supported)", "type": "Web/Internet", "architecturalStyle": "REST", "supportedRequestFormats": "JSON", "supportedResponseFormats": "JSON", "restrictedAccess": "No"}