{"url": "https://www.programmableweb.com/api/precisely-typeahead-rest-api-v10", "name": "Precisely Typeahead REST API v1.0", "description": " The Precisely Typeahead API returns a list of autocompleted addresses based on the requested partial address. Precisely is a data integrity platform capable of collecting, verifying, and mapping information. This platform can be used to enable address typeahead capabilities in eCommerce websites, determine origin and delivery destinations in logistics applications, and provide better insights for customer engagement. Precisely APIs feature REST architecture, API Key authentication, and JSON responses.", "endpoint": "https://api.precisely.com/typeahead/v1", "homePage": "https://developer.precisely.com/apis/typeahead", "primaryCategory": "Data", "secondaryCategories": "Addresses, Automation, Business", "provider": "Precisely", "SSL_Support": "Yes", "authentication_Model": "API Key, Shared Secret", "version": "1.0", "versionStatus": "Recommended (active, supported)", "type": "Web/Internet", "architecturalStyle": "REST", "supportedRequestFormats": "URI Query String/CRUD", "supportedResponseFormats": "JSON", "restrictedAccess": "Yes"}