{"url": "https://www.programmableweb.com/api/covid-19-world-vaccination-progress-rest-api-v10", "name": "COVID-19 World Vaccination Progress REST API v1.0", "description": " This API has the most up to date breakdown of vaccine data per country across the entire world. It is frequently updated from the most reliable sources available. Developers can pass an ISO query parameter with the alpha-3 ISO country code of their choice to receive data for that country.", "endpoint": "https://covid-19-world-vaccination-data.p.rapidapi.com/", "homePage": "https://rapidapi.com/jamesrabels@gmail.com/api/covid-19-world-vaccination-data/", "primaryCategory": "COVID-19", "secondaryCategories": "Coronavirus", "provider": "N/A", "SSL_Support": "Yes", "authentication_Model": "API Key", "version": "1.0", "versionStatus": "Recommended (active, supported)", "type": "Web/Internet", "architecturalStyle": "REST", "supportedRequestFormats": "JSON", "supportedResponseFormats": "JSON", "restrictedAccess": "Yes"}