{"url": "https://www.programmableweb.com/api/facebook-graph-rest-api-v110", "name": "Facebook Graph REST API v11.0", "description": " This is version 11.0 of the Facebook Graph API in which updates include its data access levels model expanded to consumer applications to make testing new permissions and features easier. The Facebook Graph API provides searchable data about content objects on Facebook and the connections between them. This includes people, their friend relationships, shared content, comments, places, events, photos, groups pages, milestones, videos, live video, WhatsApp connections, and others. Public information can be accessed without a developer key/application key, but is required for private data access. Facebook Developers provide services that help build, grow and monetize applications.", "endpoint": "https://graph.facebook.com/v11.0", "homePage": "https://developers.facebook.com/docs/graph-api/changelog/version11.0", "primaryCategory": "Social", "secondaryCategories": "Demographics, Search", "provider": "Facebook", "SSL_Support": "Yes", "authentication_Model": "App ID, OAuth 2, Token", "version": "11.0", "versionStatus": "Recommended (active, supported)", "type": "Web/Internet", "architecturalStyle": "REST", "supportedRequestFormats": "JSON, URI Query String/CRUD", "supportedResponseFormats": "JSON", "restrictedAccess": "No"}