{"url": "https://www.programmableweb.com/api/ordercloudio-rest-api-v10144", "name": "OrderCloud.io REST API v1.0.144", "description": " OrderCloud.io is a complete backend-as-a-service solution for building \"serverless\" B2B e-commerce apps, web sites, and integrations. Consisting of a highly extensible data model and flexible business rules, exposed entirely via a RESTful API, the OrderCloud.io platform is ideal for rapidly building complex, highly custom B2B solutions. Supports pre-profiled buyer organizations, multiple storefronts and catalogs, multi-tier approval rules, complex buyer-specific pricing, flexible payment methods, inventory and supply chain management, and much more. Our Dev Center includes online tools for creating apps and interacting with the API, along with a wealth of open-source SDKs, starter apps, UI components, and back-end integration components. Simple pay-as-you-go pricing is based entirely on business usage.", "endpoint": "https://api.ordercloud.io/v1/", "homePage": "https://ordercloud.io/getting-started/intro-to-ordercloud", "primaryCategory": "eCommerce", "secondaryCategories": "B2B, Developers", "provider": "Ordercloud", "SSL_Support": "Yes", "authentication_Model": "OAuth 2", "version": "1.0.144", "versionStatus": "Recommended (active, supported)", "type": "of License if Non Proprietary MIT", "architecturalStyle": "REST", "supportedRequestFormats": "URI Query String/CRUD", "supportedResponseFormats": "CSV, GeoJSON, JSON, XML", "restrictedAccess": "No"}