{"url": "https://www.programmableweb.com/api/appaio-image-background-removal-rest-api-v10", "name": "Appaio Image background removal REST API v1.0", "description": " This is an API that can remove the background from an Image. Given a URL containing an image of a person, or a car, this API will replace the background with a transparent mask, and return the modified image as binary data to the client. (Base64 encoded)", "endpoint": "https://image-background-removal3.p.rapidapi.com/BackgroundRemoverLambda", "homePage": "https://rapidapi.com/appaio/api/image-background-removal3/", "primaryCategory": "Images", "secondaryCategories": "Editing, Media", "provider": "Appaio", "SSL_Support": "Yes", "authentication_Model": "Token", "version": "1.0", "versionStatus": "Active (supported, scheduled for retirement)", "type": "Web/Internet", "architecturalStyle": "REST", "supportedRequestFormats": "JSON, URI Query String/CRUD", "supportedResponseFormats": "Binary", "restrictedAccess": "No"}