{"url": "https://www.programmableweb.com/api/factual-cpg-products-rest-api-v30", "name": "Factual CPG Products REST API v3.0", "description": " This API provides product data for over 650,000 consumer packaged goods, including; health, beauty, food, beverage, and household products. With CPG Products, you can access key product attributes, find products using powerful search tools or UPC lookup, and connect to product pages across the web. Factual is an open data platform for application developers that leverages large-scale data aggregation and community exchange.", "endpoint": "http://api.v3.factual.com/t/products-cpg", "homePage": "http://www.factual.com/products/cpg", "primaryCategory": "Products", "secondaryCategories": "Barcodes, Open Data", "provider": "Factual", "SSL_Support": "No", "authentication_Model": "OAuth 1", "version": "3.0", "versionStatus": "Recommended (active, supported)", "type": "Web/Internet", "architecturalStyle": "REST", "supportedRequestFormats": "URI Query String/CRUD", "supportedResponseFormats": "CSV, GeoJSON, JSON, XML", "restrictedAccess": "No"}