{"url": "https://www.programmableweb.com/api/fun-generators-lottery-number-generation-rest-api-v10", "name": "Fun Generators Lottery Number generation REST API v1.0", "description": " Fun Generators Lottery Number generation API can generate lottery numbers for over 300+ lottery games around the world. Super easy REST based API.", "endpoint": "https://api.fungenerators.com", "homePage": "https://fungenerators.com/api/lottery/", "primaryCategory": "Entertainment", "secondaryCategories": "Gambling, Random, Tools, Translation", "provider": "Fun Generators", "SSL_Support": "Yes", "authentication_Model": "API Key", "version": "1.0", "versionStatus": "Recommended (active, supported)", "type": "Web/Internet", "architecturalStyle": "REST", "supportedRequestFormats": "JSON, URI Query String/CRUD, XML", "supportedResponseFormats": "JSON, XML", "restrictedAccess": "No"}