{"url": "https://www.programmableweb.com/api/scraperizer-pet-bottles-waste-detection-rest-api-v10", "name": "Scraperizer Pet Bottles Waste Detection REST API v1.0", "description": " Pet Bottles Waste Detection API - Scraperizer (also known as Pet Bottles Waste Recognition API or Pet Bottles Waste Detector API) is a cross browsers REST API which get a JSON input with a still photo (as base64 encoded string), containing pet bottles waste colored as transparent, blue, green, red, yellow and returns a JSON string which contains predictions of the input photo regarding the probability of Pet Bottles Waste of certain color among those specified before. The recognized Pet Bottles Waste have confidence score, timestamp, tagId, tagName. Of course, there are some limitations in order to get a higher accuracy. We recommend properly exposed, unobstructed JPEG photos at 1920x1080 (full HD resolution) where the Pet Bottles Waste is clear and focused. If the Pet Bottles Waste details are too small or blured, the accuracy is lower and the AI algorithm may not classify in a proper way. We do not store pictures. Also, the quality and the angles of the camera are very important and it contribute to a higher reading accuracy. It should has varifocal lenses, high shutter speed, good infrared lighting beam, full HD resolution. Allthough this Automatic Pet Bottles Waste Detection API (currently we do not offer a Pet Bottles Waste Detection sdk) is intended for software development and therefore developers, we have also here an Pet Bottles Waste Detection online application that may be used to check the input and output JSONs of the API. The necessary steps are written below, basically for this real time Pet Bottles Waste Detection API you send an authorized POST request in JSON format to the API endpoint and you get as JSON response the output as described below through parameters and examples. This Pet Bottles Waste Detection API is useful for domains like apps for: pet sorter machines cameras which are used to automatically sort pet bottles by the color of it. You own the commercial copyright of the resulted JSON with no additional fee meaning you may use it in your own apps for sale.", "endpoint": "https://www.de-vis-software.ro/scraperizer.aspx", "homePage": "https://www.de-vis-software.ro/pet-bottles-waste-detection-api.aspx", "primaryCategory": "Environment", "secondaryCategories": "Artificial Intelligence", "provider": "DE VIS Software", "SSL_Support": "Yes", "authentication_Model": "HTTP Basic Auth", "version": "1.0", "versionStatus": "Recommended (active, supported)", "type": "Web/Internet", "architecturalStyle": "REST", "supportedRequestFormats": "JSON", "supportedResponseFormats": "JSON", "restrictedAccess": "No"}