{"url": "https://www.programmableweb.com/api/tomtom-extended-search-rest-api-v2", "name": "TomTom Extended Search REST API v2", "description": " The TomTom Extended Search API provides EV charging station availability information. This includes the number of charging spots that are available, occupied, reserved, of unknown availability, or out of service. Updates are typically provided within minutes. The API can respond in either JSON or XML format. Developers will need an API key.", "endpoint": "https://api.tomtom.com/search/2/chargingAvailability/", "homePage": "https://developer.tomtom.com/search-api/search-api-documentation/ev-charging-sta\u2026", "primaryCategory": "Travel", "secondaryCategories": "Auto, Search, Sustainability", "provider": "TomTom", "SSL_Support": "Yes", "authentication_Model": "API Key", "version": "2", "versionStatus": "Recommended (active, supported)", "type": "Web/Internet", "architecturalStyle": "REST", "supportedRequestFormats": "JSON, URI Query String/CRUD, XML", "supportedResponseFormats": "JSON, XML", "restrictedAccess": "No"}