{"url": "https://www.programmableweb.com/api/pdfco-pdf-to-excel-rest-api-v1", "name": "PDF.co PDF to Excel REST API v1", "description": " The PDF.Co PDF to Excel API extracts PDF to XLS/XLSX formats. Developers can use an API Key to authenticate, send GET requests, and receive JSON responses in return.", "endpoint": "https://api.pdf.co/v1/pdf/convert/to/xls", "homePage": "https://pdf.co/pdf-to-excel-api", "primaryCategory": "PDF", "secondaryCategories": "Automation, Big Data, Business, Software-as-a-Service", "provider": "ByteScout, PDF.co", "SSL_Support": "Yes", "authentication_Model": "API Key", "version": "1", "versionStatus": "Recommended (active, supported)", "type": "Web/Internet", "architecturalStyle": "REST", "supportedRequestFormats": "JSON, URI Query String/CRUD", "supportedResponseFormats": "JSON", "restrictedAccess": "No"}