{"url": "https://www.programmableweb.com/api/webknox-keywords-rest-api-v10", "name": "WebKnox Keywords REST API v1.0", "description": " Begun as a research project from the Royal Melbourne Institute of Technology and the University of Technology Dresden, WebKnox is an ontology-driven fact extraction engine built to provide direct, fast, and complete answers to questions on any topic a user can think of. To answer a question WebKnox uses external services that might have previously provided an answer or computes an answer using its knowledge base. If those options fail, WebKnox tries to find an answer on the fly. WebKnox hosts a suite of REST APIs delivering a range of web services. The WebKnox Keywords API provides developer access to keyword data such as how often they are searched and how many competing pages are on Google. The API can also return a list of related keywords.", "endpoint": "http://webknox.com/api#!/keywords/information_GET", "homePage": "http://webknox.com/api", "primaryCategory": "Search", "secondaryCategories": "Keywords, Metadata", "provider": "WebKnox", "SSL_Support": "No", "authentication_Model": "API Key", "version": "1.0", "versionStatus": "Recommended (active, supported)", "type": "Web/Internet", "architecturalStyle": "REST", "supportedRequestFormats": "URI Query String/CRUD", "supportedResponseFormats": "CSV, GeoJSON, JSON, XML", "restrictedAccess": "No"}