{"url": "https://www.programmableweb.com/api/broken-house-detection-rest-api-v10", "name": "Broken House Detection REST API v1.0", "description": " Broken House Detection API - brokenDET (also known as broken house recognition API or forced entry detection api) is a cross browsers REST API which get a JSON input with a still photo (as base64 encoded string) or an url of the ground taken image and returns a JSON string which contains predictions with certain amount of probability (filtered for output with minimum 20%), which contain the scores for broken glass from windows or doors, opened windows, opened doors, broken walls. If the probability of prediction is under 20% then these info are not shown. Allthough this Broken House Detection API (currently we do not offer a Broken House Detection sdk) is intended for software development and therefore developers, we have also here a broken house detection online application that may be used to check the input and output JSONs of the API. The necessary steps are written below, basically for this real time forced entry or recognition API you send an authorized POST request in JSON format to the API endpoint and you get as JSON response the output as described below through parameters and examples. This Broken House Detection API is useful for a large number of domains like: home surveillance, security, professionals, students, researchers, developers etc.You own the commercial copyright of the resulted JSON with no additional fee meaning you may use it in your own apps for sale.", "endpoint": "https://www.de-vis-software.ro/brokendet.aspx", "homePage": "https://www.de-vis-software.ro/broken-house-detection-api.aspx", "primaryCategory": "Recognition", "secondaryCategories": "Software-as-a-Service", "provider": "DE VIS Software", "SSL_Support": "Yes", "authentication_Model": "HTTP Basic Auth", "version": "1.0", "versionStatus": "Recommended (active, supported)", "type": "Web/Internet", "architecturalStyle": "REST", "supportedRequestFormats": "JSON", "supportedResponseFormats": "JSON", "restrictedAccess": "No"}