{"url": "https://www.programmableweb.com/api/friendlydata-rest-api-v1", "name": "FriendlyData REST API v1", "description": " The FriendlyData REST API allows developers to access and integrate the functionality of FriendlyData with other applications. Some example API methods include parsing messages, retrieving parsed messages, and SQL filtering and aggregation. FriendlyData provides natural language interfaces and parsing services for databases.", "endpoint": "https://api.friendlydata.io/api/v1/", "homePage": "https://friendlydata.io/documentation", "primaryCategory": "Natural Language Processing", "secondaryCategories": "Data, Database, Parsing", "provider": "FriendlyData", "SSL_Support": "Yes", "authentication_Model": "API Key", "version": "1", "versionStatus": "Recommended (active, supported)", "type": "Web/Internet", "architecturalStyle": "REST", "supportedRequestFormats": "URI Query String/CRUD", "supportedResponseFormats": "JSON", "restrictedAccess": "No"}