{"url": "https://www.programmableweb.com/api/google-cloud-billing-catalog-rest-api-v10", "name": "Google Cloud Billing Catalog REST API v1.0", "description": " The Google Cloud Billing Catalog API allows you to get Google Cloud Platform Pricing Information. This includes; a list of all public services, relevant metadata about each service, a list of all public SKUs and more. Google Cloud helps developers build with cloud tools and infrastructure, applications, maps and devices.", "endpoint": "https://cloudbilling.googleapis.com/v1/services?key=API_KEY", "homePage": "https://cloud.google.com/billing/v1/how-tos/catalog-api", "primaryCategory": "Billing", "secondaryCategories": "Catalogs, Prices", "provider": "Google", "SSL_Support": "Yes", "authentication_Model": "API Key", "version": "1.0", "versionStatus": "Recommended (active, supported)", "type": "of License if Non Proprietary Creative Commons Attribution 3.0 License", "architecturalStyle": "REST", "supportedRequestFormats": "JSON, URI Query String/CRUD", "supportedResponseFormats": "JSON", "restrictedAccess": "No"}