{"url": "https://www.programmableweb.com/api/apexe3-cryptocurrency-data-analytics-rest-api-v07", "name": "APEXE3 Cryptocurrency Data & Analytics REST API v0.7", "description": " The APEX:E3 API provides enriched data and analytics, for 20+ cryptocurrency exchanges. The REST API provides methods for retrieving exchange, assets and market reference data, plus orderbook data and analytics including arbitrages, spreads, whales and ask/bid walls.", "endpoint": "https://api.ae3platform.com", "homePage": "https://github.com/apexe3/apexe3-api/tree/main/examples", "primaryCategory": "Cryptocurrency", "secondaryCategories": "Analytics", "provider": "APEX:E3", "SSL_Support": "Yes", "authentication_Model": "API Key, OAuth 1, OAuth 2, Token", "version": "0.7", "versionStatus": "Recommended (active, supported)", "type": "Web/Internet", "architecturalStyle": "REST", "supportedRequestFormats": "JSON, URI Query String/CRUD", "supportedResponseFormats": "JSON", "restrictedAccess": "Yes"}