{"url": "https://www.programmableweb.com/api/sculpturalyx-sculpture-style-recognition-rest-api-v10", "name": "Sculpturalyx Sculpture Style Recognition REST API v1.0", "description": " Sculpturalyx Sculpture Style Recognition API can determine style type (abstract, architectural, assemblage, baroque, carved, etc.) from a photo. From the provider: \"Sculpture Style Recognition API - Sculpturalyx (also known as Sculpture Style Detecttion API or Sculpture Style Detector API) is a cross browsers REST API which get a JSON input with a still photo (as base64 encoded string), containing a sculpture and returns a JSON string which contains predictions of the input photo regarding the probability of sculpture's style among these styles: abstract, architectural, assemblage, baroque, carved, equestrian, hellenistic, high renaissance, kinetic, land art, mannerist, modernist, neoclassical, relief, roman. The recognized Sculpture Style has confidence score, timestamp, tagId, tagName. Of course, there are some limitations in order to get a higher accuracy. We recommend properly exposed, unobstructed JPEG photos at 1920x1080 (full HD resolution) where the Sculpture Style is clear and focused. If the Sculpture Style details are too small or blured, the accuracy is lower and the AI algorithm may not classify in a proper way. We do not store pictures. Also, the quality and the angles of the camera are very important and it contribute to a higher reading accuracy. It should has varifocal lenses, high shutter speed, good infrared lighting beam, full HD resolution. Allthough this Automatic Sculpture Style Recognition API (currently we do not offer a Sculpture Style Recognition sdk) is intended for software development and therefore developers, we have also here an Sculpture Style Recognition online application that may be used to check the input and output JSONs of the API. The necessary steps are written below, basically for this real time Sculpture Style Recognition API you send an authorized POST request in JSON format to the API endpoint and you get as JSON response the output as described below through parameters and examples. This Sculpture Style Recognition API is useful for a large number of domains like apps for: arts, museums, teaching, students, pupils, professionals, passionates of art etc. You own the commercial copyright of the resulted JSON with no additional fee meaning you may use it in your own apps for sale.\"", "endpoint": "https://www.de-vis-software.ro/sculpturalyx.aspx", "homePage": "https://www.de-vis-software.ro/sculpture-style-recognition-api.aspx", "primaryCategory": "Art", "secondaryCategories": "Artificial Intelligence", "provider": "DE VIS Software", "SSL_Support": "Yes", "authentication_Model": "HTTP Basic Auth", "version": "1.0", "versionStatus": "Recommended (active, supported)", "type": "Web/Internet", "architecturalStyle": "REST", "supportedRequestFormats": "JSON", "supportedResponseFormats": "JSON", "restrictedAccess": "No"}