{"url": "https://www.programmableweb.com/api/targomo-fleet-rest-api-v310", "name": "Targomo Fleet REST API v3.1.0", "description": " With Targomo's Fleet API, find the best route combinations for multi-vehicle and multi-destination scenarios. Combine multiple transportation modes (incl. transit) and specify customer and load characteristics.", "endpoint": "https://api.targomo.com/fleetplanner/v1/api/key-auth/optimizations", "homePage": "https://www.targomo.com/developers/apis/fleet/", "primaryCategory": "Mapping", "secondaryCategories": "Logistics, Transportation, Travel", "provider": "Targomo", "SSL_Support": "Yes", "authentication_Model": "API Key", "version": "3.1.0", "versionStatus": "Recommended (active, supported)", "type": "Web/Internet", "architecturalStyle": "REST", "supportedRequestFormats": "JSON, URI Query String/CRUD", "supportedResponseFormats": "JSON", "restrictedAccess": "No"}