{"url": "https://www.programmableweb.com/api/hsbc-atm-locator-rest-api-v100", "name": "HSBC ATM Locator REST API v1.0.0", "description": " HSBC is a leading provider of banking and financial services in the UK and international locations. The HSBC ATM Locator API allows users to find HSBC UK ATMs by post codes, towns, geo-location, and street names. It also provides access to additional information such as currencies dispensed and supported languages. The RESTful API is designed to conform to the Open API as well as the data format and security standards prescribed by the Open Banking Implementation Entity (OBIE).", "endpoint": "N/A", "homePage": "https://developer.hsbc.com/atm-locator.html", "primaryCategory": "Banking", "secondaryCategories": "Financial, Location, Search", "provider": "HSBC UK", "SSL_Support": "Yes", "authentication_Model": "Unspecified", "version": "1.0.0", "versionStatus": "Recommended (active, supported)", "type": "of License if Non Proprietary Open Banking Open License", "architecturalStyle": "REST", "supportedRequestFormats": "JSON, URI Query String/CRUD", "supportedResponseFormats": "JSON", "restrictedAccess": "No"}