{"url": "https://www.programmableweb.com/api/mit-covid-19-beliefs-behaviors-norms-survey-rest-api-v1", "name": "MIT COVID-19 Beliefs, Behaviors & Norms Survey REST API v1", "description": " MIT COVID-19 Beliefs, Behaviors & Norms Survey API offers data from a survey that was administered by MIT in collaboration with Facebook, and with input from researchers at Johns Hopkins University (JHU), the World Health Organization (WHO), and the Global Outbreak Alert and Response Network (GOARN). Use this API to retrieve data from the survey about age, gender, education, location of participants and responses about vaccine acceptance, norms vaccine, work industry, community risk, measures taken, risks of visiting places, distancing, masks, news sources, and more.", "endpoint": "N/A", "homePage": "https://covidsurvey.mit.edu/api.html", "primaryCategory": "COVID-19", "secondaryCategories": "Coronavirus", "provider": "Facebook, Massachusetts Institute of Technology", "SSL_Support": "Yes", "authentication_Model": "API Key", "version": "1", "versionStatus": "Recommended (active, supported)", "type": "Web/Internet", "architecturalStyle": "REST", "supportedRequestFormats": "JSON", "supportedResponseFormats": "JSON", "restrictedAccess": "No"}