{"url": "https://www.programmableweb.com/api/puppet-code-manager-rest-api-v10", "name": "Puppet Code Manager REST API v1.0", "description": " The Puppet Code Manager API provides a way to manage Puppet code deployments. Puppet Code Manager automates deployment and management of Puppet code, push code updates to source control repo, and syncs the code to your masters, so that all your servers start running the new code at the same time. Requests to the API require token based authentication for endpoints that allow you to deploy code and query environment deployment status on your masters without direct shell access. Puppet Enterprise provides IT automation and DevOps software solutions.", "endpoint": "https://localhost:8170/code-manager/v1", "homePage": "https://puppet.com/docs/pe/2019.1/code_manager_api.html", "primaryCategory": "Software-as-a-Service", "secondaryCategories": "Automation, Data, DevOps, Management, Platform-as-a-Service, Tools", "provider": "Puppet", "SSL_Support": "Yes", "authentication_Model": "Token", "version": "1.0", "versionStatus": "Recommended (active, supported)", "type": "Product", "architecturalStyle": "REST", "supportedRequestFormats": "JSON, URI Query String/CRUD", "supportedResponseFormats": "JSON", "restrictedAccess": "No"}