{"url": "https://www.programmableweb.com/api/covid-tracking-project-rest-api-v10", "name": "COVID Tracking Project REST API v1.0", "description": " The COVID Tracking Project API enables cumulative data associated with the Coronavirus disease with date time values in ET. The API returns current state, county, press, and daily information in the United States. Responses can be JSON or CSV formatted.", "endpoint": "https://covidtracking.com/api/", "homePage": "https://covidtracking.com/api/", "primaryCategory": "Coronavirus", "secondaryCategories": "COVID-19, Data, Health, Monitoring", "provider": "Health Promotion Bureau - Sri Lanka, The COVID Tracking Project", "SSL_Support": "No", "authentication_Model": "Unspecified", "version": "1.0", "versionStatus": "Recommended (active, supported)", "type": "Web/Internet", "architecturalStyle": "REST", "supportedRequestFormats": "URI Query String/CRUD", "supportedResponseFormats": "CSV, JSON", "restrictedAccess": "No"}