{"url": "https://www.programmableweb.com/api/makini-rest-api-v1", "name": "Makini REST API v1", "description": " Makini is an API for computerized maintenance management system (CMMS) & Enterprise Asset Management (EAM). The Makini API enables developers to read and write data into any industrial maintenance management system via one API. It is useful for maintenance products, inventory optimization, aftermarket intelligence. The API offers management for displaying resource, work orders, part list, site list, assets, and more.", "endpoint": "https://api.makini.io", "homePage": "https://makini.stoplight.io/docs/api-docs/docs/getting-started.md", "primaryCategory": "Enterprise", "secondaryCategories": "Business, Digital Asset Management, Integration", "provider": "makini", "SSL_Support": "Yes", "authentication_Model": "API Key, OAuth 2", "version": "1", "versionStatus": "Recommended (active, supported)", "type": "Web/Internet", "architecturalStyle": "REST", "supportedRequestFormats": "JSON, URI Query String/CRUD", "supportedResponseFormats": "JSON", "restrictedAccess": "No"}