{"url": "https://www.programmableweb.com/api/clickhelp-rest-api-v1", "name": "ClickHelp REST API v1", "description": " ClickHelp is an online tool for creating technical documentation. Every ClickHelp portal provides a REST API for users to automate tasks and integrate documentation workflow into existing business processes. API methods are available to retrieve topics, files from storage, projects and to manage users, projects, reporting & analytics and more.", "endpoint": "https://kb.clickhelp.co/api/v1/", "homePage": "https://clickhelp.com/software-documentation-tool/user-manual/clickhelp-api.html", "primaryCategory": "Tools", "secondaryCategories": "DevOps, Documents, Writing", "provider": "ClickHelp", "SSL_Support": "Yes", "authentication_Model": "API Key", "version": "1", "versionStatus": "Recommended (active, supported)", "type": "Product", "architecturalStyle": "REST", "supportedRequestFormats": "JSON, URI Query String/CRUD", "supportedResponseFormats": "JSON", "restrictedAccess": "No"}