{"url": "https://www.programmableweb.com/api/zendesk-sunshine-events-rest-api-v2", "name": "Zendesk Sunshine Events REST API v2", "description": " The Zendesk Sunshine Events API tracks events triggered by a person in different CRM applications or systems. Events can be any programmatic event, including purchase transactions, website visits, or customer service interactions. Each Sunshine profile is associated with a Zendesk user. As a result, each event is also associated with a Zendesk user.The Zendesk Sunshine platform lets users connect and understand all their customer data wherever it lives. The Sunshine data layer is not associated with any Zendesk product, though users can model relationships with certain native objects like tickets and users.", "endpoint": "N/A", "homePage": "https://develop.zendesk.com/hc/en-us/articles/360002124307-What-is-the-Sunshine-\u2026", "primaryCategory": "Customer Relationship Management", "secondaryCategories": "Data", "provider": "Zendesk", "SSL_Support": "Yes", "authentication_Model": "Unspecified", "version": "2", "versionStatus": "Recommended (active, supported)", "type": "Web/Internet", "architecturalStyle": "REST", "supportedRequestFormats": "URI Query String/CRUD", "supportedResponseFormats": "JSON", "restrictedAccess": "No"}