{"url": "https://www.programmableweb.com/api/open-bank-project-platform-rest-api-v310", "name": "Open Bank Project Platform REST API v3.1.0", "description": " The Open Bank Project provides an open source developer friendly API for banks that enables financial institutions to quickly and securely enhance their digital offerings. Developers can use the OBP API to build innovative applications and services that help account holders interact with banks based on their transaction data. OBP uses a secure, enterprise ready technology stack and supports secure Internet protocols such as OAuth.", "endpoint": "https://apisandbox.openbankproject.com/obp/v3.1.0/config", "homePage": "https://github.com/OpenBankProject/OBP-API/wiki", "primaryCategory": "Financial", "secondaryCategories": "Banking", "provider": "Open Bank Project", "SSL_Support": "Yes", "authentication_Model": "API Key, OAuth 1, Token", "version": "3.1.0", "versionStatus": "Recommended (active, supported)", "type": "of License if Non Proprietary GNU Affero General Public License", "architecturalStyle": "REST", "supportedRequestFormats": "JSON, URI Query String/CRUD", "supportedResponseFormats": "JSON", "restrictedAccess": "No"}