{"url": "https://www.programmableweb.com/api/motorzam-unspecified-api-v1", "name": "Motorzam Unspecified API v1", "description": " Motorzam allows applications to detect and identify vehicles in images. It returns manufacture, model, and other features from an uploaded image. Register for use.", "endpoint": "N/A", "homePage": "https://www.motorzam.com/", "primaryCategory": "Recognition", "secondaryCategories": "Artificial Intelligence, Images", "provider": "Zyla Labs", "SSL_Support": "Yes", "authentication_Model": "Unspecified", "version": "1", "versionStatus": "Pre-release", "type": "Web/Internet", "architecturalStyle": "Unspecified", "supportedRequestFormats": "Unspecified", "supportedResponseFormats": "Unspecified", "restrictedAccess": "No"}