{"url": "https://www.programmableweb.com/api/vini-rest-api-v10", "name": "Vini REST API v1.0", "description": " The Vini API offers vehicle history reports from Carfax, AutoCheck, and Copart. The API can be utilized to check balances, retrieve reports, add funds, and check report availability by VIN number. Responses are JSON formatted.", "endpoint": "https://vini.az/en/api", "homePage": "https://rapidapi.com/devbaku/api/vini", "primaryCategory": "Auto", "secondaryCategories": "Data-as-a-Service, Transportation", "provider": "Vini.az", "SSL_Support": "Yes", "authentication_Model": "API Key", "version": "1.0", "versionStatus": "Recommended (active, supported)", "type": "Web/Internet", "architecturalStyle": "REST", "supportedRequestFormats": "JSON, URI Query String/CRUD", "supportedResponseFormats": "JSON", "restrictedAccess": "No"}