{"url": "https://www.programmableweb.com/api/gustoslife-rest-api-v1", "name": "Gustos.Life REST API v1", "description": " Gustos.Life is a wine IT platform for sales, marketing, evaluation, storage and investment. The Gustos.Life API enables programmatic access to the database of wine parameters, ratings, medals for thousands of wines and vintages. Methods are available to manage vintage, lists, seria, vineyard, wine, taxonomy, competition, award and more.", "endpoint": "https://app.gustos.life/en/api/v1", "homePage": "https://dev.gustos.life/", "primaryCategory": "Wine", "secondaryCategories": "Database-as-a-Service, Ratings", "provider": "Gustos.Life", "SSL_Support": "Yes", "authentication_Model": "OAuth 2", "version": "1", "versionStatus": "Recommended (active, supported)", "type": "Web/Internet", "architecturalStyle": "REST", "supportedRequestFormats": "JSON, URI Query String/CRUD", "supportedResponseFormats": "JSON", "restrictedAccess": "No"}