{"url": "https://www.programmableweb.com/api/google-fonts-rest-api-v1", "name": "Google Fonts REST API v1", "description": " The Google Fonts API in REST architecture returns JSON data to add web fonts to any web page. Available open source fonts, browser compatibility, and shared stylesheet link to HTML documents in a CSS style. Requires JavaScript knowledge.", "endpoint": "https://www.googleapis.com/webfonts/v1/", "homePage": "https://developers.google.com/fonts/docs/developer_api", "primaryCategory": "Fonts", "secondaryCategories": "Design", "provider": "Google", "SSL_Support": "Yes", "authentication_Model": "Unspecified", "version": "1", "versionStatus": "Recommended (active, supported)", "type": "Web/Internet", "architecturalStyle": "REST", "supportedRequestFormats": "JSON, URI Query String/CRUD, JavaScript", "supportedResponseFormats": "JSON", "restrictedAccess": "No"}