{"url": "https://www.programmableweb.com/api/google-cloud-machine-learning-rest-api-v1", "name": "Google Cloud Machine Learning REST API v1", "description": " The Google Cloud Machine Learning API\u2019s TensorFlow functionality affords developers greater flexibility when using cloud to build apps. Its integration supports manipulation of data, training of machine learning models, and deployment of GCP resources in predictions. The API is currently a beta release that is subject to future changes that might alter its architecture. As such, developers are cautioned against using it for production purposes.", "endpoint": "https://ml.googleapis.com/", "homePage": "https://cloud.google.com/ml/docs/", "primaryCategory": "Cloud", "secondaryCategories": "Application Development, Artificial Intelligence, Machine Learning, Models, Predictions", "provider": "Google", "SSL_Support": "Yes", "authentication_Model": "OAuth 2, Token", "version": "1", "versionStatus": "Recommended (active, supported)", "type": "of License if Non Proprietary Creative Commons Attribution 3.0 License", "architecturalStyle": "REST", "supportedRequestFormats": "JSON, URI Query String/CRUD", "supportedResponseFormats": "JSON", "restrictedAccess": "No"}