{"url": "https://www.programmableweb.com/api/avatar-verify-email-address-rpc-api-v10", "name": "Avatar Verify Email Address RPC API v1.0", "description": " Avatar Verify Email Address API is a free API that allows you to verify email addresses. It goes beyond mailbox validation, and can tell which of the two email addresses are valid, for example gianluca.91@gmail.com and gianluca.92@gmail.com. The API is free to use, and does not require registration. Email addresses passed to the API are not stored.", "endpoint": "https://www.avatarapi.com/avatar.asmx?op=VerifyEmail", "homePage": "https://www.avatarapi.com/", "primaryCategory": "Verification", "secondaryCategories": "Community, Email", "provider": "Appaio, Infinite Loop Development", "SSL_Support": "Yes", "authentication_Model": "Unspecified", "version": "1.0", "versionStatus": "Active (supported, scheduled for retirement)", "type": "Web/Internet", "architecturalStyle": "RPC", "supportedRequestFormats": "SOAP, XML", "supportedResponseFormats": "SOAP, XML", "restrictedAccess": "No"}