{"url": "https://www.programmableweb.com/api/dataforseo-google-shopping-rest-api-v3", "name": "DataForSEO Google Shopping REST API v3", "description": " The DataForSEO Google Shopping API provides data essential for optimizing product feeds, researching competitors, and dynamically adjusting ad campaigns. The API enables users to get data on products ranking in search results, get product prices in different stores, track reviews and ratings and more.", "endpoint": "https://api.dataforseo.com/v3/merchant/google/products/task_post", "homePage": "https://dataforseo.com/apis/merchant-api-google-shopping", "primaryCategory": "SEO", "secondaryCategories": "eCommerce, Marketing, Products, Search, Web Site Management", "provider": "DataForSEO", "SSL_Support": "Yes", "authentication_Model": "HTTP Basic Auth", "version": "3", "versionStatus": "Recommended (active, supported)", "type": "Web/Internet", "architecturalStyle": "REST", "supportedRequestFormats": "JSON, URI Query String/CRUD", "supportedResponseFormats": "JSON", "restrictedAccess": "No"}