{"url": "https://www.programmableweb.com/api/targomo-points-interest-rest-api-v111", "name": "Targomo Points of Interest REST API v1.1.1", "description": " The Targomo Points of Interest API in REST retrieves requests related to points of interest (POI) on mapping routes. Users can receive POIs in polygon and non polygon shapes, with the calculation and centroid of an entity.", "endpoint": "N/A", "homePage": "https://docs.targomo.com/pointofinterest/", "primaryCategory": "Mapping", "secondaryCategories": "Analytics, Data, Location, Visualizations", "provider": "Targomo", "SSL_Support": "Yes", "authentication_Model": "API Key", "version": "1.1.1", "versionStatus": "Recommended (active, supported)", "type": "of License if Non Proprietary Apache 2.0", "architecturalStyle": "REST", "supportedRequestFormats": "JSON, URI Query String/CRUD", "supportedResponseFormats": "JSON", "restrictedAccess": "No"}