{"url": "https://www.programmableweb.com/api/gigablast-spell-check-rest-api-v10", "name": "Gigablast Spell Check REST API v1.0", "description": " The Gigablast Spell Check API allows developers to perform spell checks on queries given in U.S. English. It corrects typos, contextual errors, and phonetic errors. This API costs $0.10 per 1000 queries, with a minimum purchase of $5.00. It take approximately 0.05 seconds to get a reply for a typical query.", "endpoint": "https://www.gigablast.com/search", "homePage": "https://www.gigablast.com/spellcheckapi.html", "primaryCategory": "Spelling", "secondaryCategories": "Search, Semantic Web", "provider": "Gigablast", "SSL_Support": "Yes", "authentication_Model": "HTTP Basic Auth", "version": "1.0", "versionStatus": "Recommended (active, supported)", "type": "Web/Internet", "architecturalStyle": "REST", "supportedRequestFormats": "URI Query String/CRUD", "supportedResponseFormats": "HTML, JSON, XML", "restrictedAccess": "No"}