{"url": "https://www.programmableweb.com/api/microsoft-azure-cognitive-services-personalizer-rest-api-v10", "name": "Microsoft Azure Cognitive Services Personalizer REST API v1.0", "description": " The Microsoft Azure Cognitive Services Personalizer API allows you to choose the best experience for your users, by learning from their real-time behavior. It is an AI service that delivers a personalized user experience to prioritize relevant content and user experiences, improve application satisfaction, usability, and more. Azure is a complete cloud platform to host your existing applications, streamline the development of new applications, and enhance on-premises applications.", "endpoint": "https://westus2.api.cognitive.microsoft.com/personalizer/v1.0", "homePage": "https://azure.microsoft.com/en-us/services/cognitive-services/personalizer", "primaryCategory": "Customization", "secondaryCategories": "Artificial Intelligence, Engagement, Machine Learning", "provider": "Microsoft", "SSL_Support": "Yes", "authentication_Model": "API Key", "version": "1.0", "versionStatus": "Recommended (active, supported)", "type": "Web/Internet", "architecturalStyle": "REST", "supportedRequestFormats": "JSON, URI Query String/CRUD", "supportedResponseFormats": "JSON, JSONP, Text", "restrictedAccess": "No"}