{"url": "https://www.programmableweb.com/api/dreamfactory-soap-rpc-api-v20", "name": "DreamFactory SOAP RPC API v2.0", "description": " This DreamFactory SOAP service provides clients with REST-based access to XML-based SOAP remote services, that converts the client request (JSON, etc.) to a SOAP request to the remote service, and the SOAP response to a easily consumed client response (JSON). DreamFactory takes the service's configured WSDL file and auto-generates a Live API service definition, determining available resources, required payloads, returned data types, and scriptable events. DreamFactory is an open source REST API backend for mobile, web, and IoT applications. It is a middleware platform that enables developers with the ability to connect to any data source and get a palette of secure, reliable, and customizable REST APIs for their projects.", "endpoint": " http://example.com/api/v2/myservice/call_method.", "homePage": "http://wiki.dreamfactory.com/DreamFactory/Features/SOAP_Services", "primaryCategory": "Backend", "secondaryCategories": "Application Development, Backend-as-a-Service, Cloud, Email, Mobile, NoSQL, Notifications, Open Source, SQL", "provider": "DreamFactory", "SSL_Support": "Yes", "authentication_Model": "API Key", "version": "2.0", "versionStatus": "Recommended (active, supported)", "type": "Web/Internet", "architecturalStyle": "RPC", "supportedRequestFormats": "SOAP, XML", "supportedResponseFormats": "SOAP, XML", "restrictedAccess": "No"}