{"url": "https://www.programmableweb.com/api/ing-open-banking-confirmation-available-funds-rest-api-v205", "name": "ING Open Banking Confirmation of Available Funds REST API v2.0.5", "description": " The ING Open Banking Confirmation of Availability of Funds API provides secure access to all European ING online accessible payment accounts, to create a confirmation on the availability of funds. ING Open Banking provides a developer platform to programmatically access ING banking account data. It is open banking that supports international networking and omnichannel distribution, with the goal of contributing to a sustainable world.", "endpoint": "https://api.ing.com/v2/funds-confirmations", "homePage": "https://developer.ing.com/api-marketplace/marketplace/0515c236-f712-495e-af8a-69\u2026", "primaryCategory": "Banking", "secondaryCategories": "Data, Financial, Open Source", "provider": "ING", "SSL_Support": "Yes", "authentication_Model": "OAuth 2, Token", "version": "2.0.5", "versionStatus": "Recommended (active, supported)", "type": "Web/Internet", "architecturalStyle": "REST", "supportedRequestFormats": "JSON, URI Query String/CRUD", "supportedResponseFormats": "JSON", "restrictedAccess": "No"}