{"url": "https://www.programmableweb.com/api/tineye-mobileengine-rest-api-v1612", "name": "TinEye MobileEngine REST API v1.6.12", "description": " The MobileEngine API offers an image recognition platform optimized for images taken from a mobile device. The API quickly and accurately matches a user-submitted image to your collection of photos or product images. This can be used to identify pictures of books, wallpapers, magazines, CD covers, artwork and more. MobileEngine is designed to take into account common effects that occur when taking photos with mobile devices, including rotation, occlusion, perspective projection, changing lighting conditions, warps, blurs, flips and crops.", "endpoint": "N/A", "homePage": "https://services.tineye.com/MobileEngine", "primaryCategory": "Recognition", "secondaryCategories": "Classification, Images, Mobile, Search", "provider": "TinEye", "SSL_Support": "Yes", "authentication_Model": "HTTP Basic Auth", "version": "1.6.12", "versionStatus": "Recommended (active, supported)", "type": "Web/Internet", "architecturalStyle": "REST", "supportedRequestFormats": "URI Query String/CRUD", "supportedResponseFormats": "JSON, XML", "restrictedAccess": "Yes"}