{"url": "https://www.programmableweb.com/api/avuxi-topplace-rest-api-v2", "name": "AVUXI TopPlace REST API v2", "description": " AVUXI TopPlace provides worldwide location context and GeoPopularity scores for social activity categories, areas and places. These scores can help website and applicaiton visitors make accommodation choices. The TopPlace Rest API allows users to retrieve GeoPopularity information for analysis and data visualization. Data includes location scores, heat maps, nearby info, points of interest and transport.", "endpoint": "https://admin.avuxi.com/api/v2/", "homePage": "https://admin.avuxi.com/api", "primaryCategory": "Localization", "secondaryCategories": "Location, Mapping, Ratings, Tourism", "provider": "AVUXI", "SSL_Support": "Yes", "authentication_Model": "Unspecified", "version": "2", "versionStatus": "Recommended (active, supported)", "type": "Web/Internet", "architecturalStyle": "REST", "supportedRequestFormats": "JSON, URI Query String/CRUD", "supportedResponseFormats": "JSON", "restrictedAccess": "No"}