{"url": "https://www.programmableweb.com/api/affinda-rest-api-v1", "name": "Affinda REST API v1", "description": " Affinda offers AI-powered OCR invoice extraction and resume parser & matcher services. The Affinda API enables users to extract data from invoices, plus manage resume parser functions, resume reactor functions and resume reformatter functions. From the provider: \"Affinda\u2019s Invoice extractor is one of the best online tools and APIs for automated invoice parsing. Its machine-learning technology automates invoice data parsing \u2014 giving you more time to focus on growing your business.\"", "endpoint": "https://api.affinda.com/v1/", "homePage": "https://affinda.com/invoice-extractor/", "primaryCategory": "Parsing", "secondaryCategories": "Extraction, Invoicing, OCR", "provider": "Affinda Software", "SSL_Support": "Yes", "authentication_Model": "HTTP Basic Auth, Token", "version": "1", "versionStatus": "Active (supported, scheduled for retirement)", "type": "Browser", "architecturalStyle": "REST", "supportedRequestFormats": "JSON, URI Query String/CRUD", "supportedResponseFormats": "JSON", "restrictedAccess": "No"}