{"url": "https://www.programmableweb.com/api/bonapi-ingredient-alternatives-rest-api-v10", "name": "BonAPI Ingredient Alternatives REST API v1.0", "description": " BonAPI is the world\u2019s first data-driven ingredient replacement algorithm. An integrable solution for recipe apps and websites offering their users ingredient alternative suggestions to suit dietary requirements. Any recipe can become vegetarian, vegan or allergen free with the click of a button. Allows ingredient substitutions based on dietary requirements, allergies/food intolerances as well as cooking technique. Returns best alternatives, similarity scores and nutritional information of ingredients.", "endpoint": "N/A", "homePage": "https://bon-api.com", "primaryCategory": "Food", "secondaryCategories": "Dieting, Nutrition", "provider": "BonAPI", "SSL_Support": "Yes", "authentication_Model": "Token", "version": "1.0", "versionStatus": "Recommended (active, supported)", "type": "Web/Internet", "architecturalStyle": "REST", "supportedRequestFormats": "URI Query String/CRUD", "supportedResponseFormats": "JSON", "restrictedAccess": "Yes"}