{"url": "https://www.programmableweb.com/api/atmosphere-nitrous-oxide-levels-rest-api-v10", "name": "Atmosphere nitrous oxide levels REST API v1.0", "description": " This API provides on a monthly basis, the amount of nitrous oxide in the atmosphere from 2001. Expressed as a mole fraction in dry air, parts per million (ppm).", "endpoint": "https://global-warming.org/api/nitrous-oxide-api", "homePage": "https://global-warming.org", "primaryCategory": "Climate", "secondaryCategories": "Environment, Science, Sustainability", "provider": "Independent Developer", "SSL_Support": "Yes", "authentication_Model": "N/A", "version": "1.0", "versionStatus": "Recommended (active, supported)", "type": "Web/Internet", "architecturalStyle": "REST", "supportedRequestFormats": "JSON", "supportedResponseFormats": "JSON", "restrictedAccess": "No"}