{"url": "https://www.programmableweb.com/api/q-emotion-text-to-emotions-premium-rest-api-v1", "name": "Q emotion Text to Emotions Premium REST API v1", "description": " The Q emotion Text to Emotions Premium API detects emotional indicators in submitted text to determine the emotional index, key primary emotions, and main sensations expressed in the text. This API can be used to monitor customer experiences, build better products, and improve text-base communications. Q emotion's artificial intelligence solution has been developed based on millions of tests on actual feedback.", "endpoint": "http://dashboard.qemotion.com/api/v1", "homePage": "https://www.qemotion.com/api.html", "primaryCategory": "Sentiment", "secondaryCategories": "Artificial Intelligence, Natural Language Processing, Text", "provider": "Q emotion", "SSL_Support": "Yes", "authentication_Model": "API Key, Token", "version": "1", "versionStatus": "Recommended (active, supported)", "type": "Web/Internet", "architecturalStyle": "REST", "supportedRequestFormats": "JSON, URI Query String/CRUD", "supportedResponseFormats": "JSON", "restrictedAccess": "Yes"}