{"url": "https://www.programmableweb.com/api/mapbox-matrix-rest-api-v10", "name": "Mapbox Matrix REST API v1.0", "description": " The Mapbox Matrix API returns travel times between many points and returns a matrix of all travel times between the locations. It will always return the duration on the fastest route and durations between points may not be symmetric, as the routes may differ by direction due to one-way streets or turn restrictions. It allows you to build tools that check the reachability of coordinates from each other, filter points by travel time, or run your own algorithms for solving optimization problems. The Matrix API returns durations in seconds and does not return route geometries or distances. Mapbox is an open source mapping platform for developers that provides tools for Maps and location data, Location based games, VR and AR applications and more.", "endpoint": "https://api.mapbox.com/directions-matrix/v1", "homePage": "https://www.mapbox.com/api-documentation/?language=cURL#matrix", "primaryCategory": "Mapping", "secondaryCategories": "Geography, Location, Travel, Visualizations", "provider": "Mapbox", "SSL_Support": "Yes", "authentication_Model": "Token", "version": "1.0", "versionStatus": "Recommended (active, supported)", "type": "Web/Internet", "architecturalStyle": "REST", "supportedRequestFormats": "URI Query String/CRUD", "supportedResponseFormats": "CSV, GeoJSON, JSON, XML", "restrictedAccess": "No"}