{"url": "https://www.programmableweb.com/api/b-reputation-rest-api-v1", "name": "B-Reputation REST API v1", "description": " The B-Reputation API offers access to a business database. Developers can request data by using GET methods. Information offered by this RESTful API includes companies' basic information, reviews, and summaries. JSON is used for data exchange, and API Keys for authentication. B-Reputation is a platform for clients and employees to review companies.", "endpoint": "https://api.b-reputation.com", "homePage": "https://developers.b-reputation.com/index.html", "primaryCategory": "Ratings", "secondaryCategories": "Business, Reputation", "provider": "B-Reputation", "SSL_Support": "Yes", "authentication_Model": "API Key, Token", "version": "1", "versionStatus": "Recommended (active, supported)", "type": "Web/Internet", "architecturalStyle": "REST", "supportedRequestFormats": "URI Query String/CRUD", "supportedResponseFormats": "CSV, GeoJSON, JSON, XML", "restrictedAccess": "Yes"}