{"url": "https://www.programmableweb.com/api/vonage-nexmo-sms-rest-api-v10", "name": "Vonage Nexmo SMS REST API v1.0", "description": " The Vonage Nexmo SMS API allows developers to integrate their applications with the Nexmo SMS services, enabling their users to send and receive messages through Nexmo directly from their applications. Nexmo provides customers a way to communicate with one another domestically and internationally.", "endpoint": "https://rest.nexmo.com/sms", "homePage": "https://developer.nexmo.com/messaging/sms/overview", "primaryCategory": "Messaging", "secondaryCategories": "Telephony", "provider": "Vonage", "SSL_Support": "Yes", "authentication_Model": "API Key, Shared Secret", "version": "1.0", "versionStatus": "Recommended (active, supported)", "type": "Web/Internet", "architecturalStyle": "REST", "supportedRequestFormats": "JSON, URI Query String/CRUD, XML", "supportedResponseFormats": "JSON, XML", "restrictedAccess": "No"}