{"url": "https://www.programmableweb.com/api/metalpriceapi-rest-api-v100", "name": "MetalpriceAPI REST API v1.0.0", "description": " This API offers real-time prices and quotes for metals including Gold, Silver, Palladium, Platinum and other base metals. Includes client libraries for the most popular programming languages. Get up and running in less than 5 minutes.", "endpoint": "N/A", "homePage": "https://metalpriceapi.com/", "primaryCategory": "Financial", "secondaryCategories": "N/A", "provider": "MetalpriceAPI", "SSL_Support": "Yes", "authentication_Model": "API Key", "version": "1.0.0", "versionStatus": "Recommended (active, supported)", "type": "Product", "architecturalStyle": "REST", "supportedRequestFormats": "JSON", "supportedResponseFormats": "JSON", "restrictedAccess": "No"}