{"url": "https://www.programmableweb.com/api/vonage-nexmo-application-rest-api-v20", "name": "Vonage Nexmo Application REST API v2.0", "description": " The Vonage Nexmo Application API allows developers to manage their applications built with Nexmo/Vonage. It can be used to create an application, list available applications, get an application, update an application, and delete an application. Version 2 of the API is backwards compatible with version 1, meaning that APIs created with version 1 of the API can also be managed using this version. This API is part of a suite provided by Vonage (formerly Nexmo) for managing customer communications.", "endpoint": "https://api.nexmo.com/v2/applications", "homePage": "https://developer.nexmo.com/application/overview", "primaryCategory": "Application Development", "secondaryCategories": "Applications, Messaging, Telephony", "provider": "Vonage", "SSL_Support": "Yes", "authentication_Model": "API Key, Shared Secret", "version": "2.0", "versionStatus": "Recommended (active, supported)", "type": "Web/Internet", "architecturalStyle": "REST", "supportedRequestFormats": "JSON, URI Query String/CRUD", "supportedResponseFormats": "JSON", "restrictedAccess": "No"}