{"url": "https://www.programmableweb.com/api/supertokens-rest-api-v10", "name": "SuperTokens REST API v1.0", "description": " The SuperTokens API enables developers to integrate session management functionalities with their applications to prevent and detect attacks. SuperTokens supports biometrics, SMS or Email OTP, short and long lived tokens, refreshing sessions, Token theft detection, and Secret Key rotation. SuperTokens effectively implements Refresh Token Rotation as per the IETF RFC 6819 standard, and JSON Web Token sign-in Key Rotations.", "endpoint": "http://api.example.com/api/", "homePage": "https://supertokens.io/docs/pro/tech-stack", "primaryCategory": "Security", "secondaryCategories": "Authentication, Biometrics, Management", "provider": "SuperTokens", "SSL_Support": "No", "authentication_Model": "OAuth 2", "version": "1.0", "versionStatus": "Recommended (active, supported)", "type": "Product", "architecturalStyle": "REST", "supportedRequestFormats": "URI Query String/CRUD", "supportedResponseFormats": "JSON", "restrictedAccess": "Yes"}