{"url": "https://www.programmableweb.com/api/open-people-search-rest-api-v1", "name": "Open People Search REST API v1", "description": " Use the Open People Search API for people, address, phone, email, and work data lookups. Finally, a consumer data API for developers without all the hassles!", "endpoint": "https://api.openpeoplesearch.com/v1", "homePage": "https://api.openpeoplesearch.com", "primaryCategory": "Data", "secondaryCategories": "Open Data", "provider": "The Open Data People", "SSL_Support": "Yes", "authentication_Model": "Token", "version": "1", "versionStatus": "Recommended (active, supported)", "type": "of License if Non Proprietary Apache 2.0", "architecturalStyle": "REST", "supportedRequestFormats": "JSON, URI Query String/CRUD", "supportedResponseFormats": "JSON", "restrictedAccess": "No"}