{"url": "https://www.programmableweb.com/api/emergdet-emergency-vehicles-detection-rest-api-v10", "name": "EmergDet Emergency Vehicles Detection REST API v1.0", "description": " Emergency Vehicles Detection API, EmergDet, detects and localizes lit beacons of emergency vehicles (police, ambulance, fire fighters) in an input photo using artificial intelligenge and a powerful cloud infrastructure. From the provider: \"Emergency Vehicles Detection API - EmergDet (also known as Lit Beacons Detection API or Emergency Auto Detection API) is a cross browsers REST API which get a JSON input with a still photo (as base64 encoded string), containing emergency vehicles with lit beacons (like police, ambulance, fire fighters vehicles) and returns a JSON string which contains a base64 encoded string photo with rectangles drawn over Lit Beacons of Emergency Vehicles, confidence score, timestamp, vertices for bounding boxes of Emergency Vehicles Lit Beacons. Of course, there are some limitations in order to get a higher accuracy. We recommend properly exposed, unobstructed JPEG photos at 1920x1080 (full HD resolution) where the lit beacons are clear and focused. If the lit beacons are too small or blured, the accuracy is lower and the AI algorithm may not see the lit beacons. The lit beacons must be focalized, with powerful glow, with details very clear. We do not store pictures. Also, the quality and the angles of the camera are very important and it contribute to a higher reading accuracy. It should have varifocal lenses, high shutter speed, good infrared lighting beam, full HD resolution. Allthough this Automatic Emergency Vehicles Detection API (currently we do not offer a Emergency Vehicles Detection sdk) is intended for software development and therefore developers, we have also here an Emergency Vehicles Detection online application that may be used to check the input and output JSONs of the API. The necessary steps are written below, basically for this real time Emergency Vehicles Detection API you send an authorized POST request in JSON format to the API endpoint and you get as JSON response the output as described below through parameters and examples. This Emergency Vehicles Detection API is useful for a number of domains like apps for detecting: lit beacons of emergency vehicles in traffic, smart cities, smart traffic lights etc. You own the commercial copyright of the resulted JSON with no additional fee meaning you may use it in your own apps for sale.\"", "endpoint": "https://www.de-vis-software.ro/emergdet.aspx", "homePage": "https://www.de-vis-software.ro/emergency-vehicles-detection-api.aspx", "primaryCategory": "Artificial Intelligence", "secondaryCategories": "Auto, Fire, Police, Recognition", "provider": "DE VIS Software", "SSL_Support": "Yes", "authentication_Model": "HTTP Basic Auth", "version": "1.0", "versionStatus": "Recommended (active, supported)", "type": "Web/Internet", "architecturalStyle": "REST", "supportedRequestFormats": "JSON", "supportedResponseFormats": "JSON", "restrictedAccess": "No"}