{"url": "https://www.programmableweb.com/api/rapyd-point-sale-webhooks-streaming-api-v10", "name": "Rapyd Point-of-Sale Webhooks Streaming API v1.0", "description": " The Rapyd Point-of-Sale Webhooks API provides payment confirmation notification whenever a deposit is initiated at a Rapyd point-of-sale location. It confirms that a customer made a payment request and contains fields for amount, currency, phone number and type. The Rapyd Point-of-Sale API provides methods for handling cash at Rapyd POS locations. Rapyd is a Fintech platform to integrate local payment capabilities into applications, to build services for fintech applications to integrate payment functionality globally.", "endpoint": "N/A", "homePage": "https://docs.rapyd.net/reference#webhook-payment-completion", "primaryCategory": "Financial", "secondaryCategories": "Payments, Webhooks", "provider": "Rapyd Financial Network", "SSL_Support": "Yes", "authentication_Model": "API Key", "version": "1.0", "versionStatus": "Recommended (active, supported)", "type": "Web/Internet", "architecturalStyle": "Streaming", "supportedRequestFormats": "Webhooks", "supportedResponseFormats": "JSON, URI Query String/CRUD", "restrictedAccess": "No"}