{"url": "https://www.programmableweb.com/api/national-palace-museum-open-data-rest-api-v1", "name": "National Palace Museum Open Data REST API v1", "description": " Taiwan's National Palace Museum offers an API for retrieving data about objects in the museum's collection. Use this API to get data including title of artifact, art subject, slogan, room in museum, category, artist and more. Located in Taipei, Taiwan, the National Palace Museum has a permanent collection of nearly 700,000 pieces of ancient Chinese imperial artifacts and artworks.", "endpoint": "https://openapi.npm.gov.tw/v1/rest/", "homePage": "https://theme.npm.edu.tw/opendata/?lang=2", "primaryCategory": "Museums", "secondaryCategories": "Art, Open Data", "provider": "National Palace Museum", "SSL_Support": "Yes", "authentication_Model": "API Key", "version": "1", "versionStatus": "Recommended (active, supported)", "type": "Web/Internet", "architecturalStyle": "REST", "supportedRequestFormats": "JSON", "supportedResponseFormats": "JSON", "restrictedAccess": "No"}