{"url": "https://www.programmableweb.com/api/locationscloud-rest-api-v1", "name": "LocationsCloud REST API v1", "description": " LocationsCloud API scrapes data about retail store locations. Data includes store name, store ID, address, geocoordinates, amenities, store hours, payment options, address, email, phone, products and more. Developers need to contact the provider for API and documentation access.", "endpoint": "N/A", "homePage": "https://www.locationscloud.com/all-data/", "primaryCategory": "Data Mining", "secondaryCategories": "Data, Extraction, Location, Products", "provider": "LocationsCloud", "SSL_Support": "Yes", "authentication_Model": "Unspecified", "version": "1", "versionStatus": "Pre-release", "type": "Web/Internet", "architecturalStyle": "REST", "supportedRequestFormats": "Unspecified", "supportedResponseFormats": "CSV, JSON, XML", "restrictedAccess": "No"}