{"url": "https://www.programmableweb.com/api/pdfco-barcode-generator-rest-api-v1", "name": "PDF.Co Barcode Generator REST API v1", "description": " The PDF.Co Barcode Generator API creates a barcode from an URL. Developers can use an API Key to authenticate, send GET requests, and receive JSON responses in return.", "endpoint": "https://api.pdf.co/v1/barcode/generate", "homePage": "https://pdf.co/barcode-generator-api", "primaryCategory": "Barcodes", "secondaryCategories": "Automation, Big Data, Business, Software-as-a-Service", "provider": "PDF.co", "SSL_Support": "Yes", "authentication_Model": "API Key", "version": "1", "versionStatus": "Recommended (active, supported)", "type": "Web/Internet", "architecturalStyle": "REST", "supportedRequestFormats": "JSON, URI Query String/CRUD", "supportedResponseFormats": "JSON", "restrictedAccess": "No"}