{"url": "https://www.programmableweb.com/api/expertai-natural-language-rest-api-v10", "name": "expert.ai Natural Language REST API v1.0", "description": " The expert.ai Natural Language API is a cloud-based REST service to access and interact with Expert System's Natural Language API interface. It provides a way to analyze and classify a document and add language intelligence and deep language understanding to applications. Expert System provides AI-driven natural language solutions to increase business intelligence.", "endpoint": "https://nlapi.expert.ai/v1", "homePage": "https://docs.expert.ai/nlapi/v1/reference", "primaryCategory": "Natural Language Processing", "secondaryCategories": "Artificial Intelligence, Cloud", "provider": "Expert System", "SSL_Support": "Yes", "authentication_Model": "Token", "version": "1.0", "versionStatus": "Recommended (active, supported)", "type": "Web/Internet", "architecturalStyle": "REST", "supportedRequestFormats": "URI Query String/CRUD", "supportedResponseFormats": "JSON", "restrictedAccess": "No"}