{"url": "https://www.programmableweb.com/api/gps-data-service-rest-api-v1", "name": "GPS Data as a Service REST API v1", "description": " The GPS Data as a Service API allows developers to store, handle, and manage GPS data in the cloud. The service takes care of infrastructure, databases, backups, and system performance and scales quickly to handle millions of GPS records. GPS Data as a Service analyzes GPS data in real time so that developers can use it to drive applications and services. It can also provide reports on analyzed data.", "endpoint": "https://www.logistricsservices.com", "homePage": "https://www.logistricsservices.com", "primaryCategory": "Location", "secondaryCategories": "Backup, Data, Database, Logistics", "provider": "Little Services Gateway", "SSL_Support": "Yes", "authentication_Model": "N/A", "version": "1", "versionStatus": "Recommended (active, supported)", "type": "Web/Internet", "architecturalStyle": "REST", "supportedRequestFormats": "JSON, URI Query String/CRUD, XML", "supportedResponseFormats": "JSON, XML", "restrictedAccess": "No"}