{"url": "https://www.programmableweb.com/api/telnyx-lrn-data-rest-api-v11", "name": "Telnyx LRN Data REST API v1.1", "description": " The Telnyx LRN Data API allows users to look up Local Routing Number (LRN/LNP) information. This service uses two endpoints for Get LRNAPI and Get Extended LRNAPI. Use it for routing based on whether the number has been ported, billing, modeling legitimate calls and more. Telnyx supports access to a communications platform and API with carrier-grade voice, data and messaging capabilities.", "endpoint": "https://lrnlookup.telnyx.com/v1.1", "homePage": "https://developers.telnyx.com/docs/api/v1/lrn-data", "primaryCategory": "Platform-as-a-Service", "secondaryCategories": "Data, Messaging, Telephony, Voice", "provider": "Telnyx", "SSL_Support": "Yes", "authentication_Model": "Token", "version": "1.1", "versionStatus": "Recommended (active, supported)", "type": "Web/Internet", "architecturalStyle": "REST", "supportedRequestFormats": "URI Query String/CRUD", "supportedResponseFormats": "XML", "restrictedAccess": "Yes"}