{"url": "https://www.programmableweb.com/api/myradar-weather-and-nowcasting-rest-api-v099", "name": "MyRadar Weather and Nowcasting REST API v0.99", "description": " The MyRadar Weather and Nowcasting API offers its in-house industry-leading nowcasting support, including up-to-the-minute rain prediction using our patent-pending algorithms. It is also a drop-in replacement for the former Dark Sky API. Interested developers should contact andy@myradar.com for API release information.", "endpoint": "http://myradar.com", "homePage": "http://myradar.com", "primaryCategory": "Weather", "secondaryCategories": "Environment", "provider": "Acme Atron-o-matic", "SSL_Support": "Yes", "authentication_Model": "Unspecified", "version": "0.99", "versionStatus": "Pre-release", "type": "Web/Internet", "architecturalStyle": "REST", "supportedRequestFormats": "Unspecified", "supportedResponseFormats": "Unspecified", "restrictedAccess": "Yes"}