{"url": "https://www.programmableweb.com/api/chemspider-rest-api-v10", "name": "ChemSpider REST API v1.0", "description": " The ChemSpider REST API enables developers to work with ChemSpider's database of chemical structures, properties, and associated information. This API is replacing ChemSpider's legacy SOAP API. The new API comes with improvements to endpoint structure, payload validation, error handling, security, and developer support materials. ChemSpider is a free chemical structure database that provides search access to more than 67 million structures from hundreds of data sources.", "endpoint": "https://api.rsc.org/compounds/v1", "homePage": "https://developer.rsc.org/", "primaryCategory": "Science", "secondaryCategories": "Chemistry, Reference", "provider": "Royal Society of Chemistry", "SSL_Support": "Yes", "authentication_Model": "API Key", "version": "1.0", "versionStatus": "Recommended (active, supported)", "type": "Web/Internet", "architecturalStyle": "REST", "supportedRequestFormats": "Text, URI Query String/CRUD", "supportedResponseFormats": "Unspecified", "restrictedAccess": "No"}