{"url": "https://www.programmableweb.com/api/climatekuul-rest-api-v10", "name": "Climatekuul REST API v1.0", "description": " Climatekuul API enables applications to apply carbon footprint offsets to applications for e-commerce deliveries, carshare, rideshare, trucking and fleet management, food and parcel delivery, air travel and more.", "endpoint": "http://api.climatekuul.com/", "homePage": "http://api.climatekuul.com/docs/", "primaryCategory": "Sustainability", "secondaryCategories": "Air Travel, Climate, eCommerce", "provider": "Mithqal Digital", "SSL_Support": "No", "authentication_Model": "API Key", "version": "1.0", "versionStatus": "Active (supported, scheduled for retirement)", "type": "Web/Internet", "architecturalStyle": "REST", "supportedRequestFormats": "JSON, URI Query String/CRUD", "supportedResponseFormats": "JSON", "restrictedAccess": "No"}