{"url": "https://www.programmableweb.com/api/digireality-rpc-api-v142", "name": "Digireality RPC API v1.42", "description": " The Digireality API is a complete API for managing your offers on the server. It is a Real Estate Finder for the Czech Republic that provides daily searches of real estate agencies that allows searching and sorting of offers. This includes support for; addAdvert, addPhoto, addProject, addSeller, addVideo and more.", "endpoint": "https://www.digireality.cz/api/sreality", "homePage": "https://www.digireality.cz", "primaryCategory": "Real Estate", "secondaryCategories": "Classifieds", "provider": "Abago Holding", "SSL_Support": "Yes", "authentication_Model": "Session", "version": "1.42", "versionStatus": "Recommended (active, supported)", "type": "Web/Internet", "architecturalStyle": "RPC", "supportedRequestFormats": "SOAP, XML", "supportedResponseFormats": "SOAP, XML", "restrictedAccess": "Yes"}