{"url": "https://www.programmableweb.com/api/unicorn-nlp-sentiment-analysis-app-reviews-rest-api-v12", "name": "Unicorn NLP Sentiment Analysis for App Reviews REST API v1.2", "description": " Unicorn NLP Sentiment Analysis for App Reviews API is a Language Understanding API specially designed for App Reviews. It consists of 74 dedicated Semantic Models designed to process App Reviews. These models were trained on a general dataset of app reviews. Contact us to train it on your data and create additional customized semantic models. For more information visit our website. Product site: http://unicornnlp.com/?Sentiment-Analysis-2.0-for-App-ReviewsAPI", "endpoint": "N/A", "homePage": "https://rapidapi.com/unicornNLP/api/sentiment-analysis-2_0-for-app-reviews", "primaryCategory": "Natural Language Processing", "secondaryCategories": "Sentiment", "provider": "Unicorn NLP", "SSL_Support": "Yes", "authentication_Model": "API Key, HTTP Basic Auth", "version": "1.2", "versionStatus": "Recommended (active, supported)", "type": "Web/Internet", "architecturalStyle": "REST", "supportedRequestFormats": "JSON, URI Query String/CRUD", "supportedResponseFormats": "JSON", "restrictedAccess": "No"}