{"url": "https://www.programmableweb.com/api/amazon-alexa-skill-voice-service-rest-api-v20160207", "name": "Amazon Alexa Skill Voice Service REST API v20160207", "description": " The Amazon Alexa Skill Voice Service API returns HTTP data to enable voice commands. Developers can integrate music playback, timers and alarms, package tracking, movie listings, and calendar management.", "endpoint": "https://avs-alexa-na.amazon.com", "homePage": "https://developer.amazon.com/docs/alexa-voice-service/api-overview.html", "primaryCategory": "Hardware", "secondaryCategories": "Artificial Intelligence", "provider": "Amazon", "SSL_Support": "Yes", "authentication_Model": "HTTP Basic Auth, Other/Custom", "version": "20160207", "versionStatus": "Recommended (active, supported)", "type": "Web/Internet", "architecturalStyle": "REST", "supportedRequestFormats": "JSON, URI Query String/CRUD", "supportedResponseFormats": "JSON", "restrictedAccess": "No"}