{"url": "https://www.programmableweb.com/api/myparcel-core-rest-api-v204", "name": "MyParcel Core REST API v2.0.4", "description": " The MyParcel Core API integrates shipment features into applications. Based in Netherlands, MyParcel provides a RESTlike architecture with JSON data in HTTPS format to deliver CSV responses. Developers can access delivery type, shipment status, and time stamp content, available as resource with HTTP basic authentication.", "endpoint": "https://api.myparcel.nl/", "homePage": "https://myparcelnl.github.io/api/", "primaryCategory": "Shipping", "secondaryCategories": "European, Location, Ordering, Prices", "provider": "MyParcel", "SSL_Support": "Yes", "authentication_Model": "HTTP Basic Auth", "version": "2.0.4", "versionStatus": "Recommended (active, supported)", "type": "Web/Internet", "architecturalStyle": "REST", "supportedRequestFormats": "JSON, URI Query String/CRUD", "supportedResponseFormats": "CSV, JSON, PDF", "restrictedAccess": "No"}