{"url": "https://www.programmableweb.com/api/omdb-rest-api-v1", "name": "OMDb REST API v1", "description": " Use the OMDb (Open Movie Database) API to search data from the IMDb (Internet Movie Database). The API uses HTTP methods and can return data in either JSON or XML. Use the OMDb API to search for movies by title, IMDb identifier, date released, season or episode. The API also retrieves plot information and Rotten Tomatoes ratings. Developers should note that the Poster API is currently available to paid members. See the API documentation for full method descriptions and example instances.", "endpoint": "http://www.omdbapi.com/?", "homePage": "http://www.omdbapi.com/", "primaryCategory": "Reference", "secondaryCategories": "Media, Movies, Search, TV", "provider": "Independent Developer", "SSL_Support": "No", "authentication_Model": "API Key", "version": "1", "versionStatus": "Recommended (active, supported)", "type": "Web/Internet", "architecturalStyle": "REST", "supportedRequestFormats": "URI Query String/CRUD", "supportedResponseFormats": "JSON, XML", "restrictedAccess": "Yes"}