{"url": "https://www.programmableweb.com/api/mapbox-optimization-rest-api-v10", "name": "Mapbox Optimization REST API v1.0", "description": " The Mapbox Optimization API returns a duration-optimized route between the input coordinates. It allows you plan the route for deliveries in a city that can be retrieved for car driving, bicycling, walking or hiking. Mapbox is an open source mapping platform for developers that provides tools for Maps and location data, Location based games, VR and AR applications and more.", "endpoint": "https://api.mapbox.com/optimized-trips/v1", "homePage": "https://www.mapbox.com/api-documentation/#optimization", "primaryCategory": "Mapping", "secondaryCategories": "Geography, Location, Optimization, Visualizations", "provider": "Mapbox", "SSL_Support": "Yes", "authentication_Model": "Token", "version": "1.0", "versionStatus": "Recommended (active, supported)", "type": "Web/Internet", "architecturalStyle": "REST", "supportedRequestFormats": "URI Query String/CRUD", "supportedResponseFormats": "CSV, GeoJSON, JSON, XML", "restrictedAccess": "No"}