{"url": "https://www.programmableweb.com/api/rocketlaunchlive-rest-api-v1", "name": "RocketLaunch.Live REST API v1", "description": " RocketLaunch.Live tracks and lists orbital rocket launches and launch data. The RocketLaunch.Live API gives programmatic access to the data to developers, including historical data. API methods are available for data about launches and companies, including name of launch, vehicle, mission, pad, description, launch window, T time, weather information, media, result and much more.", "endpoint": "https://fdo.rocketlaunch.live/json/", "homePage": "https://www.rocketlaunch.live/api", "primaryCategory": "Astronomy", "secondaryCategories": "Air Travel, Military, Science", "provider": "RocketLaunch.Live", "SSL_Support": "Yes", "authentication_Model": "API Key", "version": "1", "versionStatus": "Recommended (active, supported)", "type": "Web/Internet", "architecturalStyle": "REST", "supportedRequestFormats": "JSON", "supportedResponseFormats": "JSON", "restrictedAccess": "No"}