{"url": "https://www.programmableweb.com/api/moipayway-rest-api-v2", "name": "MoiPayWay REST API v2", "description": " MoiPayWay API enables financial transactions and enterprise solutions in a variety of organizational settings, businesses, and industries with one API. Build services such as Loan, mobile banking, school portal, health management portal, e-commerce and so much more. API Methods are available to manage functions for User, Fetch, Merchant, Order, Product, Checkout and more.", "endpoint": "https://api.moipayway.com", "homePage": "https://moipayway.com", "primaryCategory": "Enterprise", "secondaryCategories": "Financial, Infrastructure-as-a-Service, Integration, Loans, Open Banking", "provider": "MoiPayWay", "SSL_Support": "Yes", "authentication_Model": "API Key, Token", "version": "2", "versionStatus": "Recommended (active, supported)", "type": "Web/Internet", "architecturalStyle": "REST", "supportedRequestFormats": "JSON, URI Query String/CRUD", "supportedResponseFormats": "JSON", "restrictedAccess": "No"}