{"url": "https://www.programmableweb.com/api/answergarden-rest-api-v1", "name": "AnswerGarden REST API v1", "description": " AnswerGarden is a feedback tool used for real time audience participation, online brainstorming and classroom feedback. The AnswerGarden API enables developers to retrieve data from AnswerGarden and use it in their own applications. Obtain question data, answer data, total number of responses, or a complete data chunk with the API.", "endpoint": "https://answergarden.ch/api/all/", "homePage": "https://answergarden.ch/AnswerGarden-API/", "primaryCategory": "Q&A", "secondaryCategories": "Education, Feedback", "provider": "AnswerGarden", "SSL_Support": "Yes", "authentication_Model": "Unspecified", "version": "1", "versionStatus": "Recommended (active, supported)", "type": "Web/Internet", "architecturalStyle": "REST", "supportedRequestFormats": "JSON", "supportedResponseFormats": "JSON", "restrictedAccess": "No"}