{"url": "https://www.programmableweb.com/api/adglare-rest-api-v2", "name": "AdGlare REST API v2", "description": " The AdGlare API returns ad management features for platform as a service solutions. With the API, developers can implement campaigns with impressions, click, conversions, tier, finance, pricing models, and costs as data and creatives with ID, clicks, conversions, and weight data. Developers can authenticate with an API Key that will display JSON formats in return. AdGlare is a white label ad serving platform.", "endpoint": "N/A", "homePage": "https://www.adglare.com/docs/ad-server-api", "primaryCategory": "Advertising", "secondaryCategories": "Campaigns, Platform-as-a-Service", "provider": "AdGlare", "SSL_Support": "Yes", "authentication_Model": "API Key, HTTP Basic Auth", "version": "2", "versionStatus": "Recommended (active, supported)", "type": "Web/Internet", "architecturalStyle": "REST", "supportedRequestFormats": "JSON, URI Query String/CRUD", "supportedResponseFormats": "JSON", "restrictedAccess": "No"}