{"url": "https://www.programmableweb.com/api/predicthq-rest-api-v10", "name": "PredictHQ REST API v1.0", "description": " The PredictHQ API is a gateway to a broad range of scheduled and unscheduled event categories. From public holidays, school holidays and observances, to concerts, festivals, performing arts, community, sports, conferences, expos, daylight savings, airport delays, severe weather, natural disasters and even terror. The API allows users to filter events and integrate it into their target products or applications to operate as a single source of data for events. All events have a numeric ranking so developers have the ability to further filter by major to minor events.", "endpoint": "https://api.predicthq.com/", "homePage": "https://www.predicthq.com/product/api", "primaryCategory": "Events", "secondaryCategories": "Air Travel, Analytics, Business, Community, Holidays, Intelligence, Location, Music, Predictions, Sports, Travel, Weather", "provider": "PredictHQ", "SSL_Support": "Yes", "authentication_Model": "OAuth 2, Token", "version": "1.0", "versionStatus": "Recommended (active, supported)", "type": "Product", "architecturalStyle": "REST", "supportedRequestFormats": "JSON, URI Query String/CRUD", "supportedResponseFormats": "JSON", "restrictedAccess": "No"}