{"url": "https://www.programmableweb.com/api/global-blue-rates-rest-api-v10", "name": "Global Blue Rates REST API v1.0", "description": " The Global Blue Rates API displays a foreign currency code, amount, daily list, and a country num iso code. Developers can include a foreign amount response, foreign currency, rate, inverted rate, validation dates, and response status. Global Blue is a global tax-free shopping guide.", "endpoint": "https://developer.globalblue.com/api", "homePage": "https://developer.globalblue.com/Apis", "primaryCategory": "Tourism", "secondaryCategories": "eCommerce, International, Taxes", "provider": "Global Blue", "SSL_Support": "Yes", "authentication_Model": "API Key", "version": "1.0", "versionStatus": "Recommended (active, supported)", "type": "Web/Internet", "architecturalStyle": "REST", "supportedRequestFormats": "URI Query String/CRUD", "supportedResponseFormats": "JSON", "restrictedAccess": "No"}