{"url": "https://www.programmableweb.com/api/world-cup-json-rest-api-v10", "name": "World Cup in JSON REST API v1.0", "description": " This is an API for the World Cup, Women's World Cup, and World Cup in 2018. World Cup in JSON is an API that scrapes current match results for the World Cup. The API can retrieve information on the current day's soccer matches, the match in progress, matches for a given country, results for teams, a list of all teams participating in the World Cup, and data for all football matches.", "endpoint": "http://worldcup.sfg.io/matches", "homePage": "http://worldcup.sfg.io", "primaryCategory": "Sports", "secondaryCategories": "N/A", "provider": "Software For Good", "SSL_Support": "No", "authentication_Model": "Unspecified", "version": "1.0", "versionStatus": "Recommended (active, supported)", "type": "of License if Non Proprietary MIT or GPL licensed", "architecturalStyle": "REST", "supportedRequestFormats": "JSON, JSONP, URI Query String/CRUD", "supportedResponseFormats": "JSON, JSONP", "restrictedAccess": "No"}