{"url": "https://www.programmableweb.com/api/uber-driver-rest-api-v1", "name": "Uber Driver REST API v1", "description": " The Uber Driver API can access identity, ratings, trip details, and earnings, providing limited online access to developers interested in creating online applications. OAuth2 is available for authentication to send GET requests and receive responses in return. Test the sandbox at https://developer.uber.com/docs/drivers/guides/sandbox", "endpoint": "https://www.uber.com", "homePage": "https://developer.uber.com/docs/drivers/", "primaryCategory": "Auto", "secondaryCategories": "Identity, Ratings, Transportation", "provider": "Uber", "SSL_Support": "Yes", "authentication_Model": "OAuth 2, Token", "version": "1", "versionStatus": "Recommended (active, supported)", "type": "Product", "architecturalStyle": "REST", "supportedRequestFormats": "JSON, URI Query String/CRUD", "supportedResponseFormats": "JSON", "restrictedAccess": "Yes"}