{"url": "https://www.programmableweb.com/api/truid-simcheck-rest-api-v01", "name": "tru.ID SIMCheck REST API v0.1", "description": " The tru.ID SIMCheck API provides information on when a SIM card associated with a mobile phone number last changed. With a sharp increase in incidence of fraud on mobile devices, protecting customer data through a secure second factor is no longer an optional nicety. You may have verified a possession factor, and yet the individual in possession of the expected phone number may be a malicious actor. Active SIMCheck enables you to check whether there's been any change to the subscriber \u2014 the telco identity associated with the SIM card \u2014 so you can confidently approve or step-up challenge any authentication attempts.", "endpoint": "N/A", "homePage": "https://developer.tru.id", "primaryCategory": "Telephony", "secondaryCategories": "Authentication, Verification", "provider": "4Auth Limited", "SSL_Support": "Yes", "authentication_Model": "OAuth 2, Token", "version": "0.1", "versionStatus": "Recommended (active, supported)", "type": "Web/Internet", "architecturalStyle": "REST", "supportedRequestFormats": "JSON, URI Query String/CRUD", "supportedResponseFormats": "JSON", "restrictedAccess": "No"}