{"url": "https://www.programmableweb.com/api/predix-parking-planning-streaming-api-v1", "name": "Predix Parking Planning Streaming API v1", "description": " The Parking Planning API offers parking metadata obtained from lighting sensors in parking lots and along public roadways. Information such as real time occupancy status is available. This REST API returns data in JSON format, and uses OAuth 2 and Tokens for authentication. Predix is an industrial software platform developed by General Electric Digital which aims to improve asset performance management (APM), operations, and business.", "endpoint": "https://ie-parking.run.aws-usw02-pr.ice.predix.io", "homePage": "https://www.predix.io/services/service.html?id=1765", "primaryCategory": "Cities", "secondaryCategories": "Analytics, Environment, Parking", "provider": "General Electric", "SSL_Support": "Yes", "authentication_Model": "OAuth 2, Token", "version": "1", "versionStatus": "Recommended (active, supported)", "type": "Web/Internet", "architecturalStyle": "Streaming", "supportedRequestFormats": "JSON, Websockets", "supportedResponseFormats": "JSON, Websockets", "restrictedAccess": "Yes"}