{"url": "https://www.programmableweb.com/api/isports-basketball-rest-api-v12", "name": "iSports Basketball REST API v1.2", "description": " The iSports Basketball API provides data about more than 300 basketball leagues and cups, including matches from 50 countries. Get live scores, lineups, schedules, results, player information, and odds with this API.", "endpoint": "https://www.isportsapi.com/docs?isportsDocIndex=2-17-50", "homePage": "https://www.isportsapi.com/products/basketball", "primaryCategory": "Sports", "secondaryCategories": "API, Data, Data-as-a-Service, Fantasy Sports", "provider": "ISPORTS API", "SSL_Support": "Yes", "authentication_Model": "API Key", "version": "1.2", "versionStatus": "Recommended (active, supported)", "type": "Web/Internet", "architecturalStyle": "REST", "supportedRequestFormats": "JSON, URI Query String/CRUD", "supportedResponseFormats": "JSON", "restrictedAccess": "No"}