{"url": "https://www.programmableweb.com/api/resgrid-rest-api-v2", "name": "Resgrid REST API v2", "description": " Resgrid is a cloud management and logistics platform built specifically for first responder teams. They offer mobile apps to track the real time status of phone responders as well as the location of units in the field. The tools are made specifically for volunteer, search and rescue, fire, and disaster response organizations. Resgrid exposes their core API so that users may integrate the Resgrid service into 3rd party applications. Developers can make GET, PUT, & POST HTTP requests to input and receive JSON-formatted information regarding users, stations, settings, personnel, and general account management. HTTP Authentication is used with individual tokens for \"User\" and \"System.\"", "endpoint": "https://api.resgrid.com/api/v2/", "homePage": "http://api.resgrid.com/Help", "primaryCategory": "Collaboration", "secondaryCategories": "Contacts, Earthquakes, Emergency, Fire, Location, Police, Project Management, Real Time", "provider": "Resgrid", "SSL_Support": "Yes", "authentication_Model": "HTTP Basic Auth, Token", "version": "2", "versionStatus": "Recommended (active, supported)", "type": "Web/Internet", "architecturalStyle": "REST", "supportedRequestFormats": "URI Query String/CRUD", "supportedResponseFormats": "CSV, GeoJSON, JSON, XML", "restrictedAccess": "Yes"}