{"url": "https://www.programmableweb.com/api/canopi-rest-api-v01", "name": "Canopi REST API v0.1", "description": " Canopi is a service that helps businesses with solutions to align product strategies with climate friendly solutions to attain sustainability. The Canopi Climate API analyzes carbon emisson based on activities, transactions, crypto assets, provides insights on how to reduce emissions, and offers carbon removal solutions This API is currenlty offered as closed Beta", "endpoint": "https://api.canopi.cash/v0/", "homePage": "https://www.canopi.cash/services/developer", "primaryCategory": "Sustainability", "secondaryCategories": "Analytics, Cryptocurrency, Transactions", "provider": "Canopi", "SSL_Support": "Yes", "authentication_Model": "API Key", "version": "0.1", "versionStatus": "Pre-release", "type": "Web/Internet", "architecturalStyle": "REST", "supportedRequestFormats": "JSON, URI Query String/CRUD", "supportedResponseFormats": "JSON", "restrictedAccess": "No"}