{"url": "https://www.programmableweb.com/api/orange-bus-and-train-india-and-france-rest-api-v20", "name": "Orange Bus and Train from India and France REST API v2.0", "description": " This API provides Bus and Train information from India and France. The data is collected from railwayapi.com and data.explore.star.fr. It returns vehicleType, Vehicle description, location and more. GSMA represents the interests of mobile operators worldwide, uniting nearly 800 operators with almost 300 companies in the broader mobile ecosystem.", "endpoint": "http://84.39.48.157:1026/v2/", "homePage": "http://apidirectory.connectedliving.gsma.com/", "primaryCategory": "Transportation", "secondaryCategories": "Internet of Things, Travel", "provider": "Orange", "SSL_Support": "No", "authentication_Model": "HTTP Basic Auth", "version": "2.0", "versionStatus": "Recommended (active, supported)", "type": "of License if Non Proprietary MIT", "architecturalStyle": "REST", "supportedRequestFormats": "JSON, URI Query String/CRUD", "supportedResponseFormats": "JSON", "restrictedAccess": "No"}