{"url": "https://www.programmableweb.com/api/google-sheets-rest-api-v4", "name": "Google Sheets REST API v4", "description": " The Google Sheets API allows developers to read, write, and format data in Google Sheets. Users can build pivot tables, enforce cell validation, set frozen rows, adjust column sizes, apply formulas, create charts, and more. The API offers full control over the content and appearance of spreadsheet data. Quickstart guides are provided in many common programming languages", "endpoint": "https://sheets.googleapis.com/v4/", "homePage": "https://developers.google.com/sheets/api/", "primaryCategory": "Spreadsheets", "secondaryCategories": "Data, Office, Tools", "provider": "Google", "SSL_Support": "Yes", "authentication_Model": "API Key, OAuth 2", "version": "4", "versionStatus": "Recommended (active, supported)", "type": "Web/Internet", "architecturalStyle": "REST", "supportedRequestFormats": "JSON, URI Query String/CRUD", "supportedResponseFormats": "JSON", "restrictedAccess": "No"}