{"url": "https://www.programmableweb.com/api/fastah-ip-geolocation-rest-api-v10", "name": "Fastah IP Geolocation REST API v1.0", "description": " The API is powered by AWS which allows for any application to rapidly map visitor's IP address to a city, timezone, and country. The Fastah IP Geolocation API enables geo-targeting, displaying country or city-specific pages, analytics, and data visualization. This platform features REST architecture and requires API Keys for authentication.", "endpoint": "N/A", "homePage": "https://aws.amazon.com/marketplace/pp/B084VR96P3?ref=_ptnr_programmableweb", "primaryCategory": "Location", "secondaryCategories": "Addresses, Analytics, Cities, Content Delivery Network, Countries, Dashboards, eCommerce, Geography, Internet of Things, Localization, Location, Logistics, Networking, Optimization, Visualizations", "provider": "Blackbuck Computing", "SSL_Support": "Yes", "authentication_Model": "API Key", "version": "1.0", "versionStatus": "Recommended (active, supported)", "type": "Web/Internet", "architecturalStyle": "REST", "supportedRequestFormats": "JSON, JSON API", "supportedResponseFormats": "JSON, JSON API", "restrictedAccess": "Yes"}