{"url": "https://www.programmableweb.com/api/alerting-hub-sendalert-rest-api-v3", "name": "Alerting Hub SendAlert REST API v3", "description": " Alerting Hub\u2019s SendAlert API enables you to trigger multiple events from a single REST API transaction. That means you can send SMS, voice and email messages to multiple people through a single, one-off call to our platform. We\u2019ll then handle all of the sending for you, track the results and responses and collate them all under a single reference. We can either send you those results via a callback or you can poll ask us for them via a collection API. If you don\u2019t want any responses, that\u2019s also fine, you can tell us via the API call and we\u2019ll handle that. We\u2019ve also made the platform highly configurable, so there\u2019s a number of options are available to to meet the specific requirements of your solution should the default settings not be enough.", "endpoint": "https://api.alert.alertinghub.co.uk/api/json/sendalert", "homePage": "https://www.alertinghub.net/alerting-hub-omni-channel-api/", "primaryCategory": "Telephony", "secondaryCategories": "Automation, Campaigns, Cloud, Emergency, Messaging, Notifications, Platform-as-a-Service, Scheduling, Text, Text-to-Speech, Voice", "provider": "Alerting Hub", "SSL_Support": "Yes", "authentication_Model": "API Key", "version": "3", "versionStatus": "Recommended (active, supported)", "type": "Web/Internet", "architecturalStyle": "REST", "supportedRequestFormats": "JSON, URI Query String/CRUD", "supportedResponseFormats": "JSON", "restrictedAccess": "No"}