{"url": "https://www.programmableweb.com/api/floodio-rest-api-v2", "name": "Flood.io REST API v2", "description": " The Flood.io API retrieves load testing data to identify issues that cause low performance and customer dissatisfaction. Users can manage Flood test criteria and Flood tests, as well as user accounts. Flood.io is a load testing platform that enables developers to optimize application performance. The API accepts JSON requests, and form-data based requests for application/multipart.", "endpoint": "N/A", "homePage": "https://docs.flood.io/", "primaryCategory": "Testing", "secondaryCategories": "Performance", "provider": "Flood.io, Tricentis", "SSL_Support": "Yes", "authentication_Model": "OAuth 2, Token", "version": "2", "versionStatus": "Recommended (active, supported)", "type": "Web/Internet", "architecturalStyle": "REST", "supportedRequestFormats": "JSON, URI Query String/CRUD", "supportedResponseFormats": "JSON", "restrictedAccess": "No"}