{"url": "https://www.programmableweb.com/api/wistia-player-rest-api-v10", "name": "Wistia Player REST API v1.0", "description": " This JavaScript API supports a number of ways to interact with and control the Wistia video player. It uses the same interface for both Flash and HTML5 versions of the player, and provides functions to accomplish common goals. To use the Player API, you need a \"handle\" to it, which means a javascript variable that is associated with a Wistia video and defines the Player API methods. Wistia is a video hosting service for business.", "endpoint": "http://fast.wistia.com/assets/external/E-v1.js", "homePage": "https://wistia.com/doc/player-api", "primaryCategory": "Video", "secondaryCategories": "Business", "provider": "Wistia", "SSL_Support": "No", "authentication_Model": "OAuth 2", "version": "1.0", "versionStatus": "Recommended (active, supported)", "type": "Web/Internet", "architecturalStyle": "REST", "supportedRequestFormats": "URI Query String/CRUD", "supportedResponseFormats": "CSV, GeoJSON, JSON, XML", "restrictedAccess": "No"}