{"url": "https://www.programmableweb.com/api/ietf-datatracker-rest-api-v1", "name": "IETF Datatracker REST API v1", "description": " Internet Engineering Task Force (IETF) Datatracker contains data about IETF documents, working groups, meetings, agendas, minutes, presentations, and more. IETF Datatracker API provides data in JSON and XML format from the database, including the model collection, the object name, and the object key. The Internet Engineering Task Force develops and promotes voluntary Internet and IP standards.", "endpoint": "https://datatracker.ietf.org/api/v1/", "homePage": "https://datatracker.ietf.org/api/", "primaryCategory": "Standards", "secondaryCategories": "Framework, Open Data", "provider": "IETF, IETF Datatracker", "SSL_Support": "Yes", "authentication_Model": "Unspecified", "version": "1", "versionStatus": "Recommended (active, supported)", "type": "Web/Internet", "architecturalStyle": "REST", "supportedRequestFormats": "JSON, URI Query String/CRUD", "supportedResponseFormats": "JSON, XML", "restrictedAccess": "No"}