{"url": "https://www.programmableweb.com/api/gohiring-multiposting-rest-api-v2", "name": "GOhiring Multiposting REST API v2", "description": " The GOhiring API enables the company's partners to integrate the GOhiring Multiposting system into their online publishing process. Today\u2019s core functionality of the API is to 1. Receive job ads and in return provide partners with a list of recommended job boards for each open position. 2. Publish job ads on the selected job boards. 3. Return posting status information and quantitative statistics. GOhiring provides HR analytics and billing services. We believe there can be far more effective ways of using existing recruitment channels than there is today. This is why we focus on creating the most powerful Multiposting solution on the market that helps employers to identify their ideal sourcing channels and collaborate in a more productive and transparent way.", "endpoint": "https://api.gohiring.com", "homePage": "https://www.gohiring.com/api/", "primaryCategory": "Human Resources", "secondaryCategories": "Classifieds, Jobs", "provider": "GOhiring", "SSL_Support": "Yes", "authentication_Model": "Token", "version": "2", "versionStatus": "Recommended (active, supported)", "type": "Web/Internet", "architecturalStyle": "REST", "supportedRequestFormats": "JSON, URI Query String/CRUD, Form data", "supportedResponseFormats": "JSON", "restrictedAccess": "Yes"}