{"url": "https://www.programmableweb.com/api/sobos-water-levels-worldwide-floodalert-rest-api-v11", "name": "SOBOS Water levels worldwide FloodAlert REST API v1.1", "description": " Our REST API provides programmatic access to read and write historic, current, forecast waterlevel data, station meta data and several related.", "endpoint": "https://api.pegelalarm.at/api/", "homePage": "http://waterlevelapi.com", "primaryCategory": "Water", "secondaryCategories": "Environment", "provider": "SOBOS", "SSL_Support": "Yes", "authentication_Model": "Token", "version": "1.1", "versionStatus": "Active (supported, scheduled for retirement)", "type": "Web/Internet", "architecturalStyle": "REST", "supportedRequestFormats": "JSON", "supportedResponseFormats": "JSON", "restrictedAccess": "Yes"}