{"url": "https://www.programmableweb.com/api/syncro-rest-api-v1", "name": "Syncro REST API v1", "description": " The Syncro API retrieves managed service provider (MSP) services including payments, invoicing, credit card payments, help desk, and email marketing. Developers can authenticate the REST API using a Key. Syncro offers alternatives to integrate with Microsoft Teams, WooCommerce, and credit card processing systems.", "endpoint": "https://your-subdomain.syncromsp.com/api/v1", "homePage": "https://help.syncromsp.com/hc/en-us/articles/115002529993-Syncro-REST-API-Build-\u2026", "primaryCategory": "Platform-as-a-Service", "secondaryCategories": "Credit Cards, Email, Invoicing, Management, Marketing, Payments", "provider": "Syncro", "SSL_Support": "Yes", "authentication_Model": "API Key", "version": "1", "versionStatus": "Recommended (active, supported)", "type": "Web/Internet", "architecturalStyle": "REST", "supportedRequestFormats": "URI Query String/CRUD", "supportedResponseFormats": "JSON", "restrictedAccess": "No"}