{"url": "https://www.programmableweb.com/api/bing-rest-api-v7", "name": "Bing REST API v7", "description": " [The Bing API is now the Bing Web Search API. This profile is being maintained purely for historical and research purposes.] The Bing API provides an experience similar to Bing.com/search by returning search results that Bing determines are relevant to a user's query. The results include Web pages and may also include images, videos, and more. Free trial keys are available here: https://azure.microsoft.com/en-us/try/cognitive-services/?api=bing-web-search-api.", "endpoint": "https://api.cognitive.microsoft.com/bing/v7.0/search[?q]", "homePage": "https://azure.microsoft.com/en-us/services/cognitive-services/bing-web-search-ap\u2026", "primaryCategory": "Search", "secondaryCategories": "Machine Learning", "provider": "Microsoft", "SSL_Support": "Yes", "authentication_Model": "API Key", "version": "7", "versionStatus": "Recommended (active, supported)", "type": "Web/Internet", "architecturalStyle": "REST", "supportedRequestFormats": "URI Query String/CRUD", "supportedResponseFormats": "CSV, GeoJSON, JSON, XML", "restrictedAccess": "No"}