{"url": "https://www.programmableweb.com/api/virtuous-rest-api-v1", "name": "Virtuous REST API v1", "description": " Virtuous is CRM for non-profits, including fundraising and donor management software. The Virtuous API enables developers to interact programmatically with the platform, with methods to manage campaigns, communications, contacts, emailings, events, attendees, gifts, grants, permissions, pledges, projects, reminders, volunteers, and more.", "endpoint": "https://api.virtuoussoftware.com/api/", "homePage": "https://support.virtuous.org/hc/en-us/articles/360052335911-Virtuous-API-Guide", "primaryCategory": "Non-Profit", "secondaryCategories": "Customer Relationship Management, Funding", "provider": "Virtuous Software", "SSL_Support": "Yes", "authentication_Model": "OAuth 1, Token", "version": "1", "versionStatus": "Recommended (active, supported)", "type": "Web/Internet", "architecturalStyle": "REST", "supportedRequestFormats": "JSON, URI Query String/CRUD", "supportedResponseFormats": "JSON", "restrictedAccess": "No"}