{"url": "https://www.programmableweb.com/api/beagily-rest-api-v100", "name": "Beagily REST API v1.0.0", "description": " Beagily is a simple JSON data storage API that features integrated search and access control features.", "endpoint": "https://beagily.basics.api.xilution.com/", "homePage": "https://products.xilution.com/basics/beagily", "primaryCategory": "Backend-as-a-Service", "secondaryCategories": "Database-as-a-Service, Software-as-a-Service", "provider": "Xilution", "SSL_Support": "Yes", "authentication_Model": "API Key, OAuth 2", "version": "1.0.0", "versionStatus": "Recommended (active, supported)", "type": "Web/Internet", "architecturalStyle": "REST", "supportedRequestFormats": "JSON, URI Query String/CRUD", "supportedResponseFormats": "JSON", "restrictedAccess": "Yes"}