{"url": "https://www.programmableweb.com/api/socials-rest-api-v1", "name": "Socials REST API v1", "description": " Socials is an API to lookup social media links connected to a domain. The service returns URLs of related social networks from Twitter, Facebook, LinkedIn, Instagram, YouTube and more, for any given domain.", "endpoint": "https://api.socials.so/v1/", "homePage": "https://documenter.getpostman.com/view/11693151/UVBzn9fa#e226cd01-c1e6-47a7-aae4\u2026", "primaryCategory": "Social", "secondaryCategories": "Search", "provider": "Socials", "SSL_Support": "Yes", "authentication_Model": "API Key", "version": "1", "versionStatus": "Recommended (active, supported)", "type": "Web/Internet", "architecturalStyle": "REST", "supportedRequestFormats": "JSON", "supportedResponseFormats": "JSON", "restrictedAccess": "No"}