{"url": "https://www.programmableweb.com/api/reliant-rest-api-v1", "name": "Reliant REST API v1", "description": " Reliant is an evangelical Christian mission agency that offers fundraising services. The Reliant API enables partners to programmatically access the services with methods to retrieve and manage data for donors, goal forms, profiles, staff, social media links, program variables, users, partner profiles, gifts, funds and more.", "endpoint": "N/A", "homePage": "https://qaapi.reliant.org/", "primaryCategory": "Funding", "secondaryCategories": "Religion", "provider": "Reliant", "SSL_Support": "Yes", "authentication_Model": "Unspecified", "version": "1", "versionStatus": "Recommended (active, supported)", "type": "Web/Internet", "architecturalStyle": "REST", "supportedRequestFormats": "JSON, URI Query String/CRUD", "supportedResponseFormats": "JSON", "restrictedAccess": "No"}