{"url": "https://www.programmableweb.com/api/street-directory-maps-indirect-api-v012", "name": "Street Directory Maps Indirect API v0.1.2", "description": " Street Directory provides street-level maps of Australia along with addresses and profiles for local businesses, events, community groups, and accommodations. The Street Directory Maps JavaScript API uses Ausway, an Australian road map provider, to enable users to create and customize maps for use on their own websites. It is an indirect API that is accessible via the JavaScript SDK below.", "endpoint": "http://js.street-directory.com.au/jmap.php", "homePage": "http://www.street-directory.com.au/sd3/mapAPI/index.php", "primaryCategory": "Mapping", "secondaryCategories": "Australian", "provider": "N/A", "SSL_Support": "No", "authentication_Model": "Unspecified", "version": "0.1.2", "versionStatus": "Recommended (active, supported)", "type": "Web/Internet", "architecturalStyle": "Indirect", "supportedRequestFormats": "Unspecified", "supportedResponseFormats": "Unspecified", "restrictedAccess": "No"}