{"url": "https://www.programmableweb.com/api/wikimedia-enterprise-streaming-api-v1", "name": "Wikimedia Enterprise Streaming API v1", "description": " Wikimedia is now offering an Enterprise API for developers to retrieve data from Wikimedia pages. A Realtime streaming API offers JSON streams of new page revisions, new pages, and updates, recently deleted pages, pages with changed visibility status. This can be used to determine when content is taken down or vandalism/illegal content is identified, it also returns most recent revision for a title in any project.", "endpoint": "https://streams.wikimediaenterprise.org/", "homePage": "https://www.mediawiki.org/wiki/Wikimedia_Enterprise", "primaryCategory": "Wiki", "secondaryCategories": "Data, Data-as-a-Service", "provider": "Wikimedia Foundation", "SSL_Support": "Yes", "authentication_Model": "HTTP Basic Auth", "version": "1", "versionStatus": "Pre-release", "type": "of License if Non Proprietary Creative Commons Attribution Share Alike", "architecturalStyle": "Streaming", "supportedRequestFormats": "Webhooks", "supportedResponseFormats": "JSON, URI Query String/CRUD", "restrictedAccess": "No"}