{"url": "https://www.programmableweb.com/api/healthgraphic-rest-api-v1", "name": "Healthgraphic REST API v1", "description": " The Healthgraphic API allows developers to retrieve text and video content about medical conditions, medications, surgeries, and other health concepts for use in their own applications or platforms. The API's read-only search and discovery functions connect developers with Healthgraphic's medical knowledge graph. This API is REST-based and uses HTTP response codes to indicate errors.", "endpoint": "https://api.healthgraphic.com", "homePage": "https://developer.healthgraphic.com/doc/", "primaryCategory": "Healthcare", "secondaryCategories": "Medicine", "provider": "Healthgraphic", "SSL_Support": "No", "authentication_Model": "N/A", "version": "1", "versionStatus": "Recommended (active, supported)", "type": "Product", "architecturalStyle": "REST", "supportedRequestFormats": "JSON, URI Query String/CRUD, XML", "supportedResponseFormats": "JSON, XML", "restrictedAccess": "No"}