{"url": "https://www.programmableweb.com/api/price2spy-rest-api-v211", "name": "Price2Spy REST API v2.11", "description": " Price2Spy API provides current and historical pricing data. More than 112,000 websites are monitored for prices. API methods are available to manage products, URLs, automatch, brands, categories, measurements, metadata, and more. From the provider: \"API is implemented as a standard Web Service (accessed either via SOAP or REST interface), making it easy for developers to develop your side of the application \u2013 no matter what programming language/technology they use. Price2Spy API can be used to create/manage your products and URLs, as well as to get the latest (or historical) pricing data \u2013 all by exchange of standardized XML (SOAP API) or JSON (REST API) messages.\"", "endpoint": "https://api.price2spy.com/rest/", "homePage": "https://www.price2spy.com/en/api.html", "primaryCategory": "Prices", "secondaryCategories": "Products", "provider": "Price2Spy", "SSL_Support": "Yes", "authentication_Model": "API Key", "version": "2.11", "versionStatus": "Active (supported, scheduled for retirement)", "type": "Web/Internet", "architecturalStyle": "REST", "supportedRequestFormats": "JSON, URI Query String/CRUD", "supportedResponseFormats": "JSON", "restrictedAccess": "No"}