{"url": "https://www.programmableweb.com/api/link-assistant-backlink-rest-api-v10", "name": "Link-Assistant Backlink REST API v1.0", "description": " Link-Assistant builds SEO tools. The Link Assistant Backlink API provides developers with backlink research data such as referring page address & title, page inlink rank, domain inlink rank, anchor text, dofollow/nofollow, target page authority, new/lost backlinks, number of referring domains & backlinks, plus more.", "endpoint": "https://api.seopowersuite.com/backlinks/v1.0/", "homePage": "https://www.link-assistant.com/backlink-api.html", "primaryCategory": "SEO", "secondaryCategories": "N/A", "provider": "Link-Assistant", "SSL_Support": "Yes", "authentication_Model": "Unspecified", "version": "1.0", "versionStatus": "Recommended (active, supported)", "type": "Web/Internet", "architecturalStyle": "REST", "supportedRequestFormats": "JSON, URI Query String/CRUD", "supportedResponseFormats": "CSV, JSON, XML", "restrictedAccess": "No"}