{"url": "https://www.programmableweb.com/api/finalsite-rest-api-v10", "name": "Finalsite REST API v1.0", "description": " The Finalsite API is a REST-based web service which provides access to data in the Finalsite CMS. Developers need to contact the provider for more information.", "endpoint": "https://www.finalsite.com/api", "homePage": "https://www.finalsite.com/software/integrations", "primaryCategory": "Education", "secondaryCategories": "Content Management, Learning Management Systems", "provider": "Finalsite", "SSL_Support": "Yes", "authentication_Model": "API Key, HTTP Basic Auth, Token", "version": "1.0", "versionStatus": "Recommended (active, supported)", "type": "Web/Internet", "architecturalStyle": "REST", "supportedRequestFormats": "URI Query String/CRUD", "supportedResponseFormats": "JSON, XML", "restrictedAccess": "Yes"}