{"url": "https://www.programmableweb.com/api/nice-incontact-authentication-rest-api-v170", "name": "NICE inContact Authentication REST API v17.0", "description": " The NICE inContact Authentication API allows developers to interact with the system resources required to log in to the NICE inContact platform. API methods are available for changing or resetting an agent's password. NICE inContact is a cloud-based customer experience platform that combines omnichannel routing, workforce optimization, analytics, automation, and artificial intelligence.", "endpoint": "N/A", "homePage": "https://developer.niceincontact.com/API/AuthenticationAPI", "primaryCategory": "Customer Relationship Management", "secondaryCategories": "Authentication", "provider": "NICE inContact", "SSL_Support": "No", "authentication_Model": "Token", "version": "17.0", "versionStatus": "Recommended (active, supported)", "type": "Web/Internet", "architecturalStyle": "REST", "supportedRequestFormats": "JSON, URI Query String/CRUD", "supportedResponseFormats": "JSON", "restrictedAccess": "No"}