{"url": "https://www.programmableweb.com/api/ing-open-banking-account-information-rest-api-v2010", "name": "ING Open Banking Account Information REST API v2.0.10", "description": " The ING Open Banking Account Information API provides secure access to all European ING online accessible payment accounts. It allows you to create and integrate account information services applications for your customers and users. ING Open Banking provides a developer platform to programmatically access ING banking account data.", "endpoint": "https://api.ing.com/v2/accounts", "homePage": "https://developer.ing.com/api-marketplace/marketplace/b6d5093d-626e-41e9-b9e8-ff\u2026", "primaryCategory": "Banking", "secondaryCategories": "Accounts, Data, European, Open Source", "provider": "ING", "SSL_Support": "Yes", "authentication_Model": "OAuth 2, Token", "version": "2.0.10", "versionStatus": "Recommended (active, supported)", "type": "Web/Internet", "architecturalStyle": "REST", "supportedRequestFormats": "JSON, URI Query String/CRUD", "supportedResponseFormats": "JSON", "restrictedAccess": "No"}