{"url": "https://www.programmableweb.com/api/nubentos-covid-19-monitoring-rest-api-v100", "name": "Nubentos COVID-19 Monitoring REST API v1.0.0", "description": " COVID-19 API provides information related with the case of pneumonia associated with the COVID-19 coronavirus. API methods are available to return suspected and confirmed cases, deaths, and recovered cases. The data we provide is collected from World Health Organization (WHO), the US Centers for Disease Control and Prevention (CDC), the Chinese Centre for Disease Control and Prevention (ECDC), China's National Health Commission, and Chinese website DXY which provides regional case estimates faster than the national level reporting organizations. This API is available from Nubentos The API Marketplace for Health.", "endpoint": "https://gateway.nubentos.com:443/nubentos.com/cardioapi/1.0.0", "homePage": "https://www.nubentos.com/en/api/api-ncov2019-2/?utm_source=directorio&amp;utm_medium\u2026", "primaryCategory": "Coronavirus", "secondaryCategories": "COVID-19, Data, Health, Healthcare, Monitoring, Safety", "provider": "Nubentos", "SSL_Support": "Yes", "authentication_Model": "API Key, OAuth 2, Token", "version": "1.0.0", "versionStatus": "Recommended (active, supported)", "type": "of License if Non Proprietary Apache 2.0", "architecturalStyle": "REST", "supportedRequestFormats": "JSON", "supportedResponseFormats": "JSON", "restrictedAccess": "No"}