{"url": "https://www.programmableweb.com/api/opensanctions-matching-rest-api-v311", "name": "OpenSanctions Matching REST API v3.1.1", "description": " OpenSanctions Matching API enables users to programmatically access a persons of interest database. API methods are available to fetch data related to individual entities, or to bulk data access in various forms. From the provider: \"Free access to up-to-date sanctions and PEPs data, with sophisticated matching functionality. This API is also available as a downloadable Docker container with the data included, so you can run it on premises and keep your customer data confidential.\"", "endpoint": "https://api.opensanctions.org", "homePage": "https://api.opensanctions.org", "primaryCategory": "Compliance", "secondaryCategories": "Crime, Open Source, Risk Assessment, Security", "provider": "OpenSanctions", "SSL_Support": "Yes", "authentication_Model": "Unspecified", "version": "3.1.1", "versionStatus": "Recommended (active, supported)", "type": "of License if Non Proprietary MIT", "architecturalStyle": "REST", "supportedRequestFormats": "JSON, RDF, URI Query String/CRUD", "supportedResponseFormats": "JSON", "restrictedAccess": "No"}