{"url": "https://www.programmableweb.com/api/visa-b2b-connect-rest-api-v1", "name": "Visa B2B Connect REST API v1", "description": " Visa B2B Connect is a platform for developing interactive payments solutions for banks and their corporate clients. Currently open to only participating pilot banks, the Visa B2B Connect API supports the development of applications that enable end-to-end processing of B2B payments of transactions in a variety of currencies and across international borders. The API is currently a beta release and provides endpoints for Bank, Company, Reference Data, and Payments. Although the API\u2019s Sandbox environment is accessible to developers, its production environment is restricted to approved partners.", "endpoint": "https://sandbox.api.visa.com/visab2bconnect/v1/", "homePage": "https://developer.visa.com/capabilities/vba/docs", "primaryCategory": "Financial", "secondaryCategories": "Banking, Credit Cards", "provider": "Visa", "SSL_Support": "Yes", "authentication_Model": "Other/Custom", "version": "1", "versionStatus": "Recommended (active, supported)", "type": "Web/Internet", "architecturalStyle": "REST", "supportedRequestFormats": "JSON, URI Query String/CRUD", "supportedResponseFormats": "JSON", "restrictedAccess": "Yes"}