{"url": "https://www.programmableweb.com/api/tipsgo-cashflow-rest-api-v10", "name": "TipsGO Cashflow REST API v1.0", "description": " The TipsGo Cashflow API allow users to build a range of Cashflow, Budgeting and Personal Financial Management (PFM) style Apps. The Cashflow APIs work together with the TipsGo Wallet API to keep track of money-in and money-out and analyze and graph this information. This API is part of the the TipsGo platform, which consists of:A comprehensive set of Tips that are relevant to the user's personal circumstancesA comprehensive database of products that can be used to allow product information and product comparisonA set of financial calculators that can be used to calculate the savings, revenues, benefits etc. based on the user\u2019s personal circumstances and their geographic locationA comprehensive set of APIs (known as the TipsGo APIs) that can be used to access the features and capabilities of the platform from Mobile or Web applicationsAn extensive database that can capture information about the users, their families and connections from a financial perspectiveTipsGo is a recommendation based Money Management Platform. The TipsGo Platform provides Money Management \"Tips\" (recommendations) to its users. These tips help users make the most of their money by helping them save, grow/invest and protect their money.", "endpoint": "http://api.tipsgo.com:8280/tipsgo/1.0.0/api/Cashflow/", "homePage": "http://developer.tipsgo.com/", "primaryCategory": "Budget", "secondaryCategories": "Financial, Personal Information Management", "provider": "SWT", "SSL_Support": "No", "authentication_Model": "OAuth 2", "version": "1.0", "versionStatus": "Recommended (active, supported)", "type": "Web/Internet", "architecturalStyle": "REST", "supportedRequestFormats": "JSON, JSONP, URI Query String/CRUD", "supportedResponseFormats": "JSON, JSONP", "restrictedAccess": "Yes"}