{"url": "https://www.programmableweb.com/api/tripfro-travel-rest-api-v11", "name": "TripFro Travel REST API v1.1", "description": " TripFro provides API integration services for travel agents, tour operators, and travel management companies. With JSON/XML API integration, travel companies can enhance their customers booking towards flight booking, hotel booking, car rental, holiday bookings, and many more as per the scope of API.", "endpoint": "N/A", "homePage": "https://www.tripfro.com/api.php", "primaryCategory": "Travel", "secondaryCategories": "Air Travel, Booking, Tourism", "provider": "Tripfro", "SSL_Support": "Yes", "authentication_Model": "Unspecified", "version": "1.1", "versionStatus": "Recommended (active, supported)", "type": "Web/Internet", "architecturalStyle": "REST", "supportedRequestFormats": "URI Query String/CRUD", "supportedResponseFormats": "JSON, XML", "restrictedAccess": "No"}