{"url": "https://www.programmableweb.com/api/uploadcare-cdn-rest-api-v05", "name": "Uploadcare CDN REST API v0.5", "description": " The Uploadcare CDN API enables users to manage content delivery network features including file upload, file size, animated images, image compression and performance, GIF to video, color profiles, image filtering and rotation, object and color recognition, and face recognition. Uploadcare is a cloud platform for better image and video management.", "endpoint": "https://api.uploadcare.com/", "homePage": "https://uploadcare.com/docs/api_reference/cdn/", "primaryCategory": "Content Delivery Network", "secondaryCategories": "Content, Images, Video", "provider": "Uploadcare", "SSL_Support": "Yes", "authentication_Model": "API Key", "version": "0.5", "versionStatus": "Recommended (active, supported)", "type": "Web/Internet", "architecturalStyle": "REST", "supportedRequestFormats": "URI Query String/CRUD", "supportedResponseFormats": "JSON", "restrictedAccess": "No"}