{"url": "https://www.programmableweb.com/api/mifiel-rest-api-v10", "name": "Mifiel REST API v1.0", "description": " The Mifiel API allows developers to programmatically manage documents and certificates within their Mifiel accounts. Mifiel is a service that allows users to securely sign any type of legal document in Mexico using an advanced e-signature or FIEL (la firma electr\u00f3nica avanzada). The Mifiel website is offered in both Spanish and English, while the API documentation is only in English.", "endpoint": "https://www.mifiel.com/api/", "homePage": "http://docs.mifiel.com/", "primaryCategory": "Electronic Signature", "secondaryCategories": "Mexican, Spanish", "provider": "Mifiel", "SSL_Support": "Yes", "authentication_Model": "Other/Custom", "version": "1.0", "versionStatus": "Recommended (active, supported)", "type": "Web/Internet", "architecturalStyle": "REST", "supportedRequestFormats": "JSON, URI Query String/CRUD, XML", "supportedResponseFormats": "JSON, XML", "restrictedAccess": "No"}