{"url": "https://www.programmableweb.com/api/credas-rest-api-v1", "name": "Credas REST API v1", "description": " Credas API provides programmable access to real-time identity and ID document verification services. The Credas API is useful for verifying IDs for the financial sector, gaming, online marketplaces and suitable for Anti-Money Laundering (AML), Know Your Customer (KYC) and Right to Work (RTW) regulated markets. Methods for managing Bank accounts, clients, companies, credit status, data checks, registrations, images, and more are provided.", "endpoint": "https://developer.credas.co.uk/api/", "homePage": "https://www.credas.co.uk/api-integration/", "primaryCategory": "Identity", "secondaryCategories": "Security, Verification", "provider": "Credas", "SSL_Support": "Yes", "authentication_Model": "API Key", "version": "1", "versionStatus": "Recommended (active, supported)", "type": "Web/Internet", "architecturalStyle": "REST", "supportedRequestFormats": "JSON, URI Query String/CRUD", "supportedResponseFormats": "JSON", "restrictedAccess": "No"}