{"url": "https://www.programmableweb.com/api/revenuecat-rest-api-v10", "name": "RevenueCat REST API v1.0", "description": " This is indirect access to the RevenueCat web service. Please refer to the corresponding SDK below. The RevenueCat API provides a way to make purchases by accessing the RevenueCat mobile framework. It implements in-app building for all platforms and handles syncing purchase tokens with the RevenueCat server. RevenueCat is a mobile subscription toolkit and purchase tracking system as a service.", "endpoint": "https://api.revenuecat.com/v1", "homePage": "https://docs.revenuecat.com/docs", "primaryCategory": "Subscriptions", "secondaryCategories": "Mobile, Tools", "provider": "RevenueCat", "SSL_Support": "Yes", "authentication_Model": "App ID", "version": "1.0", "versionStatus": "Recommended (active, supported)", "type": "System/Embedded", "architecturalStyle": "REST", "supportedRequestFormats": "JSON, URI Query String/CRUD", "supportedResponseFormats": "JSON", "restrictedAccess": "No"}