{"url": "https://www.programmableweb.com/api/leanix-pathfinder-rest-api-v10", "name": "leanIX Pathfinder REST API v1.0", "description": " leanIX is an information technology company based in Germany that offers information hub services. leanIX focuses on providing control in IT landscapes, and features application portfolio management, integration architecture management, and technology and risk management. The leanIX API is used to read and write fact sheets. This API is REST based, exchanges information in JSON format, and uses API Keys for authentication.", "endpoint": "https://app.leanix.net/services/pathfinder/v1", "homePage": "https://dev.leanix.net/docs/api-overview", "primaryCategory": "Application Development", "secondaryCategories": "Enterprise, Software-as-a-Service", "provider": "leanIX", "SSL_Support": "Yes", "authentication_Model": "API Key, OAuth 2, Token", "version": "1.0", "versionStatus": "Recommended (active, supported)", "type": "Web/Internet", "architecturalStyle": "REST", "supportedRequestFormats": "JSON, Text, URI Query String/CRUD", "supportedResponseFormats": "JSON, Text", "restrictedAccess": "No"}