{"url": "https://www.programmableweb.com/api/integrated-dna-technologies-scitools-plus-rest-api-v10", "name": "Integrated DNA Technologies SciTools Plus REST API v1.0", "description": " The SciTools Plus API enables developers to incorporate industry-leading oligos, gene analysis, and design services into their own applications. The API supports sequence types, product types, and organism information. Integrated DNA Technologies provides nucleic acid products for the life sciences industry in the areas of academic research, biotechnology, agriculture, medical diagnostics, and pharmaceutical development.", "endpoint": "https://www.idtdna.com/restapi/v1/", "homePage": "https://www.idtdna.com/pages/tools/apidoc", "primaryCategory": "Science", "secondaryCategories": "Genetics", "provider": "Integrated DNA Technologies", "SSL_Support": "Yes", "authentication_Model": "API Key", "version": "1.0", "versionStatus": "Recommended (active, supported)", "type": "Web/Internet", "architecturalStyle": "REST", "supportedRequestFormats": "URI Query String/CRUD", "supportedResponseFormats": "JSON", "restrictedAccess": "Yes"}