{"url": "https://www.programmableweb.com/api/mtn-mobile-money-sandbox-user-provisioning-rest-api-v10", "name": "MTN Mobile Money Sandbox User Provisioning REST API v1.0", "description": " This MTN Sandbox User Provisioning service allows you to create an API user in the sandbox target environment, create an API key for an API user in the sandbox target environment and more. Example code is available for Curl, C#, Java, JavaScript, Objective-C, PHP, Python and Ruby. MoMo is financial services that are used for personal, agency, merchant and corporate applications. The MTN Group delivers voice, data, mobile financial services and digital products across 21 countries in Africa and the Middle East.", "endpoint": "https://sandbox.momodeveloper.mtn.com/v1_0", "homePage": "https://momodeveloper.mtn.com/products", "primaryCategory": "Financial", "secondaryCategories": "African, Mobile", "provider": "MTN Group Management Services", "SSL_Support": "Yes", "authentication_Model": "API Key, OAuth 2, Token", "version": "1.0", "versionStatus": "Recommended (active, supported)", "type": "Web/Internet", "architecturalStyle": "REST", "supportedRequestFormats": "JSON, URI Query String/CRUD", "supportedResponseFormats": "JSON", "restrictedAccess": "No"}