{"url": "https://www.programmableweb.com/api/unofficial-cricbuzz-rest-api-v1", "name": "Unofficial Cricbuzz REST API v1", "description": " This API helps to query for live cricket scores, commentary, latest cricket news and editorials, schedules of upcoming matches, rankings, stats, records, etc to create a cricket site, such as cricbuzz.com", "endpoint": "https://rapidapi.com/apidojo/api/unofficial-cricbuzz/", "homePage": "https://rapidapi.com/apidojo/api/unofficial-cricbuzz/", "primaryCategory": "Sports", "secondaryCategories": "N/A", "provider": "APIDojo", "SSL_Support": "Yes", "authentication_Model": "API Key", "version": "1", "versionStatus": "Recommended (active, supported)", "type": "Web/Internet", "architecturalStyle": "REST", "supportedRequestFormats": "JSON", "supportedResponseFormats": "JSON", "restrictedAccess": "No"}