{"url": "https://www.programmableweb.com/api/geolake-rest-api-v1", "name": "Geolake REST API v1", "description": " The Geolake API enables developers to perform geocoding operations using data from multiple geocoding datasets. It offers a high degree of accuracy and extensive typo correction support. The API can also be used to look up localization information such as the user's currency, time zone, etc. Free usage plans are available for developers who want to try out the service.", "endpoint": "http://api.geolake.com/", "homePage": "https://geolake.com/docs/api", "primaryCategory": "Mapping", "secondaryCategories": "Geography, Localization, Location", "provider": "Geolake", "SSL_Support": "Yes", "authentication_Model": "API Key", "version": "1", "versionStatus": "Recommended (active, supported)", "type": "Web/Internet", "architecturalStyle": "REST", "supportedRequestFormats": "JSON, URI Query String/CRUD", "supportedResponseFormats": "JSON", "restrictedAccess": "No"}