{"url": "https://www.programmableweb.com/api/clickbank-tickets-rest-api-v13", "name": "ClickBank Tickets REST API v1.3", "description": " ClickBank is a worldwide digital sales portal for products created by entrepreneurs. The company distributes a wide variety of digital lifestyle products to more than 190 countries. The ClickBank Tickets API provides the functionality for creating a technical support or refund ticket as well as viewing or updating the current status of an existing ticket. The API returns responses in JSON or XML format.", "endpoint": "https://api.clickbank.com/rest/1.3/tickets", "homePage": "https://support.clickbank.com/hc/articles/229657228-Tickets-API", "primaryCategory": "eCommerce", "secondaryCategories": "Tickets", "provider": "ClickBank", "SSL_Support": "Yes", "authentication_Model": "API Key", "version": "1.3", "versionStatus": "Recommended (active, supported)", "type": "Web/Internet", "architecturalStyle": "REST", "supportedRequestFormats": "URI Query String/CRUD", "supportedResponseFormats": "JSON, XML", "restrictedAccess": "No"}