{"url": "https://www.programmableweb.com/api/nationwide-pet-insurance-quote-rest-api-v10", "name": "Nationwide Pet Insurance Quote REST API v1.0", "description": " The Nationwide Pet Insurance Quote API allows developers to get real-time quotes for pet insurance. The quote is created using information about the pet and pet owner and includes all relevant pricing information. Nationwide offers insurance and financial services across the United States. It provides a collection of APIs that enable developers to integrate its services into third-party applications.", "endpoint": "https://api.nationwide.com/policyacquisition/petquote/v1/", "homePage": "https://developer2.nationwide.com/swagger/Pet%20Insurance%20Quote%20V1", "primaryCategory": "Insurance", "secondaryCategories": "Financial, Pets", "provider": "Nationwide", "SSL_Support": "Yes", "authentication_Model": "API Key", "version": "1.0", "versionStatus": "Recommended (active, supported)", "type": "Web/Internet", "architecturalStyle": "REST", "supportedRequestFormats": "JSON, URI Query String/CRUD", "supportedResponseFormats": "JSON", "restrictedAccess": "No"}