{"url": "https://www.programmableweb.com/api/western-union-e-commerce-payment-order-payment-status-rest-api-v10", "name": "Western Union e-Commerce Payment Order Payment Status REST API v1.0", "description": " Western Union e-Commerce Payment Order Payment Status API allows merchant partners to get the status of a WU merchant payment order. The Partner Payments services enable you with the ability to collect funds from and disburse funds to customers. Western Union provides a way to send money to over 200 countries and territories via the mobile application, online or agent locations.", "endpoint": "https://api.developer.wu.com/prod/v1/paywu", "homePage": "https://developer.westernunion.com/apps/index.html#/swagger/WesternUnion/e-Comme\u2026", "primaryCategory": "Payments", "secondaryCategories": "eCommerce, Transactions", "provider": "Western Union Holdings", "SSL_Support": "Yes", "authentication_Model": "API Key", "version": "1.0", "versionStatus": "Recommended (active, supported)", "type": "Web/Internet", "architecturalStyle": "REST", "supportedRequestFormats": "URI Query String/CRUD", "supportedResponseFormats": "JSON", "restrictedAccess": "No"}