{"url": "https://www.programmableweb.com/api/fastway-rest-api-v5", "name": "Fastway REST API v5", "description": " Fastway provides local, short-haul, and national courier services in key regional and metropolitan locations in Australia, New Zealand, Ireland, Northern Ireland, and South Africa. Fastway's RESTful API allows third-party developers to integrate with its systems using both public and restricted methods. The public API methods allow users to determine the cost to ship goods between two locations and to track goods in transit. Restricted methods provide access to additional information and functionality. Developers can request access to these methods by email.", "endpoint": "http://api.fastway.org/latest", "homePage": "http://api.fastway.org/latest/docs/index.html", "primaryCategory": "Shipping", "secondaryCategories": "African, Australian", "provider": "Fastway", "SSL_Support": "Yes", "authentication_Model": "API Key", "version": "5", "versionStatus": "Recommended (active, supported)", "type": "Web/Internet", "architecturalStyle": "REST", "supportedRequestFormats": "JSON, JSONP, URI Query String/CRUD", "supportedResponseFormats": "HTML, JSON, JSONP, XML, PLIST, JSONRAW", "restrictedAccess": "No"}