{"url": "https://www.programmableweb.com/api/kiva-graphql-graphql-api-v10", "name": "Kiva GraphQL GraphQL API v1.0", "description": " This GraphQL service is replacing the REST version of this API , which will be sunseted in December, 2019. The Kiva API gives you access to the world's first person-to-person micro-lending website, which empowers individuals to lend directly to unique entrepreneurs in the developing world. Kiva is a nonprofit organization.", "endpoint": "http://api.kivaws.org/v1", "homePage": "http://build.kiva.org/api", "primaryCategory": "Financial", "secondaryCategories": "Banking, Funding, Non-Profit", "provider": "Kiva", "SSL_Support": "Yes", "authentication_Model": "OAuth 1", "version": "1.0", "versionStatus": "Recommended (active, supported)", "type": "Web/Internet", "architecturalStyle": "RPC", "supportedRequestFormats": "GraphQL, JSON", "supportedResponseFormats": "GraphQL, JSON", "restrictedAccess": "No"}