{"url": "https://www.programmableweb.com/api/vesseltracker-rpc-api-v1", "name": "VesselTracker RPC API v1", "description": " The service provides online access to location and status information for registered ships and boats worldwide. Vessel traffic is logged by satellite and terrestrial tracking technologies and reported on the site and via API. API methods support retrieval of data about ships' movements and status (docked, underway, etc.), vessel characteristics, and port activity. Additional data available include schedules, expected arrivals, and vessel master data. Email for detailed information.", "endpoint": "N/A", "homePage": "https://www.genscape.com/products/maritime-vessel-tracking/vesseltracker-data-se\u2026", "primaryCategory": "Transportation", "secondaryCategories": "Boating, Marine, Shipping", "provider": "Vesseltracker", "SSL_Support": "Yes", "authentication_Model": "HTTP Basic Auth", "version": "1", "versionStatus": "Recommended (active, supported)", "type": "Web/Internet", "architecturalStyle": "RPC", "supportedRequestFormats": "SOAP, XML", "supportedResponseFormats": "SOAP, XML", "restrictedAccess": "Yes"}