{"url": "https://www.programmableweb.com/api/global-warming-carbon-dioxide-co2-atmosphere-concentration-rest-api-v10", "name": "Global Warming carbon dioxide (CO2) atmosphere concentration REST API v1.0", "description": " This API provides on a quasi-daily basis, the amount of carbon dioxide (CO2) in the atmosphere from 2010.01.01 to present. It is expressed as a mole fraction in dry air, parts per million (ppm).", "endpoint": "https://global-warming.org/api/co2-api", "homePage": "https://global-warming.org", "primaryCategory": "Environment", "secondaryCategories": "Climate, Predictions, Science, Sustainability", "provider": "Independent Developer", "SSL_Support": "Yes", "authentication_Model": "N/A", "version": "1.0", "versionStatus": "Recommended (active, supported)", "type": "Web/Internet", "architecturalStyle": "REST", "supportedRequestFormats": "JSON", "supportedResponseFormats": "JSON", "restrictedAccess": "No"}