{"url": "https://www.programmableweb.com/api/trimble-about-rpc-api-v10", "name": "Trimble About RPC API v1.0", "description": " The Trimble About API allows developers to get the versions of the various PC*MILER Web Services. Developers can get version data for the current or last quarter. This API is one of many routing, location, and mapping APIs provided by Trimble.", "endpoint": "https://pcmiler.alk.com/apis/soap/v1.0/service.svc", "homePage": "https://developer.trimblemaps.com/soap-apis/docs/about/", "primaryCategory": "Transportation", "secondaryCategories": "Reference", "provider": "Trimble", "SSL_Support": "Yes", "authentication_Model": "API Key", "version": "1.0", "versionStatus": "Recommended (active, supported)", "type": "Web/Internet", "architecturalStyle": "RPC", "supportedRequestFormats": "SOAP, XML", "supportedResponseFormats": "SOAP, XML", "restrictedAccess": "No"}