{"url": "https://www.programmableweb.com/api/golemio-rest-api-v01", "name": "Golemio REST API v0.1", "description": " The Golemio API provides data from the city of Prague such as air quality, parking, public spaces, public transport, traffic and waste. Golemio is Prague's Data Platform that provides data and direct links to the specific needs of Prague, its citizens and its visitors.", "endpoint": "https://api.golemio.cz/v2/", "homePage": "https://golemio.cz/en/node/720", "primaryCategory": "Cities", "secondaryCategories": "Climate, Open Data, Parking, Transportation", "provider": "Golemio", "SSL_Support": "Yes", "authentication_Model": "API Key, Token", "version": "0.1", "versionStatus": "Recommended (active, supported)", "type": "Web/Internet", "architecturalStyle": "REST", "supportedRequestFormats": "JSON", "supportedResponseFormats": "JSON", "restrictedAccess": "No"}