{"url": "https://www.programmableweb.com/api/ibanapi-rest-api-v10", "name": "IBANAPI REST API v1.0", "description": " IBANAPI is a free API that provides IBAN validation and banking account information. The international bank account number (IBAN) is mainly used to facilitate the automatic processing of money transfers. Developers can register for an API Key", "endpoint": "https://api.ibanapi.com/v1", "homePage": "https://ibanapi.com/get-api", "primaryCategory": "Financial", "secondaryCategories": "Banking, Open Banking", "provider": "IBANAPI", "SSL_Support": "Yes", "authentication_Model": "API Key", "version": "1.0", "versionStatus": "Active (supported, scheduled for retirement)", "type": "Web/Internet", "architecturalStyle": "REST", "supportedRequestFormats": "JSON", "supportedResponseFormats": "JSON", "restrictedAccess": "No"}