{"url": "https://www.programmableweb.com/api/bauen-smart-charging-rest-api-v01", "name": "Bauen Smart Charging REST API v0.1", "description": " The Bauen Charge App enables users to find, charge, and schedule EV charging. The plug-in-play Bauen API can provide smart charging features to your electric vehicle customers. Interested developers can register for API and documentation access.", "endpoint": "N/A", "homePage": "https://getbauen.com/developer", "primaryCategory": "Energy", "secondaryCategories": "Auto, Sustainability, Transportation", "provider": "Bauen Energy Technologies", "SSL_Support": "No", "authentication_Model": "API Key", "version": "0.1", "versionStatus": "Recommended (active, supported)", "type": "Web/Internet", "architecturalStyle": "REST", "supportedRequestFormats": "Unspecified", "supportedResponseFormats": "Unspecified", "restrictedAccess": "Yes"}