{"url": "https://www.programmableweb.com/api/precisely-address-verification-rest-api-v10", "name": "Precisely Address Verification REST API v1.0", "description": " This API allows developers to validate mailing addresses and retrieve postal codes. This interface requires JSON-formatted requests. Precisely is a data integrity platform capable of collecting, verifying, and mapping information. This platform can be used to enable address typeahead capabilities in eCommerce websites, determine origin and delivery destinations in logistics applications, and provide better insights for customer engagement. Precisely APIs feature REST architecture, API Key authentication, and JSON responses.", "endpoint": "https://api.precisely.com/addressverification/v1", "homePage": "https://developer.precisely.com/apis/addressverification", "primaryCategory": "Data", "secondaryCategories": "Addresses, Business, Verification", "provider": "Precisely", "SSL_Support": "Yes", "authentication_Model": "API Key, Shared Secret", "version": "1.0", "versionStatus": "Recommended (active, supported)", "type": "Web/Internet", "architecturalStyle": "REST", "supportedRequestFormats": "JSON, URI Query String/CRUD", "supportedResponseFormats": "JSON", "restrictedAccess": "Yes"}