{"url": "https://www.programmableweb.com/api/guitar-chords-chart-rest-api-v1", "name": "Guitar Chords Chart REST API v1", "description": " Guitar Chords Chart is a an online resource of fingering charts for learning guitar chords. The Guitar Chords Chart API returns chords sequence and song chords information from the website.", "endpoint": "http://guitar-chords-chart.net/chords/", "homePage": "https://guitar-chords-chart.net/api/?lang=en", "primaryCategory": "Music", "secondaryCategories": "Education", "provider": "N/A", "SSL_Support": "No", "authentication_Model": "Unspecified", "version": "1", "versionStatus": "Recommended (active, supported)", "type": "Web/Internet", "architecturalStyle": "REST", "supportedRequestFormats": "URI Query String/CRUD", "supportedResponseFormats": "HTML, Text", "restrictedAccess": "No"}