{"url": "https://www.programmableweb.com/api/scanbot-indirect-api-v10", "name": "Scanbot Indirect API v1.0", "description": " Scanbot is a document scanning platform that enables business process digitization. Scanbot offers QR-code and barcode scanning, Optical Character Recognition (OCR), and medical certificate scanning capabilities. Scanbot offers customized experiences for insurance companies, logistics, banking, healthcare, and accounting. The API is available indirectly, via SDK.", "endpoint": "https://scanbot.io/", "homePage": "https://scanbot.io/en/sdk/documentation", "primaryCategory": "Scanning", "secondaryCategories": "Invoicing", "provider": "Scanbot", "SSL_Support": "Yes", "authentication_Model": "Unspecified", "version": "1.0", "versionStatus": "Recommended (active, supported)", "type": "Web/Internet", "architecturalStyle": "Indirect", "supportedRequestFormats": "Unspecified", "supportedResponseFormats": "Unspecified", "restrictedAccess": "No"}