{"url": "https://www.programmableweb.com/api/idicia-cnam-callerid-rest-api-v10", "name": "IDICIA CNAM CallerID REST API v1.0", "description": " The IDICIA CNAM CallerID is a caller identification solution that is compatible with both SOAP and REST platforms. The API supports the convenient and accurate verification of the identification details of callers. It can be deployed by different users including app developers, network carriers, VOIP service providers, and call centers. The API\u2019s provider, Idicia, is a leading telecommunication brand that collaborates with wireline and wireless carriers to provide proprietary caller identification verification services to different industries.", "endpoint": "https://api.idicia.com/Services/Phone/CNAM/1_0/CNAM.svc", "homePage": "http://www.idicia.com/telecom.html", "primaryCategory": "Telephony", "secondaryCategories": "Data-as-a-Service, Identity, Real Time, Verification, VoIP", "provider": "Idicia", "SSL_Support": "Yes", "authentication_Model": "API Key, HTTP Basic Auth, Other/Custom, Shared Secret, Token", "version": "1.0", "versionStatus": "Recommended (active, supported)", "type": "Web/Internet", "architecturalStyle": "REST", "supportedRequestFormats": "URI Query String/CRUD", "supportedResponseFormats": "JSON", "restrictedAccess": "Yes"}