{"url": "https://www.programmableweb.com/api/fetchee-product-rest-api-v1", "name": "Fetchee Product REST API v1", "description": " The Fetchee Product API supports the extraction of on demand ecommerce data from online stores in different parts of the world. It extracts product prices, descriptions, images in different currencies and languages. The API accepts HTTP requests and returns JSON responses. The proprietary API is currently a beta release and its documentation is accessible upon subscription.", "endpoint": "https://fetch.ee/en/developers/", "homePage": "https://fetch.ee", "primaryCategory": "Data Mining", "secondaryCategories": "eCommerce, Parsing, Products, Purchasing, Sales", "provider": "Fetchee", "SSL_Support": "Yes", "authentication_Model": "Other/Custom", "version": "1", "versionStatus": "Recommended (active, supported)", "type": "Product", "architecturalStyle": "REST", "supportedRequestFormats": "JSON, URI Query String/CRUD", "supportedResponseFormats": "JSON", "restrictedAccess": "Yes"}