{"url": "https://www.programmableweb.com/api/crisp-rest-api-v10", "name": "Crisp REST API v1.0", "description": " Crisp enables chat tools designed to improve customer experience. The Crisp API offers control over all Crisp data including conversations, contacts, and campaigns. This API features REST architecture, and JSON formatted responses. Crisp offers email campaigns, chat bots, and multichannel messaging capabilities.", "endpoint": "https://api.crisp.chat/v1", "homePage": "https://docs.crisp.chat/api/v1/", "primaryCategory": "Chat", "secondaryCategories": "Customer Service, Support", "provider": "Crisp", "SSL_Support": "Yes", "authentication_Model": "API Key, HTTP Basic Auth", "version": "1.0", "versionStatus": "Recommended (active, supported)", "type": "Web/Internet", "architecturalStyle": "REST", "supportedRequestFormats": "JSON, URI Query String/CRUD", "supportedResponseFormats": "JSON", "restrictedAccess": "Yes"}