{"url": "https://www.programmableweb.com/api/icon-horse-rest-api-v10", "name": "Icon Horse REST API v1.0", "description": " Icon Horse is a service to directly get favicons (and shortcut icons) from any website on the internet. If no icon is found, a fallback image is served, and Icon Horse automatically chooses the most high quality image from what's available. The API is free to use, but additional customisation options are possible via a paid Pro plan.", "endpoint": "https://icon.horse/icon", "homePage": "https://icon.horse/usage", "primaryCategory": "Images", "secondaryCategories": "Design, Graphics, Photos", "provider": "Icon Horse", "SSL_Support": "Yes", "authentication_Model": "Unspecified", "version": "1.0", "versionStatus": "Recommended (active, supported)", "type": "Web/Internet", "architecturalStyle": "REST", "supportedRequestFormats": "URI Query String/CRUD", "supportedResponseFormats": "Binary", "restrictedAccess": "No"}