{"url": "https://www.programmableweb.com/api/dblp-rest-api-v10", "name": "DBLP REST API v1.0", "description": " The dblp computer science bibliography provides open bibliographic information on major computer science journals and proceedings. Originally created at the University of Trier (Germany) in 1993, dblp is now operated and further developed by Schloss Dagstuhl.", "endpoint": "https://dblp.org/search/publ", "homePage": "https://dblp.org/faq/13501473.html", "primaryCategory": "Publishing", "secondaryCategories": "Education", "provider": "dblp", "SSL_Support": "Yes", "authentication_Model": "Unspecified", "version": "1.0", "versionStatus": "Pre-release", "type": "Web/Internet", "architecturalStyle": "REST", "supportedRequestFormats": "JSON, JSONP, XML", "supportedResponseFormats": "JSON, JSONP, XML", "restrictedAccess": "No"}