{"url": "https://www.programmableweb.com/api/hoaxy-rest-api-v1", "name": "Hoaxy REST API v1", "description": " Hoaxy is a tool that offers visualizations for online claims and fact checking. The Hoaxy API enables users to retrieve relevant articles, timelines, articles, networks, accounts, and tweets. A claim may be a fake news article, hoax, rumor, conspiracy theory, satire, or even an accurate report. Hoaxy is used to explore how claims spread across social media.", "endpoint": "https://api-hoaxy.p.rapidapi.com/", "homePage": "https://hoaxy.osome.iu.edu/faq.php", "primaryCategory": "News Services", "secondaryCategories": "Social, Visualizations", "provider": "Indiana University", "SSL_Support": "Yes", "authentication_Model": "API Key", "version": "1", "versionStatus": "Recommended (active, supported)", "type": "Web/Internet", "architecturalStyle": "REST", "supportedRequestFormats": "JSON", "supportedResponseFormats": "JSON", "restrictedAccess": "No"}