{"url": "https://www.programmableweb.com/api/shrimpy-rest-api-v1", "name": "Shrimpy REST API v1", "description": " Shrimpy provides a platform for cryptocurrency trading, portfolio allocation, and real-time data collection. Shrimpy supports KuCoin, Binance, Kraken, and more. The REST API offers access to accounts, users, trading assets, and analytics. JSON is the preferred response format. Shrimpy\u2019s Universal Crypto Exchange APIs are the only unified APIs for crypto exchanges that are specifically designed for application developers. Collect real-time trade or order book data for free, manage user exchange accounts, execute trading strategies, and simplify the way you connect to each exchange.", "endpoint": "https://dev-api.shrimpy.io/v1", "homePage": "https://developers.shrimpy.io/", "primaryCategory": "Cryptocurrency", "secondaryCategories": "Automation, Management", "provider": "Benthos Labs", "SSL_Support": "Yes", "authentication_Model": "API Key, Shared Secret", "version": "1", "versionStatus": "Recommended (active, supported)", "type": "Web/Internet", "architecturalStyle": "REST", "supportedRequestFormats": "JSON, URI Query String/CRUD", "supportedResponseFormats": "JSON", "restrictedAccess": "Yes"}