{"url": "https://www.programmableweb.com/api/moralis-rest-api-v2", "name": "Moralis REST API v2", "description": " Moralis enables developers to build serverless Web3 (Ethereum node interaction) dApps (decentralized applications). The Moralis API enables developers to access the platform manage blockchain data, including NFT (non-fungible tokens) data. Methods are available to manage native block data, NFT data, accounts, tokens, transfers, events, addresses, owners, and more.", "endpoint": "https://deep-index.moralis.io/api/v2", "homePage": "https://docs.moralis.io/moralis-server/web3-sdk/intro", "primaryCategory": "Blockchain", "secondaryCategories": "Cryptocurrency", "provider": "Moralis", "SSL_Support": "Yes", "authentication_Model": "API Key", "version": "2", "versionStatus": "Recommended (active, supported)", "type": "Web/Internet", "architecturalStyle": "REST", "supportedRequestFormats": "JSON, URI Query String/CRUD", "supportedResponseFormats": "JSON", "restrictedAccess": "No"}