{"url": "https://www.programmableweb.com/api/tomochain-rpc-api-v10", "name": "TomoChain RPC API v1.0", "description": " The TomoChain API returns blockchain data in JSON-RPC format and provides Swagger documentation with cryptocurrency requests. With TomoChain, developers can access accounts, currency, tokens, markets, contracts, transactions, signers, and schemas information to build financial and currency applications.", "endpoint": "https://rpc.tomochain.com/clientVersion", "homePage": "https://apidocs.tomochain.com/#clientrequest", "primaryCategory": "Blockchain", "secondaryCategories": "Asia, Cryptocurrency, Currency", "provider": "TomoChain", "SSL_Support": "Yes", "authentication_Model": "Unspecified", "version": "1.0", "versionStatus": "Recommended (active, supported)", "type": "Web/Internet", "architecturalStyle": "RPC", "supportedRequestFormats": "JSON-RPC", "supportedResponseFormats": "JSON-RPC", "restrictedAccess": "No"}