{"url": "https://www.programmableweb.com/api/social-scanner-rest-api-v122", "name": "Social Scanner REST API v1.22", "description": " Social Scanner API enables developers to monitor social media fraud and uncover possible bot accounts in real-time across 20 social networks with links to each profile in JSON.", "endpoint": "https://social-scanner.p.rapidapi.com/social-scan/", "homePage": "https://rapidapi.com/hailbytes-hailbytes-default/api/social-scanner/", "primaryCategory": "Social", "secondaryCategories": "Security", "provider": "Hailbytes", "SSL_Support": "Yes", "authentication_Model": "API Key", "version": "1.22", "versionStatus": "Recommended (active, supported)", "type": "Web/Internet", "architecturalStyle": "REST", "supportedRequestFormats": "JSON, URI Query String/CRUD", "supportedResponseFormats": "JSON", "restrictedAccess": "No"}