{"url": "https://www.programmableweb.com/api/hypeauditor-rest-api-v72020", "name": "HypeAuditor REST API v7.2020", "description": " HypeAuditor API provides tools to discover and compare influencers on Instagram and YouTube, verify the authenticity of their accounts, and track the results of influencer marketing campaigns. All services are based on AI algorithms. That enables the identification of behavioral patterns on the basis of which the algorithm draws conclusions. The API and documentation is accessible to developers as a paid service. HypeAuditor's goal is to provide the ultimate analytical services to ensure that our clients work effectively with creators.", "endpoint": "N/A", "homePage": "https://hypeauditor.com", "primaryCategory": "Marketing", "secondaryCategories": "Analytics, Content Management, Social", "provider": "HypeAuditor", "SSL_Support": "Yes", "authentication_Model": "API Key", "version": "7.2020", "versionStatus": "Recommended (active, supported)", "type": "Product", "architecturalStyle": "REST", "supportedRequestFormats": "Unspecified", "supportedResponseFormats": "Unspecified", "restrictedAccess": "No"}