{"url": "https://www.programmableweb.com/api/nasa-ssdcneos-sbdb-rest-api-v11", "name": "NASA SSD/CNEOS SBDB REST API v1.1", "description": " The NASA SSD/CNEOS SBDB API allows developers to request machine-readable data for a given small body in JPL\u2019s SSD/CNEOS Small-Body DataBase (SBDB). This database contains object identification and naming information, orbital data, and physical data for all known asteroids and comets in the solar system. The API also provides access to some ancillary data, such as close approach and virtual impactor information.", "endpoint": "https://ssd-api.jpl.nasa.gov/sbdb.api", "homePage": "https://api.nasa.gov/", "primaryCategory": "Astronomy", "secondaryCategories": "Government, Science", "provider": "NASA", "SSL_Support": "Yes", "authentication_Model": "Unspecified", "version": "1.1", "versionStatus": "Recommended (active, supported)", "type": "Web/Internet", "architecturalStyle": "REST", "supportedRequestFormats": "URI Query String/CRUD", "supportedResponseFormats": "JSON", "restrictedAccess": "No"}