{"url": "https://www.programmableweb.com/api/precisely-routing-rest-api-v10", "name": "Precisely Routing REST API v1.0", "description": " The Precisely Routing API returns navigation data based on various travel modes. The API supports point-to-point and multi-point travel directions. Precisely is a data integrity platform capable of collecting, verifying, and mapping information. This platform can be used to enable address typeahead capabilities in eCommerce websites, determine origin and delivery destinations in logistics applications, and provide better insights for customer engagement. Precisely APIs feature REST architecture, API Key authentication, and JSON responses.", "endpoint": "https://api.precisely.com/routing/v1", "homePage": "https://developer.precisely.com/apis/routing", "primaryCategory": "Data", "secondaryCategories": "Business, Mapping, Visualizations", "provider": "Precisely", "SSL_Support": "Yes", "authentication_Model": "API Key, Shared Secret", "version": "1.0", "versionStatus": "Recommended (active, supported)", "type": "Web/Internet", "architecturalStyle": "REST", "supportedRequestFormats": "URI Query String/CRUD", "supportedResponseFormats": "JSON", "restrictedAccess": "Yes"}