{"url": "https://www.programmableweb.com/api/stapi-star-trek-rest-api-v10", "name": "STAPI Star Trek REST API v1.0", "description": " The STAPI Star Trek API is a public, open source Star Trek API that anyone can contribute to. It uses publicly available data sources, such as Memory Alpha. This data is cleansed, standardized, and put into a relational model. The service is currently in beta, and the API model is considered stable. The STAPI Star Trek API is accessible using RESTful calls; a SOAP-RPC version is also available.", "endpoint": "N/A", "homePage": "http://stapi.co/", "primaryCategory": "Entertainment", "secondaryCategories": "N/A", "provider": "STAPI", "SSL_Support": "No", "authentication_Model": "Unspecified", "version": "1.0", "versionStatus": "Recommended (active, supported)", "type": "Web/Internet", "architecturalStyle": "REST", "supportedRequestFormats": "JSON, URI Query String/CRUD, XML", "supportedResponseFormats": "JSON, XML", "restrictedAccess": "No"}