{"url": "https://www.programmableweb.com/api/sendgrid-sender-identity-rest-api-v3", "name": "SendGrid Sender Identity REST API v3", "description": " The SendGrid Sender Identity API returns JSON data with verification features to validate an email address. If a domain has been white-labeled it will auto verify on creation. The Sender Identities API allows users to create and manage sender identities for Marketing Campaigns. SendGrid is an email marketing platform.", "endpoint": "https://api.sendgrid.com/", "homePage": "https://sendgrid.com/docs/api-reference/", "primaryCategory": "Email", "secondaryCategories": "Identity, Marketing, Verification", "provider": "SendGrid", "SSL_Support": "Yes", "authentication_Model": "API Key", "version": "3", "versionStatus": "Recommended (active, supported)", "type": "Web/Internet", "architecturalStyle": "REST", "supportedRequestFormats": "JSON, URI Query String/CRUD", "supportedResponseFormats": "JSON", "restrictedAccess": "No"}