{"url": "https://www.programmableweb.com/api/envoice-rest-api-v1", "name": "Envoice REST API v1", "description": " The Envoice API allows developers to automate the invoicing process. It can be used to perform basic CRUD operations on invoices, as well as change or check an invoice's status. Envoice allows users to accept payments from Paypal, Stripe, Payoneer, Square, and Klik & Pay and can also handle debit and credit cards.", "endpoint": "https://www.envoice.in/api", "homePage": "https://www.envoice.in/reference/api/docs/v1", "primaryCategory": "Invoicing", "secondaryCategories": "Billing", "provider": "Envoice", "SSL_Support": "Yes", "authentication_Model": "API Key, Shared Secret", "version": "1", "versionStatus": "Recommended (active, supported)", "type": "Web/Internet", "architecturalStyle": "REST", "supportedRequestFormats": "JSON, URI Query String/CRUD", "supportedResponseFormats": "JSON", "restrictedAccess": "No"}