{"url": "https://www.programmableweb.com/api/googio-rest-api-v100", "name": "Googio REST API v1.0.0", "description": " Googio is a simple to use automated Google Search API. The API supports advance searches, images, and news. Perform unlimited Google searches without worrying about captchas, proxies, or infrastructure via this API. Methods are available for status, search, news, images, crawl, and SERP.", "endpoint": "https://api.goog.io/", "homePage": "https://goog.io/docs", "primaryCategory": "Search", "secondaryCategories": "Data Mining, Marketing, News Services, SEO", "provider": "Googio", "SSL_Support": "Yes", "authentication_Model": "API Key", "version": "1.0.0", "versionStatus": "Recommended (active, supported)", "type": "Web/Internet", "architecturalStyle": "REST", "supportedRequestFormats": "JSON, URI Query String/CRUD", "supportedResponseFormats": "JSON", "restrictedAccess": "No"}