{"url": "https://www.programmableweb.com/api/stronghold-utilities-rest-api-v10", "name": "Stronghold Utilities REST API v1.0", "description": " The Stronghold Utilities API provides a way to retrieve the server time, to 'ping' the Stronghold Platform and measure latency, Generate an RFC UUID. Stronghold is an altcoin exchange platform that provides the ability to trade cryptocurrencies with relatively fast transactions and minimal fees that is built on the Stellar network. Stronghold also operates an over-the-counter trading desk for large block trading and currently supports Bitcoin (BTC), Ethereum (ETH), Mobius (MOBI) and Lumens (XLM).", "endpoint": "N/A", "homePage": "https://docs.stronghold.co/#472287b9-14d9-4e7a-b99e-bb9b5e46591e", "primaryCategory": "Blockchain", "secondaryCategories": "Bitcoin, Cryptocurrency, Currency, Financial, Identity", "provider": "Stronghold Institutional Services", "SSL_Support": "No", "authentication_Model": "Shared Secret", "version": "1.0", "versionStatus": "Recommended (active, supported)", "type": "Web/Internet", "architecturalStyle": "REST", "supportedRequestFormats": "JSON, URI Query String/CRUD", "supportedResponseFormats": "JSON", "restrictedAccess": "No"}