{"url": "https://www.programmableweb.com/api/amadeus-flight-price-analysis-rest-api-v1", "name": "Amadeus Flight Price Analysis REST API v1", "description": " Compare current flight prices against the historical average with the Flight Price API from Amadeus.", "endpoint": "https://test.api.amadeus.com/v1/analytics/itinerary-price-metrics", "homePage": "https://developers.amadeus.com/self-service/category/air/api-doc/flight-price-an\u2026", "primaryCategory": "Air Travel", "secondaryCategories": "Artificial Intelligence", "provider": "Amadeus", "SSL_Support": "Yes", "authentication_Model": "API Key", "version": "1", "versionStatus": "Recommended (active, supported)", "type": "Web/Internet", "architecturalStyle": "REST", "supportedRequestFormats": "JSON", "supportedResponseFormats": "JSON", "restrictedAccess": "No"}