{"url": "https://www.programmableweb.com/api/paypal-payouts-rest-api-v10", "name": "PayPal Payouts REST API v1.0", "description": " This PayPal Payouts API provides access to integrate payment functionalities to send payouts programmatically from within your application. It allows you to; send commissions, rebates, rewards, and general disbursements, send money to multiple people at the same time, show details for a payout item and more. PayPal offers ecommerce and online payment solutions for millions of customers globally.", "endpoint": "https://api.sandbox.paypal.com/v1/payments/payouts", "homePage": "https://developer.paypal.com/docs/api/payments.payouts-batch/v1", "primaryCategory": "Payments", "secondaryCategories": "eCommerce", "provider": "Paypal", "SSL_Support": "Yes", "authentication_Model": "Token", "version": "1.0", "versionStatus": "Recommended (active, supported)", "type": "Web/Internet", "architecturalStyle": "REST", "supportedRequestFormats": "JSON, URI Query String/CRUD", "supportedResponseFormats": "JSON", "restrictedAccess": "No"}