{"url": "https://www.programmableweb.com/api/rhythm-systems-rest-api-v1", "name": "Rhythm Systems REST API v1", "description": " The Rhythm Systems API allows users to interact with strategic execution software (business planning). Methods are available to Update a Single KPI, Priority, Annual Initiative, or Winning Move Status using standard HTTP verbs and JSON returned in all responses. This API supports authentication via OAuth 2.0 and Token. Rhythm Systems has helped high growth mid-market firms create over 10,000 plans and execute over 750,000 priorities.", "endpoint": "https://api.rhythm.cloud", "homePage": "https://www.rhythmsystems.com/knowledge/developers/api-overview", "primaryCategory": "Planning", "secondaryCategories": "Business, Cloud, Enterprise, Management, Organization", "provider": "Rhythm Systems", "SSL_Support": "Yes", "authentication_Model": "OAuth 2, Token", "version": "1", "versionStatus": "Recommended (active, supported)", "type": "Web/Internet", "architecturalStyle": "REST", "supportedRequestFormats": "URI Query String/CRUD", "supportedResponseFormats": "JSON", "restrictedAccess": "Yes"}