{"url": "https://www.programmableweb.com/api/nubentos-medicsenapi-rest-api-v102", "name": "Nubentos MedicsenAPI REST API v1.0.2", "description": " The MedicsenAPI utilizes AI to deliver the predicted future glucose levels of a diabetic patient for the next 120 minutes, based on information received from continuous glucose monitors (CGMs), food intake, exercise and/or insulin administration. It allows you to analyze how changes in patient's behavior affect glucose levels and thus, customize recommendations to suit their needs. This API is available from Nubentos The API Marketplace for Health.", "endpoint": "https://gateway.nubentos.com:443/medicsen.com/predictor/1.0.2", "homePage": "https://www.nubentos.com/ai-for-diabetes/?utm_source=directorio&amp;utm_medium=progr\u2026", "primaryCategory": "Healthcare", "secondaryCategories": "Artificial Intelligence, Health, Machine Learning, Medicine, Mobile, Nutrition, Predictions", "provider": "Nubentos", "SSL_Support": "Yes", "authentication_Model": "API Key, OAuth 2, Token", "version": "1.0.2", "versionStatus": "Recommended (active, supported)", "type": "Web/Internet", "architecturalStyle": "REST", "supportedRequestFormats": "JSON", "supportedResponseFormats": "JSON", "restrictedAccess": "No"}