{"url": "https://www.programmableweb.com/api/unofficial-seloger-rest-api-v1", "name": "Unofficial Seloger REST API v1", "description": " This API helps to query properties for sale or rent in France to create a real estate site/application such as seloger.com", "endpoint": "https://seloger.p.rapidapi.com", "homePage": "https://rapidapi.com/apidojo/api/seloger/", "primaryCategory": "Real Estate", "secondaryCategories": "Business", "provider": "APIDojo", "SSL_Support": "Yes", "authentication_Model": "API Key", "version": "1", "versionStatus": "Recommended (active, supported)", "type": "Web/Internet", "architecturalStyle": "REST", "supportedRequestFormats": "URI Query String/CRUD", "supportedResponseFormats": "JSON", "restrictedAccess": "No"}