{"url": "https://www.programmableweb.com/api/cointree-rest-api-v1", "name": "CoinTree REST API v1", "description": " CoinTree is an Australian Bitcoin exchange marketplace. The CoinTree API supports the integration of CoinTree\u2019s Bitcoin trading functions in applications.", "endpoint": "https://api.cointree.com.au/v1/", "homePage": "https://www.cointree.com.au/Home/Api", "primaryCategory": "Bitcoin", "secondaryCategories": "Cryptocurrency", "provider": "CoinTree", "SSL_Support": "Yes", "authentication_Model": "API Key", "version": "1", "versionStatus": "Recommended (active, supported)", "type": "Web/Internet", "architecturalStyle": "REST", "supportedRequestFormats": "JSON, URI Query String/CRUD", "supportedResponseFormats": "JSON", "restrictedAccess": "No"}