{"url": "https://www.programmableweb.com/api/sketchfab-data-rest-api-v30", "name": "Sketchfab Data REST API v3.0", "description": " SketchFab is media platform that hosts interactive 3D models. Artists can publish their 3D modeling work to share with friends, family, or perspective employers. Others can browse the site or look up specific kinds of models, like planes, trains, or automobiles. The SketchFab API exposes the website\u00e2\u20ac\u2122s upload functionality. Users can upload their images and include descriptive metadata. It is RESTful API that returns JSON results.", "endpoint": "https://api.sketchfab.com/v3/models", "homePage": "https://sketchfab.com/developers/data-api/v3", "primaryCategory": "File Sharing", "secondaryCategories": "3D, Art, Media, Models, Social", "provider": "Sketchfab", "SSL_Support": "Yes", "authentication_Model": "OAuth 2, Token", "version": "3.0", "versionStatus": "Recommended (active, supported)", "type": "Web/Internet", "architecturalStyle": "REST", "supportedRequestFormats": "JSON, URI Query String/CRUD", "supportedResponseFormats": "JSON", "restrictedAccess": "No"}