{"url": "https://www.programmableweb.com/api/allmyles-dashboard-streaming-api-v10", "name": "Allmyles Dashboard Streaming API v1.0", "description": " The Allmyles Dashboard API provides notifications about booking events from an integrated travel dashboard. Use it for Booking Status Delivery messages that include transactions, flight changes, dates, fares, currency, passenger information, ticket number and more. Allmyles provides travel booking services for flight, hotel, and car rentals.", "endpoint": " https://dashboard.allmyles.com/api/notification ", "homePage": "https://allmyles.docs.apiary.io/#reference/dashboard-api", "primaryCategory": "Travel", "secondaryCategories": "Air Travel, Booking, Hotels, Notifications, Rentals", "provider": "Allmyles", "SSL_Support": "Yes", "authentication_Model": "HTTP Basic Auth", "version": "1.0", "versionStatus": "Recommended (active, supported)", "type": "Web/Internet", "architecturalStyle": "Streaming", "supportedRequestFormats": "JSON, Websockets", "supportedResponseFormats": "JSON, Websockets", "restrictedAccess": "No"}