{"url": "https://www.programmableweb.com/api/holy-grail-rest-api-v1", "name": "Holy Grail REST API v1", "description": " The Holy Grail API and SDKs enable users to deploy a probabilistic neural network with the ultimate goal of making R&D autonomous. It is a REST API that is available in Python, cURL, C, C#, JavaScript and more. Holy Grail is focused on the development of autonomous research systems dedicated to material science and chemistry with the goal of replacing the use of fossil fuels with electro-chemical battery solutions.", "endpoint": "https://bayes-api.holygrail.ai:80/api", "homePage": "https://www.holygrail.ai/bayes", "primaryCategory": "Artificial Intelligence", "secondaryCategories": "Energy, Machine Learning, Optimization, Sustainability", "provider": "Holy Grail", "SSL_Support": "Yes", "authentication_Model": "Unspecified", "version": "1", "versionStatus": "Recommended (active, supported)", "type": "Web/Internet", "architecturalStyle": "REST", "supportedRequestFormats": "URI Query String/CRUD", "supportedResponseFormats": "JSON", "restrictedAccess": "No"}