{"url": "https://www.programmableweb.com/api/sudoku-all-purpose-pro-sudoku-generator-rest-api-v1", "name": "SUDOKU All-Purpose PRO - Sudoku Generator REST API v1", "description": " SUDOKU All-Purpose PRO - Sudoku Generator API enables developers to create Sudoku puzzles with several output choices, including HTML, images, PDF and more. Need more Sudokus for apps & websites? Get the new and very affordable MEGA plan with UNLIMITED API requests! From the provider: \"Create unique and elegant Sudokus with a variable number of given fields while using different levels of difficulty. Solve every Sudoku. Simply make an API call with missing digits and receive the answer back immediately. Choose from different output formats to display your Sudoku perfectly. Output to html, image and PDF for newspapers and magazines. Developing solutions and projects for this API is a great opportunity to make money. Make your own Sudoku print magazine. Everything you need is here. Why not start today? A FREE Basic account is also available for testing purposes. Full documentation at: https://myv.at/api/sudoku/\"", "endpoint": "https://sudoku-all-purpose-pro.p.rapidapi.com/sudoku", "homePage": "https://myv.at/api/sudoku/", "primaryCategory": "Games", "secondaryCategories": "Magazines, Monetization, PDF, Printing, Publishing", "provider": "myv@API", "SSL_Support": "Yes", "authentication_Model": "API Key", "version": "1", "versionStatus": "Recommended (active, supported)", "type": "Web/Internet", "architecturalStyle": "REST", "supportedRequestFormats": "JSON, URI Query String/CRUD", "supportedResponseFormats": "Binary, JSON, PDF", "restrictedAccess": "Yes"}