{"url": "https://www.programmableweb.com/api/google-cloud-inference-rest-api-v10", "name": "Google Cloud Inference REST API v1.0", "description": " The Google Cloud Inference API allows you to run large scale correlations over typed time series datasets and provides a way to gather insights in real time. It is used in some cases that may include; analyzing foot traffic and conversion for retailers, detecting data anomalies, identifying correlations in real time over sensor data, and more. This API is currently in alpha release and might be changed. It is not recommended for production use and not subject to any SLA or deprecation policy. Google Cloud helps developers build with cloud tools and infrastructure, applications, maps and devices.", "endpoint": "https://infer.googleapis.com/v1", "homePage": "https://cloud.google.com/inference", "primaryCategory": "Analytics", "secondaryCategories": "Data", "provider": "Google", "SSL_Support": "Yes", "authentication_Model": "API Key, OAuth 2", "version": "1.0", "versionStatus": "Recommended (active, supported)", "type": "Web/Internet", "architecturalStyle": "REST", "supportedRequestFormats": "JSON, URI Query String/CRUD", "supportedResponseFormats": "JSON", "restrictedAccess": "No"}