{"url": "https://www.programmableweb.com/api/getsocial-pushstreaming-api-v11", "name": "GetSocial Streaming API v1.1", "description": " GetSocial is an in-app social marketing platform that features real-time chat, activity feeds, push notifications, and sharing. The GetSocial platform can be used to monetize and convert users into spenders, and to gain insight about user activity. GetSocial is based in the Netherlands, and provides cloud based technologies dedicated to mobile.", "endpoint": "https://api.getsocial.im/v1 ", "homePage": "https://www.getsocial.im/", "primaryCategory": "Social", "secondaryCategories": "Chat, Engagement, Marketing, Messaging, Notifications", "provider": "GetSocial", "SSL_Support": "Yes", "authentication_Model": "Token", "version": "1.1", "versionStatus": "Recommended (active, supported)", "type": "Web/Internet", "architecturalStyle": "Streaming", "supportedRequestFormats": "Null", "supportedResponseFormats": "Webhooks", "restrictedAccess": "No"}