{"url": "https://www.programmableweb.com/api/scrumwise-rest-api-v10", "name": "Scrumwise REST API v1.0", "description": " The Scrumwise API allows you to programmatically access and modify your data in Scrumwise. It\u2019s a collection of methods that you can invoke using straightforward HTTP POST requests. Scrum is an iterative and incremental agile software development framework for managing product development. Scrumwise provides a simple Scrum tool that allows you to; Predict when you'll deliver, Create and manage your backlogs, Plan releases and sprints and more.", "endpoint": "https://api.scrumwise.com/service/api/v1", "homePage": "https://www.scrumwise.com/api.html#introduction", "primaryCategory": "Agile", "secondaryCategories": "Developers, DevOps, Framework, Management, Products", "provider": "Scrumwise", "SSL_Support": "Yes", "authentication_Model": "API Key, HTTP Basic Auth", "version": "1.0", "versionStatus": "Recommended (active, supported)", "type": "Web/Internet", "architecturalStyle": "REST", "supportedRequestFormats": "JSON, URI Query String/CRUD", "supportedResponseFormats": "JSON", "restrictedAccess": "No"}