{"url": "https://www.programmableweb.com/api/rss2json-rest-api-v1", "name": "Rss2Json REST API v1", "description": " The Rss2Json API allows developers to convert an RSS feed to JSON by submitting its URL. The items in a feed can be sorted by publication date, title, or author in ascending or descending order. Developers will need an API key, which they can get by logging in or creating an account.", "endpoint": "https://api.rss2json.com/v1/api.json", "homePage": "https://rss2json.com/#rss_url=https%3A%2F%2Fwww.theverge.com%2Frss%2Findex.xml", "primaryCategory": "Conversions", "secondaryCategories": "Feeds, Tools", "provider": "Rss2Json", "SSL_Support": "Yes", "authentication_Model": "API Key", "version": "1", "versionStatus": "Recommended (active, supported)", "type": "Web/Internet", "architecturalStyle": "REST", "supportedRequestFormats": "RSS, URI Query String/CRUD", "supportedResponseFormats": "JSON", "restrictedAccess": "No"}