{"url": "https://www.programmableweb.com/api/voucherify-rest-api-v10", "name": "Voucherify REST API v1.0", "description": " Forward-thinking companies around the world use Voucherify to power up coupon campaigns with a modern coupon infrastructure. Whether you're just starting out or you're an established enterprise with thousands of promotions, we have you covered. Our API-first platform helps developers integrate digital promotions across any marketing channel or customer touchpoint - eventually giving full control over campaigns back to the marketing team. With the user-friendly dashboard, they can create, distribute and track campaigns with no need for technical knowledge. UI helps them customize campaign features starting from basic ones like the discount type and expiry date up to complex validation rules based on the order structure and customer profile. *Use cases: referral programs, promo codes, loyalty coupons, vouchers and gifts, mobile apps. *Case studies: online marketplace discounts, loyalty program vouchers, sending out coupons with Intercom, MailChimp, selling voucher gifts with Shopify, WooCommerce", "endpoint": "https://api.voucherify.io/v1/", "homePage": "https://docs.voucherify.io/v1/reference", "primaryCategory": "Coupons", "secondaryCategories": "eCommerce, Marketing", "provider": "VOUCHERIFY", "SSL_Support": "Yes", "authentication_Model": "App ID, OAuth 2, Shared Secret, Token", "version": "1.0", "versionStatus": "Recommended (active, supported)", "type": "Web/Internet", "architecturalStyle": "REST", "supportedRequestFormats": "URI Query String/CRUD", "supportedResponseFormats": "CSV, GeoJSON, JSON, XML", "restrictedAccess": "Yes"}