{"url": "https://www.programmableweb.com/api/seo-explorer-rest-api-v10", "name": "SEO Explorer REST API v1.0", "description": " The SEO Explorer REST API enables developers to retrieve SEO information associated with a domain, keyword or backlink. The API returns unique links, links to homepage, domain score, and main organic competitors.", "endpoint": "https://seo-explorer.io/", "homePage": "https://seo-explorer.io/api/", "primaryCategory": "SEO", "secondaryCategories": "Data", "provider": "SEO Explorer", "SSL_Support": "Yes", "authentication_Model": "Token", "version": "1.0", "versionStatus": "Recommended (active, supported)", "type": "Web/Internet", "architecturalStyle": "REST", "supportedRequestFormats": "URI Query String/CRUD", "supportedResponseFormats": "JSON", "restrictedAccess": "Yes"}