{"url": "https://www.programmableweb.com/api/factual-geopulse-context-rest-api-v4", "name": "Factual Geopulse Context REST API v4", "description": " Factual provides a platform for developers to share, mash, and build applications on open data. Geopulse provides point-based access to geographic area attributes. The user provides a long/lat coordinate pair, or selects a point on a map, and factual provides business/demographic, and commercial information about the immediate geographic area. The search can return commercial density, commercial business profile, commercial/residential ratios, and population demographics like age, gender, race, education, median income, and other info. The services accepts REST calls and will return JSON. An API Key is required for service and the first 10,000 API calls each day are free. Note: Factual is now part of Foursquare.", "endpoint": "https://api.factual.com/geopulse/", "homePage": "https://developer.factual.com/docs/geopulse-apis", "primaryCategory": "Mapping", "secondaryCategories": "Advertising, Business, Demographics", "provider": "Factual, Foursquare", "SSL_Support": "Yes", "authentication_Model": "API Key, Token", "version": "4", "versionStatus": "Active (supported, scheduled for retirement)", "type": "Web/Internet", "architecturalStyle": "REST", "supportedRequestFormats": "JSON, URI Query String/CRUD", "supportedResponseFormats": "JSON", "restrictedAccess": "Yes"}