{"url": "https://www.programmableweb.com/api/erply-rest-api-v1", "name": "Erply REST API v1", "description": " Erply provides Point of Sale (POS), product information and other solutions for retail. The Erply API enables developers to integrate with the services, with methods to manage products, customers, sales, webstore, Pos, company inventory, reports, and storage.", "endpoint": "https://api-pim-eu10.erply.com/v1", "homePage": "https://erply.com/erply-api/", "primaryCategory": "Retail", "secondaryCategories": "Inventory, Products, Sales", "provider": "Erply", "SSL_Support": "Yes", "authentication_Model": "API Key", "version": "1", "versionStatus": "Recommended (active, supported)", "type": "Web/Internet", "architecturalStyle": "REST", "supportedRequestFormats": "JSON, URI Query String/CRUD", "supportedResponseFormats": "JSON", "restrictedAccess": "No"}