{"url": "https://www.programmableweb.com/api/raygun-sessions-rest-api-v1", "name": "Raygun Sessions REST API v1", "description": " Raygun is a provider of web and mobile software intelligence solutions spanning the crash reporting, the user tracking, the real user monitoring, and the deployment tracking domains. The Raygun Pulse Sessions API supports the retrieval of Pulse sessions from applications. Its functionalities are accessible through two primary endpoints and an authentication endpoint. Whereas the first endpoint facilitates the retrieval of user sessions in paged list format with cut down session, the second endpoint\u2019s call facilitates the use of session ID to retrieve full session description on a session-by-session basis. The API is readily accessible to users with Raygun enterprise plans.", "endpoint": "https://api.raygun.com/api/v1/pulse/sessions", "homePage": "https://raygun.com/docs/pulse/api", "primaryCategory": "Performance", "secondaryCategories": "Developers, Tools", "provider": "Raygun", "SSL_Support": "Yes", "authentication_Model": "Token", "version": "1", "versionStatus": "Recommended (active, supported)", "type": "Web/Internet", "architecturalStyle": "REST", "supportedRequestFormats": "JSON, URI Query String/CRUD", "supportedResponseFormats": "JSON", "restrictedAccess": "No"}