{"url": "https://www.programmableweb.com/api/nanotify-webhooks-streaming-api-v10", "name": "Nanotify Webhooks Streaming API v1.0", "description": " This Nanotify Webhook API enables notifications about events from the Nanotify notification service. Actions can be designed for events, such as receiving incoming transactions to an invoice account, or initiating an action when a spend is detected etc. Webhook notifications contain information as JSON for; Type, Block, Amount, Address and Timestamp. Authentication is utilized via HTTP and token for; watcher management, and account management. Nanotify enables developers with the ability to build services for notifications of Nanotify events.", "endpoint": "N/A", "homePage": "https://docs.nanotify.io/?python#webhooks", "primaryCategory": "Events", "secondaryCategories": "Notifications, Webhooks", "provider": "nanotify", "SSL_Support": "Yes", "authentication_Model": "Token", "version": "1.0", "versionStatus": "Recommended (active, supported)", "type": "Web/Internet", "architecturalStyle": "Streaming", "supportedRequestFormats": "Webhooks", "supportedResponseFormats": "JSON, URI Query String/CRUD", "restrictedAccess": "No"}