{"url": "https://www.programmableweb.com/api/dizzyjam-rest-api-v10", "name": "Dizzyjam REST API v1.0", "description": " This API provides access to an online shop for selling merchandise to your fans. It returns Manage calls, Catalogue calls, Order calls and more. Dizzyjam is for people who make music and want merchandise on demand.", "endpoint": "https://dizzyjam.com/api/", "homePage": "http://www.dizzyjam.com/apidoc/", "primaryCategory": "Music", "secondaryCategories": "eCommerce, Products", "provider": "Dizzyjam", "SSL_Support": "Yes", "authentication_Model": "API Key", "version": "1.0", "versionStatus": "Recommended (active, supported)", "type": "Web/Internet", "architecturalStyle": "REST", "supportedRequestFormats": "JSON, URI Query String/CRUD, XML", "supportedResponseFormats": "JSON, XML", "restrictedAccess": "No"}