{"url": "https://www.programmableweb.com/api/netlify-rest-api-v1", "name": "Netlify REST API v1", "description": " The Netlify API enables website development tools. This Platform-as-a-Service supports free personal blogs, and complex enterprise solutions. The API delivers continuous deployment, analytics, access to accounts, access to files, and more. This API requires OAuth 2.0 authentication. Netlify provides hosting and serverless backend services for static websites.", "endpoint": "https://api.netlify.com/api/v1/", "homePage": "https://www.netlify.com/docs/", "primaryCategory": "Application Development", "secondaryCategories": "Hosting, Web Site Management", "provider": "Netlify", "SSL_Support": "Yes", "authentication_Model": "OAuth 2", "version": "1", "versionStatus": "Recommended (active, supported)", "type": "Web/Internet", "architecturalStyle": "REST", "supportedRequestFormats": "JSON, URI Query String/CRUD", "supportedResponseFormats": "JSON", "restrictedAccess": "Yes"}