{"url": "https://www.programmableweb.com/api/proxyverse-reseller-rest-api-v1", "name": "Proxyverse Reseller REST API v1", "description": " Proxyverse is a residential proxy network with a pool a pool of more than 70 million IPs for staying anonymous. The Proxyverse Reseller API enables resellers to manage sub-users, domains, user information, countries and more.", "endpoint": "https://proxyverse.io/api/", "homePage": "https://proxyverse.io/redoc/", "primaryCategory": "Software-as-a-Service", "secondaryCategories": "Data Mining, Domains", "provider": "Proxyverse.io", "SSL_Support": "Yes", "authentication_Model": "API Key", "version": "1", "versionStatus": "Active (supported, scheduled for retirement)", "type": "of License if Non Proprietary BSD License", "architecturalStyle": "REST", "supportedRequestFormats": "JSON, URI Query String/CRUD", "supportedResponseFormats": "JSON", "restrictedAccess": "Yes"}