{"url": "https://www.programmableweb.com/api/natural-insight-routing-rpc-api-v10", "name": "Natural Insight Routing RPC API v1.0", "description": " The Natural Insight Routing API in SOAP architecture exports retail fulfillment routing data in XML format, allowing to collect and calculate expenses. The Routing API provides insight into how a client can change routing policies to prevent the financial drain from routing expenses. Natural Insight is retail execution software.", "endpoint": "N/A", "homePage": "https://www.naturalinsight.com/routing-api", "primaryCategory": "Business", "secondaryCategories": "Sales, Shipping, Supply Chain", "provider": "Natural Insight", "SSL_Support": "Yes", "authentication_Model": "API Key", "version": "1.0", "versionStatus": "Recommended (active, supported)", "type": "Web/Internet", "architecturalStyle": "RPC", "supportedRequestFormats": "SOAP, WSDL, XML", "supportedResponseFormats": "SOAP, XML", "restrictedAccess": "No"}