{"url": "https://www.programmableweb.com/api/trimble-location-rpc-api-v10", "name": "Trimble Location RPC API v1.0", "description": " The Trimble Location API provides methods for performing both geocoding and reverse geocoding operations. Geocoding provides the geographic coordinates for a given street address, while reverse geocoding provides the street address for a given pair of geographic coordinates. This API is one of many routing, location, and mapping APIs provided by Trimble.", "endpoint": "https://pcmiler.alk.com/apis/soap/v1.0/service.svc", "homePage": "https://developer.trimblemaps.com/soap-apis/docs/location/", "primaryCategory": "Transportation", "secondaryCategories": "Addresses, Location", "provider": "Trimble", "SSL_Support": "Yes", "authentication_Model": "API Key", "version": "1.0", "versionStatus": "Recommended (active, supported)", "type": "Web/Internet", "architecturalStyle": "RPC", "supportedRequestFormats": "SOAP, XML", "supportedResponseFormats": "SOAP, XML", "restrictedAccess": "No"}