{"url": "https://www.programmableweb.com/api/mind-rockets-unspecified-api-v1", "name": "Mind Rockets Unspecified API v1", "description": " Mind Rockets provides technical solutions for assisting deaf and hard of hearing people. The Mind Rockets API enables developers to tap into the services for making websites and applications accessible for deaf persons, interpreting deaf customers messages, and translating speech and text to sign language using 3D avatars. Contact the provider for API and documentation access.", "endpoint": "N/A", "homePage": "https://mindrocketsinc.com/", "primaryCategory": "Accessibility", "secondaryCategories": "Transcription, Translation", "provider": "Mind Rockets", "SSL_Support": "Yes", "authentication_Model": "Unspecified", "version": "1", "versionStatus": "Recommended (active, supported)", "type": "Web/Internet", "architecturalStyle": "Unspecified", "supportedRequestFormats": "Unspecified", "supportedResponseFormats": "Unspecified", "restrictedAccess": "No"}