{"url": "https://www.programmableweb.com/api/benzinga-rest-api-v11", "name": "Benzinga REST API v1.1", "description": " The Benzinga TCP Newsfeed API provides financial reports retrieved from the news. In this version, Benzinga offers a stream of financial news with an ID of story, the title of an article, the body of an article, published status, revision date, and link to articles.", "endpoint": "https://docs.benzinga.io/benzinga/newsfeed-tcp-v1-1.html", "homePage": "https://docs.benzinga.io/benzinga/newsfeed-tcp-v1-1.html", "primaryCategory": "Financial", "secondaryCategories": "News Services, Reporting", "provider": "Benzinga", "SSL_Support": "Yes", "authentication_Model": "API Key", "version": "1.1", "versionStatus": "Active (supported, scheduled for retirement)", "type": "Web/Internet", "architecturalStyle": "REST", "supportedRequestFormats": "URI Query String/CRUD", "supportedResponseFormats": "JSON", "restrictedAccess": "No"}