{"url": "https://www.programmableweb.com/api/does-dog-die-rest-api-v11", "name": "Does the Dog Die REST API v1.1", "description": " Does the Dog Die API offers crowdsourced emotional spoilers for movies, TV, books in over 70 categories. The service can help people avoid triggers for sexual assault, domestic violence & other upsetting topics. Categories range widely and include car crashes, gun violence, antisemitism, miscarriages, self-harm, etc.", "endpoint": "https://www.doesthedogdie.com/dddsearch", "homePage": "https://www.doesthedogdie.com/api", "primaryCategory": "Health", "secondaryCategories": "Books, Crowdsourcing, Movies, TV", "provider": "Does the Dog Die", "SSL_Support": "Yes", "authentication_Model": "API Key", "version": "1.1", "versionStatus": "Recommended (active, supported)", "type": "Web/Internet", "architecturalStyle": "REST", "supportedRequestFormats": "JSON", "supportedResponseFormats": "JSON", "restrictedAccess": "No"}