{"url": "https://www.programmableweb.com/api/allart-nft-rest-api-v1", "name": "ALL.ART NFT REST API v1", "description": " ALL.ART offers non-fungible token (NFT) products and services for artists. ALL.ART Protocol (NFT-PRO) is NFT standards including embedded licensing and metadata stored on Solana blockchain. The ALL.ART NFT API offers programmatic access to All.ART NFT metadata and ALL.ART NFT Wallet data.", "endpoint": "https://api.all.art/v1/", "homePage": "https://docs.all.art/allart-litepaper/introduction", "primaryCategory": "Blockchain", "secondaryCategories": "Art, Sales", "provider": "ALL.ART", "SSL_Support": "Yes", "authentication_Model": "Unspecified", "version": "1", "versionStatus": "Recommended (active, supported)", "type": "Web/Internet", "architecturalStyle": "REST", "supportedRequestFormats": "JSON", "supportedResponseFormats": "JSON", "restrictedAccess": "No"}