{"url": "https://www.programmableweb.com/api/tagvault-ucf-common-controls-hub-rest-api-v200", "name": "TagVault UCF Common Controls Hub REST API v2.0.0", "description": " The UCF Common Controls Hub API allows developers to access many of the features and data available through the Common Controls Hub (CCH), an interface that allows users to manage their compliance documents and information. The CCH is provided by the UCF (Unified Compliance Framework), a company that helps customers quickly generate custom common control spreadsheets and create custom compliance templates and checklists. TagVault is a membership driven organization designed to be the registration authority for ISO/IEC 19770-2 software identification tags (SWID tags).", "endpoint": "https://api.unifiedcompliance.com", "homePage": "https://developer.unifiedcompliance.com/", "primaryCategory": "Compliance", "secondaryCategories": "Documents, Law, Spreadsheets", "provider": "Network Frontiers", "SSL_Support": "Yes", "authentication_Model": "OAuth 2, Token", "version": "2.0.0", "versionStatus": "Recommended (active, supported)", "type": "Web/Internet", "architecturalStyle": "REST", "supportedRequestFormats": "JSON, URI Query String/CRUD, XML", "supportedResponseFormats": "JSON, XML", "restrictedAccess": "Yes"}