{"url": "https://www.programmableweb.com/api/dicebear-avatar-female-unspecified-api-v20", "name": "DiceBear Avatar Female Unspecified API v2.0", "description": " The DiceBear Avatar Female API returns an HTTPS female sprite collection for DiceBear Avatars.", "endpoint": "https://avatars.dicebear.com/v2", "homePage": "https://www.npmjs.com/package/@dicebear/avatars-female-sprites", "primaryCategory": "Avatars", "secondaryCategories": "N/A", "provider": "Independent Developer", "SSL_Support": "Yes", "authentication_Model": "HTTP Basic Auth", "version": "2.0", "versionStatus": "Recommended (active, supported)", "type": "Web/Internet", "architecturalStyle": "Unspecified", "supportedRequestFormats": "Unspecified", "supportedResponseFormats": "Unspecified", "restrictedAccess": "No"}