{"url": "https://www.programmableweb.com/api/fiskaly-sign-rest-api-v10", "name": "fiskaly Sign REST API v1.0", "description": " fiskaly is a cloud-based, tamper-proof fiscal service for electronic recording and archiving of business transactions. The fiskaly Sign API allows developers to initialize and manage a Technical Security System, manage transactions and their life cycle, manage clients, and perform data export. The API features REST architecture, JSON payload, requests, and JSON responses.", "endpoint": "https://kassensichv.io/api/v1", "homePage": "https://developer.fiskaly.com/api/kassensichv/v1", "primaryCategory": "Business", "secondaryCategories": "Transactions", "provider": "fiskaly", "SSL_Support": "Yes", "authentication_Model": "API Key", "version": "1.0", "versionStatus": "Recommended (active, supported)", "type": "Web/Internet", "architecturalStyle": "REST", "supportedRequestFormats": "JSON, URI Query String/CRUD", "supportedResponseFormats": "JSON", "restrictedAccess": "No"}