{"url": "https://www.programmableweb.com/api/unofficial-transfermarkt-rest-api-v1", "name": "Unofficial TransferMarkt REST API v1", "description": " With Unofficial TransferMarkt API, users can query for news, transfers, ticker, videos, results, transfer market from popular competitions and leagues as on transfermarket.de", "endpoint": "https://rapidapi.com/apidojo/api/transfermarket/endpoints", "homePage": "https://rapidapi.com/apidojo/api/transfermarket", "primaryCategory": "Sports", "secondaryCategories": "N/A", "provider": "APIDojo", "SSL_Support": "Yes", "authentication_Model": "API Key", "version": "1", "versionStatus": "Recommended (active, supported)", "type": "Web/Internet", "architecturalStyle": "REST", "supportedRequestFormats": "JSON", "supportedResponseFormats": "JSON", "restrictedAccess": "No"}