{"url": "https://www.programmableweb.com/api/marketo-user-management-rest-api-v10", "name": "Marketo User Management REST API v1.0", "description": " The Marketo User Management API enables CRUD operations on user records. Developers can browse users and roles, invite users, update users, and update roles. The API requires the HTTP header method to send the access token to authenticate. Responses are JSON formatted. Marketo is an engagement platform that allows marketers to build brand value, and grow revenue.", "endpoint": "https://284-RPR-133.mktorest.com/rest/userservice/management/v1", "homePage": "https://developers.marketo.com/rest-api/user-management/", "primaryCategory": "Enterprise", "secondaryCategories": "Campaigns, Financial, Marketing", "provider": "Marketo", "SSL_Support": "Yes", "authentication_Model": "Token", "version": "1.0", "versionStatus": "Recommended (active, supported)", "type": "Web/Internet", "architecturalStyle": "REST", "supportedRequestFormats": "URI Query String/CRUD", "supportedResponseFormats": "JSON", "restrictedAccess": "Yes"}