{"url": "https://www.programmableweb.com/api/bouncebuster-rest-api-v1", "name": "Bouncebuster REST API v1", "description": " Bouncebuster enables developers to verify email addresses and increase email deliverability. The Bouncebuster API enables developers to integrate the service into their own applications. Methods area available to verify email addresses with a POST request. Results include valid (send), invalid (don't send), disposable, and unknown.", "endpoint": "https://api.bouncebuster.io/v1/", "homePage": "https://api.bouncebuster.io/doc", "primaryCategory": "Email", "secondaryCategories": "Validation, Verification", "provider": "Bouncebuster", "SSL_Support": "Yes", "authentication_Model": "API Key", "version": "1", "versionStatus": "Recommended (active, supported)", "type": "Web/Internet", "architecturalStyle": "REST", "supportedRequestFormats": "JSON, URI Query String/CRUD", "supportedResponseFormats": "JSON", "restrictedAccess": "No"}