{"url": "https://www.programmableweb.com/api/icobench-data-rest-api-v10", "name": "ICObench Data REST API v1.0", "description": " The ICObench Data API allows you to get various information and data from the ICObench platform that includes; ICO listings, ratings, stats and more. ICObench provides a rating platform that is community supported by investors and experts. ICO stands for \"Initial Coin Offering\" and refers to funds raised for new cryptocurrency ventures.", "endpoint": "https://icobench.com/api/v1/icos/all", "homePage": "https://icobench.com/developers", "primaryCategory": "Ratings", "secondaryCategories": "Blockchain, Cryptocurrency, Platform-as-a-Service", "provider": "ICObench", "SSL_Support": "Yes", "authentication_Model": "API Key", "version": "1.0", "versionStatus": "Recommended (active, supported)", "type": "of License if Non Proprietary MIT License", "architecturalStyle": "REST", "supportedRequestFormats": "JSON, URI Query String/CRUD", "supportedResponseFormats": "JSON", "restrictedAccess": "No"}