{"url": "https://www.programmableweb.com/api/seo-review-tools-keyword-rest-api-v20", "name": "SEO Review Tools Keyword REST API v2.0", "description": " The SEO Review Tools Keyword API helps you to discover new keywords and provides you search volume estimates, cost per click data, paid Google competition statistics and search volume over time. The keyword API can be integrated into an existing keyword tool, CMS or Google spreadsheet.", "endpoint": "N/A", "homePage": "https://www.seoreviewtools.com/keyword-api/", "primaryCategory": "SEO", "secondaryCategories": "Content, Keywords, Marketing, Search, SEO, Writing", "provider": "SEO Review Tools", "SSL_Support": "Yes", "authentication_Model": "API Key", "version": "2.0", "versionStatus": "Recommended (active, supported)", "type": "Web/Internet", "architecturalStyle": "REST", "supportedRequestFormats": "URI Query String/CRUD", "supportedResponseFormats": "JSON", "restrictedAccess": "No"}