{"url": "https://www.programmableweb.com/api/open-targets-rest-api-v3", "name": "Open Targets REST API v3", "description": " Open Targets is a public-private partnership that uses human genetics and genomics data for systematic drug target identification and prioritization for approaches in oncology, neurodegeneration, and immunity and inflammation. The Open Targets Platform API offers data access. The public methods offer stable data to core set of data, data associations and evidence. The private methods offers target profile page and batch search, among other things. Paramenters include disease, datasource, datatype, file type (JSON, XML, CSV, TAB), scorevalues and more.", "endpoint": "https://platform-api.opentargets.io/v3/platform//", "homePage": "https://docs.targetvalidation.org/", "primaryCategory": "Medicine", "secondaryCategories": "Coronavirus, COVID-19, Drugs, Genetics, Open Data, Science", "provider": "Open Targets", "SSL_Support": "Yes", "authentication_Model": "Unspecified", "version": "3", "versionStatus": "Recommended (active, supported)", "type": "of License if Non Proprietary Apache 2.0", "architecturalStyle": "REST", "supportedRequestFormats": "JSON, URI Query String/CRUD", "supportedResponseFormats": "CSV, JSON, XML, TAB", "restrictedAccess": "No"}