{"url": "https://www.programmableweb.com/api/mailet-rest-api-v10", "name": "Mailet REST API v1.0", "description": " Mailet is a platform that generates temporary email addresses that expire after one hour. You can sign up to websites, social media, and read the incoming emails from our UI or API. It can also help you to avoid spam and increase your security. Interested developers can register for API and documentation access.", "endpoint": "https://www.getmailet.com/", "homePage": "https://www.getmailet.com/", "primaryCategory": "Email", "secondaryCategories": "Security, Spam", "provider": "Zyla Labs", "SSL_Support": "Yes", "authentication_Model": "API Key", "version": "1.0", "versionStatus": "Recommended (active, supported)", "type": "Web/Internet", "architecturalStyle": "REST", "supportedRequestFormats": "JSON, JSONP, URI Query String/CRUD", "supportedResponseFormats": "JSON, JSONP", "restrictedAccess": "No"}