{"url": "https://www.programmableweb.com/api/twilio-sms-rest-api-v20100401", "name": "Twilio SMS REST API v2010.04.01", "description": " The Twilio SMS API allows developers to send and receive SMS messages, track sent messages, and retrieve and modify message history from their applications. This API uses a RESTful interface over HTTPS. Twilio is a cloud communications platform that provides tools for adding messaging, voice, and video to web and mobile applications.", "endpoint": "https://api.twilio.com/2010-04-01", "homePage": "https://www.twilio.com/sms/api", "primaryCategory": "Messaging", "secondaryCategories": "Telephony, USA", "provider": "Twilio", "SSL_Support": "Yes", "authentication_Model": "HTTP Basic Auth, Token", "version": "2010.04.01", "versionStatus": "Recommended (active, supported)", "type": "Web/Internet", "architecturalStyle": "REST", "supportedRequestFormats": "JSON, URI Query String/CRUD", "supportedResponseFormats": "JSON", "restrictedAccess": "No"}