{"url": "https://www.programmableweb.com/api/openstack-freezer-rest-api-v3", "name": "OpenStack Freezer REST API v3", "description": " The OpenStack Freezer API operates as a systems backup solution. The RESTful API can be used to restore systems or applied in disaster recovery procedures. OpenStack, the API\u2019s provider, manages bulk volumes of storage and networking resources.", "endpoint": "http://git.openstack.org/cgit/openstack/freezer-api/", "homePage": "https://github.com/openstack/freezer-api", "primaryCategory": "Storage", "secondaryCategories": "Backup, Security", "provider": "OpenStack", "SSL_Support": "No", "authentication_Model": "Token", "version": "3", "versionStatus": "Recommended (active, supported)", "type": "of License if Non Proprietary Apache", "architecturalStyle": "REST", "supportedRequestFormats": "URI Query String/CRUD", "supportedResponseFormats": "JSON", "restrictedAccess": "No"}