{"url": "https://www.programmableweb.com/api/spam-words-rest-api-v1", "name": "Spam Words REST API v1", "description": " Spam Words API is a free service that provides a list of spam words in several languages. Developers can get a list of languages returned, or get spam words from a specific language. There is a GitHub repo to fork and add new words for a language or add a new language.", "endpoint": "https://www.spam-words.com/api/", "homePage": "https://www.spam-words.com/", "primaryCategory": "Spam", "secondaryCategories": "Languages, Words", "provider": "N/A", "SSL_Support": "Yes", "authentication_Model": "Unspecified", "version": "1", "versionStatus": "Recommended (active, supported)", "type": "of License if Non Proprietary MIT license", "architecturalStyle": "REST", "supportedRequestFormats": "JSON", "supportedResponseFormats": "JSON", "restrictedAccess": "No"}