{"url": "https://www.programmableweb.com/api/ebay-buy-browse-image-rest-api-v10", "name": "eBay Buy Browse Image REST API v1.0", "description": " The eBay Buy Browse Image API defines the details of an image, such as size and image URL and is available with CartItem, Item, ItemGroupSummary, ItemSummary, and Product types. The eBay Browse API\u2019s search for and retrieve eBay items using filters and parameters to create customized item sets. It allows members to add and remove items, change the quantity of an item and view the contents in their eBay cart. Ebay is an online marketplace.", "endpoint": " https://api.ebay.com/buy/browse/v1", "homePage": "https://developer.ebay.com/api-docs/buy/browse/types/gct:Image", "primaryCategory": "eCommerce", "secondaryCategories": "Images, Merchants, Products, Sales", "provider": "eBay", "SSL_Support": "Yes", "authentication_Model": "OAuth 2, Token", "version": "1.0", "versionStatus": "Recommended (active, supported)", "type": "Web/Internet", "architecturalStyle": "REST", "supportedRequestFormats": "JSON, URI Query String/CRUD", "supportedResponseFormats": "JSON, Image", "restrictedAccess": "No"}