{"url": "https://www.programmableweb.com/api/apiflash-rest-api-v1", "name": "ApiFlash REST API v1", "description": " Chrome based screenshot API to make images from urls. ApiFlash is a simple API built on top of Chrome to capture near pixel perfect screenshots of websites, that will work with any major framework and programming language. Almost scales infinitely as it's based on AWS lambda.", "endpoint": "https://api.apiflash.com/v1/urltoimage", "homePage": "https://apiflash.com", "primaryCategory": "Screenshots", "secondaryCategories": "Application Development, Images, Tools", "provider": "APIFlash", "SSL_Support": "Yes", "authentication_Model": "API Key", "version": "1", "versionStatus": "Recommended (active, supported)", "type": "Web/Internet", "architecturalStyle": "REST", "supportedRequestFormats": "URI Query String/CRUD", "supportedResponseFormats": "Binary", "restrictedAccess": "No"}