{"url": "https://www.programmableweb.com/api/sitewhere-rest-api-v200", "name": "SiteWhere REST API v2.0.0", "description": " SiteWhere is an application development platform designed to build and deploy IoT systems. The API provides access to resources, batch operations, customers, devices, and schedules. The API is REST-based, responds in JSON, and uses API Key authentication.", "endpoint": "https://localhost:8080/sitewhere/api/areatypes", "homePage": "https://sitewhere.io/docs/2.0.0/", "primaryCategory": "Internet of Things", "secondaryCategories": "Application Development", "provider": "SiteWhere", "SSL_Support": "Yes", "authentication_Model": "API Key", "version": "2.0.0", "versionStatus": "Recommended (active, supported)", "type": "Product", "architecturalStyle": "REST", "supportedRequestFormats": "JSON, URI Query String/CRUD", "supportedResponseFormats": "JSON", "restrictedAccess": "Yes"}