{"url": "https://www.programmableweb.com/api/enablex-client-toolkit-indirect-api-v10", "name": "EnableX Client Toolkit Indirect API v1.0", "description": " The EnableX Client Toolkit API is used to connect a specified Room hosted on the EnableX platform. This API uses a Token to establish an RTC session and currently provides 4 types of Client Toolkits to develop Endpoint Applications that include; Web, Android, iOS and React Native. This is indirect access to this service. Please refer to the corresponding SDK below. EnableX is a communication platform that allows you to embed video/voice calls and messaging into applications and websites.", "endpoint": "N/A", "homePage": "https://developer.enablex.io/guide/setup-client-end-point/#use-toolkit", "primaryCategory": "Platform-as-a-Service", "secondaryCategories": "Messaging, Tools, WebRTC", "provider": "VCLOUDX", "SSL_Support": "Yes", "authentication_Model": "API Key, App ID", "version": "1.0", "versionStatus": "Recommended (active, supported)", "type": "Web/Internet", "architecturalStyle": "Indirect", "supportedRequestFormats": "Unspecified", "supportedResponseFormats": "Unspecified", "restrictedAccess": "No"}