{"url": "https://www.programmableweb.com/api/digitalowl-text-classification-rest-api-v10", "name": "DigitalOwl Text Classification REST API v1.0", "description": " The DigitalOwl Text Classification API uses algorithms to classify text based on semantic features. It can classify 300-350 texts per second. This API is RESTful and works with either plain text or a URL. An API key is required. This API is provided by DigitalOwl, a software company that offers natural language processing services.", "endpoint": "https://digitalowl.org/api/classify/topic", "homePage": "https://digitalowl.org/", "primaryCategory": "Natural Language Processing", "secondaryCategories": "Classification, Machine Learning, Semantic Web, Text", "provider": "DigitalOwl", "SSL_Support": "Yes", "authentication_Model": "API Key", "version": "1.0", "versionStatus": "Recommended (active, supported)", "type": "Web/Internet", "architecturalStyle": "REST", "supportedRequestFormats": "JSON, URI Query String/CRUD", "supportedResponseFormats": "JSON", "restrictedAccess": "No"}