{"url": "https://www.programmableweb.com/api/switchboard-canvas-rest-api-v100", "name": "Switchboard Canvas REST API v1.0.0", "description": " Switchboard Canvas is a dynamic image creation API. Users start by creating a template from which images are created using the API. Individual elements in the template can be modified in real-time with the API.", "endpoint": "https://api.canvas.switchboard.ai", "homePage": "https://www.switchboard.ai", "primaryCategory": "Design", "secondaryCategories": "Marketing", "provider": "switchboard.ai", "SSL_Support": "Yes", "authentication_Model": "API Key", "version": "1.0.0", "versionStatus": "Active (supported, scheduled for retirement)", "type": "Product", "architecturalStyle": "REST", "supportedRequestFormats": "JSON", "supportedResponseFormats": "JSON", "restrictedAccess": "No"}