{"url": "https://www.programmableweb.com/api/terra-webhooks-streaming-api-v10", "name": "Terra Webhooks Streaming API v1.0", "description": " Terra API enables users to integrate with wearables, such as Garmin, Fitbit, Apple, Google, Polar, Eight Sleep, Oura and Others through a single source. The Terra Webhooks API allows that data be sent instantly to a callback URL from those providers that allow for webhooks.", "endpoint": "https://api.tryterra.co/api/v1", "homePage": "https://docs.tryterra.co/", "primaryCategory": "Health", "secondaryCategories": "Fitness, Wearable", "provider": "Terra", "SSL_Support": "Yes", "authentication_Model": "Unspecified", "version": "1.0", "versionStatus": "Recommended (active, supported)", "type": "Web/Internet", "architecturalStyle": "Streaming", "supportedRequestFormats": "Webhooks", "supportedResponseFormats": "JSON, URI Query String/CRUD", "restrictedAccess": "No"}