{"url": "https://www.programmableweb.com/api/nice-incontact-patron-rest-api-v170", "name": "NICE inContact Patron REST API v17.0", "description": " The NICE inContact Patron API provides developers with resources for creating patron-facing applications for mobile or web environments. This API can be used to request or schedule a callback, manage chat sessions, and create work items. NICE inContact is a cloud-based customer experience platform that combines omnichannel routing, workforce optimization, analytics, automation, and artificial intelligence.", "endpoint": "N/A", "homePage": "https://developer.niceincontact.com/API/PatronAPI", "primaryCategory": "Customer Relationship Management", "secondaryCategories": "Application Development", "provider": "NICE inContact", "SSL_Support": "No", "authentication_Model": "Token", "version": "17.0", "versionStatus": "Recommended (active, supported)", "type": "Web/Internet", "architecturalStyle": "REST", "supportedRequestFormats": "JSON, URI Query String/CRUD", "supportedResponseFormats": "JSON", "restrictedAccess": "No"}