{"url": "https://www.programmableweb.com/api/mlscrape-rest-api-v10", "name": "MLScrape REST API v1.0", "description": " MLScrape provides Machine Learning powered web scraping for eCommerce. The API is capable of extracting a product's name, price, main image URL, and identifiers such as SKU and ISBN. The MLScrape API returns JSON formatted responses.", "endpoint": "https://mlscrape-beta.p.rapidapi.com/product", "homePage": "https://rapidapi.com/admin-hZKAUjDew/api/mlscrape-beta", "primaryCategory": "eCommerce", "secondaryCategories": "Data Mining, Machine Learning", "provider": "MLScrape", "SSL_Support": "Yes", "authentication_Model": "API Key", "version": "1.0", "versionStatus": "Recommended (active, supported)", "type": "Web/Internet", "architecturalStyle": "REST", "supportedRequestFormats": "URI Query String/CRUD", "supportedResponseFormats": "JSON", "restrictedAccess": "Yes"}