{"url": "https://www.programmableweb.com/api/ost-rest-api-v11", "name": "OST REST API v1.1", "description": " The OST API increases user engagement by implementing branded tokens on highly scalable OpenST Side Blockchains. The API enables OST actions, transactions, ledger, tokenization, and user management in approved applications. This API features a REST architecture, and JSON formatted responses.", "endpoint": "https://sandboxapi.ost.com/v1.1", "homePage": "https://dev.ost.com/docs/api.html", "primaryCategory": "Engagement", "secondaryCategories": "Blockchain", "provider": "OST", "SSL_Support": "Yes", "authentication_Model": "Token", "version": "1.1", "versionStatus": "Recommended (active, supported)", "type": "Web/Internet", "architecturalStyle": "REST", "supportedRequestFormats": "JSON, URI Query String/CRUD", "supportedResponseFormats": "JSON", "restrictedAccess": "Yes"}