{"url": "https://www.programmableweb.com/api/fbi-wanted-rest-api-v1", "name": "FBI Wanted REST API v1", "description": " The FBI Wanted API returns a list of the FBI's current most wanted criminals. The API returns names, photos, and alleged crimes of fugitives, unidentified individuals, terrorists, kidnappers and more.", "endpoint": "https://api.fbi.gov/wanted/v1/", "homePage": "https://www.fbi.gov/wanted/api", "primaryCategory": "Crime", "secondaryCategories": "Government, Law", "provider": "U.S. Department of Justice", "SSL_Support": "Yes", "authentication_Model": "Unspecified", "version": "1", "versionStatus": "Recommended (active, supported)", "type": "Web/Internet", "architecturalStyle": "REST", "supportedRequestFormats": "JSON", "supportedResponseFormats": "JSON", "restrictedAccess": "No"}