{"url": "https://www.programmableweb.com/api/it-bookstore-rest-api-v10", "name": "IT Bookstore REST API v1.0", "description": " IT Bookstore is the supporting API for IT Bookstore, a California-based IT, Programming, and Computer Science bookseller. It allows you to search their database for available books.", "endpoint": "https://api.itbook.store/1.0/", "homePage": "https://api.itbook.store/", "primaryCategory": "Books", "secondaryCategories": "Developers, eBooks, Education", "provider": "ITbook.store", "SSL_Support": "Yes", "authentication_Model": "Unspecified", "version": "1.0", "versionStatus": "Recommended (active, supported)", "type": "Web/Internet", "architecturalStyle": "REST", "supportedRequestFormats": "JSON, URI Query String/CRUD", "supportedResponseFormats": "JSON", "restrictedAccess": "No"}