{"url": "https://www.programmableweb.com/api/ns1-rest-api-v10", "name": "NS1 REST API v1.0", "description": " NS1 is an application traffic management platform. The REST interface provides access to zones and records, data sources and feeds, account settings and users, and other aspects of NS1 accounts. NS1 features a unique Filter Chain routing engine for optimal application performance and reliability. NS1 offers global server load balancing, DevOps and automation, Multi-CDN management, and Multi-Cloud orchestration.", "endpoint": "https://api.nsone.net/v1", "homePage": "https://ns1.com/api", "primaryCategory": "Application Development", "secondaryCategories": "Domains, Management, Networking", "provider": "NS1", "SSL_Support": "Yes", "authentication_Model": "API Key", "version": "1.0", "versionStatus": "Recommended (active, supported)", "type": "Web/Internet", "architecturalStyle": "REST", "supportedRequestFormats": "JSON, URI Query String/CRUD", "supportedResponseFormats": "JSON", "restrictedAccess": "Yes"}