{"url": "https://www.programmableweb.com/api/prepost-seo-plagiarism-checker-rest-api-v1", "name": "PrePost SEO Plagiarism Checker REST API v1", "description": " PrePost SEO Plagiarism Checker API offers fast, secure, full article plagiarism checks with sentence wise checking. It supports .Doc, .txt, and .DOCX files. A query parameter via POST request will return if there are matches to a full article, document or singal sentence, plus how many matches, matched article title, description and URL.", "endpoint": "https://www.prepostseo.com/apis ", "homePage": "https://www.prepostseo.com/plagiarism-checker-api", "primaryCategory": "Copyright", "secondaryCategories": "Education, Search, Writing", "provider": "PrePost SEO", "SSL_Support": "Yes", "authentication_Model": "Unspecified", "version": "1", "versionStatus": "Recommended (active, supported)", "type": "Web/Internet", "architecturalStyle": "REST", "supportedRequestFormats": "URI Query String/CRUD", "supportedResponseFormats": "JSON", "restrictedAccess": "No"}