{"url": "https://www.programmableweb.com/api/coinbase-rest-api-v20", "name": "Coinbase REST API v2.0", "description": " Coinbase is an electronic service and \"wallet\" for bitcoins and digital currency. Users can transfer currency, pay merchants, and make other payments instantly. The Coinbase API allows developers to access and integrate the functionality of Coinbase with other applications. Some example API methods include retrieving account information and balances, sending money, requesting money, and managing user information.", "endpoint": "https://api.coinbase.com/v2", "homePage": "https://developers.coinbase.com/api/v2", "primaryCategory": "Financial", "secondaryCategories": "Bitcoin, Blockchain, Cryptocurrency, Currency, Payments", "provider": "CoinBase", "SSL_Support": "Yes", "authentication_Model": "API Key, OAuth 2", "version": "2.0", "versionStatus": "Recommended (active, supported)", "type": "Web/Internet", "architecturalStyle": "REST", "supportedRequestFormats": "JSON, URI Query String/CRUD", "supportedResponseFormats": "JSON", "restrictedAccess": "No"}