{"url": "https://www.programmableweb.com/api/ing-open-banking-payment-initiation-rest-api-v100", "name": "ING Open Banking Payment Initiation REST API v1.0.0", "description": " The ING Open Banking Payment Initiation API provides secure access to all European ING online accessible payment accounts, to create a payment initiation. ING Open Banking provides a developer platform to programmatically access ING banking account data. It is open banking that supports international networking and omnichannel distribution, with the goal of contributing to a sustainable world.", "endpoint": "https://api.ing.com/v1/payments", "homePage": "https://developer.ing.com/api-marketplace/marketplace/6aa25087-d05d-428e-b7c6-d9\u2026", "primaryCategory": "Banking", "secondaryCategories": "Financial, Payments", "provider": "ING", "SSL_Support": "Yes", "authentication_Model": "OAuth 2, Token", "version": "1.0.0", "versionStatus": "Recommended (active, supported)", "type": "Web/Internet", "architecturalStyle": "REST", "supportedRequestFormats": "JSON, URI Query String/CRUD, XML", "supportedResponseFormats": "JSON, XML", "restrictedAccess": "No"}