{"url": "https://www.programmableweb.com/api/overview-news-rest-api-v10", "name": "Overview News REST API v1.0", "description": " This API provides a way for you to integrate news data into your systems and processes. It allows you to search among all the news articles while continuously indexing based on keywords, language, dates and more. Overview News provides a full text of articles and indexed news in Sweden and Denmark.", "endpoint": "https://api.overviewnews.com/v1/search.json", "homePage": "https://overviewnews.com/docs/", "primaryCategory": "News Services", "secondaryCategories": "Nordic, Search", "provider": "Overview News", "SSL_Support": "Yes", "authentication_Model": "API Key", "version": "1.0", "versionStatus": "Recommended (active, supported)", "type": "Web/Internet", "architecturalStyle": "REST", "supportedRequestFormats": "URI Query String/CRUD", "supportedResponseFormats": "CSV, GeoJSON, JSON, XML", "restrictedAccess": "No"}