{"url": "https://www.programmableweb.com/api/astropaycard-rest-api-v1", "name": "AstropayCard REST API v1", "description": " AstroPay is a global online payment service. The AstropayCard API enables developers to create customizable payments solutions for merchants. Functions are available to process withdrawals adapted to a merchant's requirements for security and velocity. Methods for deposits and cashouts are available with the API.", "endpoint": "https://api.astropaycard.com", "homePage": "https://developers.astropaycard.com/#getting-started", "primaryCategory": "Payments", "secondaryCategories": "N/A", "provider": "AstroPay", "SSL_Support": "Yes", "authentication_Model": "API Key", "version": "1", "versionStatus": "Recommended (active, supported)", "type": "Web/Internet", "architecturalStyle": "REST", "supportedRequestFormats": "JSON, URI Query String/CRUD", "supportedResponseFormats": "JSON", "restrictedAccess": "No"}