{"url": "https://www.programmableweb.com/api/microsoft-azure-cognitive-services-qna-maker-rest-api-v40", "name": "Microsoft Azure Cognitive Services QnA Maker REST API v4.0", "description": " The Microsoft Azure Cognitive Services QnA Maker API creates a conversational question-and-answer layer over the provided data. It answers natural language questions from users by matching them with the best answers from semi-structured content in the developer's knowledge base, such as FAQ documents, URLs, and product manuals.", "endpoint": "https://westus.api.cognitive.microsoft.com/qnamaker/v4.0", "homePage": "https://docs.microsoft.com/en-us/azure/cognitive-services/qnamaker/index", "primaryCategory": "Q&A", "secondaryCategories": "N/A", "provider": "Microsoft", "SSL_Support": "Yes", "authentication_Model": "API Key", "version": "4.0", "versionStatus": "Recommended (active, supported)", "type": "Web/Internet", "architecturalStyle": "REST", "supportedRequestFormats": "JSON, URI Query String/CRUD", "supportedResponseFormats": "JSON", "restrictedAccess": "No"}