{"url": "https://www.programmableweb.com/api/upstart-credit-decision-rest-api-v1", "name": "Upstart Credit Decision REST API v1", "description": " The Upstart Credit Decision API allows users to integrate Upstart's AI powered credit decision service. The API provides a way to configure rates and predict defaults for auto, personal, or student loans. Upstart is an AI lending platform that partners with banks to manage access to affordable credit. Interested developers should contact the provider for API and documentation access.", "endpoint": "N/A", "homePage": "https://prod-blog.upstart.com/partners/credit-decision-api", "primaryCategory": "Banking", "secondaryCategories": "Artificial Intelligence, Platform-as-a-Service", "provider": "Upstart", "SSL_Support": "Yes", "authentication_Model": "Unspecified", "version": "1", "versionStatus": "Recommended (active, supported)", "type": "Web/Internet", "architecturalStyle": "REST", "supportedRequestFormats": "JSON, URI Query String/CRUD", "supportedResponseFormats": "JSON", "restrictedAccess": "No"}