{"url": "https://www.programmableweb.com/api/cisco-umbrella-reporting-rest-api-v1", "name": "Cisco Umbrella Reporting REST API v1", "description": " The Cisco Umbrella Reporting API provides DNS request reporting and security reporting for organizations. This API can provide the most recent DNS requests for a given destination for all identities in an organization as well as the top ten identities in an organization that have made a DNS request to a given destination. The API can also return detailed security activity for an organization. Cisco Umbrella is a secure internet gateway that provides security for cloud-based services.", "endpoint": "https://reports.api.umbrella.com/v1/organizations/", "homePage": "https://docs.umbrella.com/umbrella-api/docs/overview", "primaryCategory": "Security", "secondaryCategories": "Cloud, Reporting", "provider": "Cisco", "SSL_Support": "Yes", "authentication_Model": "API Key, HTTP Basic Auth", "version": "1", "versionStatus": "Recommended (active, supported)", "type": "Web/Internet", "architecturalStyle": "REST", "supportedRequestFormats": "JSON, URI Query String/CRUD", "supportedResponseFormats": "JSON", "restrictedAccess": "No"}