{"url": "https://www.programmableweb.com/api/prophet-21-rest-rest-api-v1", "name": "Prophet 21 REST REST API v1", "description": " The Prophet 21 REST API provided by Grey Wolf allows developers to integrate the Prophet 21 (P21) ERP solution into their own systems and applications. P21 is an MSSQL server-based ERP solution provided by Epicor, and Grey Wolf's APIs are one of several integration solutions available for it. Grey Wolf started developing for P21 in 2016 and has completed almost twenty APIs for integrating with the service.", "endpoint": "https://gwws.greywolf.com/p21/wsdl.aspx", "homePage": "https://www.greywolf.com/pages/p21.aspx", "primaryCategory": "ERP", "secondaryCategories": "Accounting, B2B, Database, Inventory, Wholesale", "provider": "Grey Wolf Systems", "SSL_Support": "Yes", "authentication_Model": "API Key", "version": "1", "versionStatus": "Recommended (active, supported)", "type": "Product", "architecturalStyle": "REST", "supportedRequestFormats": "URI Query String/CRUD", "supportedResponseFormats": "JSON, XML", "restrictedAccess": "Yes"}