{"url": "https://www.programmableweb.com/api/economybookings-bcrm-affiliates-rest-api-v212", "name": "EconomyBookings BCRM Affiliates REST API v2.1.2", "description": " The BCRM Affiliates Car Rentals API ( Car hire API, Car Rental API ) is used to connect an application, receive car booking rates, cars availability, and book car rentals. The methods include list of the locations in a city, location search by name, list of available cars, car details and prices, car rental booking. The API responds in JSON format, and uses Tokens for authentication. This is a Car Rentals API from the leading European Car Hire Search and Online booking platform EconomyBookings.com", "endpoint": "https://qabcrmbl.bookinggroup.com/Services/", "homePage": "http://www.economybookings.com/affiliate/become-affiliate", "primaryCategory": "Travel", "secondaryCategories": "Auto, Booking, eCommerce, Referrals, Rentals, Reservations", "provider": "EconomyBookings", "SSL_Support": "Yes", "authentication_Model": "Token", "version": "2.1.2", "versionStatus": "Recommended (active, supported)", "type": "Web/Internet", "architecturalStyle": "REST", "supportedRequestFormats": "URI Query String/CRUD", "supportedResponseFormats": "CSV, GeoJSON, JSON, XML", "restrictedAccess": "Yes"}