{"url": "https://www.programmableweb.com/api/coupomated-coupon-datafeed-rest-api-v12", "name": "Coupomated Coupon DataFeed REST API v1.2", "description": " The Coupomated REST API, available in XML, CSV and JSON formats, is an automated coupon content distribution platform based in India. It provides coupon website development, price comparison website, & affiliate products from 2000+ Indian merchants.", "endpoint": "N/A", "homePage": "https://www.coupomated.com/request-a-demo/", "primaryCategory": "Coupons", "secondaryCategories": "Automation, Coupons, Database, eCommerce, Feeds, Indian", "provider": "Couponmated", "SSL_Support": "Yes", "authentication_Model": "API Key", "version": "1.2", "versionStatus": "Recommended (active, supported)", "type": "Web/Internet", "architecturalStyle": "REST", "supportedRequestFormats": "URI Query String/CRUD", "supportedResponseFormats": "CSV, JSON, XML", "restrictedAccess": "Yes"}