{"url": "https://www.programmableweb.com/api/google-search-console-rest-api-v30", "name": "Google Search Console REST API v3.0", "description": " The Google Search Console API allows programmatic access to most functionalities of the Google Search Console. It provides a way to; view, add, or remove properties and sitemaps, run advanced queries for Google Search results data and more. This API is exposed as an HTTP REST service to call directly, or via the recommended available client libraries and includes specifications for GET, POST, PUT, and DELETE. Access requires a Google Search Console account and at least one site that is verified as owner, with credentials via your application's API Key. Google is a technology company that specializes in internet services and products that includes online advertising technologies, search, cloud computing, software, and hardware.", "endpoint": "https://www.googleapis.com/apiName/apiVersion/resourcePath", "homePage": "https://developers.google.com/webmaster-tools/search-console-api-original/v3/pre\u2026", "primaryCategory": "Search", "secondaryCategories": "Cloud, Data", "provider": "Google", "SSL_Support": "Yes", "authentication_Model": "API Key", "version": "3.0", "versionStatus": "Recommended (active, supported)", "type": "Web/Internet", "architecturalStyle": "REST", "supportedRequestFormats": "JSON, URI Query String/CRUD", "supportedResponseFormats": "JSON", "restrictedAccess": "No"}