{"url": "https://www.programmableweb.com/api/cryptocurrency-alerting-pushstreaming-api-v1", "name": "Cryptocurrency Alerting Streaming API v1", "description": " Cryptocurrency Alerting API enables users to track crypto & bitcoin price movements, create exchange listings alerts and monitor wallet addresses. Create powerful alerts and get notified in realtime via Webhook, SMS, Email, Telegram, Slack, Discord, Push or Phone Call.", "endpoint": "https://api.cryptocurrencyalerting.com", "homePage": "https://cryptocurrencyalerting.com/rest-api.html", "primaryCategory": "Cryptocurrency", "secondaryCategories": "Bitcoin, Blockchain, Data, Financial, Notifications, Telephony", "provider": "Cryptocurrency Alerting", "SSL_Support": "Yes", "authentication_Model": "API Key, HTTP Basic Auth", "version": "1", "versionStatus": "Recommended (active, supported)", "type": "Web/Internet", "architecturalStyle": "Streaming", "supportedRequestFormats": "Webhooks", "supportedResponseFormats": "JSON, URI Query String/CRUD", "restrictedAccess": "No"}