{"url": "https://www.programmableweb.com/api/quick-freeze-rest-api-v1", "name": "Quick Freeze REST API v1", "description": " Quick Freeze API offers a data-store for temporary data. The API enables users to store temporary data from webhooks, server logs, data migrations, or anything else. Through the dashboard, developers can choose Deep Freeze (paid plan, unlimited data read from store) or Quick Freeze (once read from a tray, it's deleted).", "endpoint": "https://quickfreeze.io/api/", "homePage": "https://quickfreeze.io/docs", "primaryCategory": "Storage", "secondaryCategories": "Data", "provider": "Quick Freeze", "SSL_Support": "Yes", "authentication_Model": "Other/Custom, Token", "version": "1", "versionStatus": "Recommended (active, supported)", "type": "Product", "architecturalStyle": "REST", "supportedRequestFormats": "JSON, URI Query String/CRUD", "supportedResponseFormats": "JSON", "restrictedAccess": "No"}