{"url": "https://www.programmableweb.com/api/truelayer-rest-api-v10", "name": "TrueLayer REST API v1.0", "description": " The TrueLayer REST API allows developers to access and integrate the functionality of TrueLayer with other applications and to create new applications. Some example API methods include listing accounts, retrieving account balances, and retrieving account transactions. TrueLayer provides developers with tools to integrate banking systems and infrastructure with financial services products.", "endpoint": " https://api.truelayer.com", "homePage": "https://docs.truelayer.com", "primaryCategory": "Banking", "secondaryCategories": "Financial", "provider": "TrueLayer", "SSL_Support": "Yes", "authentication_Model": "API Key, OAuth 2, Token", "version": "1.0", "versionStatus": "Recommended (active, supported)", "type": "Web/Internet", "architecturalStyle": "REST", "supportedRequestFormats": "JSON, URI Query String/CRUD", "supportedResponseFormats": "JSON, Text", "restrictedAccess": "Yes"}