{"url": "https://www.programmableweb.com/api/proximus-enco-device-sensor-rest-api-v001", "name": "Proximus EnCo Device & Sensor REST API v0.0.1", "description": " The Proximus EnCo Device & Sensor API integrates an information collection of devices and sensors. Token is required to authenticate. HTTP GET requests retrieve JSON responses in return. Proximus is a telecom and mobile communications company based in Belgium. Proximus EnCo is a developer platform focused on APIs for telecom, IoT, BigData, and more.", "endpoint": " https://api.enco.io/seaas/0.0.1", "homePage": "https://www.enco.io/", "primaryCategory": "Internet of Things", "secondaryCategories": "Big Data, Cloud, Telephony", "provider": "Proximus", "SSL_Support": "Yes", "authentication_Model": "Token", "version": "0.0.1", "versionStatus": "Recommended (active, supported)", "type": "Web/Internet", "architecturalStyle": "REST", "supportedRequestFormats": "JSON, URI Query String/CRUD", "supportedResponseFormats": "JSON", "restrictedAccess": "No"}