{"url": "https://www.programmableweb.com/api/pdfco-pdf-to-xml-rest-api-v1", "name": "PDF.co PDF to XML REST API v1", "description": " The PDF.Co PDF to XML API converts PDF to XML format. Developers can use an API Key to authenticate, send GET requests, and receive JSON responses in return.", "endpoint": "https://api.pdf.co/v1/pdf/convert/to/xml", "homePage": "https://pdf.co/pdf-to-xml-api", "primaryCategory": "PDF", "secondaryCategories": "Automation, Barcodes, Software-as-a-Service", "provider": "ByteScout, PDF.co", "SSL_Support": "Yes", "authentication_Model": "API Key", "version": "1", "versionStatus": "Recommended (active, supported)", "type": "Web/Internet", "architecturalStyle": "REST", "supportedRequestFormats": "JSON, URI Query String/CRUD", "supportedResponseFormats": "JSON", "restrictedAccess": "No"}