{"url": "https://www.programmableweb.com/api/travelpayouts-hotels-rest-api-v2", "name": "Travelpayouts Hotels REST API v2", "description": " The Travelpayouts Hotels API retrieves hotel name and location, cost of living in hotels, hotel selections, and hotel collections data. The authorization is based on an affiliate token. With the API, developers can search for hotels and analyze hotel statistics. Travelpayouts is a travel affiliate network.", "endpoint": "http://engine.hotellook.com/api/v2/", "homePage": "https://travelpayouts.github.io/slate/#hotels-data-api", "primaryCategory": "Air Travel", "secondaryCategories": "Hotels, Marketing, Monetization", "provider": "Travelpayouts", "SSL_Support": "Yes", "authentication_Model": "Token", "version": "2", "versionStatus": "Recommended (active, supported)", "type": "Web/Internet", "architecturalStyle": "REST", "supportedRequestFormats": "JSON, URI Query String/CRUD", "supportedResponseFormats": "JSON", "restrictedAccess": "No"}