{"url": "https://www.programmableweb.com/api/vincere-rest-api-v2", "name": "Vincere REST API v2", "description": " Vincere API gives customers of Vincere ability to get their CRM data in/out and integrate them to any type of services. Vincere CRM is a platform for Recruitment Industry where the data resources can be integrated with 3rd party tools thru this API. It is built with REST OAuth2 Protocol.", "endpoint": "https://api.vincere.io/api/v2/", "homePage": "https://vincere.io/documentation.html", "primaryCategory": "Customer Relationship Management", "secondaryCategories": "Accounts, Application Development, Applications, Human Resources, Integration, Jobs", "provider": "Vincere", "SSL_Support": "Yes", "authentication_Model": "API Key, OAuth 2, Token", "version": "2", "versionStatus": "Recommended (active, supported)", "type": "Product", "architecturalStyle": "REST", "supportedRequestFormats": "Binary, JSON, Text", "supportedResponseFormats": "JSON", "restrictedAccess": "No"}