{"url": "https://www.programmableweb.com/api/gsma-mobile-money-rest-api-v112", "name": "GSMA Mobile Money REST API v1.1.2", "description": " The GSMA Mobile Money API is an API specification for the mobile money industry. The API insures banks and merchants are technically interoperable for payments, billing, accounting, transfers, transactions, etc. Recommended guides for RESTful API methods for transactions, reversals, merchant accounts, balances, authorization and more are listed in the Mobile Money Developer Portal, which includes a GSMA Simulator for API testing, security authorization use case examples which include Postman Collections. Version 1.1.2 was published in 2020.", "endpoint": "N/A", "homePage": "https://www.gsma.com/mobilefordevelopment/mobile-money/mobile-money-api/", "primaryCategory": "Mobile", "secondaryCategories": "Billing, Financial, Open Banking, Payments, Standards", "provider": "GSM Association, GSMA", "SSL_Support": "Yes", "authentication_Model": "OAuth 2", "version": "1.1.2", "versionStatus": "Recommended (active, supported)", "type": "Standard", "architecturalStyle": "REST", "supportedRequestFormats": "JSON, URI Query String/CRUD", "supportedResponseFormats": "JSON", "restrictedAccess": "No"}