{"url": "https://www.programmableweb.com/api/buddyboss-rest-api-v100", "name": "BuddyBoss REST API v1.0.0", "description": " BuddyBoss enables people to sell memberships, courses, and build online communities on WordPress. The BuddyBoss Platform REST API is an interface for applications to interact with a BuddyBoss Platform community by sending and receiving JSON-encoded objects. Methods are available to manage blogs, connections, documents, email invites, forums, groups, media, members, moderation, signups, video and more.", "endpoint": "N/A", "homePage": "https://www.buddyboss.com/resources/api/", "primaryCategory": "Blogging", "secondaryCategories": "Community", "provider": "Boss Media", "SSL_Support": "Yes", "authentication_Model": "Unspecified", "version": "1.0.0", "versionStatus": "Recommended (active, supported)", "type": "Product", "architecturalStyle": "REST", "supportedRequestFormats": "JSON, URI Query String/CRUD", "supportedResponseFormats": "JSON", "restrictedAccess": "No"}