{"url": "https://www.programmableweb.com/api/melissa-cloud-global-email-rest-api-v30", "name": "Melissa Cloud Global Email REST API v3.0", "description": " The Melissa Data Global Email Cloud Service allows you to validate and parse email addresses, correct common typographical errors, and standardize email addresses. It features real-time email mailbox validation which removes up to 95% of bad emails. Melissa specializes in global contact data quality and mailing preparation solutions for both small businesses and large enterprises.", "endpoint": "https://globalemail.melissadata.net/v3/WEB/GlobalEmail/doGlobalEmail", "homePage": "http://wiki.melissadata.com/index.php?title=Global_Email", "primaryCategory": "Contacts", "secondaryCategories": "Addresses, Cloud, Data, Email, Validation", "provider": "Melissa", "SSL_Support": "Yes", "authentication_Model": "API Key", "version": "3.0", "versionStatus": "Recommended (active, supported)", "type": "Web/Internet", "architecturalStyle": "REST", "supportedRequestFormats": "JSON, URI Query String/CRUD", "supportedResponseFormats": "JSON, XML", "restrictedAccess": "No"}