{"url": "https://www.programmableweb.com/api/hubspot-analytics-rest-api-v20", "name": "HubSpot Analytics REST API v2.0", "description": " The HubSpot Analytics API works with the functionality of various HubSpot reporting tools. It returns data that will mimic the data you see in these tools. Retrieve analytics for data breakdowns, specific objects, and HubSpot hosted content with the API. HubSpot provides products for marketing, sales and CRM. It is inbound marketing and sales software to attract visitors, convert leads, and close sales.", "endpoint": "https://api.hubapi.com/analytics/v2/reports", "homePage": "https://developers.hubspot.com/docs/methods/analytics/analytics-overview", "primaryCategory": "Marketing", "secondaryCategories": "Analytics, Sales", "provider": "HubSpot", "SSL_Support": "Yes", "authentication_Model": "API Key, OAuth 2", "version": "2.0", "versionStatus": "Recommended (active, supported)", "type": "Web/Internet", "architecturalStyle": "REST", "supportedRequestFormats": "JSON, URI Query String/CRUD", "supportedResponseFormats": "JSON", "restrictedAccess": "No"}