{"url": "https://www.programmableweb.com/api/iaphub-streaming-api-v10", "name": "IAPHUB Streaming API v1.0", "description": " The IAPHUB API supports event-based notifications by enabling Webhooks. This API implements API Key authentication. IAPHUB enables in-app purchases, sales analytics, customer management tools, and A/B testing. IAPHUB offers services to increase and monitor sales.", "endpoint": "https://www.iaphub.com/", "homePage": "https://www.iaphub.com", "primaryCategory": "Mobile", "secondaryCategories": "Purchasing, Subscriptions", "provider": "IAPHUB", "SSL_Support": "Yes", "authentication_Model": "API Key", "version": "1.0", "versionStatus": "Recommended (active, supported)", "type": "Web/Internet", "architecturalStyle": "Streaming", "supportedRequestFormats": "JSON, Webhooks", "supportedResponseFormats": "JSON, URI Query String/CRUD", "restrictedAccess": "Yes"}