{"url": "https://www.programmableweb.com/api/twitter-direct-message-rest-api-v11", "name": "Twitter Direct Message REST API v1.1", "description": " The Twitter Direct Message API allows developers to create engaging customer service, marketing, and engagement experiences. Developers can send and receive direct messages, create welcome messages, attach media to messages, prompt users for structured replies, link to websites with buttons, manage conversations across multiple applications, display a custom image and name in a direct message, and prompt users for NPS and CSAT feedback.", "endpoint": "https://api.twitter.com/1.1/direct_messages/", "homePage": "https://developer.twitter.com/en/docs/direct-messages/api-features", "primaryCategory": "Social", "secondaryCategories": "Customer Service, Marketing, Messaging, Tweets", "provider": "Twitter", "SSL_Support": "Yes", "authentication_Model": "OAuth 2, Token", "version": "1.1", "versionStatus": "Active (supported, scheduled for retirement)", "type": "Web/Internet", "architecturalStyle": "REST", "supportedRequestFormats": "JSON, URI Query String/CRUD", "supportedResponseFormats": "JSON", "restrictedAccess": "No"}