{"url": "https://www.programmableweb.com/api/minerstat-rest-api-v2", "name": "Minerstat REST API v2", "description": " Minterstat is cryptocurrency mining monitor and management software. The Minterstat API offers developer access to the platform, with methods to retrieve and manage online and offline workers, worker statistics, hashrates, worker activity, group statistics, global statistics and more.", "endpoint": "https://api.minerstat.com/v2/stats/{ACCESS_KEY}", "homePage": "https://api.minerstat.com/", "primaryCategory": "Cryptocurrency", "secondaryCategories": "N/A", "provider": "Minerstat", "SSL_Support": "Yes", "authentication_Model": "API Key", "version": "2", "versionStatus": "Recommended (active, supported)", "type": "Web/Internet", "architecturalStyle": "REST", "supportedRequestFormats": "JSON", "supportedResponseFormats": "JSON", "restrictedAccess": "No"}