{"url": "https://www.programmableweb.com/api/viettel-ai-rest-speech-to-text-rest-api-v1", "name": "Viettel AI REST Speech to Text REST API v1", "description": " The Viettel AI REST Speech to Text API in REST architecture returns JSON formats with speech recognition features. Developers can authenticate with a token. Code available in Vietnamese and English languages. Viettel AI provides an AI platform from Vietnam.", "endpoint": "https://vtcc.ai/voice/api/asr/v1/", "homePage": "https://vtcc.ai/document/rest", "primaryCategory": "Natural Language Processing", "secondaryCategories": "Asia, Recognition", "provider": "Viettal Group", "SSL_Support": "Yes", "authentication_Model": "Token", "version": "1", "versionStatus": "Recommended (active, supported)", "type": "Web/Internet", "architecturalStyle": "REST", "supportedRequestFormats": "JSON, URI Query String/CRUD", "supportedResponseFormats": "JSON", "restrictedAccess": "No"}