{"url": "https://www.programmableweb.com/api/tafqit-rest-api-v10", "name": "Tafqit REST API v1.0", "description": " Tafqit API converts numbers to their Arabic text representation taking gender and other notoriously difficult Arabic grammar rules into account.", "endpoint": "https://tafqit.p.rapidapi.com/convert", "homePage": "https://rapidapi.com/postscripter/api/tafqit/", "primaryCategory": "Language", "secondaryCategories": "Education, Financial", "provider": "N/A", "SSL_Support": "Yes", "authentication_Model": "API Key", "version": "1.0", "versionStatus": "Recommended (active, supported)", "type": "Web/Internet", "architecturalStyle": "REST", "supportedRequestFormats": "JSON, URI Query String/CRUD", "supportedResponseFormats": "HTML, JSON, Text, XML", "restrictedAccess": "No"}