{"url": "https://www.programmableweb.com/api/givingtech-webhooks-streaming-api-v10", "name": "GivingTech Webhooks Streaming API v1.0", "description": " The GivingTech Webhooks API can send data to an external URL as part of the payment process. In the database GivingTech stores the URL, the password for the bearer authentication header, and the template JSON, to replace the values. Giving Technologies provides fundraising technology for non-profits.", "endpoint": "https://giving.technology/", "homePage": "http://help.giving.technology/en/collections/2171581-api-and-developer-documenta\u2026", "primaryCategory": "Non-Profit", "secondaryCategories": "Notifications, Payments", "provider": "Giving Technologies", "SSL_Support": "No", "authentication_Model": "Unspecified", "version": "1.0", "versionStatus": "Recommended (active, supported)", "type": "Web/Internet", "architecturalStyle": "Streaming", "supportedRequestFormats": "JSON, Webhooks", "supportedResponseFormats": "JSON", "restrictedAccess": "No"}