{"url": "https://www.programmableweb.com/api/instagram-graph-rest-api-v211", "name": "Instagram Graph REST API v2.11", "description": " Instagram is a photo sharing iPhone app and service. Users take photos and can share them with Instagram contacts, as well as friends on other social networks like Twitter and Facebook. The Instagram API provides access to user authentication, friend connections, photos and all the other elements of the iPhone app--including uploading new media.", "endpoint": "N/A", "homePage": "https://developers.facebook.com/docs/instagram-api/v2.11", "primaryCategory": "Photos", "secondaryCategories": "Mobile, Social", "provider": "Instagram", "SSL_Support": "Yes", "authentication_Model": "Token", "version": "2.11", "versionStatus": "Recommended (active, supported)", "type": "Web/Internet", "architecturalStyle": "REST", "supportedRequestFormats": "JSON, URI Query String/CRUD", "supportedResponseFormats": "JSON", "restrictedAccess": "No"}