{"url": "https://www.programmableweb.com/api/verifile-rest-api-v1", "name": "Verifile REST API v1", "description": " The Verifile API provides a way to implement employment background check for human resources applications. Verifile, based in Europe, offers screening services for international criminal record, academic, and employment verification. The API requires a unique Key for validation and returns JSON formats", "endpoint": "https://api.verifile.co.uk/live/v1", "homePage": "https://developer.verifile.co.uk", "primaryCategory": "Human Resources", "secondaryCategories": "Background, European, Identity, Passports", "provider": "Verifile", "SSL_Support": "Yes", "authentication_Model": "API Key", "version": "1", "versionStatus": "Recommended (active, supported)", "type": "Web/Internet", "architecturalStyle": "REST", "supportedRequestFormats": "JSON, URI Query String/CRUD", "supportedResponseFormats": "JSON", "restrictedAccess": "Yes"}