{"url": "https://www.programmableweb.com/api/calendly-rest-api-v10", "name": "Calendly REST API v1.0", "description": " This API allows you to integrate a Real-time calendar to schedule your business. Calendly supports webhooks which allow you to receive Calendly appointment data in real-time at a specified URL when a Calendly event is scheduled or cancelled. Features include; invitee created and canceled event, group events, team scheduling, notifications, scheduling appointments, interviews, calls, demos and more. Calendly makes scheduling software for users to provide customer based calendar services by eliminating email and phone tag for scheduling meetings and appointments.", "endpoint": "https://calendly.com/api/v1/hooks", "homePage": "http://developer.calendly.com/docs/getting-started", "primaryCategory": "Calendars", "secondaryCategories": "Events, Scheduling", "provider": "Calendly", "SSL_Support": "Yes", "authentication_Model": "API Key, Token", "version": "1.0", "versionStatus": "Recommended (active, supported)", "type": "Web/Internet", "architecturalStyle": "REST", "supportedRequestFormats": "URI Query String/CRUD", "supportedResponseFormats": "JSON", "restrictedAccess": "No"}