{"url": "https://www.programmableweb.com/api/ooredoo-platform-rest-api-v10", "name": "Ooredoo Platform REST API v1.0", "description": " The Ooredoo Platform API provides miscellaneous store locations, the ability to find contact details and addresses for a business near you and more. This includes services for Store Locations, Directory Search and others. Ooredoo is a communications and mobile technology provider based in Qatar.", "endpoint": "http://emea-poc1-test.apigee.net/v1", "homePage": "http://dev-ooredoo.devportal.apigee.io", "primaryCategory": "Business", "secondaryCategories": "Directories, Location, Mobile, Search", "provider": "Ooredoo", "SSL_Support": "Yes", "authentication_Model": "OAuth 2, Token", "version": "1.0", "versionStatus": "Recommended (active, supported)", "type": "Web/Internet", "architecturalStyle": "REST", "supportedRequestFormats": "JSON, URI Query String/CRUD", "supportedResponseFormats": "JSON", "restrictedAccess": "No"}