{"url": "https://www.programmableweb.com/api/bike-index-rest-api-v1", "name": "Bike Index REST API v1", "description": " With Bike Index, users can register bicycles to protect them from burglars. So far, 31,356 bikes have been registered and over 2,118 stolen bikes have been recovered. In the main site developers can find more information about the JSON API, that includes support to cross-origin resource sharing (CORS), a spec that permits web apps to make AJAX calls without workarounds.The code is available on github.", "endpoint": "https://bikeindex.org/api/v1", "homePage": "https://bikeindex.org/documentation/", "primaryCategory": "Cycling", "secondaryCategories": "Community, Registry", "provider": "Bike Index", "SSL_Support": "Yes", "authentication_Model": "API Key", "version": "1", "versionStatus": "Retired (unsupported, scheduled for deactivation)", "type": "Web/Internet", "architecturalStyle": "REST", "supportedRequestFormats": "URI Query String/CRUD", "supportedResponseFormats": "CSV, GeoJSON, JSON, XML", "restrictedAccess": "No"}