{"url": "https://www.programmableweb.com/api/sdkfinance-rest-api-v1", "name": "SDK.finance REST API v1", "description": " The SDK.finance API offers integration with several financial products that help build eCommerce and merchant platforms. Integrated services include payment systems, payment processing, E-wallets, virtual money, gift cards, prepaid cards, money exchange, and P2P money transfers. SDK.finance offers flexible price terms tailored to the client's needs. The API offers anti-fraud measures at no additional cost. SDK.finance is headquartered in Czech Republic.", "endpoint": "https://sandbox.sdk.finance/api/v1", "homePage": "https://api.sdk.finance/", "primaryCategory": "Financial", "secondaryCategories": "Accounting, Accounts, Application Development, B2B, Backend-as-a-Service, Banking, Barcodes, Billing, eCommerce, Internet of Things, Invoicing, Marketplace, Monetization, Payments, Software-as-a-Service, Transactions", "provider": "SDK.finance", "SSL_Support": "Yes", "authentication_Model": "Token", "version": "1", "versionStatus": "Recommended (active, supported)", "type": "Web/Internet", "architecturalStyle": "REST", "supportedRequestFormats": "JSON, URI Query String/CRUD", "supportedResponseFormats": "JSON", "restrictedAccess": "Yes"}