{"url": "https://www.programmableweb.com/api/google-cloud-vision-rest-api-v10", "name": "Google Cloud Vision REST API v1.0", "description": " The Google Cloud Vision API enables developers to understand the content of an image by encapsulating powerful machine learning models in an easy to use REST API. It quickly classifies images into thousands of categories (e.g., \"sailboat\", \"lion\", \"Eiffel Tower\"), detects individual objects and faces within images, and finds and reads printed words contained within images. You can build metadata on your image catalog, moderate offensive content, or enable new marketing scenarios through image sentiment analysis. Analyze images uploaded in the request or integrate with your image storage on Google Cloud Storage. Cloud Vision API Features:Label DetectionExplicit Content DetectionLogo DetectionLandmark DetectionOptical Character RecognitionFace DetectionImage AttributesWeb DetectionIntegrated REST API", "endpoint": "https://vision.googleapis.com", "homePage": "https://cloud.google.com/vision/", "primaryCategory": "Images", "secondaryCategories": "Classification, Machine Learning, OCR, Recognition", "provider": "Google", "SSL_Support": "Yes", "authentication_Model": "API Key, OAuth 2", "version": "1.0", "versionStatus": "Recommended (active, supported)", "type": "of License if Non Proprietary Creative Commons Attribution 3.0", "architecturalStyle": "REST", "supportedRequestFormats": "Webhooks", "supportedResponseFormats": "Webhooks", "restrictedAccess": "No"}