{"url": "https://www.programmableweb.com/api/coord-parking-access-rest-api-v10", "name": "Coord Parking Access REST API v1.0", "description": " The Coord Parking Access API allows you to authorize end users to park at a supported parking location. Examples are available in NodeJS, cURL, Java, Python, Go and C#. Coord provides a way to build a single integration to distribute your services through many channels. It helps other platforms provision users with the ability to access and pay for these services. Coord enables software applications to connect with transport options like ride-hail, bike-share, and car-share.", "endpoint": "https://api.sandbox.coord.co/v1/access/parking", "homePage": "https://coord.co/docs/accessparking", "primaryCategory": "Transportation", "secondaryCategories": "Integration, Ride Share", "provider": "Sidewalk Labs", "SSL_Support": "Yes", "authentication_Model": "API Key", "version": "1.0", "versionStatus": "Recommended (active, supported)", "type": "Web/Internet", "architecturalStyle": "REST", "supportedRequestFormats": "JSON, URI Query String/CRUD", "supportedResponseFormats": "JSON", "restrictedAccess": "No"}