{"url": "https://www.programmableweb.com/api/cis-automotive-rest-api-v01", "name": "CIS Automotive REST API v0.1", "description": " The CIS Automotive API provides endpoints on sales, supply, pricing, and automotive market data associated to brands and regions Endpoints are generated daily from the database of over 40k dealerships and 400M vehicles. Competitive Intelligence Solutions (CIS) provides automotive market sales data.", "endpoint": "https://api.autodealerdata.com", "homePage": "https://api.autodealerdata.com", "primaryCategory": "Auto", "secondaryCategories": "Data, Data-as-a-Service, Economics", "provider": "Competitive Intelligence Solutions", "SSL_Support": "Yes", "authentication_Model": "Shared Secret, Token", "version": "0.1", "versionStatus": "Recommended (active, supported)", "type": "Web/Internet", "architecturalStyle": "REST", "supportedRequestFormats": "URI Query String/CRUD", "supportedResponseFormats": "JSON", "restrictedAccess": "No"}