{"url": "https://www.programmableweb.com/api/webit-keyword-search-rest-api-v1", "name": "Webit Keyword Search REST API v1", "description": " The Webit Keyword Search API allows to effortlessly implement text autosuggestion, autocomplete, trending topics and keywords search into web-connected applications and services.", "endpoint": "https://rapidapi.com/webit/api/webit-keyword-search", "homePage": "https://webit.re/cognitive-web-services/internet-search/keyword-search-api", "primaryCategory": "Keywords", "secondaryCategories": "Search, SEO", "provider": "webit", "SSL_Support": "Yes", "authentication_Model": "API Key", "version": "1", "versionStatus": "Recommended (active, supported)", "type": "Web/Internet", "architecturalStyle": "REST", "supportedRequestFormats": "JSON", "supportedResponseFormats": "JSON", "restrictedAccess": "No"}