{"url": "https://www.programmableweb.com/api/halios-data-amazon-rest-api-v1", "name": "Halios-data Amazon REST API v1", "description": " Halios-data Amazon API enables applications to retrieve information about products on Amazon. Use the API to find product by product ID, find by metadata, extract competitors, get product feedbacks and more.", "endpoint": "N/A", "homePage": "https://www.halios-data.com/amazon", "primaryCategory": "eCommerce", "secondaryCategories": "Data Mining, Extraction, Prices, Products", "provider": "halios-data", "SSL_Support": "Yes", "authentication_Model": "API Key", "version": "1", "versionStatus": "Active (supported, scheduled for retirement)", "type": "Web/Internet", "architecturalStyle": "REST", "supportedRequestFormats": "JSON", "supportedResponseFormats": "JSON", "restrictedAccess": "No"}