{"url": "https://www.programmableweb.com/api/datasift-http-streams-rest-api-v13", "name": "DataSift HTTP Streams REST API v1.3", "description": " The DataSift HTTP Streaming API allows you to subscribe to DataSift streams using HTTP streaming. This DataSift client opens an HTTP connection and consumes DataSift content passed along that connection until one of the parties closes the connection. Please make sure you've looked at the Streaming API introduction. There are step-by-step guides and code examples for a variety of client libraries. DataSift provides real-time, human-generated data including social data, blogs, and news data.", "endpoint": "https://stream.datasift.com/", "homePage": "http://dev.datasift.com/docs/platform/api/streaming-api/http-streaming", "primaryCategory": "Activity Streams", "secondaryCategories": "Aggregation, Real Time, Semantics, Social", "provider": "Datasift, Meltwater", "SSL_Support": "Yes", "authentication_Model": "API Key", "version": "1.3", "versionStatus": "Recommended (active, supported)", "type": "Web/Internet", "architecturalStyle": "REST", "supportedRequestFormats": "URI Query String/CRUD", "supportedResponseFormats": "JSON", "restrictedAccess": "No"}