{"url": "https://www.programmableweb.com/api/multiple-choice-quiz-corrector-rest-api-v10", "name": "Multiple Choice Quiz Corrector REST API v1.0", "description": " Multiple Choice Quiz Corrector API - Quizzbotics (also known as Multiple Choice Test Corrector API) is a cross browsers REST API which get a JSON input with a still photo (as base64 encoded string), also some settings as optional language code (among 60 supported languages, more accuracy is got for English language), containing scanned form paper answers to a multiple choice quizz and returns a JSON string which contains OCR recognized answers, number of errors if any, errors descriptions if any, timestamp, candidate code, test number. The source answer form may be used for maximum 100 questions which have A, B, C, D options for answer. You may choose one, two, three, four or neither. For downloading our source answer form, click here: SOURCE ANSWER FORM Of course, there are some limitations in order to get a higher accuracy. We recommend to see our correct and wrong example sketches here. Allthough this Multichoice Quizz Corrector API (currently we do not offer a Multiple Choice Quiz Corrector sdk) is intended for software development and therefore developers, we have also here an Multiple Choice Quiz Corrector online application that may be used to check the input and output JSONs of the API. The necessary steps are written below, basically for this real time Multiple Choice Quiz Corrector API you send an authorized POST request in JSON format to the API endpoint and you get as JSON response the output as described below through parameters and examples.", "endpoint": "https://www.de-vis-software.ro/quizzbotics.aspx", "homePage": "https://www.de-vis-software.ro/multiple-choice-quiz-corrector-api.aspx", "primaryCategory": "API Education", "secondaryCategories": "Artificial Intelligence, Recognition", "provider": "DE VIS Software", "SSL_Support": "Yes", "authentication_Model": "HTTP Basic Auth", "version": "1.0", "versionStatus": "Recommended (active, supported)", "type": "Web/Internet", "architecturalStyle": "REST", "supportedRequestFormats": "JSON", "supportedResponseFormats": "JSON", "restrictedAccess": "No"}