{"url": "https://www.programmableweb.com/api/intuit-payments-rest-api-v40", "name": "Intuit Payments REST API v4.0", "description": " The Intuit Payments API allows developers to integrate Quickbooks Payments service with their applications. By making requests to the API, developers are able to create custom eCommerce app, and build an app that processes credit car payments. Intuit provides businesses a way to manage their finances.", "endpoint": "https://api.intuit.com/quickbooks/v4", "homePage": "https://developer.intuit.com/docs?redirectid=payments", "primaryCategory": "Payments", "secondaryCategories": "Accounting", "provider": "Intuit", "SSL_Support": "Yes", "authentication_Model": "OAuth 1, OAuth 2", "version": "4.0", "versionStatus": "Recommended (active, supported)", "type": "Web/Internet", "architecturalStyle": "REST", "supportedRequestFormats": "URI Query String/CRUD", "supportedResponseFormats": "JSON", "restrictedAccess": "No"}