{"url": "https://www.programmableweb.com/api/breaking-api-account-rest-api-v10", "name": "Breaking API Account REST API v1.0", "description": " The Breaking API Account API allows developers to check the number of requests they've made in the current month versus their plan's monthly quota. There is no charge for the use of this API. This API is part of a suite of Breaking APIs which support news article discovery from over 100,000 global news sources. Developers can get an API key and try the APIs for free, but a paid plan is required after the first 100 API requests.", "endpoint": "https://api.breakingapi.com/account", "homePage": "https://breakingapi.com/docs/account-api", "primaryCategory": "News Services", "secondaryCategories": "Accounts", "provider": "Breaking API", "SSL_Support": "Yes", "authentication_Model": "API Key", "version": "1.0", "versionStatus": "Recommended (active, supported)", "type": "Web/Internet", "architecturalStyle": "REST", "supportedRequestFormats": "URI Query String/CRUD", "supportedResponseFormats": "JSON", "restrictedAccess": "No"}