{"url": "https://www.programmableweb.com/api/alerting-hub-batch-send-rest-api-v1", "name": "Alerting Hub Batch Send REST API v1", "description": " This API allows you to send multiple, different, alerts at the same time. In effect this API removes the need for you to call sendalert multiple times and is most often of use when specifying a set of linked alerts for scenarios such as escalation. Each alert specified in the sendalerts API call is treated as if you had called the sendalert API multiple times, as such you will receive a different alertId for each alert. You should keep in mind that the sendalert API can itself call, send SMS and email many different groups of people with many different messages all within a single alert and, as such, will be the API call most often used in the majority of circumstances.", "endpoint": "https://api.alert.alertinghub.co.uk/api/json/batchsend", "homePage": "https://www.alertinghub.net/api-batchsend-alerts/", "primaryCategory": "Telephony", "secondaryCategories": "Automation, Campaigns, Emergency, Messaging, Notifications, Platform-as-a-Service, Scheduling, Text, Text-to-Speech, Voice", "provider": "Alerting Hub", "SSL_Support": "Yes", "authentication_Model": "API Key", "version": "1", "versionStatus": "Recommended (active, supported)", "type": "Web/Internet", "architecturalStyle": "REST", "supportedRequestFormats": "JSON, URI Query String/CRUD", "supportedResponseFormats": "JSON", "restrictedAccess": "No"}