{"url": "https://www.programmableweb.com/api/usda-fooddata-central-rest-api-v10", "name": "USDA FoodData Central REST API v1.0", "description": " The USDA FoodData Central API allows developers to incorporate nutrient and food component data into their websites and applications. The API provides access to five distinct data types: Foundation Foods, Food and Nutrient Database for Dietary Studies 2013-2014, National Nutrient Database for Standard Reference Legacy Release, USDA Global Branded Food Products Database, and Experimental Foods. This API used to be known as the USDA Food Composition Databases API.", "endpoint": "https://api.nal.usda.gov/fdc/v1/", "homePage": "https://fdc.nal.usda.gov/", "primaryCategory": "Food", "secondaryCategories": "Dieting, Government, Nutrition", "provider": "USDA", "SSL_Support": "Yes", "authentication_Model": "API Key", "version": "1.0", "versionStatus": "Recommended (active, supported)", "type": "Web/Internet", "architecturalStyle": "REST", "supportedRequestFormats": "JSON, URI Query String/CRUD", "supportedResponseFormats": "JSON", "restrictedAccess": "No"}