{"url": "https://www.programmableweb.com/api/bloowatch-rest-api-v1", "name": "Bloowatch REST API v1", "description": " Bloowatch provides information and alerts about endangered species. The Bloowatch API offers data from the endangered species list, with data returned from a URL call with an animal parameter. Data includes animal description, habitat, image, location, name, population, scientific name, endangered status and more.", "endpoint": "http://bloowatch.org/developers/json/species/", "homePage": "http://www.bloowatch.org/developers/api", "primaryCategory": "Animals", "secondaryCategories": "Climate, Environment, Sustainability", "provider": "Bloopix Design", "SSL_Support": "No", "authentication_Model": "Unspecified", "version": "1", "versionStatus": "Recommended (active, supported)", "type": "Web/Internet", "architecturalStyle": "REST", "supportedRequestFormats": "JSON", "supportedResponseFormats": "JSON", "restrictedAccess": "No"}