{"url": "https://www.programmableweb.com/api/practice-panther-rest-api-v2", "name": "Practice Panther REST API v2", "description": " The Practice Panther API provides law practice management software solutions. Developers can use the API to build an integration between PracticePanther and another application or service, build custom reports and dashboards, and automate workflows and processes or customize PracticePanther for their law firm. Operations include accounts, bank accounts, call logs, custom fields, emails, expenses, invoices, items, payments, and relationships. SDKs available.", "endpoint": "https://app.practicepanther.com", "homePage": "https://www.practicepanther.com/law-office-software-api/", "primaryCategory": "Law", "secondaryCategories": "Software-as-a-Service", "provider": "Practice Panther", "SSL_Support": "Yes", "authentication_Model": "OAuth 2", "version": "2", "versionStatus": "Recommended (active, supported)", "type": "Web/Internet", "architecturalStyle": "REST", "supportedRequestFormats": "URI Query String/CRUD", "supportedResponseFormats": "JSON", "restrictedAccess": "No"}