{"url": "https://www.programmableweb.com/api/user-rest-api-v10", "name": "User REST API v1.0", "description": " The User.com API enables users to integrate with User.com marketing and sales, and support software. Methods are available to manage return users, CRM, conversations, web push, and segments information for automating business processes. Developers can perform POST, PUT, GET, DELETE methods over HTTP and they can authenticate with ta token to make JSON calls. Sample codes are available in jQuery, Javascript, Node.js, PHP, and Python languages. Postman collection guide included in the documentation.", "endpoint": "N/A", "homePage": "https://user.com/en/api/basic-usage/", "primaryCategory": "Customer Relationship Management", "secondaryCategories": "Business, Marketing, Sales", "provider": "User", "SSL_Support": "Yes", "authentication_Model": "Token", "version": "1.0", "versionStatus": "Recommended (active, supported)", "type": "Web/Internet", "architecturalStyle": "REST", "supportedRequestFormats": "URI Query String/CRUD", "supportedResponseFormats": "JSON", "restrictedAccess": "No"}