{"url": "https://www.programmableweb.com/api/adapty-indirect-api-v100", "name": "Adapty Indirect API v1.0.0", "description": " Adapty helps mobile developers to analyze and grow in-app subscriptions. The Adapty API is available indirectly via SDK. With this service, developers can increase application subscriptions revenue with A/B testing for paywalls and run monetization experiments.", "endpoint": "https://docs.adapty.io/docs/api-reference-new", "homePage": "https://adapty.io/adapty-for-developers-marketers-executives", "primaryCategory": "Subscriptions", "secondaryCategories": "DevOps, Mobile, Monetization, Testing", "provider": "Adapty", "SSL_Support": "Yes", "authentication_Model": "Other/Custom", "version": "1.0.0", "versionStatus": "Recommended (active, supported)", "type": "Web/Internet", "architecturalStyle": "Indirect", "supportedRequestFormats": "Unspecified", "supportedResponseFormats": "Unspecified", "restrictedAccess": "No"}