{"url": "https://www.programmableweb.com/api/urban-airship-rest-api-v3", "name": "Urban Airship REST API v3", "description": " Urban Airship's Push, now fully functional for the iPhone and BlackBerry platforms, lets you increase your engagement with customers, enhance your brand, and create a recurring revenue stream. Deliver sports scores, breaking news, or user-generated content like game challenges directly to users' pockets, in real time.", "endpoint": "https://go.urbanairship.com", "homePage": "http://docs.urbanairship.com/", "primaryCategory": "Messaging", "secondaryCategories": "Mobile, Notifications", "provider": "Urban Airship", "SSL_Support": "No", "authentication_Model": "HTTP Basic Auth", "version": "3", "versionStatus": "Recommended (active, supported)", "type": "Web/Internet", "architecturalStyle": "REST", "supportedRequestFormats": "CSV, JSON, URI Query String/CRUD", "supportedResponseFormats": "CSV, JSON", "restrictedAccess": "No"}