{"url": "https://www.programmableweb.com/api/hubhopper-rest-api-v55", "name": "Hubhopper REST API v5.5", "description": " The Hubhopper API enables users to query more than 1 million podcasts from India and other places. Search the audio programs by categories and receive podcasts, languages, episodes and more. From the Provider: \"Hubhopper Podcast API - Indian Audio Listen & Search API Easy to use podcast search, listen & directory API. Gain access to over 1m+ hours of localized Indian podcasts and audio shows, with their details and meta data. Used by 50+ of the biggest audio & podcast apps and platforms in India.\"", "endpoint": "https://apis.hubhopper.com/partner", "homePage": "https://docs.hubhopper.com", "primaryCategory": "Podcasts", "secondaryCategories": "Entertainment, Media, Music, Search", "provider": "Parijat Innovations", "SSL_Support": "Yes", "authentication_Model": "API Key", "version": "5.5", "versionStatus": "Recommended (active, supported)", "type": "Web/Internet", "architecturalStyle": "REST", "supportedRequestFormats": "JSON", "supportedResponseFormats": "JSON", "restrictedAccess": "Yes"}