{"url": "https://www.programmableweb.com/api/docusign-signature-appliance-web-agent-rest-api-v10", "name": "DocuSign Signature Appliance Web Agent REST API v1.0", "description": " The DocuSign Signature Appliance Web Agent API allows developers to add open, standard digital signatures to their applications. It includes a full User Experience (UX) layer that enables the user to preview and sign documents. This API allows Word, Excel, and PDF files to be signed in their native formats. The DocuSign Signature Appliance is a signing solution that gives developers the choice to deploy from a hybrid cloud model or behind a firewall. This solution is designed to integrate seamlessly with existing systems and applications. DocuSign is a service for electronically signing, preparing, acting on, and managing agreements.", "endpoint": "https://webapp-dsa-devctr.docusign.net/", "homePage": "https://developers.docusign.com/dsa-api/guides/quickstart_web_agent", "primaryCategory": "Electronic Signature", "secondaryCategories": "N/A", "provider": "DocuSign", "SSL_Support": "Yes", "authentication_Model": "HTTP Basic Auth, Other/Custom", "version": "1.0", "versionStatus": "Recommended (active, supported)", "type": "Web/Internet", "architecturalStyle": "REST", "supportedRequestFormats": "URI Query String/CRUD, XML", "supportedResponseFormats": "XML", "restrictedAccess": "No"}