{"url": "https://www.programmableweb.com/api/neuro-ai-indirect-api-v1", "name": "Neuro AI Indirect API v1", "description": " Neuro AI provides infrastructure for machine learning models so developers don't need to deal with servers. The Neuro AI API is accessible indirectly via Python. Use the API to compile, predict and train machine learning models in cloud hardware. Data can be uploaded and models exported to the original format it was in. Global models will be exported as pytorch models.", "endpoint": "N/A", "homePage": "https://docs.neuro-ai.co.uk/", "primaryCategory": "Machine Learning", "secondaryCategories": "Algorithms", "provider": "Neuro Ai", "SSL_Support": "Yes", "authentication_Model": "Unspecified", "version": "1", "versionStatus": "Recommended (active, supported)", "type": "Product", "architecturalStyle": "Indirect", "supportedRequestFormats": "Unspecified", "supportedResponseFormats": "Unspecified", "restrictedAccess": "No"}