{"url": "https://www.programmableweb.com/api/amberdata-rest-api-v2", "name": "Amberdata REST API v2", "description": " Amberdata.io provides real-time, raw & augmented blockchain data. The Amerdata API enables developers to retrieve data about cryptocurrency markets and data, including tools to manage futures market data, spot market data, market metrics, blockchains, plus blockchain addresses, blocks, contacts, transactions and more.", "endpoint": "https://web3api.io/api/v2/", "homePage": "https://docs.amberdata.io/reference", "primaryCategory": "Cryptocurrency", "secondaryCategories": "Blockchain, Data, Financial", "provider": "Amberdata", "SSL_Support": "Yes", "authentication_Model": "API Key", "version": "2", "versionStatus": "Recommended (active, supported)", "type": "Web/Internet", "architecturalStyle": "REST", "supportedRequestFormats": "JSON, URI Query String/CRUD", "supportedResponseFormats": "JSON", "restrictedAccess": "No"}