{"url": "https://www.programmableweb.com/api/unogs-netflix-rest-api-v1", "name": "uNoGS Netflix REST API v1", "description": " unogsNG (Next Generation Netflix Global Search) API enables users to search and retrieve content on Netflix by genre, country, people, episodes, titles, images, expiring titles and more. uNoGS Netflix API is not officially associated with Netflix.", "endpoint": "https://unogsng.p.rapidapi.com/", "homePage": "https://rapidapi.com/unogs/api/unogsng/", "primaryCategory": "Entertainment", "secondaryCategories": "Content, Search, TV", "provider": "N/A", "SSL_Support": "Yes", "authentication_Model": "API Key", "version": "1", "versionStatus": "Recommended (active, supported)", "type": "Web/Internet", "architecturalStyle": "REST", "supportedRequestFormats": "JSON", "supportedResponseFormats": "JSON", "restrictedAccess": "No"}