{"url": "https://www.programmableweb.com/api/respondio-rest-api-v1", "name": "Respond.io REST API v1", "description": " The Respond.io API allows sending messages containing text, image, audio, video, or file from several different messaging channels to contacts. The API is composed of several types of requests: send a text, send an attachment, and send a text with quick replies. Respond.io is a business messaging platform that connects contacts from any channel to every team. Channels include WhatsApp, LINE, Facebook Messenger, Telgram, WeChat, Twitter, and SMS.", "endpoint": "https://app.respond.io/api/v1/", "homePage": "https://docs.respond.io/developer-api/messages-api", "primaryCategory": "Messaging", "secondaryCategories": "Business, Contacts", "provider": "Respond.io", "SSL_Support": "Yes", "authentication_Model": "Token", "version": "1", "versionStatus": "Recommended (active, supported)", "type": "Product", "architecturalStyle": "REST", "supportedRequestFormats": "URI Query String/CRUD", "supportedResponseFormats": "JSON", "restrictedAccess": "No"}