{"url": "https://www.programmableweb.com/api/retently-rest-api-v20", "name": "Retently REST API v2.0", "description": " The Retently API provides a way to import customers from other platforms, trigger transactional Net Promoter Score (NPS) surveys or export NPS data using POST, GET, and DELETE with JSON formatted responses. It allows you to connect Retently to your own application or create custom integrations, workflows and scenarios to; List your customers from Retently, Get latest customer NPS score, Get latest customer feedback and more. Retently provides a Net Promoter Score\u00ae survey to gather, analyze and act on customer feedback.", "endpoint": "https://app.retently.com/api/v2", "homePage": "https://www.retently.com/integrations/#api", "primaryCategory": "Surveys", "secondaryCategories": "Analytics, Customer Service, Feedback, Surveys", "provider": "N/A", "SSL_Support": "Yes", "authentication_Model": "API Key", "version": "2.0", "versionStatus": "Recommended (active, supported)", "type": "Web/Internet", "architecturalStyle": "REST", "supportedRequestFormats": "JSON, URI Query String/CRUD", "supportedResponseFormats": "JSON", "restrictedAccess": "No"}