{"url": "https://www.programmableweb.com/api/klippa-ocr-rest-api-v10", "name": "Klippa OCR REST API v1.0", "description": " The Klippa OCR API is a fast and accurate OCR engine for all European language. Documents like receipts, invoices, identity documents and contracts are all supported out of the box. The API includes documentation and good structured JSON response.", "endpoint": "https://custom-ocr.klippa.com/api/v1", "homePage": "https://www.klippa.com/en/ocr/ocr-api", "primaryCategory": "OCR", "secondaryCategories": "Data Mining", "provider": "Klippa", "SSL_Support": "Yes", "authentication_Model": "API Key, OAuth 2", "version": "1.0", "versionStatus": "Recommended (active, supported)", "type": "Web/Internet", "architecturalStyle": "REST", "supportedRequestFormats": "JSON, URI Query String/CRUD", "supportedResponseFormats": "JSON", "restrictedAccess": "Yes"}