{"url": "https://www.programmableweb.com/api/bitext-rest-api-v20", "name": "Bitext REST API v2.0", "description": " Text analysis API build on a linguistic basis. Log in for your free API Key at https://api.bitext.com The API provides 4 text analysis services: Sentiment analysis End point https://svc02.api.bitext.com/sentiment/ Entity extraction End point: https://svc02.api.bitext.com/entities/ Concept extraction End point: https://svc02.api.bitext.com/concepts/ Text categorization End point https://svc02.api.bitext.com/categories/", "endpoint": "https://svc02.api.bitext.com/sentiment/", "homePage": "https://api.bitext.com/", "primaryCategory": "Natural Language Processing", "secondaryCategories": "Language, Semantics, Sentiment, Text", "provider": "Bitext", "SSL_Support": "Yes", "authentication_Model": "API Key", "version": "2.0", "versionStatus": "Recommended (active, supported)", "type": "Standard", "architecturalStyle": "REST", "supportedRequestFormats": "JSON, URI Query String/CRUD", "supportedResponseFormats": "JSON", "restrictedAccess": "Yes"}