{"url": "https://www.programmableweb.com/api/faker-rest-api-v1", "name": "Faker REST API v1", "description": " Faker API enables developers to generate fake data for testing and design purposes. It is a free service that generates up to 1000 lines of fake data such as users, texts, products, places, persons, images, credit cards, companies, books, addresses and more. No authorization is required. Documentation is provided in English and Italian.", "endpoint": "https://fakerapi.it/api/v1/", "homePage": "https://fakerapi.it/en", "primaryCategory": "Testing", "secondaryCategories": "Data, DevOps", "provider": "Independent Developer", "SSL_Support": "Yes", "authentication_Model": "N/A", "version": "1", "versionStatus": "Recommended (active, supported)", "type": "Web/Internet", "architecturalStyle": "REST", "supportedRequestFormats": "JSON", "supportedResponseFormats": "JSON", "restrictedAccess": "No"}