{"url": "https://www.programmableweb.com/api/1password-events-streaming-api-v1", "name": "1Password Events Streaming API v1", "description": " 1Password is an online password manager. 1Password Events API offers streaming notifications of events about sign-ins and usage with contextual data, including users, clients, cursors, UUID, and more. The API can send notifications to security information and event management (SIEM) systems. 1Password also offers pre-built integrations Splunk and Elastic integrations.", "endpoint": "https://events.1password.com", "homePage": "https://blog.1password.com/introducing-events-api/", "primaryCategory": "Passwords", "secondaryCategories": "Notifications, Security", "provider": "1Password", "SSL_Support": "Yes", "authentication_Model": "Token", "version": "1", "versionStatus": "Recommended (active, supported)", "type": "Web/Internet", "architecturalStyle": "Streaming", "supportedRequestFormats": "Webhooks", "supportedResponseFormats": "JSON, URI Query String/CRUD", "restrictedAccess": "No"}