{"url": "https://www.programmableweb.com/api/datachip-touchless-identification-and-authorization-rest-api-v10", "name": "Datachip Touchless Identification And Authorization REST API v1.0", "description": " Datachip offers safer workplace and safer campus solutions. The Datachip Touchless Authentication API enables facial recognition for employee and visitor access management & facility management systems. From the provider: \"Touchless Authentication API API Overview DataChip\u2019s \u2013 Touchless Authentication API helps developers to build touch-less authentication capability into enterprise application such as Employee and Visitor access management, facility management systems. Our API uses advanced Facial recognition techniques, COVID Vaccination status, COVID test results. In addition, a rules-based engine allows developers and business analysis to apply business rules on the data using a simple excel sheet and derive decisions such as \u201cAllow\u201d, \u201cDeny\u201d or \u201cSecondary Check Required\u201d etc. Our API enables developers to build new touchless authentication and authorization apps or add this as an extra form of multi-factor authentication feature to their application to authenticate users and protect their work environment or facilities. API Highlights Single API that combines facial recognition of your employees/visitors, COVID vaccination status and test results Simple rule engine to apply business rules based on the identity, location, directory lookup, test results, and vaccination status Easy to use \u2013 Add our API to your application through a single API call Our API reliably detects and identifies human faces accurately with and without a face mask in seconds.\u00a0 Facilitate access to the premises based on the health record results Our API is a versatile and universal solution for easy integration with your application and off-the-shelf hardware components i.e., Tablet, Mobile. Use Case Temperature Screening Kiosk \u2013 Our API can be integrated into the temperature screening kiosks and authenticate users based on the identity, vaccination status, temperature, with and without a face mask, etc., Employee and Visitor Access Management - Facilitate employees, visitor\u2019s access to any building such as offices, events, exhibitions, etc., and any unauthorized visitors can be kept at bay. Healthcare - Identification of patients and able to retrieve their health records in case of emergencies Control Access to sensitive areas - Facial recognition with vaccination status can work as a means of\u00a0access control\u00a0to ensure that only authorized individuals get into\u00a0facilities. At Airports \u2013 Able to retrieve COVID-19 vaccination status of the travelers and able to build confidence in co-passengers and respective governments Travel and Hospitality Software \u2013 Integrate vaccination status of the traveler into the product offering Multi-factor Authentication - Additional authentication factor for extra security in any login process (In Social Media platform, Access to any mobile application, etc.)\"", "endpoint": "http://apibeta.uscann.net/apiv1/swagger-ui.html", "homePage": "http://apibeta.uscann.net/apiv1/swagger-ui.html", "primaryCategory": "Health", "secondaryCategories": "Coronavirus, COVID-19, Healthcare", "provider": "Datachip", "SSL_Support": "No", "authentication_Model": "API Key", "version": "1.0", "versionStatus": "Recommended (active, supported)", "type": "Web/Internet", "architecturalStyle": "REST", "supportedRequestFormats": "JSON", "supportedResponseFormats": "JSON", "restrictedAccess": "No"}