{"url": "https://www.programmableweb.com/api/klimaat-rest-api-v1", "name": "Klimaat REST API v1", "description": " Klimaat API enables users to calculate a carbon footprint for any journey. It takes into consideration length of journey and transport mode and gives results in carbon footprint grams total, per km, per mile and total tons. Interested developers can register for API and documentation access.", "endpoint": "https://api.klimaat.app/v1/", "homePage": "https://klimaat.app/docs", "primaryCategory": "Sustainability", "secondaryCategories": "Environment, Math", "provider": "Klimaat", "SSL_Support": "Yes", "authentication_Model": "API Key", "version": "1", "versionStatus": "Recommended (active, supported)", "type": "Web/Internet", "architecturalStyle": "REST", "supportedRequestFormats": "JSON", "supportedResponseFormats": "JSON", "restrictedAccess": "No"}