{"url": "https://www.programmableweb.com/api/lorem-picsum-rest-api-v2", "name": "Lorem Picsum REST API v2", "description": " Lorem Picsum provides random or specific uploaded images as placeholders. Developers need to specify a desired image size (width & height) at the end of the request URL. Grayscale and blur effects can be applied to any image.", "endpoint": "https://picsum.photos/v2", "homePage": "https://picsum.photos/", "primaryCategory": "Photos", "secondaryCategories": "Design, Random", "provider": "N/A", "SSL_Support": "No", "authentication_Model": "Unspecified", "version": "2", "versionStatus": "Recommended (active, supported)", "type": "Web/Internet", "architecturalStyle": "REST", "supportedRequestFormats": "JSON, URI Query String/CRUD", "supportedResponseFormats": "JSON", "restrictedAccess": "No"}