{"url": "https://www.programmableweb.com/api/iex-rest-api-v10", "name": "IEX REST API v1.0", "description": " The IEX (Investors Exchange) API allows developers to integrate tools for monitoring and transacting stocks in financial markets. Developers can use the API's endpoints to integrate an analytical portal for prices, market data, and stats. The API currently supports only the HTTP GET methods and conveys requests and responses in JSONP forma and offers access to IEX DEEP, TOPS, stocks, market, and stats data.", "endpoint": "https://api.iextrading.com/1.0", "homePage": "https://iextrading.com/developer/docs/#iex-api-1-0", "primaryCategory": "Financial", "secondaryCategories": "Open Source, Stocks", "provider": "IEX Group", "SSL_Support": "Yes", "authentication_Model": "Unspecified", "version": "1.0", "versionStatus": "Recommended (active, supported)", "type": "Web/Internet", "architecturalStyle": "REST", "supportedRequestFormats": "JSON, JSONP, URI Query String/CRUD", "supportedResponseFormats": "JSON, JSONP", "restrictedAccess": "No"}