{"url": "https://www.programmableweb.com/api/pinnacle-sports-rest-api-v1", "name": "Pinnacle Sports REST API v1", "description": " Pinnacle Sports is an online service that offers information on betting on multiple sports i.e. football, soccer, baseball, rugby. The Pinnacle Sports API allows developers to integrate the functionality of Pinnacle Sports with their applications. Some API methods include retrieving lists of sports, retrieving lists of leagues, and retrieving sports feeds.", "endpoint": "http://api.pinnaclesports.com/v1/", "homePage": "https://pinnacleapi.github.io/betsapi", "primaryCategory": "Sports", "secondaryCategories": "Gambling", "provider": "Pinnacle Sports", "SSL_Support": "Yes", "authentication_Model": "HTTP Basic Auth", "version": "1", "versionStatus": "Recommended (active, supported)", "type": "Web/Internet", "architecturalStyle": "REST", "supportedRequestFormats": "JSON, URI Query String/CRUD", "supportedResponseFormats": "JSON, XML", "restrictedAccess": "No"}