{"url": "https://www.programmableweb.com/api/skyscanner-flights-cache-prices-rest-api-v10", "name": "Skyscanner Flights Cache Prices REST API v1.0", "description": " The Skyscanner Flights Cache Prices API retrieves the cheapest quotes, routes, and dates from Skyscanner's cached prices. The cheapest dates for a given route can also be retrieved as a 2D array, allowing them to be easily displayed as a calendar. Skyscanner is a free online service that allows users to compare the prices of millions of flights, along with hotels and car rentals.", "endpoint": "http://partners.api.skyscanner.net/apiservices/browsequotes/v1.0/", "homePage": "https://skyscanner.github.io/slate/?_ga=1.104705984.172843296.1446781555#flights\u2026", "primaryCategory": "Air Travel", "secondaryCategories": "Prices, Travel", "provider": "Skyscanner", "SSL_Support": "No", "authentication_Model": "API Key", "version": "1.0", "versionStatus": "Recommended (active, supported)", "type": "Web/Internet", "architecturalStyle": "REST", "supportedRequestFormats": "JSON, URI Query String/CRUD, XML", "supportedResponseFormats": "JSON, XML", "restrictedAccess": "No"}