{"url": "https://www.programmableweb.com/api/occuspace-rest-api-v10", "name": "Occuspace REST API v1.0", "description": " The Occuspace API displays how many occupants are in an administrative space. It uses sensors to count the number people in large spaces, such as number of students in large in university libraries or employees in buildings and offices. It reports the data via mobile and web for analysis. Developers can use the REST API that provides JSON formats and requires API token to authenticate. Occuspace is a solution to optimize spaces, make data-informed decisions, and improve visitor experience.", "endpoint": "https://api.occuspace.io/v1", "homePage": "https://occuspace.io/api.html", "primaryCategory": "Office", "secondaryCategories": "Hardware, Internet of Things", "provider": "Occuspace", "SSL_Support": "Yes", "authentication_Model": "Token", "version": "1.0", "versionStatus": "Recommended (active, supported)", "type": "Web/Internet", "architecturalStyle": "REST", "supportedRequestFormats": "JSON, URI Query String/CRUD", "supportedResponseFormats": "JSON", "restrictedAccess": "No"}