{"url": "https://www.programmableweb.com/api/nanosdk-language-detect-rest-api-v10", "name": "nanoSDK Language Detect REST API v1.0", "description": " The nanoSDK Language Detect API can help you find out which language is used within a text. nanoSDK's microservices are user-friendly and can be used through explorers on nanosdk.com to speed up your application development. You need to be authenticated and authorized to consume the services. You need at least one API Key and set the NanoSDK-Key header with this key. When the request is received, the key is validated. and allows the request form the moment you have enough credits.Pricing (one-time refill): credits: 20,000, price: $4.00; Simple pricing: $2 per 10,000 credits.You refill your balance with credits and spend them through our APIs. Your credits do not expire.Supported currencies: USD, EUR. All prices are exclusive of any applicable taxes.", "endpoint": "https://api.nanosdk.com/language-detect", "homePage": "https://nanosdk.com/apis/language-detect", "primaryCategory": "Language", "secondaryCategories": "Microservices, Text", "provider": "nanoSDK", "SSL_Support": "Yes", "authentication_Model": "API Key", "version": "1.0", "versionStatus": "Recommended (active, supported)", "type": "Web/Internet", "architecturalStyle": "REST", "supportedRequestFormats": "JSON, URI Query String/CRUD", "supportedResponseFormats": "JSON, XML", "restrictedAccess": "No"}