{"url": "https://www.programmableweb.com/api/stream-rest-api-v10", "name": "Stream REST API v1.0", "description": " The Stream API allows developers to access and integrate the functionality of Stream with other applications and to create new applications. Some example API methods include adding and deleting activities, retrieving activities, and managing user information. Stream is an activity stream and newsfeed service. Activity streams and newsfeeds built with Stream can be implemented at scale.", "endpoint": "https://api.stream-io-api.com/api/v1.0/", "homePage": "http://getstream.io/docs/", "primaryCategory": "Activity Streams", "secondaryCategories": "Chat, Feeds, News Services, Notifications, Social, Tweets", "provider": "Stream", "SSL_Support": "Yes", "authentication_Model": "API Key, Token", "version": "1.0", "versionStatus": "Recommended (active, supported)", "type": "Web/Internet", "architecturalStyle": "REST", "supportedRequestFormats": "JSON, URI Query String/CRUD", "supportedResponseFormats": "JSON", "restrictedAccess": "No"}