{"url": "https://www.programmableweb.com/api/xero-signup-rest-api-v10", "name": "Xero Signup REST API v1.0", "description": " The Xero Signup API is a RESTful web service that allows you to trigger new Xero signups from your application. Xero APIs expose accounting and related functions of the main Xero application and includes features for; creating transactions, invoices and credit notes, extracting accounting data etc. Xero provides cloud based accounting software to simplify accounting and bookkeeping processes.", "endpoint": "https://api.xero.com/signup.xro/1.0", "homePage": "https://developer.xero.com/documentation/signup/overview-signup-api", "primaryCategory": "Accounting", "secondaryCategories": "N/A", "provider": "Xero", "SSL_Support": "Yes", "authentication_Model": "API Key", "version": "1.0", "versionStatus": "Recommended (active, supported)", "type": "Web/Internet", "architecturalStyle": "REST", "supportedRequestFormats": "JSON, URI Query String/CRUD", "supportedResponseFormats": "JSON", "restrictedAccess": "No"}