{"url": "https://www.programmableweb.com/api/meme-maker-rest-api-v1", "name": "Meme Maker REST API v1", "description": " Meme Maker enables users to pick from a collection of memes, or provide their own image, edit the text and text properties and share with friends and the internet. Meme Maker API allows users to search and retrieve memes, list of memes from the service.", "endpoint": "http://alpha-meme-maker.herokuapp.com/", "homePage": "https://mememaker.github.io/API/", "primaryCategory": "Meme", "secondaryCategories": "N/A", "provider": "Independent Developer", "SSL_Support": "Yes", "authentication_Model": "Unspecified", "version": "1", "versionStatus": "Recommended (active, supported)", "type": "Web/Internet", "architecturalStyle": "REST", "supportedRequestFormats": "JSON, URI Query String/CRUD", "supportedResponseFormats": "JSON", "restrictedAccess": "No"}