{"url": "https://www.programmableweb.com/api/pepipost-email-rest-api-v2", "name": "Pepipost Email REST API v2", "description": " The Pepipost Email API sends emails passing to and recipient, from, subject, HTML/content, and attachment components. It is recommended to not include more than 5000 personalizations per API request. A JSON example shows recipients, attributes, name, account, email recipient, subject, content, and messageID. Pepipost is a developer-friendly email marketing platform.", "endpoint": "https://api.pepipost.com/v2/sendEmail", "homePage": "https://pepipost.com/developers/", "primaryCategory": "Email", "secondaryCategories": "Analytics, Protocol", "provider": "Pepipost", "SSL_Support": "Yes", "authentication_Model": "API Key", "version": "2", "versionStatus": "Recommended (active, supported)", "type": "Web/Internet", "architecturalStyle": "REST", "supportedRequestFormats": "JSON, URI Query String/CRUD", "supportedResponseFormats": "JSON", "restrictedAccess": "No"}