{"url": "https://www.programmableweb.com/api/associated-press-elections-unspecified-api-v2", "name": "Associated Press Elections Unspecified API v2", "description": " The Associated Press Elections API retrieves elections data including race information about each candidate, vote updates with delegate counts, and race calls where a winner has been declared. In thr quert explorer, developers can access with an API Key. For information about formats and number of API calls developers can contact the provider.", "endpoint": "https://api.ap.org/v2/elections/", "homePage": "https://developer.ap.org/ap-elections-api/", "primaryCategory": "Politics", "secondaryCategories": "News Services", "provider": "Associated Press", "SSL_Support": "Yes", "authentication_Model": "API Key", "version": "2", "versionStatus": "Recommended (active, supported)", "type": "Web/Internet", "architecturalStyle": "Unspecified", "supportedRequestFormats": "Unspecified", "supportedResponseFormats": "Unspecified", "restrictedAccess": "No"}