{"url": "https://www.programmableweb.com/api/yext-live-rest-api-v2", "name": "Yext Live REST API v2", "description": " The Yext Live API allows developers to integrate up-to-date location data into their websites and mobile apps. The API can also be used to keep custom store locators in sync with the latest location information. Yext is a service that helps businesses get discovered by customers. It syncs location and hours data internally, as well as with external maps, apps, GPS systems, search engines, and social networks.", "endpoint": "https://api.yext.com/", "homePage": "http://developer.yext.com/docs/live-api/", "primaryCategory": "Location", "secondaryCategories": "Cloud, Marketing, Real Time", "provider": "Yext", "SSL_Support": "Yes", "authentication_Model": "API Key", "version": "2", "versionStatus": "Recommended (active, supported)", "type": "Web/Internet", "architecturalStyle": "REST", "supportedRequestFormats": "URI Query String/CRUD", "supportedResponseFormats": "JSON", "restrictedAccess": "No"}