{"url": "https://www.programmableweb.com/api/groupdocsconversion-cloud-rest-api-v20", "name": "GroupDocs.Conversion Cloud REST API v2.0", "description": " The Document Conversion Cloud API provides a way to convert various documents into supported file formats, including Word Processing documents, spreadsheets, presentations, PDF, CAD, diagrams, eBooks, emails, images, markup formats, note, LaTeX and more. This API exposes the REST interface to directly communicate with the RESTful APIs. You can also use any of the platform-specific Cloud SDKs or cURL commands to interact with the API.", "endpoint": "https://api.groupdocs.cloud/v2.0/conversion", "homePage": "https://products.groupdocs.cloud/conversion/family", "primaryCategory": "Documents", "secondaryCategories": "Cloud, Conversions", "provider": "GroupDocs", "SSL_Support": "Yes", "authentication_Model": "OAuth 2, Token", "version": "2.0", "versionStatus": "Recommended (active, supported)", "type": "Web/Internet", "architecturalStyle": "REST", "supportedRequestFormats": "JSON, URI Query String/CRUD", "supportedResponseFormats": "JSON", "restrictedAccess": "No"}