{"url": "https://www.programmableweb.com/api/integrapay-rest-rest-api-v950", "name": "IntegraPay REST REST API v95.0", "description": " The IntegraPay REST API enables developers to programmatically interact with online payment services. Methods are available for BPAY, Invoices, Card Bin Search, Payers, Reports, Transactions and much more. IntegraPay provides payment solutions for your business. Customized solutions for every business size, from one-off payments to complex recurring payments. We will tailor a solution that works for your business. Talk to an IntegraPay Payment Solutions Expert about your payment processing needs. IntegraPay aims to make it easy for one to expand one's business's capabilities with services such as transaction processing and reporting, payer record management and payment scheduling. You'll soon be able to accept one-off and recurring payments from credit/debit cards and bank debits, plus BPAY in Australia, and ACH in the USA.", "endpoint": "https://sandbox.rest.paymentsapi.io", "homePage": "https://www.integrapay.com.au/api-application-programming-interface/", "primaryCategory": "Payments", "secondaryCategories": "Accounting, Australian, Banking, Billing, Currency, Invoicing, North America", "provider": "IntegraPay", "SSL_Support": "Yes", "authentication_Model": "OAuth 2, Token", "version": "95.0", "versionStatus": "Recommended (active, supported)", "type": "Web/Internet", "architecturalStyle": "REST", "supportedRequestFormats": "JSON, URI Query String/CRUD", "supportedResponseFormats": "JSON", "restrictedAccess": "Yes"}