{"url": "https://www.programmableweb.com/api/ininal-rest-api-v2", "name": "ininal REST API v2", "description": " Ininal is a Turkish provider of universal prepaid cards that can be used online or in automated teller machines (ATMs) around the world. The ininal API allows developers to build fintech apps for prepaid or credit cards.", "endpoint": "https://sandbox-api.ininal.com", "homePage": "https://developer.ininal.com/", "primaryCategory": "Financial", "secondaryCategories": "API, Banking", "provider": "ininal", "SSL_Support": "Yes", "authentication_Model": "OAuth 2", "version": "2", "versionStatus": "Recommended (active, supported)", "type": "Web/Internet", "architecturalStyle": "REST", "supportedRequestFormats": "JSON, URI Query String/CRUD", "supportedResponseFormats": "JSON", "restrictedAccess": "No"}