{"url": "https://www.programmableweb.com/api/bitcombine-rest-api-v10", "name": "BitCombine REST API v1.0", "description": " BitCombine API offers cryptocurrency trading, real-time data collection, and exchange account management services. The API supports 3500 cryptocurrencies from 40 exchanges and more than 18,600 currency pairs. Methods are available to get balances, exchanges, order books, symbols and tickers, and to manage cancellations, orders, and withdrawals.", "endpoint": "https://api.bitcombine.io/", "homePage": "https://api.bitcombine.io/swagger-ui-master/dist/index.html", "primaryCategory": "Cryptocurrency", "secondaryCategories": "N/A", "provider": "BitCombine", "SSL_Support": "Yes", "authentication_Model": "Unspecified", "version": "1.0", "versionStatus": "Active (supported, scheduled for retirement)", "type": "Web/Internet", "architecturalStyle": "REST", "supportedRequestFormats": "JSON, URI Query String/CRUD", "supportedResponseFormats": "JSON", "restrictedAccess": "No"}