{"url": "https://www.programmableweb.com/api/dialpad-rest-api-v2", "name": "Dialpad REST API v2", "description": " Dialpad is a business phone and communication platform powered by AI. The Dialpad API enables programmatic access to the platform, with functions to manage workspaces for team and customer communications. API methods are available to retrieve and manage calls, callback, call routers, coaching teams, company, conference, contacts, departments, numbers, offices, rooms, stats, subscriptions, transcripts, users and more.", "endpoint": "https://dialpad.com/api/v2/", "homePage": "https://developers.dialpad.com/", "primaryCategory": "Telephony", "secondaryCategories": "Customer Service, Messaging", "provider": "DIALPAD", "SSL_Support": "Yes", "authentication_Model": "API Key", "version": "2", "versionStatus": "Recommended (active, supported)", "type": "Web/Internet", "architecturalStyle": "REST", "supportedRequestFormats": "JSON, URI Query String/CRUD", "supportedResponseFormats": "JSON", "restrictedAccess": "No"}