{"url": "https://www.programmableweb.com/api/manatal-rest-api-v3", "name": "Manatal REST API v3", "description": " Manatal is AI driven job recruitment SaaS. The Manatal API allows for building custom workflows with methods to manage candidates, contacts, jobs, matches, notes, users, organizations, application forms, and more.", "endpoint": "https://api.manatal.com/open/v3/", "homePage": "https://support.manatal.com/docs/manatal-api", "primaryCategory": "Jobs", "secondaryCategories": "Artificial Intelligence, Human Resources, Software-as-a-Service", "provider": "Manatal", "SSL_Support": "Yes", "authentication_Model": "Token", "version": "3", "versionStatus": "Recommended (active, supported)", "type": "Web/Internet", "architecturalStyle": "REST", "supportedRequestFormats": "JSON, URI Query String/CRUD", "supportedResponseFormats": "JSON", "restrictedAccess": "No"}