{"url": "https://www.programmableweb.com/api/dansk-supermarked-rest-api-v1", "name": "Dansk Supermarked REST API v1", "description": " The Salling Group API, a Danish Retailer in Denmark, Sweden, Poland and Germany provides a Web API that serves geocoded store information incl. opening hours for Netto, Bilka and f\u00f8tex retail stores. The API also provides information for in-store events, job postings and a convenient holidays API for getting Danish holidays dates.", "endpoint": "https://api.sallinggroup.com/v1/", "homePage": "https://developer.sallinggroup.com", "primaryCategory": "API", "secondaryCategories": "Data, European, Events, Holidays, Jobs, Location", "provider": "Dansk Supermarked", "SSL_Support": "Yes", "authentication_Model": "API Key, HTTP Basic Auth, Other/Custom, Token", "version": "1", "versionStatus": "Recommended (active, supported)", "type": "Web/Internet", "architecturalStyle": "REST", "supportedRequestFormats": "URI Query String/CRUD", "supportedResponseFormats": "GeoJSON, JSON", "restrictedAccess": "No"}