{"url": "https://www.programmableweb.com/api/pullstring-web-rest-api-v1", "name": "PullString Web REST API v1", "description": " PullString offers computer conversation technologies with features such as hybrid AI-engine, intents modeling for user desire identification, entity extraction, pattern matching, and dialog management. The PullString API is used to initiate and carrying on conversations. Responses are in JSON format, and API Keys are required for authentication. PullString offers 3 paid plans for individuals and enterprise applications.", "endpoint": "https://conversation.pullstring.ai/v1", "homePage": "http://docs.pullstring.com/docs/api", "primaryCategory": "Machine Learning", "secondaryCategories": "Artificial Intelligence, Bots, Chat", "provider": "PullString", "SSL_Support": "No", "authentication_Model": "API Key", "version": "1", "versionStatus": "Recommended (active, supported)", "type": "Web/Internet", "architecturalStyle": "REST", "supportedRequestFormats": "JSON, URI Query String/CRUD", "supportedResponseFormats": "JSON", "restrictedAccess": "No"}