{"url": "https://www.programmableweb.com/api/brainbi-price-rest-api-v10", "name": "Brainbi Price REST API v1.0", "description": " The Brainbi API offers price analytics and artificial intelligence solutions for small and medium eCommerce. The API offers access via RESTful to all artifacts on the platform: prices, competitor prices, optimizations, dynamic pricing, customer analytics, recommendations for every eCommerce. Developers may use the Bainbi live chat located here for API access. BrainBI is an online price monitoring solution based in UK and Germany.", "endpoint": "https://www.brainbi.dev", "homePage": "https://www.brainbi.dev/preis-api-price-api-myshopapi/", "primaryCategory": "Prices", "secondaryCategories": "eCommerce, Optimization", "provider": "LIXAM", "SSL_Support": "Yes", "authentication_Model": "Token", "version": "1.0", "versionStatus": "Recommended (active, supported)", "type": "Web/Internet", "architecturalStyle": "REST", "supportedRequestFormats": "Unspecified", "supportedResponseFormats": "Unspecified", "restrictedAccess": "Yes"}