{"url": "https://www.programmableweb.com/api/antideo-rest-api-v01", "name": "Antideo REST API v0.1", "description": " The Antideo API offers health checks that can be performed on IPs and Email adresses. These checks can be used for accepting user signups or checking orders against fraudulent indicators. Antideo updates its database regularly with the latest infected IP ranges, and proxy records. This API requires API Keys for authentication, and returns data in JSON format.", "endpoint": "http://www.antideo.com/", "homePage": "http://www.antideo.com/documentation/", "primaryCategory": "Spam", "secondaryCategories": "Email", "provider": "Antideo", "SSL_Support": "Yes", "authentication_Model": "API Key, Unspecified", "version": "0.1", "versionStatus": "Recommended (active, supported)", "type": "Web/Internet", "architecturalStyle": "REST", "supportedRequestFormats": "JSON, URI Query String/CRUD", "supportedResponseFormats": "JSON", "restrictedAccess": "No"}