{"url": "https://www.programmableweb.com/api/financelayer-rest-api-v1", "name": "financelayer REST API v1", "description": " financelayer API offers real-time and historical financial news data. from the provider: \"The financelayer API was built to provide a powerful, scalable yet easy-to-use REST API interface delivering worldwide live and historical financial news data in handy JSON format. The API comes with a single news HTTP GET endpoint along with a series of parameters and options you can use to narrow down your finance news data results. Among other options, you can filter by dates and timeframes, sources, and search keywords, tags, and tickers. In this page, you will find out about the API structure, the methods, potential errors you may encounter, and code examples. If you still have questions and doubts, please do not hesitate to contact us. Our team will do their best to help you. If you do not have an account yet, please make sure to get a free API key now to start testing the API and retrieve your first news article.\"", "endpoint": "http://api.financelayer.com/v1", "homePage": "https://www.financelayer.com/", "primaryCategory": "Financial", "secondaryCategories": "News Services", "provider": "APILAYER", "SSL_Support": "Yes", "authentication_Model": "API Key", "version": "1", "versionStatus": "Recommended (active, supported)", "type": "Web/Internet", "architecturalStyle": "REST", "supportedRequestFormats": "JSON", "supportedResponseFormats": "JSON", "restrictedAccess": "No"}