{"url": "https://www.programmableweb.com/api/sabre-car-availability-rest-api-v241", "name": "Sabre Car Availability REST API v2.4.1", "description": " The Sabre Car Availability API returns real-time rental car pricing and availability information and requires token based authentication. It is a POST request for data that includes methods for Models, Location Details and others. Sabre is a global technology company that provides IT solutions for travel, airlines, hotels, agencies, corporate customers and more.", "endpoint": "https://api-crt.cert.havail.sabre.com/v2.4.1", "homePage": "https://developer.sabre.com/docs/rest_apis/ground/search/car_availability", "primaryCategory": "Travel", "secondaryCategories": "Air Travel, Auto, Booking, Rentals, Search", "provider": "Sabre", "SSL_Support": "Yes", "authentication_Model": "OAuth 2, Token", "version": "2.4.1", "versionStatus": "Recommended (active, supported)", "type": "Web/Internet", "architecturalStyle": "REST", "supportedRequestFormats": "JSON, URI Query String/CRUD", "supportedResponseFormats": "JSON", "restrictedAccess": "No"}