{"url": "https://www.programmableweb.com/api/moneyhub-open-finance-rest-api-v20", "name": "Moneyhub Open Finance REST API v2.0", "description": " Moneyhub is an open finance platform that includes connectivity to thousands of financial institutions, machine-learning powered finance analytics, engagement insights, and payments. The Moneyhub Open Finance API includes methods to manage accounts, beneficiaries, counterparties, transactions, spending analysis, savings goals, projects, tax, connections, payees, payments, users, and much more.", "endpoint": "http://identity.moneyhub.co.uk/2.0", "homePage": "https://docs.moneyhubenterprise.com/docs", "primaryCategory": "Open Banking", "secondaryCategories": "Accounts, Banking, Financial, Payments, Transactions", "provider": "Moneyhub Financial Technology", "SSL_Support": "Yes", "authentication_Model": "HTTP Basic Auth, OAuth 2, Other/Custom", "version": "2.0", "versionStatus": "Recommended (active, supported)", "type": "Web/Internet", "architecturalStyle": "REST", "supportedRequestFormats": "JSON, URI Query String/CRUD", "supportedResponseFormats": "JSON", "restrictedAccess": "No"}