{"url": "https://www.programmableweb.com/api/pdfco-pdf-translator-web-rest-api-v1", "name": "PDF.co PDF Translator Web REST API v1", "description": " The PDF.co PDF Translator Web API can translate to and from multiple languages. Developers can use an API Key to authenticate, send GET requests, and receive JSON responses in return.", "endpoint": "N/A", "homePage": "https://pdf.co/pdf-translator-api", "primaryCategory": "PDF", "secondaryCategories": "API, Documents, Translation", "provider": "PDF.co", "SSL_Support": "Yes", "authentication_Model": "API Key", "version": "1", "versionStatus": "Recommended (active, supported)", "type": "Web/Internet", "architecturalStyle": "REST", "supportedRequestFormats": "JSON, URI Query String/CRUD", "supportedResponseFormats": "JSON", "restrictedAccess": "No"}