{"url": "https://www.programmableweb.com/api/cherre-coreconnect-graphql-api-v10", "name": "Cherre CoreConnect GraphQL API v1.0", "description": " Cherre CoreConnect is a GraphQL interface designed for real estate applications. The API enables developers to identify, map and index any real estate data using Cherre's machine learning platform. Cherre CoreConnect supports spatial data classification and identification, tagging, and cardinal object mapping. Cherre allows developers to instantly connect and analyze real estate data.", "endpoint": "https://graphql.cherre.com", "homePage": "https://cherre.com/connect/", "primaryCategory": "Real Estate", "secondaryCategories": "Big Data", "provider": "Cherre", "SSL_Support": "Yes", "authentication_Model": "Token", "version": "1.0", "versionStatus": "Recommended (active, supported)", "type": "Web/Internet", "architecturalStyle": "RPC", "supportedRequestFormats": "GraphQL, JSON", "supportedResponseFormats": "JSON", "restrictedAccess": "Yes"}