{"url": "https://www.programmableweb.com/api/bank-ireland-authorization-rest-api-v30", "name": "Bank of Ireland Authorization REST API v3.0", "description": " This API provides access and authorization for Bank of Ireland APIs. Bank of Ireland has adopted the Open Banking Implementation Entity (OBIE) standard for compliance with PSD2/CMA regulation. The Bank of Ireland API Platform is designed to provide a ready to use, complete infrastructure for open banking APIs.", "endpoint": "https://auth.obapi.bankofireland.com", "homePage": "https://eu1.anypoint.mulesoft.com/exchange/portals/bankofireland", "primaryCategory": "Banking", "secondaryCategories": "Authentication, Authorization, Open Data, Standards", "provider": "Bank of Ireland", "SSL_Support": "Yes", "authentication_Model": "Token", "version": "3.0", "versionStatus": "Recommended (active, supported)", "type": "of License if Non Proprietary Open Banking Implementation Entity (OBIE)", "architecturalStyle": "REST", "supportedRequestFormats": "JSON, URI Query String/CRUD", "supportedResponseFormats": "JSON", "restrictedAccess": "No"}