{"url": "https://www.programmableweb.com/api/apollorion-terraform-version-rest-api-v1", "name": "Apollorion Terraform Version REST API v1", "description": " The Apollorion Terraform Version API enables users to get specific versions of the Terraform.io infrastructure tool, all versions of Terraform, or the latest version of Terraform. Terraform is a tool for building, changing, and versioning infrastructure safely and efficiently. The API is separated by architecture in an easy to use REST format. This API is not provided by Terraform, but by Apollorion, a separate organization.", "endpoint": "https://terraform.apollorion.com/", "homePage": "https://terraform.apollorion.com/", "primaryCategory": "Developers", "secondaryCategories": "Infrastructure-as-a-Service", "provider": "Apollorion", "SSL_Support": "Yes", "authentication_Model": "N/A", "version": "1", "versionStatus": "Recommended (active, supported)", "type": "of License if Non Proprietary MIT", "architecturalStyle": "REST", "supportedRequestFormats": "URI Query String/CRUD", "supportedResponseFormats": "JSON", "restrictedAccess": "No"}