{"url": "https://www.programmableweb.com/api/huffington-post-pollster-rest-api-v2", "name": "Huffington Post Pollster REST API v2", "description": " The Huffington Post is a news website and blog featuring content covering many areas including politics. The Pollster API from the Huffington Post gives users access to results from opinion polls going back to 2004 as well as current opinion on a range of tops and candidates. Data that can be accessed by users is categorized into charts, single chart and polls. The API uses RESTful calls and responses are formatted in XML and JSON.", "endpoint": "N/A", "homePage": "https://elections.huffingtonpost.com/pollster/api/v2", "primaryCategory": "News Services", "secondaryCategories": "Government, Polls", "provider": "Huffington Post", "SSL_Support": "No", "authentication_Model": "N/A", "version": "2", "versionStatus": "Recommended (active, supported)", "type": "of License if Non Proprietary Creative Commons Attribution-ShareAlike 3.0 International License", "architecturalStyle": "REST", "supportedRequestFormats": "URI Query String/CRUD", "supportedResponseFormats": "JSON, XML", "restrictedAccess": "No"}