{"url": "https://www.programmableweb.com/api/acme-animated-qr-code-generator-rest-api-v06", "name": "ACME Animated QR Code Generator REST API v0.6", "description": " The ACME Animated QR Code Generator API hosts a RESTful Web Service for creating animated codes including QR codes in real time. Animation creation requests and animation updates are communicated in JSON, while animations are delivered in mp4, gif, or png and zip for individual frames. Animated QR codes provide 'call to action' scan targets for users and can be embedded with a company's branding, logo, or campaign. Clients requiring large volume animated QR codes and/or automated code creation can use the API directly. Individual making retail purchases can use ACME's online interactive 'Coderunner' QR code generator.", "endpoint": "https://api.acme.codes", "homePage": "https://api.acme.codes", "primaryCategory": "Barcodes", "secondaryCategories": "Animation, Barcodes, OCR, Payments, QR Codes, Security, Tickets, Webhooks", "provider": "Animated Codes Made Easy", "SSL_Support": "Yes", "authentication_Model": "API Key", "version": "0.6", "versionStatus": "Recommended (active, supported)", "type": "Web/Internet", "architecturalStyle": "REST", "supportedRequestFormats": "Binary, JSON", "supportedResponseFormats": "Binary, HTML, JSON", "restrictedAccess": "No"}