{"url": "https://www.programmableweb.com/api/bitlaunch-rest-api-v1", "name": "BitLaunch REST API v1", "description": " The BitLaunch API enables users to integrate with a system that offers cloud servers paid for by cryptocurrency. The API provides access to details about a transaction, data revolving around a server, the ability to list all SSH keys for an account and more. This API requires that you generate an access Token to authenticate services. BitLaunch.io provides anonymous VPS services and accepts cryptocurrency as payment, from hosts that includes; DigitalOcean, Vultr and Linode.", "endpoint": "https://app.bitlaunch.io/api", "homePage": "https://developers.bitlaunch.io/reference#getting-started-with-your-api", "primaryCategory": "Bitcoin", "secondaryCategories": "Cloud, Cryptocurrency, Hosting, Payments", "provider": "BitLaunch", "SSL_Support": "Yes", "authentication_Model": "Token", "version": "1", "versionStatus": "Recommended (active, supported)", "type": "Web/Internet", "architecturalStyle": "REST", "supportedRequestFormats": "JSON, URI Query String/CRUD", "supportedResponseFormats": "JSON", "restrictedAccess": "No"}