{"url": "https://www.programmableweb.com/api/dench-city-bodybuilding-news-rest-api-v200", "name": "Dench City Bodybuilding News REST API v2.0.0", "description": " Dench City's Bodybuilding News API offers data from the best bodybuilding and strength news sources in the industry. This is the same API used on denchcity.com, gives an example of what you can build with this API.", "endpoint": "https://dench-city-bodybuilding-news.p.rapidapi.com", "homePage": "https://denchcity.com", "primaryCategory": "Fitness", "secondaryCategories": "Health, News Services, Sports", "provider": "Dench City", "SSL_Support": "Yes", "authentication_Model": "Other/Custom", "version": "2.0.0", "versionStatus": "Recommended (active, supported)", "type": "Web/Internet", "architecturalStyle": "REST", "supportedRequestFormats": "JSON", "supportedResponseFormats": "JSON", "restrictedAccess": "No"}