{"url": "https://www.programmableweb.com/api/mux-video-rest-api-v10", "name": "MUX Video REST API v1.0", "description": " The MUX Video API enables you to summarize your video platform's performance, from day to day and week to week. Track video playback down to the individual view level, Evaluate technology using real data by learning which browsers, devices, regions, CDNs, players, ads and videos are creating the most problems for your viewers. MUX provides a way to monitor your video streaming performance with just a few lines of code.", "endpoint": "http://api.mux.com/video/v1/", "homePage": "https://mux.com/video", "primaryCategory": "Video", "secondaryCategories": "Encoding", "provider": "Mux", "SSL_Support": "Yes", "authentication_Model": "API Key", "version": "1.0", "versionStatus": "Recommended (active, supported)", "type": "Web/Internet", "architecturalStyle": "REST", "supportedRequestFormats": "JSON, URI Query String/CRUD", "supportedResponseFormats": "JSON", "restrictedAccess": "No"}