{"url": "https://www.programmableweb.com/api/ynab-rest-api-v10", "name": "YNAB REST API v1.0", "description": " The YNAB API is a REST based design service with a JSON data format that allows you to interact with your YNAB budget data. Various use cases may include; email a summary of category balances, send a text message to manage spending, place a transaction and specify a payee, use devices to get notices for category balances, design creative alerts and more. You Need A Budget provides services that inspire you to get out of debt and save money.", "endpoint": "https://api.youneedabudget.com/v1", "homePage": "https://api.youneedabudget.com/", "primaryCategory": "Budget", "secondaryCategories": "Financial", "provider": "You Need A Budget", "SSL_Support": "Yes", "authentication_Model": "OAuth 2, Token", "version": "1.0", "versionStatus": "Recommended (active, supported)", "type": "Web/Internet", "architecturalStyle": "REST", "supportedRequestFormats": "JSON, URI Query String/CRUD", "supportedResponseFormats": "JSON", "restrictedAccess": "No"}