{"url": "https://www.programmableweb.com/api/kaseya-bms-rest-api-v2", "name": "Kaseya BMS REST API v2", "description": " Kaseya provides IT management software. Kaseya BMS software offers service desk, project management, Customer Relationship Management (CRM), billing, finance, Business Intelligence (BI) and reporting functions. The Kaseya BMS API enables developers to programmatically access the platform, with methods to manage accounts, contacts, products, projects, tasks, security, hardware assets, service desk tickets, templates, attachments, users, views, and much more.", "endpoint": "https://api.bms.kaseya.com/", "homePage": "https://helpdesk.kaseya.com/hc/en-gb/sections/360004987177-API", "primaryCategory": "Business", "secondaryCategories": "Customer Relationship Management, Customer Service, Management, Reporting", "provider": "Kaseya", "SSL_Support": "Yes", "authentication_Model": "Unspecified", "version": "2", "versionStatus": "Recommended (active, supported)", "type": "Product", "architecturalStyle": "REST", "supportedRequestFormats": "JSON, URI Query String/CRUD", "supportedResponseFormats": "JSON", "restrictedAccess": "No"}