{"url": "https://www.programmableweb.com/api/e-days-rest-api-v20", "name": "e-days REST API v2.0", "description": " The e-days API enables developers to access information associated with users, groups, entitlements, and absences. The API features REST architecture, and OAuth 2.0 authentication. e-days is an absence management platform for business. This platform features staff holiday planner, absence reporting, sickness tracking, and paid time off tracking.", "endpoint": "https://YOUR-SYSTEM.e-days.co.uk/api/v2/", "homePage": "https://developer.e-days.co.uk/", "primaryCategory": "Human Resources", "secondaryCategories": "Business, Time Tracking", "provider": "e-days", "SSL_Support": "Yes", "authentication_Model": "OAuth 2", "version": "2.0", "versionStatus": "Recommended (active, supported)", "type": "Web/Internet", "architecturalStyle": "REST", "supportedRequestFormats": "JSON, URI Query String/CRUD", "supportedResponseFormats": "JSON", "restrictedAccess": "Yes"}