{"url": "https://www.programmableweb.com/api/atlan-grid-rest-api-v1", "name": "Atlan Grid REST API v1", "description": " Atlan offers DataOps and data discovery services for teams. Atlan Grid data API offers alternative data from 600 sources & partners about customers from their home or work location, including affluence, income, age, gender, demographics, movement patterns and lifestyle profiles.", "endpoint": "N/A", "homePage": "https://atlan.com/grid/api/", "primaryCategory": "Data", "secondaryCategories": "Collaboration, Contacts, Demographics, Search", "provider": "Atlan", "SSL_Support": "Yes", "authentication_Model": "API Key", "version": "1", "versionStatus": "Recommended (active, supported)", "type": "Product", "architecturalStyle": "REST", "supportedRequestFormats": "JSON, URI Query String/CRUD", "supportedResponseFormats": "JSON", "restrictedAccess": "No"}