{"url": "https://www.programmableweb.com/api/dapi-rest-api-v11", "name": "Dapi REST API v1.1", "description": " Dapi is a unified open banking API that allows developers to retrieve data on users' financial information and make payments within applications. Methods are available to obtain financial data about user identity, accounts, account balance, account transactions, and account metadata. Also to perform financial operations such as payments, on a users' behalf. Developers must register and conduct application creation in the Dapi dashboard.", "endpoint": "N/A", "homePage": "https://dapius.readme.io/docs/welcome", "primaryCategory": "Open Banking", "secondaryCategories": "Banking, Payments", "provider": "Dapi", "SSL_Support": "Yes", "authentication_Model": "API Key", "version": "1.1", "versionStatus": "Recommended (active, supported)", "type": "Web/Internet", "architecturalStyle": "REST", "supportedRequestFormats": "JSON, URI Query String/CRUD", "supportedResponseFormats": "JSON", "restrictedAccess": "No"}