{"url": "https://www.programmableweb.com/api/subdomain-scan-rest-api-v11", "name": "Subdomain Scan REST API v1.1", "description": " Enter a domain and we'll check for hundreds of commons subdomain permutations and return metadata including IP address and status codes in JSON. Use Case: Inventory Network Assets Useful for: IT / Digital Transformation / Security Engineers", "endpoint": "https://rapidapi.com/hailbytes-hailbytes-default/api/subdomain-scan/", "homePage": "https://rapidapi.com/hailbytes-hailbytes-default/api/subdomain-scan/", "primaryCategory": "Tools", "secondaryCategories": "Domains, Security", "provider": "Hailbytes", "SSL_Support": "Yes", "authentication_Model": "API Key", "version": "1.1", "versionStatus": "Recommended (active, supported)", "type": "Web/Internet", "architecturalStyle": "REST", "supportedRequestFormats": "JSON, URI Query String/CRUD", "supportedResponseFormats": "JSON", "restrictedAccess": "No"}