{"url": "https://www.programmableweb.com/api/bpay-au-retrieve-bpay-biller-details-rest-api-v10", "name": "BPAY AU Retrieve BPAY Biller Details REST API v1.0", "description": " BPAY offers Australians fast, secure and trusted bill payments. We make it easy to pay bills of over 45,000 businesses anytime directly through the internet, mobile or phone banking of over 150 Financial Institutions in Australia. This API service provides you and your customers the ability to validate biller codes included in BPAY Payments before the payments are submitted to the bank for processing. This API service retrieves BPAY Billers Short Name, BPAY Biller Long Name, Industry (ANZSIC) Code, Variable Customer Reference Number Indicator, Valid Length(s) of Customer Reference Number and Accepted Payment Methods for a supplied Biller Code. Terms and Conditions apply. We may request further information in connection with your application. You may be required to complete API Certification before we provide you access to the Production APIs.", "endpoint": "https://sandbox.api.bpaygroup.com.au/payments/v1", "homePage": "https://developer.bpaygroup.com.au/retrieve-bpay-biller-details", "primaryCategory": "Billing", "secondaryCategories": "Payments", "provider": "BPAY", "SSL_Support": "Yes", "authentication_Model": "OAuth 2, Token", "version": "1.0", "versionStatus": "Recommended (active, supported)", "type": "Web/Internet", "architecturalStyle": "REST", "supportedRequestFormats": "JSON, URI Query String/CRUD", "supportedResponseFormats": "JSON", "restrictedAccess": "No"}