{"url": "https://www.programmableweb.com/api/digifi-rest-api-v10", "name": "DigiFi REST API v1.0", "description": " The DigiFi API enables programmatic access to automate loans for the consumer, mortgage, small business, and commercial lending industries. API methods are available for managing loans, intermediaries, people, companies, underwriting, and creating and managing machine learning lending models. Developers can use an API Key to authenticate. JSON formats are supported. DigiFi is a digital lending system.", "endpoint": "https://cloud.digifi.io/api/", "homePage": "https://docs.digifi.io/reference", "primaryCategory": "Financial", "secondaryCategories": "Automation", "provider": "DigiFi", "SSL_Support": "Yes", "authentication_Model": "API Key", "version": "1.0", "versionStatus": "Recommended (active, supported)", "type": "Web/Internet", "architecturalStyle": "REST", "supportedRequestFormats": "URI Query String/CRUD", "supportedResponseFormats": "JSON", "restrictedAccess": "No"}