{"url": "https://www.programmableweb.com/api/novopayment-money-transfers-rest-api-v10", "name": "Novopayment Money Transfers REST API v1.0", "description": " The Novopayment Money Transfers API allows users with the authorized credentials to send money to third party accounts. The Money Transfer Tools service enables you to send money between different parties like individuals, businesses, merchants and agents. The money transfer APIs provides cash transfers between different payment ecosystem participants that includes; card/account holders businesses, merchants and corresponding agents. NovoPayment offers bank-grade integration, middleware services, and a multi-country, multi-currency platform that is able to address a full range of back-office and front-end payment needs. This includes access to local and global acquiring, ATM, reload, remittance, and mobile networks and more. NovoPayment enables digital financial and transactional services, and provides a way for banks, financial institutions, and others to leverage their existing systems and services to generate new deposits and transaction streams.", "endpoint": "http://sandbox.novopayment.com/money_transfer/1.0/", "homePage": "https://developer.novopayment.com/solutions/money-transfers", "primaryCategory": "Payments", "secondaryCategories": "Accounts, Business, Financial, Merchants, Transactions", "provider": "NovoPayment", "SSL_Support": "No", "authentication_Model": "Token", "version": "1.0", "versionStatus": "Recommended (active, supported)", "type": "Web/Internet", "architecturalStyle": "REST", "supportedRequestFormats": "JSON, URI Query String/CRUD, XML", "supportedResponseFormats": "JSON, XML", "restrictedAccess": "No"}