{"url": "https://www.programmableweb.com/api/covid-tracking-project-graphql-api-v10", "name": "COVID Tracking Project GraphQL API v1.0", "description": " The COVID Tracking Project GraphQL API enables developers to access data mutations about the Coronavirus disease with date time values in ET. The API returns current state, county, press related, and daily information in the United States. Responses can be JSON or CSV formatted.", "endpoint": "https://covidtracking.com/api/graphql", "homePage": "https://covidtracking.com/api/", "primaryCategory": "Coronavirus", "secondaryCategories": "COVID-19, Data, Health, Monitoring", "provider": "Health Promotion Bureau - Sri Lanka, The COVID Tracking Project", "SSL_Support": "No", "authentication_Model": "Unspecified", "version": "1.0", "versionStatus": "Recommended (active, supported)", "type": "Web/Internet", "architecturalStyle": "RPC", "supportedRequestFormats": "GraphQL, JSON", "supportedResponseFormats": "CSV, JSON", "restrictedAccess": "No"}