{"url": "https://www.programmableweb.com/api/ripple-data-rest-api-v20", "name": "Ripple Data REST API v2.0", "description": " Ripple was created to provide a free, open-source, payment service that exist without a central authority. It is open-source, almost free to use, an can pay out in an currency. The Ripple API allows users to integrate the Ripple payment system and platform into third-party projects.", "endpoint": "https://data.ripple.com/v2/", "homePage": "https://developers.ripple.com/data-api.html", "primaryCategory": "Blockchain", "secondaryCategories": "Cryptocurrency", "provider": "Ripple", "SSL_Support": "Yes", "authentication_Model": "N/A", "version": "2.0", "versionStatus": "Recommended (active, supported)", "type": "Web/Internet", "architecturalStyle": "REST", "supportedRequestFormats": "JSON, URI Query String/CRUD", "supportedResponseFormats": "JSON", "restrictedAccess": "No"}