{"url": "https://www.programmableweb.com/api/paypal-identity-rest-api-v10", "name": "PayPal Identity REST API v1.0", "description": " This PayPal Identity API provides allows users to sign into a website using PayPal login credentials. This service enables PayPal credential login, or linking a PayPal account to your website or app to share basic information. PayPal offers ecommerce and online payment solutions for millions of customers globally.", "endpoint": "https://api.sandbox.paypal.com/v1/identity", "homePage": "https://developer.paypal.com/docs/api/identity/v1", "primaryCategory": "Payments", "secondaryCategories": "Authentication, Authorization, eCommerce, Identity", "provider": "Paypal", "SSL_Support": "Yes", "authentication_Model": "Token", "version": "1.0", "versionStatus": "Recommended (active, supported)", "type": "Web/Internet", "architecturalStyle": "REST", "supportedRequestFormats": "JSON, URI Query String/CRUD", "supportedResponseFormats": "JSON", "restrictedAccess": "No"}