{"url": "https://www.programmableweb.com/api/meteosource-rest-api-v1", "name": "Meteosource REST API v1", "description": " Meteosource API provides AI-driven weather forecasts and data. The API provides weather and forecast for single location, search and retrieve by location, search and retrieve by nearest location, PNG weather forecast maps for given area and variable, and weather data for a single location and day in the past, and more. From the provider: \"Accurate hyper-local weather forecasts, powered by a cutting-edge machine learning models. Historical weather, current weather and weather maps. All the parameters you might need and a free developer plan.\"", "endpoint": "https://www.meteosource.com/api/v1/", "homePage": "https://www.meteosource.com/", "primaryCategory": "Weather", "secondaryCategories": "Artificial Intelligence", "provider": "Meteosource", "SSL_Support": "Yes", "authentication_Model": "API Key", "version": "1", "versionStatus": "Recommended (active, supported)", "type": "Web/Internet", "architecturalStyle": "REST", "supportedRequestFormats": "JSON, URI Query String/CRUD", "supportedResponseFormats": "JSON", "restrictedAccess": "No"}