{"url": "https://www.programmableweb.com/api/fitnesssyncer-rest-api-v10", "name": "FitnessSyncer REST API v1.0", "description": " FitnessSyncer API is a health and fitness data aggregation service which seamlessly integrations with over 50 apps, wearables, and services and this API grants you access to this information.", "endpoint": "https://api.fitnesssyncer.com", "homePage": "https://www.fitnesssyncer.com/api/documentation.html", "primaryCategory": "Health", "secondaryCategories": "Dieting, Fitness, Health", "provider": "FitnessSyncer", "SSL_Support": "Yes", "authentication_Model": "OAuth 2", "version": "1.0", "versionStatus": "Recommended (active, supported)", "type": "Web/Internet", "architecturalStyle": "REST", "supportedRequestFormats": "JSON, URI Query String/CRUD", "supportedResponseFormats": "JSON, Files: FIT, GPX, TCX, PWX, etc.", "restrictedAccess": "No"}