{"url": "https://www.programmableweb.com/api/my-simple-contract-rest-api-v1", "name": "My Simple Contract REST API v1", "description": " The My Simple Contract API returns contracts and electronic signature data in JSON format. With the API, developers can implement contracts, custom fields, groups, partners, and templates into applications. My Simple Contract offers information in French language and API documentation in English language.", "endpoint": "http://mysimplecontract.test/api/group/1/contract\"", "homePage": "https://mysimplecontract.com/api-doc/?bash#my-simple-contract-api", "primaryCategory": "Contracts", "secondaryCategories": "Electronic Signature, French", "provider": "Algoart", "SSL_Support": "Yes", "authentication_Model": "Token", "version": "1", "versionStatus": "Recommended (active, supported)", "type": "Web/Internet", "architecturalStyle": "REST", "supportedRequestFormats": "JSON, URI Query String/CRUD", "supportedResponseFormats": "JSON", "restrictedAccess": "No"}