{"url": "https://www.programmableweb.com/api/gitlab-system-hooks-pushstreaming-api-v40", "name": "GitLab System Hooks Streaming API v4.0", "description": " The GitLab System Hooks API allows clients to configure hooks that follow the same structure from the Webhooks API for Push and Tag events that never display commits. It provides a way to perform HTTP POST requests for; project_create, user_add_to_team, key_create events and more. The GitLab open source platform is a DevOps lifecycle application, to collaborate on code and coding projects.", "endpoint": "N/A", "homePage": "https://docs.gitlab.com/ee/api/system_hooks.html", "primaryCategory": "DevOps", "secondaryCategories": "Collaboration, Developers, Notifications, Open Source", "provider": "GitLab", "SSL_Support": "Yes", "authentication_Model": "OAuth 2, Token", "version": "4.0", "versionStatus": "Recommended (active, supported)", "type": "Web/Internet", "architecturalStyle": "Streaming", "supportedRequestFormats": "Webhooks", "supportedResponseFormats": "JSON, URI Query String/CRUD", "restrictedAccess": "No"}