{"url": "https://www.programmableweb.com/api/mailchimp-rest-api-v30", "name": "MailChimp REST API v3.0", "description": " The Mailchimp API syncs campaign stats and subscribers information between MailChimp and a database. It helps to download a list of unsubscribes to clean inhouse lists, build client portals, and pull campaign stats from MailChimp. Available in REST architecture with JSON and XML formats, in addition to Serialized PHP and XML-RPC.", "endpoint": "http://api.mailchimp.com/", "homePage": "http://apidocs.mailchimp.com/", "primaryCategory": "Email", "secondaryCategories": "Business, Marketing, Webhooks", "provider": "MailChimp", "SSL_Support": "Yes", "authentication_Model": "N/A", "version": "3.0", "versionStatus": "Recommended (active, supported)", "type": "Web/Internet", "architecturalStyle": "REST", "supportedRequestFormats": "URI Query String/CRUD, Serialized PHP, XML-RPC", "supportedResponseFormats": "JSON, XML", "restrictedAccess": "No"}