{"url": "https://www.programmableweb.com/api/unofficial-kinopoisk-rest-api-v21", "name": "Unofficial Kinopoisk REST API v2.1", "description": " Unofficial Kinopoisk API provides information about movies/staff/tv show and other data from https://www.kinopoisk.ru, a Russian online database of information related to films. This API is not officially associated with Kinopoisk.", "endpoint": "https://kinopoiskapiunofficial.tech/api", "homePage": "https://kinopoiskapiunofficial.tech/", "primaryCategory": "Movies", "secondaryCategories": "Celebrities, Entertainment, Russian, Video", "provider": "Independent Developer", "SSL_Support": "Yes", "authentication_Model": "API Key", "version": "2.1", "versionStatus": "Active (supported, scheduled for retirement)", "type": "Web/Internet", "architecturalStyle": "REST", "supportedRequestFormats": "JSON", "supportedResponseFormats": "JSON", "restrictedAccess": "No"}