{"url": "https://www.programmableweb.com/api/tsapi-rest-api-v10", "name": "TSAPI REST API v1.0", "description": " TSAPI is an industry standard for Transferring Survey data, via rest API. This service provides a way to; return a list of available surveys, fetch metadata for a specific survey and fetch interview records for a specific survey. Bayes Price provides this API and offers data connection, analysis, visualisation and insights to the Market Research and Business Intelligence communities.", "endpoint": "http://api.tsapi.net", "homePage": "http://api.tsapi.net/swagger/index.html", "primaryCategory": "Surveys", "secondaryCategories": "Data, Metadata, Standards", "provider": "Bayes Price", "SSL_Support": "Yes", "authentication_Model": "Unspecified", "version": "1.0", "versionStatus": "Recommended (active, supported)", "type": "Standard", "architecturalStyle": "REST", "supportedRequestFormats": "URI Query String/CRUD", "supportedResponseFormats": "JSON, Text", "restrictedAccess": "No"}