{"url": "https://www.programmableweb.com/api/suunto-daily-activity-rest-api-v10", "name": "Suunto Daily Activity REST API v1.0", "description": " The Suunto Daily Activity API provides developers with daily steps and energy consumption data based on values from Suunto watches. Data is stored and fetched using UTC time. The documentation includes code samples in common programming languages. Suunto sells custom sports watches for tracking personal data. Suunto APIs are only available to companies and organizations and are not for personal use.", "endpoint": "https://cloudapi.suunto.com/247/daily-activity-statistics", "homePage": "https://apizone.suunto.com/docs/services/activity-and-sleep-data-api/operations/\u2026", "primaryCategory": "Fitness", "secondaryCategories": "Personal Information Management, Sports", "provider": "Suunto", "SSL_Support": "Yes", "authentication_Model": "API Key, Token", "version": "1.0", "versionStatus": "Recommended (active, supported)", "type": "Web/Internet", "architecturalStyle": "REST", "supportedRequestFormats": "URI Query String/CRUD", "supportedResponseFormats": "JSON, XML", "restrictedAccess": "Yes"}