{"url": "https://www.programmableweb.com/api/wonde-school-data-sync-rest-api-v10", "name": "Wonde School Data Sync REST API v1.0", "description": " The Wonde School Data Sync API sends JSON POST requests to access classroom data including achievement, assessments, attendance, behaviors, classes, contacts, doctors, employees, medical conditions, periods, photos, rooms, and students. Wonde manages the applications of a school in one platform. Wonde is a log in platform for educational applications.", "endpoint": "https://api.wonde.com/v1.0", "homePage": "https://docs.wonde.com/docs/api/1.0", "primaryCategory": "Education", "secondaryCategories": "Applications, Authentication, Verification", "provider": "Wonde", "SSL_Support": "Yes", "authentication_Model": "HTTP Basic Auth, Token", "version": "1.0", "versionStatus": "Recommended (active, supported)", "type": "Web/Internet", "architecturalStyle": "REST", "supportedRequestFormats": "JSON, URI Query String/CRUD", "supportedResponseFormats": "JSON", "restrictedAccess": "No"}