{"url": "https://www.programmableweb.com/api/inloco-rest-api-v10", "name": "Inloco Indirect API v1.0", "description": " Inloco is a technology firm that provides location-based insights for brands and businesses. Inloco allows businesses to understand customer preferences and drive store visits while prioritizing user privacy. This platform integrates fraud prevention and performance analytics with fintech applications. Access this API via SDKs.", "endpoint": "https://www.inloco.com.br/pt/", "homePage": "https://docs.inloco.ai/docs", "primaryCategory": "Location", "secondaryCategories": "Business, Intelligence", "provider": "Inloco", "SSL_Support": "Yes", "authentication_Model": "Token", "version": "1.0", "versionStatus": "Recommended (active, supported)", "type": "Web/Internet", "architecturalStyle": "Indirect", "supportedRequestFormats": "Unspecified", "supportedResponseFormats": "Unspecified", "restrictedAccess": "Yes"}