{"url": "https://www.programmableweb.com/api/hubspot-tickets-rest-api-v10", "name": "HubSpot Tickets REST API v1.0", "description": " The HubSpot Tickets API allows you to access services that represents a customer request for help, support, service, response, and more. It is an object in HubSpot CRM along with contacts, companies and deals. Tickets CRM objects support custom properties and are managed through the CRM Object Properties API. Tickets can be associated with contacts, companies, or engagements that are managed through the CRM Associations API. This API is part of the HubSpot developer preview program that is considered unstable and subject to bugs or changes while under development. HubSpot provides products for marketing, sales and CRM. It is inbound marketing and sales software to attract visitors, convert leads, and close sales.", "endpoint": "https://api.hubapi.com/crm-objects/v1/objects/tickets", "homePage": "https://developers.hubspot.com/docs/methods/tickets/tickets-overview", "primaryCategory": "Merchants", "secondaryCategories": "Contacts, Customer Relationship Management, eCommerce, Sales, Tickets", "provider": "HubSpot", "SSL_Support": "Yes", "authentication_Model": "API Key, OAuth 2, Token", "version": "1.0", "versionStatus": "Recommended (active, supported)", "type": "Web/Internet", "architecturalStyle": "REST", "supportedRequestFormats": "JSON, URI Query String/CRUD", "supportedResponseFormats": "JSON", "restrictedAccess": "No"}