{"url": "https://www.programmableweb.com/api/nusii-rest-api-v2", "name": "Nusii REST API v2", "description": " Nusii API enables developers to create, manage and send beautiful proposals. Nusii API is a JSON API and has a REST architecture. Authentication is with an API token. Nusii is proposal software for creatives.", "endpoint": "https://app.nusii.com/api/v2/", "homePage": "https://developer.nusii.com", "primaryCategory": "Documents", "secondaryCategories": "Presentations, Sales", "provider": "Nusii Proposal", "SSL_Support": "Yes", "authentication_Model": "Token", "version": "2", "versionStatus": "Active (supported, scheduled for retirement)", "type": "Web/Internet", "architecturalStyle": "REST", "supportedRequestFormats": "JSON, JSON API, URI Query String/CRUD", "supportedResponseFormats": "JSON, JSON API", "restrictedAccess": "No"}