{"url": "https://www.programmableweb.com/api/farmonaut-satellite-weather-data-rest-api-v10", "name": "Farmonaut Satellite + Weather Data REST API v1.0", "description": " Developing your own custom agricultural remote sensing solutions is super easy with Farmonaut\u00ae API. Simply make a few API requests and our systems will automatically generate all the satellite data (NDVI, NDWI, EVI, VARI, SOC, TCI, ETCI, NDMI, Evapotranspiration, DEM, RADAR and HYBRID) as well as the weather data for all the fields submitted by your organization. Farmonaut provides satellite based crop health monitoring and other satellite data services for farming.", "endpoint": "N/A", "homePage": "https://farmonaut.com/farmonaut-satellite-weather-api-developer-docs/", "primaryCategory": "Agriculture", "secondaryCategories": "Satellites", "provider": "Farmonaut", "SSL_Support": "Yes", "authentication_Model": "API Key", "version": "1.0", "versionStatus": "Active (supported, scheduled for retirement)", "type": "Product", "architecturalStyle": "REST", "supportedRequestFormats": "JSON, URI Query String/CRUD", "supportedResponseFormats": "JSON", "restrictedAccess": "Yes"}