{"url": "https://www.programmableweb.com/api/ambari-rest-api-v1", "name": "Ambari REST API v1", "description": " The Ambari API is a user-friendly Hadoop management portal that can be integrated with developers\u2019 own applications. It is used to provide, manage, and monitor Apache Hadoop clusters after the installation of the clusters. When using the Apache Ambari platform, provisioning involves the installation and configuration of Hadoop services, while management involves the manipulation of the Hadoop services across a cluster. As for monitoring, system administrators can use the platform\u2019s dashboard to track the performance of clusters in addition to gathering metrics and setting system alerts.", "endpoint": "http://your.ambari.server/api/v1/", "homePage": "http://ambari.apache.org/", "primaryCategory": "Analytics", "secondaryCategories": "Big Data, Data, Management, Monitoring, Statistics", "provider": "Apache Software Foundation", "SSL_Support": "No", "authentication_Model": "HTTP Basic Auth", "version": "1", "versionStatus": "Recommended (active, supported)", "type": "of License if Non Proprietary Apache 2.0", "architecturalStyle": "REST", "supportedRequestFormats": "JSON, URI Query String/CRUD", "supportedResponseFormats": "JSON", "restrictedAccess": "No"}