{"url": "https://www.programmableweb.com/api/open-food-network-rest-api-v01", "name": "Open Food Network REST API v0.1", "description": " The Open Food Network is a software platform for selling produce online. Farmers can use the e-commerce software solution to host their own online shop, monitor sales data, and collaborate with other local farmers to create regional food systems. The Open Food Network API enables programmatic access for integration, with methods for managing products, product variants, images, orders, shipments, enterprises, taxonomies, users, cookies consent and more.", "endpoint": "https://staging.katuma.org/api", "homePage": "https://www.openfoodnetwork.org/software-platform/", "primaryCategory": "Food", "secondaryCategories": "Agriculture, eCommerce, Open Source", "provider": "Open Food Network", "SSL_Support": "Yes", "authentication_Model": "API Key", "version": "0.1", "versionStatus": "Recommended (active, supported)", "type": "of License if Non Proprietary AGPL licence", "architecturalStyle": "REST", "supportedRequestFormats": "JSON, URI Query String/CRUD", "supportedResponseFormats": "JSON", "restrictedAccess": "No"}