{"url": "https://www.programmableweb.com/api/billby-rest-api-v2", "name": "Billby REST API v2", "description": " Billby API enables developers to integrate applications with subscription or recurring billing features. API methods are available to manage accounts, activities, billing cycles, countries, coupons, currencies, payment methods, subscriptions, taxes, transactions and more.", "endpoint": "https://api.billby.com/v2/", "homePage": "https://developer.billby.com/", "primaryCategory": "Subscriptions", "secondaryCategories": "Billing", "provider": "Billby", "SSL_Support": "Yes", "authentication_Model": "API Key, HTTP Basic Auth", "version": "2", "versionStatus": "Recommended (active, supported)", "type": "Web/Internet", "architecturalStyle": "REST", "supportedRequestFormats": "JSON, URI Query String/CRUD", "supportedResponseFormats": "JSON", "restrictedAccess": "No"}