{"url": "https://www.programmableweb.com/api/ginger-grammar-rest-api-v1", "name": "Ginger Grammar REST API v1", "description": " Ginger Grammar API enables developers to integrate spelling, grammar, punctuation, vocabulary and style issues services with LMS/CRM/internal systems or other applications. The API offers full document proofreading, mistake explanation, definitions & recommendations.", "endpoint": "https://doc-partner-services.gingersoftware.com/correction/v1/", "homePage": "https://www.gingersoftware.com/content/ginger-api/", "primaryCategory": "Writing", "secondaryCategories": "Documents, Spelling", "provider": "Ginger Software", "SSL_Support": "Yes", "authentication_Model": "API Key", "version": "1", "versionStatus": "Recommended (active, supported)", "type": "Web/Internet", "architecturalStyle": "REST", "supportedRequestFormats": "JSON", "supportedResponseFormats": "JSON", "restrictedAccess": "No"}