{"url": "https://www.programmableweb.com/api/airvisual-rest-api-v2", "name": "Airvisual REST API v2", "description": " The IQAir Airvisual API integrates air quality index and air pollution with a coverage in more than 60 countries, including 11,000 government stations. AirVisual data is returned in a standard and concentration AQI (US or China). Several package options are available based on the number of API calls, that can be performed in JSON format and require Key to authenticate.", "endpoint": "http://api.airvisual.com/v2/", "homePage": "https://www.iqair.com/air-pollution-data-api", "primaryCategory": "Weather", "secondaryCategories": "Cities, Climate, Environment, Health, Sustainability, Weather", "provider": "Airvisual, IQAir", "SSL_Support": "Yes", "authentication_Model": "API Key", "version": "2", "versionStatus": "Recommended (active, supported)", "type": "Web/Internet", "architecturalStyle": "REST", "supportedRequestFormats": "JSON, URI Query String/CRUD", "supportedResponseFormats": "JSON", "restrictedAccess": "No"}