{"url": "https://www.programmableweb.com/api/messente-account-balance-rest-api-v2", "name": "Messente Account Balance REST API v2", "description": " The Messente Account Balance API allows receiving a response with a current account balance. Developers can make HTTP GET/POST requests with username and password as key parameters. A Python sample code is available as a reference to show how to get the balance of an account. The endpoint 2 is the base developers can use, but endpoint 3 is provided as a backup. Messente provides global SMS messaging and PIN authorization services.", "endpoint": "N/A", "homePage": "https://messente.com/documentation", "primaryCategory": "Messaging", "secondaryCategories": "Accounts", "provider": "N/A", "SSL_Support": "Yes", "authentication_Model": "API Key", "version": "2", "versionStatus": "Recommended (active, supported)", "type": "Web/Internet", "architecturalStyle": "REST", "supportedRequestFormats": "URI Query String/CRUD", "supportedResponseFormats": "None Specified", "restrictedAccess": "No"}