{"url": "https://www.programmableweb.com/api/ayrshare-rest-api-v1", "name": "Ayrshare REST API v1", "description": " Ayrshare provides social media sharing services. The Ayrshare API enables developers to schedule posts to Twitter, Facebook, LinkedIn, Instagram, YouTube, Reddit, Google My Business, TikTok and Telegram with auto-hashtag and also retrieve analytics. Also automate comment postingk add RSS feed, retrieve history, retrieve posts, shorten URLs, manage users and more with this API.", "endpoint": "https://app.ayrshare.com/api/", "homePage": "https://docs.ayrshare.com/", "primaryCategory": "Social", "secondaryCategories": "N/A", "provider": "Ayrshare", "SSL_Support": "Yes", "authentication_Model": "API Key", "version": "1", "versionStatus": "Recommended (active, supported)", "type": "Web/Internet", "architecturalStyle": "REST", "supportedRequestFormats": "JSON, URI Query String/CRUD", "supportedResponseFormats": "JSON", "restrictedAccess": "No"}