{"url": "https://www.programmableweb.com/api/url-classification-rest-api-v10", "name": "URL Classification REST API v1.0", "description": " The URL Classification API enables domain categorization capabilities in applications. The API supports 160 categories, 40,000,000 domains are currently in the database, and 10,000 are added every day. The API requires API Keys for authentication. URL Classification can be implemented to build parental control systems, AdTech integrations, ISP content filters, router content filters, and end point protection systems.", "endpoint": "http://thor.url-classification.io/", "homePage": "https://url-classification.io/wiki/index.php/URL_server_protocol", "primaryCategory": "Classification", "secondaryCategories": "Advertising, Domains, Security", "provider": "URL Classification", "SSL_Support": "Yes", "authentication_Model": "API Key", "version": "1.0", "versionStatus": "Recommended (active, supported)", "type": "Web/Internet", "architecturalStyle": "REST", "supportedRequestFormats": "URI Query String/CRUD", "supportedResponseFormats": "HTML, Text", "restrictedAccess": "Yes"}