{"url": "https://www.programmableweb.com/api/signicat-sign-rest-api-v1", "name": "Signicat Sign REST API v1", "description": " Signicat Sign provides electronic signature products for regulated industries. The API enables developers to access short-term documents, and manage signing orders. Signicat features identity verification, electronic signing and archiving, cross-border digital identity, identity assurance, and mobile authentication. Signicat enables businesses to comply with AML, KYC, GDPR, and PSD2 directives.", "endpoint": "https://preprod.signicat.com/sign/", "homePage": "https://developer.signicat.com/apis/sign-api/sign-api-v1/", "primaryCategory": "Electronic Signature", "secondaryCategories": "Identity", "provider": "Signicat", "SSL_Support": "Yes", "authentication_Model": "OAuth 2", "version": "1", "versionStatus": "Recommended (active, supported)", "type": "Web/Internet", "architecturalStyle": "REST", "supportedRequestFormats": "JSON, URI Query String/CRUD", "supportedResponseFormats": "JSON", "restrictedAccess": "Yes"}