{"url": "https://www.programmableweb.com/api/stickeroid-ai-rest-api-v10", "name": "Stickeroid AI REST API v1.0", "description": " Stickeroid AI API uses JSON API when creating an account for development. It is a cloud platform for Stickers based on neural networks that translates text to sticker for most any situation of conversation. The API can replace about 250,000 words into stickers. Developers can use the API to query sticker type, id, full image or thumbnails, size of images, and more. Stickers are like animated emoticons for messaging services. Stickeroid offers a platform via SDK for AR/VR.", "endpoint": "https://stickeroid.com/api", "homePage": "https://stickeroid.com/intro", "primaryCategory": "Artificial Intelligence", "secondaryCategories": "Animation, Images, Messaging, Translation", "provider": "N/A", "SSL_Support": "Yes", "authentication_Model": "API Key", "version": "1.0", "versionStatus": "Recommended (active, supported)", "type": "System/Embedded", "architecturalStyle": "REST", "supportedRequestFormats": "JSON API", "supportedResponseFormats": "JSON API", "restrictedAccess": "No"}