{"url": "https://www.programmableweb.com/api/trackico-rest-api-v1", "name": "TrackICO REST API v1", "description": " The TrackICO API allows developers to get information about the best ICO (Initial Coin Offering) projects listed on the TrackICO platform. The TrackICO platform was established to provide users with reliable information about the best ICO projects and to help those ICOs attract more investors. TrackICO currently lists more than 4,000 ICOs.", "endpoint": "https://api.trackico.io/v1/icos/all/", "homePage": "https://api.trackico.io/v1/", "primaryCategory": "Ratings", "secondaryCategories": "Blockchain, Cryptocurrency, Platform-as-a-Service", "provider": "TrackICO", "SSL_Support": "Yes", "authentication_Model": "API Key", "version": "1", "versionStatus": "Recommended (active, supported)", "type": "of License if Non Proprietary MIT License", "architecturalStyle": "REST", "supportedRequestFormats": "JSON, URI Query String/CRUD", "supportedResponseFormats": "JSON", "restrictedAccess": "No"}