{"url": "https://www.programmableweb.com/api/expedia-partner-solutions-rapid-manage-booking-rest-api-v23", "name": "Expedia Partner Solutions Rapid Manage Booking REST API v2.3", "description": " The Expedia Partner Solutions Rapid Manage Booking API allows developers to manage existing itineraries. This API provides methods for retrieving a booking using its Affiliate Reference ID, canceling a booking, canceling a room, and changing the details of a room. Expedia Partner Solutions (EPS) provides business partners with access to Expedia's travel supply and support services.", "endpoint": "N/A", "homePage": "https://developer.expediapartnersolutions.com/documentation/rapid-manage-booking\u2026", "primaryCategory": "Booking", "secondaryCategories": "Hotels, Reservations", "provider": "Expedia", "SSL_Support": "No", "authentication_Model": "API Key, HTTP Basic Auth, Shared Secret", "version": "2.3", "versionStatus": "Recommended (active, supported)", "type": "Web/Internet", "architecturalStyle": "REST", "supportedRequestFormats": "JSON, URI Query String/CRUD", "supportedResponseFormats": "JSON", "restrictedAccess": "Yes"}