{"url": "https://www.programmableweb.com/api/programmable-locker-streaming-api-v13", "name": "Programmable Locker Streaming API v1.3", "description": " Vending on Track provides vending machine telemetry solutions for the vending industry. The Vending on Track Programmable Locker System API enables functions such as heating, cooling, weight, door state, LED control, power consumption, wireless and more in vending lockers up to up to 16x16 cells (256 individual slots).", "endpoint": "https://api.lockers.vendingontrack.com/v1", "homePage": "https://www.vendingontrack.com/programmable-locker", "primaryCategory": "Logistics", "secondaryCategories": "Manufacturing, Retail", "provider": "Vending on Track", "SSL_Support": "Yes", "authentication_Model": "API Key", "version": "1.3", "versionStatus": "Active (supported, scheduled for retirement)", "type": "Web/Internet", "architecturalStyle": "Streaming", "supportedRequestFormats": "Webhooks", "supportedResponseFormats": "JSON, URI Query String/CRUD", "restrictedAccess": "Yes"}