{"url": "https://www.programmableweb.com/api/aweform-rest-api-v10", "name": "Aweform REST API v1.0", "description": " The Aweform API enables developers to access survey, quiz, and poll form responses which can be added to a CRM or to send customized email to respondents. The API features REST architecture, API Key authentication, and JSON responses. This API provides read-only access to Workspaces, Forms and Responses in Aweform, a platform for surveys, quizzes, and polls.", "endpoint": "https://aweform.com/api/", "homePage": "https://aweform.com/help/api/", "primaryCategory": "Surveys", "secondaryCategories": "Forms, Polls", "provider": "Aweform", "SSL_Support": "Yes", "authentication_Model": "API Key", "version": "1.0", "versionStatus": "Recommended (active, supported)", "type": "Web/Internet", "architecturalStyle": "REST", "supportedRequestFormats": "URI Query String/CRUD", "supportedResponseFormats": "JSON", "restrictedAccess": "No"}