{"url": "https://www.programmableweb.com/api/picsart-image-tools-rest-api-v1", "name": "Picsart Image Tools REST API v1", "description": " Picsart Image Tools is an image editing API powered by Image Processing technologies and AI-Based technologies. Remove background, Adjust, and Filters with 21 presets are just some of the API services offered that can instantly edit photos. The list of APIs that Picsart Image Tools can offer is still growing. This RESTful API uses JSON response format.", "endpoint": "https://picsart.io/api-reference", "homePage": "https://picsart.io/", "primaryCategory": "Images", "secondaryCategories": "Design, Entertainment, Media, Photos", "provider": "PicsArt", "SSL_Support": "Yes", "authentication_Model": "API Key", "version": "1", "versionStatus": "Pre-release", "type": "Web/Internet", "architecturalStyle": "REST", "supportedRequestFormats": "JSON, URI Query String/CRUD, Multipart/Form-Data", "supportedResponseFormats": "JSON", "restrictedAccess": "No"}