{"url": "https://www.programmableweb.com/api/telegram-rest-api-v10", "name": "Telegram REST API v1.0", "description": " The Telegram API allows developers to build their own customized Telegram clients and applications. API methods are provided for dealing with spam and ToS violations, logging in via QR code, registration/authorization, working with GIFs, working with 2FA login, working with VoIP calls, working with deep links, working with files, and much more. Telegram is a cloud-based mobile and desktop messaging app that focuses on speed and security.", "endpoint": "N/A", "homePage": "https://core.telegram.org/api", "primaryCategory": "Messaging", "secondaryCategories": "Mobile, Photos, Video", "provider": "Telegram", "SSL_Support": "Yes", "authentication_Model": "App ID", "version": "1.0", "versionStatus": "Recommended (active, supported)", "type": "of License if Non Proprietary GNU GPL licence", "architecturalStyle": "REST", "supportedRequestFormats": "URI Query String/CRUD", "supportedResponseFormats": "JSON", "restrictedAccess": "No"}