{"url": "https://www.programmableweb.com/api/alexa-device-address-rest-api-v10", "name": "Alexa Device Address REST API v1.0", "description": " When a customer enables your Alexa skill, the Alexa Device Address API enables you to obtain the customer\u2019s permission to use address data associated with the customer\u2019s Alexa device. It allows you to use the address data to provide key functionality for the skill, or to enhance the customer experience. This API uses the address that the customer has entered manually. It does not have the capability of testing for GPS or other location-based data. Alexa is the voice service that powers Echo and provides a set of built-in abilities, or skills, that enable customers to interact with devices in a more intuitive way using voice commands. Amazon.com, Inc., is an American electronic commerce and cloud computing company that is one of the largest Internet-based retailer in the world by total sales and market capitalization.", "endpoint": "https://api.amazonalexa.com/v1/devices/{deviceId}", "homePage": "https://developer.amazon.com/docs/custom-skills/device-address-api.html", "primaryCategory": "Tools", "secondaryCategories": "Applications, Artificial Intelligence, Internet of Things, Management, Testing, Voice", "provider": "Amazon", "SSL_Support": "Yes", "authentication_Model": "Token", "version": "1.0", "versionStatus": "Recommended (active, supported)", "type": "Web/Internet", "architecturalStyle": "REST", "supportedRequestFormats": "JSON, URI Query String/CRUD", "supportedResponseFormats": "JSON", "restrictedAccess": "No"}