{"url": "https://www.programmableweb.com/api/google-hangouts-chat-rest-api-v1", "name": "Google Hangouts Chat REST API v1", "description": " The Google Hangouts Chat API returns bot data to establish a chat connection. By using the REST API, developers can list the spaces that the bot has been added to, list the members that belong to a space, and create, delete, and modify messages.", "endpoint": "https://chat.googleapis.com/$discovery/rest?version=v1", "homePage": "https://developers.google.com/hangouts/chat/how-tos/rest-api", "primaryCategory": "Chat", "secondaryCategories": "Bots, WebRTC", "provider": "Google", "SSL_Support": "Yes", "authentication_Model": "OAuth 2", "version": "1", "versionStatus": "Recommended (active, supported)", "type": "Web/Internet", "architecturalStyle": "REST", "supportedRequestFormats": "JSON, URI Query String/CRUD", "supportedResponseFormats": "JSON", "restrictedAccess": "No"}