{"url": "https://www.programmableweb.com/api/bank-ireland-dynamic-client-registration-rest-api-v120", "name": "Bank of Ireland Dynamic Client Registration REST API v1.2.0", "description": " This API provides access to services for the Bank of Ireland to register a client and receive client credentials. The Bank of Ireland has adopted the Open Banking Implementation Entity (OBIE) standard for compliance with PSD2/CMA regulation. The Bank of Ireland API Platform is designed to provide a ready to use, complete infrastructure for open banking APIs.", "endpoint": "https://api.obapi.bankofireland.com", "homePage": "https://eu1.anypoint.mulesoft.com/exchange/portals/bankofireland/a52d35f4-6c7f-4\u2026", "primaryCategory": "Banking", "secondaryCategories": "Open Data", "provider": "Bank of Ireland", "SSL_Support": "Yes", "authentication_Model": "Token", "version": "1.2.0", "versionStatus": "Recommended (active, supported)", "type": "of License if Non Proprietary Open Banking Implementation Entity (OBIE)", "architecturalStyle": "REST", "supportedRequestFormats": "JSON, URI Query String/CRUD", "supportedResponseFormats": "JSON", "restrictedAccess": "No"}