{"url": "https://www.programmableweb.com/api/high-mobility-service-account-rest-api-v1", "name": "High Mobility Service Account REST API v1", "description": " High Mobility (HM) offers car data for multiple brands of automobiles in an open source data (\"HM Auto API\") specification format. The High Mobility Service Account API offers data specific to services, with methods to manage telematics status, device certificate, account token, fleet vehicle response and more.", "endpoint": "https://sandbox.api.high-mobility.com/v1", "homePage": "https://about.high-mobility.com/getting-started", "primaryCategory": "Auto", "secondaryCategories": "N/A", "provider": "High Mobility", "SSL_Support": "Yes", "authentication_Model": "API Key", "version": "1", "versionStatus": "Recommended (active, supported)", "type": "Web/Internet", "architecturalStyle": "REST", "supportedRequestFormats": "JSON, URI Query String/CRUD", "supportedResponseFormats": "JSON", "restrictedAccess": "No"}