{"url": "https://www.programmableweb.com/api/nice-incontact-cxone-rest-api-v10", "name": "NICE inContact CXone REST API v1.0", "description": " The NICE inContact CXone API allows developers to manage access keys, validate a key, or return a bearer token. Access keys are used for application requests that are not made through a browser. For browser requests, OpenID Connect is used. NICE inContact is a cloud-based customer experience platform that combines omnichannel routing, workforce optimization, analytics, automation, and artificial intelligence.", "endpoint": "https://na1.nice-incontact.com", "homePage": "https://developer.niceincontact.com/API/CXoneAPI", "primaryCategory": "Customer Relationship Management", "secondaryCategories": "Authentication, Authorization", "provider": "NICE inContact", "SSL_Support": "Yes", "authentication_Model": "Unspecified", "version": "1.0", "versionStatus": "Recommended (active, supported)", "type": "Web/Internet", "architecturalStyle": "REST", "supportedRequestFormats": "JSON, URI Query String/CRUD", "supportedResponseFormats": "JSON", "restrictedAccess": "No"}