{"url": "https://www.programmableweb.com/api/targomo-isochrone-rest-api-v0312", "name": "Targomo Isochrone REST API v0.3.1.2", "description": " Targomo Isochrone API enables users to vsualize areas that people can reach from one or more starting points. Get polygons to show time (isochrones) and distance (isolines) in self-explanatory maps. Available for car, bike, walk, transit and multi-origin travel scenarios. Retrieve polygons as GeoJSON and custom json to generate SVG polygons with JavaScript library.", "endpoint": "https://api.targomo.com/{region}/v1/polygon", "homePage": "https://www.targomo.com/developers/apis/isochrone/", "primaryCategory": "Mapping", "secondaryCategories": "Geography, Location, Visualizations", "provider": "Targomo", "SSL_Support": "Yes", "authentication_Model": "N/A", "version": "0.3.1.2", "versionStatus": "Recommended (active, supported)", "type": "Web/Internet", "architecturalStyle": "REST", "supportedRequestFormats": "GET, POST", "supportedResponseFormats": "GeoJSON, JSON", "restrictedAccess": "No"}