{"url": "https://www.programmableweb.com/api/serpmaster-rest-api-v10", "name": "SERPMaster REST API v1.0", "description": " The SERPmaster API enables users to retrieve scraped data from Google services including Google Autocomplete, Google Image, Google News, Google Reverse Image Search, Google Search, Google Scholar and Google Shopping. It also returns usage statistics. It can return data from both the Desktop or Mobile versions of Google. From the provder: \"Fast and reliable large-scale Google data extraction tool that keeps your infrastructure costs low and predictable.\"", "endpoint": "https://api.serpmaster.com/cb", "homePage": "https://serpmaster.com", "primaryCategory": "Data Mining", "secondaryCategories": "Extraction", "provider": "SERPmaster", "SSL_Support": "Yes", "authentication_Model": "Unspecified", "version": "1.0", "versionStatus": "Recommended (active, supported)", "type": "Web/Internet", "architecturalStyle": "REST", "supportedRequestFormats": "JSON, URI Query String/CRUD", "supportedResponseFormats": "HTML, JSON", "restrictedAccess": "No"}