{"url": "https://www.programmableweb.com/api/dbs-rewards-rest-api-v10", "name": "DBS Rewards REST API v1.0", "description": " The DBS Rewards API provide functionalities to retrieve rewards balances, redeemed rewards, rebates including historical information. Rewards Identifier can either be Programme or Card account number. These APIs also provides functionalities to view Rewards Catalogue items and redeem Rewards as miles, Vouchers, Cashback for your earned Rewards points. The API empowers customers to instantly redeem their DBS points as a form of payment, providing a more seamless and efficient way to use their points. You must register for a developer account with DBS (free of charge) to access the documentation. The API is very well documented. This API also has a Sandbox Environment for you to test in. The Sandbox Environment only allows one Transaction (Request) per second for a given Application and API Operation. DBS (The Development Bank of Singapore Limited | DBS Group) is a leading financial services group in Asia. They are headquartered in Singapore, with a growing presence in Greater China, Southeast Asia and South Asia.", "endpoint": "N/A", "homePage": "https://www.dbs.com/dbsdevelopers/discover/index.html", "primaryCategory": "Rewards", "secondaryCategories": "Accounts, Banking, Developers, Rewards", "provider": "DBS Bank", "SSL_Support": "Yes", "authentication_Model": "OAuth 2, Token", "version": "1.0", "versionStatus": "Recommended (active, supported)", "type": "Web/Internet", "architecturalStyle": "REST", "supportedRequestFormats": "JSON, URI Query String/CRUD", "supportedResponseFormats": "JSON", "restrictedAccess": "No"}