{"url": "https://www.programmableweb.com/api/dracoon-rest-api-v4", "name": "Dracoon REST API v4", "description": " Dracoon is a cloud storage service designed to build enterprise applications. The API is based in Germany, and conforms to several certifications and seals such as ISO 27001. The API is used to integrate data exchange functionalities, workflow over email, and more file management related services. This API requires OAuth 2.0 for authentication; for client side, Tokens are needed.", "endpoint": "https://dracoon.team/api/spec_v4/", "homePage": "https://support.dracoon.com/hc/en-us/articles/115005447729-API-Overview", "primaryCategory": "Data", "secondaryCategories": "Cloud, Enterprise", "provider": "Dracoon", "SSL_Support": "Yes", "authentication_Model": "OAuth 2, Token", "version": "4", "versionStatus": "Recommended (active, supported)", "type": "Web/Internet", "architecturalStyle": "REST", "supportedRequestFormats": "JSON, URI Query String/CRUD", "supportedResponseFormats": "JSON", "restrictedAccess": "No"}