{"url": "https://www.programmableweb.com/api/flydubai-payment-rest-api-v30", "name": "flydubai Payment REST API v3.0", "description": " The flydubai Payment API provides the capability to process payments for flights, and includes methods for Invoice Payment Agency Credit and a Credit Card using the flydubai Payment Gateway. It enables you with the ability to create a session in CPG to be used while calling the pay service or make a payment. flydubai REST APIs allow users to access travel services for reservations, check in, etc., to create booking applications. flydubai is an airline that serves 90 destinations within a five-hour flying distance from Dubai.", "endpoint": "https://devapi.flydubai.com/res/v3", "homePage": "https://developer.flydubai.com/api-reference/capabilities/payments", "primaryCategory": "Air Travel", "secondaryCategories": "Ordering, Payments", "provider": "flydubai", "SSL_Support": "Yes", "authentication_Model": "Token", "version": "3.0", "versionStatus": "Recommended (active, supported)", "type": "Web/Internet", "architecturalStyle": "REST", "supportedRequestFormats": "JSON, URI Query String/CRUD", "supportedResponseFormats": "JSON", "restrictedAccess": "No"}