{"url": "https://www.programmableweb.com/api/dentomo-rest-api-v1", "name": "Dentomo REST API v1", "description": " Dentomo API offers artificial Intelligence and Machine Learning algorithms for the interpretation of CBCT images in order to identify diverse oral pathologies as well as previous treatments in the patient's mouth. Dentomo is dental image recognition software. The API is offered on the Nubentos API Store and available to subscribed/registered developers.", "endpoint": "https://clients.dentomo.com", "homePage": "https://www.dentomo.com", "primaryCategory": "Health", "secondaryCategories": "Artificial Intelligence, Healthcare, Images, Medical, Recognition", "provider": "mmg-ai, Nubentos", "SSL_Support": "Yes", "authentication_Model": "HTTP Basic Auth", "version": "1", "versionStatus": "Recommended (active, supported)", "type": "Web/Internet", "architecturalStyle": "REST", "supportedRequestFormats": "JSON", "supportedResponseFormats": "JSON", "restrictedAccess": "No"}