{"url": "https://www.programmableweb.com/api/stanford-courseclass-rpc-api-v1", "name": "Stanford CourseClass RPC API v1", "description": " Stanford CourseClass API enables a way for developers to retrieve XML formatted data about courses and course terms at Stanford University.", "endpoint": "N/A", "homePage": "https://uit.stanford.edu/developers/apis/course", "primaryCategory": "Education", "secondaryCategories": "N/A", "provider": "Stanford University", "SSL_Support": "Yes", "authentication_Model": "Other/Custom", "version": "1", "versionStatus": "Recommended (active, supported)", "type": "Web/Internet", "architecturalStyle": "RPC", "supportedRequestFormats": "SOAP, XML", "supportedResponseFormats": "SOAP, XMP", "restrictedAccess": "No"}