{"url": "https://www.programmableweb.com/api/precisely-streets-rest-api-v10", "name": "Precisely Streets REST API v1.0", "description": " This API provides global street information including nearest intersections and speed limits. The API takes an address or location included in the GET request. Precisely is a data integrity platform capable of collecting, verifying, and mapping information. This platform can be used to enable address typeahead capabilities in eCommerce websites, determine origin and delivery destinations in logistics applications, and provide better insights for customer engagement. Precisely APIs feature REST architecture, API Key authentication, and JSON responses.", "endpoint": "https://api.precisely.com/streets/v1", "homePage": "https://developer.precisely.com/apis/streets", "primaryCategory": "Data", "secondaryCategories": "Addresses, Business, Mapping", "provider": "Precisely", "SSL_Support": "Yes", "authentication_Model": "API Key, Shared Secret", "version": "1.0", "versionStatus": "Recommended (active, supported)", "type": "Web/Internet", "architecturalStyle": "REST", "supportedRequestFormats": "URI Query String/CRUD", "supportedResponseFormats": "JSON", "restrictedAccess": "Yes"}