{"url": "https://www.programmableweb.com/api/brainbit-indirect-api-v1", "name": "BrainBit Indirect API v1", "description": " BrainBit is a wearable EEG headband that enables monitoring brain activity for enhancing daily routines. The BrainBit API is indirectly accessible via SDKs for developers to integrate brain activity monitoring into third-party applications. The SDKs allow for the configuring and receiving data from the BrainBit device.", "endpoint": "N/A", "homePage": "https://sdk.brainbit.com/", "primaryCategory": "Wearable", "secondaryCategories": "Health", "provider": "BrainBit", "SSL_Support": "Yes", "authentication_Model": "Unspecified", "version": "1", "versionStatus": "Recommended (active, supported)", "type": "Web/Internet", "architecturalStyle": "Indirect", "supportedRequestFormats": "Unspecified", "supportedResponseFormats": "Unspecified", "restrictedAccess": "No"}