{"url": "https://www.programmableweb.com/api/tradematic-cloud-rest-api-v102", "name": "Tradematic Cloud REST API v1.0.2", "description": " The Tradematic Cloud API enables programmatic access to a back-end infrastructure for building investment and trading apps. Tradematic Cloud provides an algorithmic trading engine + API + ready-made adapters to stock and forex brokers, crypto exchanges, and market data providers. Get access to 12+ exchanges, 5 asset classes, 150 indicators with this API. You can use it as a cloud API, or you can deploy it on your servers. See examples of applications to build with Tradematic Cloud at https://tradematic.cloud.", "endpoint": "https://api.tradematic.com", "homePage": "https://tradematic.cloud/", "primaryCategory": "Financial", "secondaryCategories": "Algorithms, B2B, Backend, Backend-as-a-Service, Banking, Bitcoin, Cryptocurrency, Currency, Data, Stocks", "provider": "Tradematic", "SSL_Support": "Yes", "authentication_Model": "API Key", "version": "1.0.2", "versionStatus": "Recommended (active, supported)", "type": "Web/Internet", "architecturalStyle": "REST", "supportedRequestFormats": "JSON, URI Query String/CRUD", "supportedResponseFormats": "JSON", "restrictedAccess": "No"}