{"url": "https://www.programmableweb.com/api/metabet-odds-rest-api-v10", "name": "MetaBet Odds REST API v1.0", "description": " MetaBet Odds API aggregates data from sportsbook operators, translating their unique and disparate APIs into one, easy-to-use endpoint available in JSON and XML formats. Pre-game and in-play data covers MLB, NBA, NFL, NHL, College Basketball, College Football, Big 5 European Soccer (Bundesliga, EPL, La Liga, Ligue 1, Serie A), and MLS. Data returned includes date, over/under, spreadline and more.", "endpoint": "N/A", "homePage": "https://www.metabet.io/products/odds-api", "primaryCategory": "Sports", "secondaryCategories": "Gambling", "provider": "MetaBet", "SSL_Support": "Yes", "authentication_Model": "Unspecified", "version": "1.0", "versionStatus": "Active (supported, scheduled for retirement)", "type": "Web/Internet", "architecturalStyle": "REST", "supportedRequestFormats": "JSON", "supportedResponseFormats": "JSON", "restrictedAccess": "Yes"}