{"url": "https://www.programmableweb.com/api/loop-tie-rest-api-v1", "name": "Loop & Tie REST API v1", "description": " Loop & Tie is a corporate gifting platform, offering artisan inspired collections, end-to-end data & roi and carbon offsets for every gift. The Loop & Tie API offers programmatic access to developers for sending gifts and managing the gift and team data.", "endpoint": "https://api.loopandtie.com/v1/", "homePage": "https://docs.loopandtie.com/docs/getting-started", "primaryCategory": "Gifts", "secondaryCategories": "Marketing", "provider": "Loop & Tie", "SSL_Support": "Yes", "authentication_Model": "Token", "version": "1", "versionStatus": "Recommended (active, supported)", "type": "Web/Internet", "architecturalStyle": "REST", "supportedRequestFormats": "JSON, JSON API, URI Query String/CRUD", "supportedResponseFormats": "JSON, JSON API", "restrictedAccess": "No"}