{"url": "https://www.programmableweb.com/api/citibank-services-rest-api-v10", "name": "Citibank Services REST API v1.0", "description": " The Citibank Services API allows customers to access account statement details and permits customers to change their account PIN from your application and website. It enables you with the ability to perform servicing functions like retrieve the statement and advices listings, individual statements or advices in PDF format. Citibank provides financial services and ideas for managing your finances.", "endpoint": "https://sandbox.apihub.citi.com/gcb/api/v1", "homePage": "https://sandbox.developerhub.citi.com/api/services-australia/overview", "primaryCategory": "Banking", "secondaryCategories": "Accounts, Financial", "provider": "Citibank", "SSL_Support": "Yes", "authentication_Model": "HTTP Basic Auth, OAuth 2, Token", "version": "1.0", "versionStatus": "Recommended (active, supported)", "type": "Web/Internet", "architecturalStyle": "REST", "supportedRequestFormats": "JSON, URI Query String/CRUD", "supportedResponseFormats": "JSON", "restrictedAccess": "No"}