{"url": "https://www.programmableweb.com/api/better-meta-rest-api-v1", "name": "Better Meta REST API v1", "description": " Better Meta is an API that allows users to quickly and easily fetch any site's meta tags in a digest-able JSON format. A given URL is responded with JSON formatted meta information. Better Meta is built on AWS' Lambda.", "endpoint": "N/A", "homePage": "http://bettermeta.io/", "primaryCategory": "Metadata", "secondaryCategories": "N/A", "provider": "Brillicity", "SSL_Support": "No", "authentication_Model": "Unspecified", "version": "1", "versionStatus": "Recommended (active, supported)", "type": "Web/Internet", "architecturalStyle": "REST", "supportedRequestFormats": "JSON", "supportedResponseFormats": "JSON", "restrictedAccess": "No"}