{"url": "https://www.programmableweb.com/api/amadeus-trip-parser-rest-api-v3", "name": "Amadeus Trip Parser REST API v3", "description": " The Amadeus Trip Parser API allows developers to create a standardized and structured trip itinerary based on information from booking confirmation emails and e-tickets. The API can extract data from documents and communications from multiple providers, each given in their own format. All data is returned in standardized JSON structure. This API is provided by Amadeus, a technology company that builds solutions for travel operations such as airlines, hotels, railways, and travel agencies.", "endpoint": "https://test.api.amadeus.com/v3/travel/trip-parser-jobs", "homePage": "https://developers.amadeus.com/self-service/category/trip/api-doc/trip-parser", "primaryCategory": "Parsing", "secondaryCategories": "Accounting, Travel", "provider": "Amadeus", "SSL_Support": "Yes", "authentication_Model": "API Key, OAuth 2, Shared Secret, Token", "version": "3", "versionStatus": "Recommended (active, supported)", "type": "Web/Internet", "architecturalStyle": "REST", "supportedRequestFormats": "JSON, URI Query String/CRUD", "supportedResponseFormats": "JSON", "restrictedAccess": "No"}