{"url": "https://www.programmableweb.com/api/national-library-australia-trove-rest-api-v20", "name": "National Library of Australia Trove REST API v2.0", "description": " The service from the National Library of Australia provides search access to catalog records and other descriptive metadata for a wide range of resources: books, periodicals (e.g., journal articles and newspaper articles), images, maps, music and video recordings, and archives of physical objects. The service can also return user-created lists of web links. Future development may provide lists of people and organizations. Results for newspaper articles give access to full text for digital versions. API methods support submission of search queries, including filtering parameters such as title-only and author-only matching, specified resource formats, subject keyword, and more. Methods also allow retrieval of related content like user-applied tags and comments and associated resources linked to those in a result set.", "endpoint": "https://api.trove.nla.gov.au/v2", "homePage": "http://help.nla.gov.au/trove/building-with-trove/api-version-2-technical-guide", "primaryCategory": "Search", "secondaryCategories": "Australian, Library", "provider": "National Library of Australia", "SSL_Support": "Yes", "authentication_Model": "API Key", "version": "2.0", "versionStatus": "Recommended (active, supported)", "type": "Web/Internet", "architecturalStyle": "REST", "supportedRequestFormats": "URI Query String/CRUD", "supportedResponseFormats": "JSON, XML", "restrictedAccess": "No"}