{"url": "https://www.programmableweb.com/api/adbase-rest-api-v010", "name": "AdBase REST API v0.1.0", "description": " The AdBase API enables users to integrate targeted email campaigns and other marketing solutions into applications. API methods are available to manage actions, users, contacts, and more. Resources include an interactive playground, JSON formatting, and documentation. AdBase uses AI to target customers with SMS, MMS, and email marketing.", "endpoint": "https://api.adbase.ai/api", "homePage": "https://adbase.ai/features/open-api", "primaryCategory": "Marketing", "secondaryCategories": "Artificial Intelligence, Email", "provider": "AdBase", "SSL_Support": "Yes", "authentication_Model": "Unspecified", "version": "0.1.0", "versionStatus": "Recommended (active, supported)", "type": "Web/Internet", "architecturalStyle": "REST", "supportedRequestFormats": "URI Query String/CRUD", "supportedResponseFormats": "JSON", "restrictedAccess": "No"}