{"url": "https://www.programmableweb.com/api/vc4africa-rest-api-v1", "name": "VC4Africa REST API v1 deprecated", "description": " The VC4A API exposes its data via a RESTful API service. This allows developers to interact in a programmatic way with the VC4A platform data. VC4A, Venture Capital for Acceleration, is the largest online community of entrepreneurs and organizations dedicated to building successful startups.", "endpoint": "N/A", "homePage": "N/A", "primaryCategory": "Reference", "secondaryCategories": "African, Business, Financial, Funding", "provider": "vc4a", "SSL_Support": "Yes", "authentication_Model": "API Key", "version": "N/A", "versionStatus": "N/A", "type": "N/A", "architecturalStyle": "N/A", "supportedRequestFormats": "None Specified", "supportedResponseFormats": "None Specified", "restrictedAccess": "N/A"}