{"url": "https://www.programmableweb.com/api/predix-time-series-rest-api-v1", "name": "Predix Time Series REST API v1", "description": " The Time Series API offers sensor data management, distribution, and storage. Four priced plans are available. This REST API returns data in JSON format, and uses OAuth 2 and Tokens for authentication. Predix is an industrial software platform developed by General Electric Digital which aims to improve asset performance management (APM), operations, and business.", "endpoint": "https://time-series-store-predix.run.aws-usw02-pr.ice.predix.io/v1/datapoints", "homePage": "https://www.predix.io/services/service.html?id=1177", "primaryCategory": "Internet of Things", "secondaryCategories": "Analytics, Big Data, Time", "provider": "General Electric", "SSL_Support": "Yes", "authentication_Model": "OAuth 2, Token", "version": "1", "versionStatus": "Recommended (active, supported)", "type": "Web/Internet", "architecturalStyle": "REST", "supportedRequestFormats": "URI Query String/CRUD", "supportedResponseFormats": "CSV, GeoJSON, JSON, XML", "restrictedAccess": "Yes"}