{"url": "https://www.programmableweb.com/api/friendbuy-rest-api-v1", "name": "Friendbuy REST API v1", "description": " Friendbuy offers a referral platform that supports referral funnel data, templates and conversion data. The Friendbuy API is used to access shares, conversions and referral codes. JSON is the preferred format for responses and API Keys for authentication. Friendbuy offers 2 paid plans and a custom enterprise solution.", "endpoint": "https://api.friendbuy.com/v1", "homePage": "https://developers.friendbuy.com/#rest-api-v2", "primaryCategory": "Referrals", "secondaryCategories": "eCommerce, Marketing, Rewards", "provider": "Friendbuy", "SSL_Support": "Yes", "authentication_Model": "API Key", "version": "1", "versionStatus": "Recommended (active, supported)", "type": "Web/Internet", "architecturalStyle": "REST", "supportedRequestFormats": "JSON, URI Query String/CRUD", "supportedResponseFormats": "JSON", "restrictedAccess": "Yes"}