{"url": "https://www.programmableweb.com/api/transavia-flight-offer-rest-api-v1", "name": "Transavia Flight Offer REST API v1", "description": " Transavia Airlines is a Netherlands-based low-cost air travel operator that boasts an expansive route network in the European and North African regions. The Transavia Flight Offer API is one of the three air travel APIs that the company uses to supplement its web-based engagement portals. This API allows developers to build searchable platforms for ticket offers for different flight schedules, trips, and destinations. This enables travelers to check for availability of the most affordable tickets that best suit their travel schedules. The API conveys requests and responses in HTTP and JSON formats.", "endpoint": "https://api.transavia.com", "homePage": "https://developer.transavia.com", "primaryCategory": "Air Travel", "secondaryCategories": "Tickets, Travel", "provider": "Transavia Airlines", "SSL_Support": "Yes", "authentication_Model": "API Key", "version": "1", "versionStatus": "Recommended (active, supported)", "type": "Web/Internet", "architecturalStyle": "REST", "supportedRequestFormats": "JSON, URI Query String/CRUD", "supportedResponseFormats": "JSON", "restrictedAccess": "No"}