{"url": "https://www.programmableweb.com/api/commerce7-rest-api-v1", "name": "Commerce7 REST API v1", "description": " Commerce7 is a commerce platform for wineries. The Commerce7 API enables access to the platform, with API methods for managing customer information, orders, products, inventory, collections, vendors, promotions, gift cards, wine club memberships, shipping, taxes and more.", "endpoint": "https://api.commerce7.com/v1", "homePage": "https://api-docs.commerce7.com/docs", "primaryCategory": "Wine", "secondaryCategories": "eCommerce", "provider": "Commerce7", "SSL_Support": "Yes", "authentication_Model": "HTTP Basic Auth", "version": "1", "versionStatus": "Recommended (active, supported)", "type": "Web/Internet", "architecturalStyle": "REST", "supportedRequestFormats": "JSON, URI Query String/CRUD", "supportedResponseFormats": "JSON", "restrictedAccess": "No"}