{"url": "https://www.programmableweb.com/api/randommer-random-data-generator-rest-api-v1", "name": "Randommer Random Data Generator REST API v1", "description": " The Random Data Generator API can be used to build a project without developing from scratch the base functions to generate data like numbers, telephones, passwords, hashes, and text. With REST and secure connection using HTTPS, developers can call the services to generate random information. Randommer.io offers several utility services and it offers the newest technologies like RESTful services and fast hosts to be a simple and modern tool.", "endpoint": "https://randommer.io/api/", "homePage": "https://randommer.io/randommer-api", "primaryCategory": "Application Development", "secondaryCategories": "Random", "provider": "Randommer", "SSL_Support": "Yes", "authentication_Model": "API Key", "version": "1", "versionStatus": "Pre-release", "type": "Web/Internet", "architecturalStyle": "REST", "supportedRequestFormats": "JSON", "supportedResponseFormats": "JSON", "restrictedAccess": "No"}