{"url": "https://www.programmableweb.com/api/feedsyndicate-news-feed-api-v01", "name": "FeedSyndicate News FEED API v0.1", "description": " The FeedSyndicate News API allows developers to access a large database of national and international news articles in order to retrieve full text articles and images. Types of news covered include major headlines, business, entertainment, sports, technology, and more. Users can filter the content they retrieve by region, topic, and more. This database is updated daily. FeedSyndicate provides full news to entertainment content feeds for websites and applications.", "endpoint": "http://content.feedsyndicate.com", "homePage": "https://www.feedsyndicate.com/content/full-text-news-and-pictures/", "primaryCategory": "News Services", "secondaryCategories": "Content, Feeds", "provider": "FeedSyndicate", "SSL_Support": "No", "authentication_Model": "API Key", "version": "0.1", "versionStatus": "Deactivated", "type": "Web/Internet", "architecturalStyle": "FEED", "supportedRequestFormats": "URI Query String/CRUD", "supportedResponseFormats": "RSS, XML", "restrictedAccess": "No"}