{"url": "https://www.programmableweb.com/api/google-picker-javascript-indirect-api-v10", "name": "Google Picker JavaScript Indirect API v1.0", "description": " The Google Picker JavaScript API enables to open or upload Google Drive files. Features include similar look-and-feel to the Google Drive UI, several views showing previews and thumbnails of Drive files, and an inline, modal window, to stay in the main application. Google Picker is a file manager widget that users can embed in apps to access files on Google Drive. ProgrammableWeb provides aJavaScript SDK.", "endpoint": "https://apis.google.com/js/api", "homePage": "https://developers.google.com/picker/docs", "primaryCategory": "File Sharing", "secondaryCategories": "Management, Widgets", "provider": "Google", "SSL_Support": "Yes", "authentication_Model": "OAuth 2, Token", "version": "1.0", "versionStatus": "Recommended (active, supported)", "type": "Web/Internet", "architecturalStyle": "Indirect", "supportedRequestFormats": "Unspecified", "supportedResponseFormats": "Unspecified", "restrictedAccess": "No"}