{"url": "https://www.programmableweb.com/api/w3c-web-animations-nativebrowser-api-v1", "name": "W3C Web Animations Native/Browser API v1", "description": " The W3C Web Animations API provides a model definition for implementing Web animation and synchronization concepts. It is a specification through which other specifications can use declarative means to build on it and expose its features.", "endpoint": "https://drafts.csswg.org/web-animations-1/", "homePage": "https://drafts.csswg.org/web-animations/", "primaryCategory": "Animation", "secondaryCategories": "Design, Graphics, HTML5, Standards", "provider": "W3C", "SSL_Support": "Yes", "authentication_Model": "Unspecified", "version": "1", "versionStatus": "Recommended (active, supported)", "type": "of License if Non Proprietary W3C", "architecturalStyle": "Native/Browser", "supportedRequestFormats": "Unspecified", "supportedResponseFormats": "Unspecified", "restrictedAccess": "No"}