{"url": "https://www.programmableweb.com/api/whatsapp-business-rest-api-v2291", "name": "WhatsApp Business REST API v2.29.1", "description": " The WhatsApp Business API provides a way for businesses to interact with and reach customers all over the world. It powers communication with customers to connect with them on WhatsApp using end-to-end encryption. This enables messages and calls with security that allows only you and the person you're communicating with to read or listen. This API uses a REST API architecture with JSON data formats that follows standard HTTP request and response. WhatsApp Messenger is an SMS replacement application.", "endpoint": "https://graph.facebook.com/v3.3/your-whatsapp-buiness-account-id", "homePage": "https://www.whatsapp.com/business/api", "primaryCategory": "Business", "secondaryCategories": "Chat, Messaging, Mobile", "provider": "WhatsApp", "SSL_Support": "Yes", "authentication_Model": "HTTP Basic Auth, Token", "version": "2.29.1", "versionStatus": "Recommended (active, supported)", "type": "Web/Internet", "architecturalStyle": "REST", "supportedRequestFormats": "JSON, URI Query String/CRUD", "supportedResponseFormats": "JSON", "restrictedAccess": "Yes"}