{"url": "https://www.programmableweb.com/api/simple-json-blob-storage-rest-api-v10", "name": "Simple JSON Blob Storage REST API v1.0", "description": " The Simple JSON Blob Storage API enables developers to securely store and retrieve JSON data in their applications. A free tier is offered which supports up to 3,000 requests per month, and a maximum of 1 MB per JSON or text blob.", "endpoint": "https://jsonapi.gunterweb.ca/api", "homePage": "https://jsonapi.gunterweb.ca/", "primaryCategory": "Storage", "secondaryCategories": "Text", "provider": "N/A", "SSL_Support": "Yes", "authentication_Model": "API Key, HTTP Basic Auth", "version": "1.0", "versionStatus": "Recommended (active, supported)", "type": "Web/Internet", "architecturalStyle": "REST", "supportedRequestFormats": "JSON, URI Query String/CRUD", "supportedResponseFormats": "JSON", "restrictedAccess": "Yes"}