{"url": "https://www.programmableweb.com/api/hawaii-beach-safety-rest-api-v1", "name": "Hawaii Beach Safety REST API v1", "description": " Hawaii Beach Safety API returns all alerts, conditions and hazards about beaches in the state of Hawaii. Data is returned in JSON or RSS format.", "endpoint": "http://hawaiibeachsafety.com/rest/alerts.json", "homePage": "https://hawaiibeachsafety.com/api", "primaryCategory": "Water", "secondaryCategories": "Cities, Geography, Marine, Open Data, Open Source, Ratings, Safety", "provider": "Hawaiian Lifeguard Association", "SSL_Support": "Yes", "authentication_Model": "Unspecified", "version": "1", "versionStatus": "Recommended (active, supported)", "type": "Web/Internet", "architecturalStyle": "REST", "supportedRequestFormats": "JSON, RSS", "supportedResponseFormats": "JSON, RSS", "restrictedAccess": "No"}