{"url": "https://www.programmableweb.com/api/random-coffee-rest-api-v1", "name": "Random Coffee REST API v1", "description": " Coffee API returns links of random images of coffee in JSON format.", "endpoint": "https://coffee.alexflipnote.dev/", "homePage": "https://github.com/AlexFlipnote/CoffeeAPI", "primaryCategory": "Food", "secondaryCategories": "Images, Random", "provider": "N/A", "SSL_Support": "Yes", "authentication_Model": "Unspecified", "version": "1", "versionStatus": "Active (supported, scheduled for retirement)", "type": "Web/Internet", "architecturalStyle": "REST", "supportedRequestFormats": "JSON", "supportedResponseFormats": "JSON", "restrictedAccess": "No"}