{"url": "https://www.programmableweb.com/api/hr-cloud-rest-api-v10", "name": "HR Cloud REST API v1.0", "description": " HR Cloud APIs allow programmatic access to the data and services offered by the HR Cloud application. It is designed to give its users the flexibility of using this data to enhance their applications or integrate with other third-party applications. HR Cloud APIs are based on REST architecture and expose different endpoints or URLs accessible over HTTP to perform different operations like accessing employee information, creating a new employee, creating a new task for an employee, etc. Developers need to contact provider for API and documentation access.", "endpoint": "N/A", "homePage": "https://www.hrcloud.com/", "primaryCategory": "Human Resources", "secondaryCategories": "Electronic Signature, Jobs, Time Tracking", "provider": "HR Cloud", "SSL_Support": "Yes", "authentication_Model": "Unspecified", "version": "1.0", "versionStatus": "Active (supported, scheduled for retirement)", "type": "Web/Internet", "architecturalStyle": "REST", "supportedRequestFormats": "Unspecified", "supportedResponseFormats": "Unspecified", "restrictedAccess": "No"}