{"url": "https://www.programmableweb.com/api/craft-cms-graphql-api-v10", "name": "Craft CMS GraphQL API v1.0", "description": " Craft Pro GraphQL API provides data about content from applications created in Craft CMS. Search by schema such as drafts, revisions, trashed, archived, site, related-to, volume, folder, and many others. Craft CMS enables creation of custom digital experiences on the web and features a control panel for content creation and administrative tasks, content modeling and front-end development tools, a built-in Plugin Store with hundreds of free and commercial plugins.", "endpoint": "http://my-project.test/api", "homePage": "https://craftcms.com/docs/3.x/graphql.html", "primaryCategory": "Content", "secondaryCategories": "Content Management, Management, Tools", "provider": "Pixel & Tonic", "SSL_Support": "Yes", "authentication_Model": "Token", "version": "1.0", "versionStatus": "Recommended (active, supported)", "type": "Web/Internet", "architecturalStyle": "REST", "supportedRequestFormats": "GraphQL", "supportedResponseFormats": "GraphQL, JSON", "restrictedAccess": "No"}