{"url": "https://www.programmableweb.com/api/unelmamovie-rest-api-v100", "name": "UnelmaMovie REST API v1.0.0", "description": " UnelmaMovie is the database for the popular and authoritative platform for movie, TV and celebrity content powered by Unelma Platforms. UnelmaMovie offers token-based API implemented to support and integrate existing projects, native mobile apps, and more. The managed API access tokens can be accessed from the account settings of UnelmaMovie. The API-docs is available from unelmamovie.com/api-docs.", "endpoint": "https://unelmamovie.com/api/v1/", "homePage": "https://unelmamovie.com/api-docs", "primaryCategory": "Movies", "secondaryCategories": "Entertainment", "provider": "Unelma Platforms", "SSL_Support": "Yes", "authentication_Model": "API Key", "version": "1.0.0", "versionStatus": "Recommended (active, supported)", "type": "of License if Non Proprietary MIT", "architecturalStyle": "REST", "supportedRequestFormats": "JSON, URI Query String/CRUD, YAML", "supportedResponseFormats": "JSON, YAML", "restrictedAccess": "No"}