{"url": "https://www.programmableweb.com/api/symplicity-accommodate-rest-api-v1", "name": "Symplicity Accommodate REST API v1", "description": " Symplicity offers tools for higher education students and employers to increase student engagement and employability. The Symplicity Accommodate API offers integration with the platform, with methods to manage students, courses, schedules, faculty, degree programs, enrollment and reports.", "endpoint": "N/A", "homePage": "https://www.symplicity.com/developer", "primaryCategory": "Education", "secondaryCategories": "Jobs", "provider": "Symplicity", "SSL_Support": "Yes", "authentication_Model": "HTTP Basic Auth", "version": "1", "versionStatus": "Recommended (active, supported)", "type": "Web/Internet", "architecturalStyle": "REST", "supportedRequestFormats": "JSON, URI Query String/CRUD", "supportedResponseFormats": "JSON", "restrictedAccess": "No"}