{"url": "https://www.programmableweb.com/api/synapse-rest-api-v1", "name": "Synapse REST API v1", "description": " The Synapse API gives developers programmatic access to the Synapse collaborative research platform where they can store their data, code, and results. Research teams can use Synapse to share data, track analyses, and collaborate across organizational boundaries. Synapse enables users to organize content, create workflows that are transparent and reproducible, track collaborative analysis, and broadcast research assets.", "endpoint": "https://repo-prod.prod.sagebase.org/repo/v1", "homePage": "https://docs.synapse.org/rest/", "primaryCategory": "Science", "secondaryCategories": "Collaboration", "provider": "Synapse", "SSL_Support": "Yes", "authentication_Model": "API Key, OAuth 2, Session", "version": "1", "versionStatus": "Recommended (active, supported)", "type": "of License if Non Proprietary Apache 2.0", "architecturalStyle": "REST", "supportedRequestFormats": "JSON, URI Query String/CRUD", "supportedResponseFormats": "JSON", "restrictedAccess": "No"}