{"url": "https://www.programmableweb.com/api/appmon-rest-api-v1", "name": "AppMon REST API v1", "description": " AppMon enables users to track errors and events of applications. An API endpoint is available to send events to the AppMon.dev API. The result includes message, script (or URI) that triggered the event, severity (Emergency, alert, critical, error, warning, notice, informational or debug), UUID, version or commit hash to help identify the version of the code which triggered the event, and a JSON custom label of the event.", "endpoint": "https://api.appmon.dev/v1/", "homePage": "https://appmon.dev", "primaryCategory": "Monitoring", "secondaryCategories": "DevOps", "provider": "AppMon", "SSL_Support": "Yes", "authentication_Model": "API Key", "version": "1", "versionStatus": "Recommended (active, supported)", "type": "Product", "architecturalStyle": "REST", "supportedRequestFormats": "URI Query String/CRUD", "supportedResponseFormats": "JSON", "restrictedAccess": "No"}