{"url": "https://www.programmableweb.com/api/zimbra-rpc-api-v900", "name": "Zimbra RPC API v9.0.0", "description": " The Zimbra SOAP API allows developers to access functions provided by Zimbra's collaboration platform programmatically via SOAP calls. Zimbra is a secure, open source collaboration platform that provides services for handling email, address books, calendars, file-sharing, and tasks. It can be accessed anywhere from any device and offers high availability.", "endpoint": "N/A", "homePage": "https://wiki.zimbra.com/wiki/SOAP_API_Reference_Material_Beginning_with_ZCS_8", "primaryCategory": "Collaboration", "secondaryCategories": "Addresses, Calendars, Email, Messaging, Social, Tasks", "provider": "Zimbra", "SSL_Support": "No", "authentication_Model": "Unspecified", "version": "9.0.0", "versionStatus": "Recommended (active, supported)", "type": "Unspecified", "architecturalStyle": "RPC", "supportedRequestFormats": "SOAP, XML", "supportedResponseFormats": "SOAP, XML", "restrictedAccess": "No"}