{"url": "https://www.programmableweb.com/api/google-pagespeed-insights-rest-api-v5", "name": "Google PageSpeed Insights REST API v5", "description": " The Google PageSpeed Insights API enables developers to programmatically measure the performance of a web page and get suggestions for how to improve that page's performance, accessibility, and SEO. This API returns data from the Chrome User Experience Report and lab data from Lighthouse. Developers will need an API key.", "endpoint": "https://www.googleapis.com/pagespeedonline/v5/", "homePage": "https://developers.google.com/speed/docs/insights/v5/get-started", "primaryCategory": "Performance", "secondaryCategories": "SEO, Testing, Tools", "provider": "Google", "SSL_Support": "Yes", "authentication_Model": "OAuth 2", "version": "5", "versionStatus": "Recommended (active, supported)", "type": "Web/Internet", "architecturalStyle": "REST", "supportedRequestFormats": "JSON, URI Query String/CRUD", "supportedResponseFormats": "JSON", "restrictedAccess": "No"}