{"url": "https://www.programmableweb.com/api/finerworks-rest-api-v30", "name": "FinerWorks REST API v3.0", "description": " The FinerWorks Order API provides a way for developers to build applications that utilize FinerWorks production services for print and order fulfillment. It allows you to integrate your application or website with FinerWorks drop shipping and order fulfillment service, and transmit orders directly from your shopping cart or application. This Restful service requires an API and APP key, to be included as a querystring parameter in the request URI that supports JSON requests via GET or POST to; Place Orders, Get Order Status, Cancel Orders, Update Orders, Calculate Shipping, Get Product Detail and Pricing. FinerWorks is a service for artists and photographers requiring high end prints on fine art papers, wood prints and canvas.", "endpoint": "https://api.finerworks.com/v3", "homePage": "https://api.finerworks.com", "primaryCategory": "Printing", "secondaryCategories": "Ordering, Shipping", "provider": "FinerWorks", "SSL_Support": "Yes", "authentication_Model": "API Key", "version": "3.0", "versionStatus": "Recommended (active, supported)", "type": "Web/Internet", "architecturalStyle": "REST", "supportedRequestFormats": "JSON, URI Query String/CRUD", "supportedResponseFormats": "JSON, Text", "restrictedAccess": "No"}