{"url": "https://www.programmableweb.com/api/opentopography-rest-api-v10", "name": "OpenTopography REST API v1.0", "description": " The OpenTopography API facilitates access to high resolution Earth topography data. This RESTful Web service for global raster data returns metadata catalogs, data management, processing, and analysis, and data space. The data was collected during the NASA Shuttle Endeavour Radar Topography Mission in February, 2000. Raster data is geospatial data based on a matrix of square areas. This project is supported by the National Science Foundation. The OpenTopography facility is located in the San Diego Supercomputer Center, at the University of California in San Diego.", "endpoint": "https://portal.opentopography.org/otr/", "homePage": "https://opentopography.org/developers#SRTM", "primaryCategory": "Nature", "secondaryCategories": "Data, Geology, Mapping, Science", "provider": "Open Topography", "SSL_Support": "Yes", "authentication_Model": "Unspecified", "version": "1.0", "versionStatus": "Recommended (active, supported)", "type": "Web/Internet", "architecturalStyle": "REST", "supportedRequestFormats": "URI Query String/CRUD", "supportedResponseFormats": "GTiff for GeoTiff, AAIGrid for Arc ASCII Grid, HFA for Erdas Imagine (.IMG). Defaults to GTiff if parameter is not provided", "restrictedAccess": "No"}