{"url": "https://www.programmableweb.com/api/covid-19-ce-rest-api-v10", "name": "COVID-19 CE REST API v1.0", "description": " The COVID-19 CE API enables Coronavirus information specific to the Brazilian state of Cear\u00e1. This API is provided by developer Erinaldo Souza.", "endpoint": "https://covid-19-ce.p.rapidapi.com", "homePage": "https://rapidapi.com/erinaldo.sds/api/covid-19-ce/endpoints", "primaryCategory": "COVID-19", "secondaryCategories": "Brazilian, Coronavirus, Data", "provider": "N/A", "SSL_Support": "Yes", "authentication_Model": "API Key", "version": "1.0", "versionStatus": "Recommended (active, supported)", "type": "Web/Internet", "architecturalStyle": "REST", "supportedRequestFormats": "URI Query String/CRUD", "supportedResponseFormats": "JSON", "restrictedAccess": "Yes"}