{"url": "https://www.programmableweb.com/api/ipinfoio-proxy-vpn-detection-rest-api-v10", "name": "IPinfo.io Proxy & VPN Detection REST API v1.0", "description": " The IPinfo.io Privacy Detection API allows detecting various methods used to mask a user's true IP address, including VPN detection, proxy detection, tor usage, or a connection via a hosting provider, which could potentially be used to tunnel traffic, and mask the true IP address.", "endpoint": "https://ipinfo.io/", "homePage": "https://ipinfo.io/proxy-vpn-detection-api", "primaryCategory": "Privacy", "secondaryCategories": "Analytics, Data, Database, Security", "provider": "IPinfo", "SSL_Support": "Yes", "authentication_Model": "Token", "version": "1.0", "versionStatus": "Recommended (active, supported)", "type": "Web/Internet", "architecturalStyle": "REST", "supportedRequestFormats": "CSV, JSON, Text, URI Query String/CRUD", "supportedResponseFormats": "CSV, JSON, JSONP", "restrictedAccess": "No"}