{"url": "https://www.programmableweb.com/api/foursquare-rest-api-v2", "name": "Foursquare REST API v2", "description": " The Foursquare Places API provides location based experiences with diverse information about venues, users, photos, and check-ins. The API supports real time access to places, Snap-to-Place that assigns users to specific locations, and Geo-tag. Additionally, Foursquare allows developers to build audience segments for analysis and measurement. JSON is the preferred response format.", "endpoint": "https://api.foursquare.com/v2/", "homePage": "https://developer.foursquare.com/", "primaryCategory": "Social", "secondaryCategories": "Mapping, Mobile, Photos, Search", "provider": "Foursquare", "SSL_Support": "Yes", "authentication_Model": "App ID, OAuth 2, Shared Secret, Token", "version": "2", "versionStatus": "Recommended (active, supported)", "type": "Web/Internet", "architecturalStyle": "REST", "supportedRequestFormats": "URI Query String/CRUD", "supportedResponseFormats": "CSV, GeoJSON, JSON, XML", "restrictedAccess": "Yes"}