{"url": "https://www.programmableweb.com/api/pdfbrokerio-rest-api-v1", "name": "PdfBroker.io REST API v1", "description": " The PdfBroker.io API generates PDF documents from XML or HTML with an easy to use restful API. It also converts PDF documents to an image, writes text on existing PDF documents, and concatenates PDF documents into a single file. With the PdfBroker.io font service, developers can include own fonts or automatically load Google fonts.", "endpoint": "https://api.pdfbroker.io", "homePage": "https://www.pdfbroker.io", "primaryCategory": "PDF", "secondaryCategories": "Fonts, Images", "provider": "PdfBroker", "SSL_Support": "Yes", "authentication_Model": "OAuth 2", "version": "1", "versionStatus": "Recommended (active, supported)", "type": "Web/Internet", "architecturalStyle": "REST", "supportedRequestFormats": "Binary, JSON", "supportedResponseFormats": "Binary, JSON", "restrictedAccess": "No"}