{"url": "https://www.programmableweb.com/api/trueaccord-rest-api-v1", "name": "TrueAccord REST API v1", "description": " The TrueAccord API allows collecting debts of credit card issuers, consumer loans, and real estate users. Authenticate to the TrueAccord API by providing the API key as username using HTTP Basic Authentication. TrueAccord, a debt collection platform, integrates balances, customers, soft-recalls, reports, demographics, payments, and debts.", "endpoint": "https://api.trueaccord.com/api/v1/", "homePage": "https://www.trueaccord.com/docs/api/v1", "primaryCategory": "Collecting", "secondaryCategories": "Payments", "provider": "TrueAccord", "SSL_Support": "Yes", "authentication_Model": "API Key", "version": "1", "versionStatus": "Recommended (active, supported)", "type": "Web/Internet", "architecturalStyle": "REST", "supportedRequestFormats": "JSON, URI Query String/CRUD", "supportedResponseFormats": "JSON", "restrictedAccess": "No"}