{"url": "https://www.programmableweb.com/api/everbase-graphql-api-v10", "name": "Everbase GraphQL API v1.0", "description": " The Everbase GraphQL API enables mutable queries for common data sets and utility functions. The API returns information associated with IP addresses, currencies, languages, and markdown conversions. Everbase offers a free plan with community support. Everbase enables developers to focus on business logic by providing faster querying and faster development.", "endpoint": "https://api.everbase.co/graphql", "homePage": "https://everbase.co/", "primaryCategory": "Application Development", "secondaryCategories": "Currency, Data, GraphQL, Languages, Location", "provider": "Everbase", "SSL_Support": "Yes", "authentication_Model": "API Key", "version": "1.0", "versionStatus": "Recommended (active, supported)", "type": "Web/Internet", "architecturalStyle": "RPC", "supportedRequestFormats": "GraphQL", "supportedResponseFormats": "JSON", "restrictedAccess": "Yes"}