{"url": "https://www.programmableweb.com/api/clan-meeting-video-rest-api-v100", "name": "Clan Meeting Video REST API v1.0.0", "description": " Clan Meeting Video API offers integration with a video conferencing service. API methods are available to manage meeting link, custom logo branding and more. From the provider: \"Super easy to integrate and extremely affordable - pay as you go HD video conferencing web and mobile API - with integration support, custom logo and branding, HD video recording to your own cloud, live streaming, host controls, customization, auto scaling and much more.\"", "endpoint": "N/A", "homePage": "https://clanmeeting.com/docs/video-api", "primaryCategory": "Meetings", "secondaryCategories": "File Sharing, Video, WebRTC", "provider": "NanoThread", "SSL_Support": "Yes", "authentication_Model": "API Key, Token", "version": "1.0.0", "versionStatus": "Recommended (active, supported)", "type": "Web/Internet", "architecturalStyle": "REST", "supportedRequestFormats": "JSON, URI Query String/CRUD", "supportedResponseFormats": "JSON", "restrictedAccess": "Yes"}