{"url": "https://www.programmableweb.com/api/brighter-ai-identity-protection-suite-rest-api-v3", "name": "brighter AI Identity Protection Suite REST API v3", "description": " brighter AI\u2019s Identity Protection Suite (IPS) offers various solutions to automatically redact faces and license plates on images and videos with highest quality. Protect personally identifiable information in images and videos against identification through facial or license plate recognition software and comply with data privacy regulations. Use this API to anonymize image and video material without losing compatibility with analytics and machine learning through our unique DNAT solution. Speed up public data collection and data sharing across domains, such as autonomous driving, video analytics, labelling, and video management systems.", "endpoint": "https://api.identity.ps/", "homePage": "https://product.brighter.ai/", "primaryCategory": "Privacy", "secondaryCategories": "Artificial Intelligence, Compliance, Images, Machine Learning, Personal Information Management, Recognition, Video", "provider": "Brighter AI", "SSL_Support": "Yes", "authentication_Model": "API Key", "version": "3", "versionStatus": "Recommended (active, supported)", "type": "Web/Internet", "architecturalStyle": "REST", "supportedRequestFormats": "Binary, JSON, URI Query String/CRUD, REST, Multipart", "supportedResponseFormats": "Binary, JSON", "restrictedAccess": "No"}