{"url": "https://www.programmableweb.com/api/zenda-rest-api-v1", "name": "Zenda REST API v1", "description": " Zenda enables cross-border shipping services powered by British Airways. Zenda offers eCommerce merchants a set of endpoints for calculating shipping rates, taxes, duties, label printing, and tracking. The API provides methods for booking a shipment, retrieve shipping labels, and get shipping information. API Keys are used for authentication.", "endpoint": "https://api.zenda.global/live", "homePage": "https://zenda.global", "primaryCategory": "Shipping", "secondaryCategories": "eCommerce, Logistics, Prices, Taxes", "provider": "Zenda Group Limited", "SSL_Support": "Yes", "authentication_Model": "API Key, Token", "version": "1", "versionStatus": "Recommended (active, supported)", "type": "Web/Internet", "architecturalStyle": "REST", "supportedRequestFormats": "JSON, URI Query String/CRUD", "supportedResponseFormats": "JSON", "restrictedAccess": "Yes"}