{"url": "https://www.programmableweb.com/api/earth-arctic-sea-ice-extent-rest-api-v10", "name": "Earth arctic sea ice extent REST API v1.0", "description": " This API provides the average monthly Arctic sea ice extent each September since 1979, derived from satellite observations.", "endpoint": "https://global-warming.org/api/arctic-api", "homePage": "https://global-warming.org", "primaryCategory": "Climate", "secondaryCategories": "Environment, Marine, Science, Sustainability", "provider": "Independent Developer", "SSL_Support": "Yes", "authentication_Model": "N/A", "version": "1.0", "versionStatus": "Recommended (active, supported)", "type": "Web/Internet", "architecturalStyle": "REST", "supportedRequestFormats": "JSON", "supportedResponseFormats": "JSON", "restrictedAccess": "No"}