{"url": "https://www.programmableweb.com/api/american-bible-society-scripture-rest-api-v163", "name": "American Bible Society Scripture REST API v1.6.3", "description": " American Bible Society Scripture API enables developers to make Scriptures available to read on websites and applications. The API offers content from several different Bibles, and more than 80 languages. Methods are available to return Bible version lists, books, chapters, sections, verses, specific verse and more.", "endpoint": "https://api.scripture.api.bible/v1/", "homePage": "https://docs.api.bible/", "primaryCategory": "Religion", "secondaryCategories": "N/A", "provider": "American Bible Society", "SSL_Support": "Yes", "authentication_Model": "API Key", "version": "1.6.3", "versionStatus": "Recommended (active, supported)", "type": "Web/Internet", "architecturalStyle": "REST", "supportedRequestFormats": "JSON", "supportedResponseFormats": "JSON", "restrictedAccess": "No"}