{"url": "https://www.programmableweb.com/api/stockgeist-rest-api-v1", "name": "StockGeist REST API v1", "description": " StockGeist is a stock market sentiment monitoring platform. The StockGeist API enables users to monitor more than 2200 companies mentioned on social media in real-time. Methods are available to retrieve metrics data from articles, prices, messages, topics & ranking about stock symbols, credits, fundamentals.", "endpoint": "https://api.stockgeist.ai/", "homePage": "https://www.stockgeist.ai/stock-news-sentiment-api/", "primaryCategory": "Stocks", "secondaryCategories": "Real Time, Sentiment, Social", "provider": "Neurotechnology", "SSL_Support": "Yes", "authentication_Model": "API Key", "version": "1", "versionStatus": "Recommended (active, supported)", "type": "Web/Internet", "architecturalStyle": "REST", "supportedRequestFormats": "JSON", "supportedResponseFormats": "JSON", "restrictedAccess": "No"}