{"url": "https://www.programmableweb.com/api/packagecloudio-rest-api-v10", "name": "packagecloud.io REST API v1.0", "description": " This Rest API is used for automation of common tasks for a combination of metadata, configuration, and software that is prepared in a package management program. This includes; Java packages (Clojure, SBT, \"fatjar\"), Debian source packages (DSCs), Python packages (wheels, eggs, source distributions), RubyGems and more. It allows you to build a repo of packages and some metadata describing a variety of attributes about the packages and can be accessed using Travis CI, Jenkins, Buildkite, Private Package Repository and more. The packageclound.io service provides apt, yum, and rubygems repositories with powerful tooling, security and automation.", "endpoint": "https://packagecloud.io/api/v1/", "homePage": "https://packagecloud.io/docs/api#getting_started", "primaryCategory": "Application Development", "secondaryCategories": "Automation, Cloud, DevOps, Security", "provider": "packagecloud.io", "SSL_Support": "Yes", "authentication_Model": "HTTP Basic Auth, Token", "version": "1.0", "versionStatus": "Recommended (active, supported)", "type": "Web/Internet", "architecturalStyle": "REST", "supportedRequestFormats": "JSON, URI Query String/CRUD", "supportedResponseFormats": "JSON", "restrictedAccess": "No"}