{"url": "https://www.programmableweb.com/api/genesys-notification-rest-api-v1", "name": "Genesys Notification REST API v1", "description": " The Genesys Notification API manages notifications between apps and Genesys systems, once consumers subscribe to an event. Developers can use JSON format. Successful responses display HTTP codes and HTTP messages. Genesys provides customer call center software to medium and large enterprises.", "endpoint": "N/A", "homePage": "https://docs.genesys.com/Documentation/GMS/latest/API/NotificationAPI", "primaryCategory": "Customer Service", "secondaryCategories": "Notifications, Platform-as-a-Service", "provider": "Genesys", "SSL_Support": "Yes", "authentication_Model": "API Key", "version": "1", "versionStatus": "Recommended (active, supported)", "type": "Product", "architecturalStyle": "REST", "supportedRequestFormats": "JSON, URI Query String/CRUD", "supportedResponseFormats": "JSON", "restrictedAccess": "No"}