{"url": "https://www.programmableweb.com/api/common-sense-media-rest-api-v2", "name": "Common Sense Media REST API v2", "description": " Common Sense Media provides aged-based media reviews for families. The Common Sense Media API enables developers to embed review content about movies, games, apps, websites, TV shows and books. Retrieve reviews, videos, lists, and blog articles by age, ratings, talking points, stars, themes, channels, studios, platforms, awards, release dates and many other factors.", "endpoint": "https://api.commonsense.org/v2", "homePage": "https://www.commonsensemedia.org/developers", "primaryCategory": "Ratings", "secondaryCategories": "Applications, Books, Family, Games, Media, TV", "provider": "Common Sense Media", "SSL_Support": "Yes", "authentication_Model": "API Key", "version": "2", "versionStatus": "Recommended (active, supported)", "type": "Web/Internet", "architecturalStyle": "REST", "supportedRequestFormats": "JSON", "supportedResponseFormats": "JSON", "restrictedAccess": "No"}