{"url": "https://www.programmableweb.com/api/piano-rest-api-v3", "name": "Piano REST API v3", "description": " The Piano API integrates monetization of digital content into applications. It is available in REST architecture with SDKs, webhooks, and Drupal as CMS. Developers can send HTTP requests to receive JSON responses in return. Piano creates tools for media, audience intelligence, monetization and content.", "endpoint": "https://api.tinypass.com/api/v3", "homePage": "http://vx.piano.io/javascript-api", "primaryCategory": "Platform-as-a-Service", "secondaryCategories": "Business, Media, Monetization", "provider": "Piano", "SSL_Support": "Yes", "authentication_Model": "Token", "version": "3", "versionStatus": "Recommended (active, supported)", "type": "Web/Internet", "architecturalStyle": "REST", "supportedRequestFormats": "JSON, URI Query String/CRUD", "supportedResponseFormats": "JSON", "restrictedAccess": "No"}