{"url": "https://www.programmableweb.com/api/cad-model-repair-rest-api-v10", "name": "CAD Model Repair REST API v1.0", "description": " This API allows you to fix your CAD files and get them ready for additive or subtractive manufacturing. It allows you to repair existing CAD models created in different CAD systems. This includes; Check STL Files, Repair Degenerate Faces, Repair Normal Values and more. Cad.ai 3D files viewer is a professional viewer for 3d industry smart CAD Platform for your CAD/CAM business.", "endpoint": "https://api.cad.ai/api/v1/repairfile", "homePage": "https://cad.ai/cad-model-repair-api/", "primaryCategory": "Models", "secondaryCategories": "3D, Design, Manufacturing, Printing, Widgets", "provider": "CAD.ai", "SSL_Support": "Yes", "authentication_Model": "API Key", "version": "1.0", "versionStatus": "Recommended (active, supported)", "type": "System/Embedded", "architecturalStyle": "REST", "supportedRequestFormats": "JSON, URI Query String/CRUD", "supportedResponseFormats": "JSON", "restrictedAccess": "No"}