{"url": "https://www.programmableweb.com/api/amadeus-hotel-ratings-rest-api-v2", "name": "Amadeus Hotel Ratings REST API v2", "description": " The Amadeus Hotel Ratings API returns hotel ratings based on an automated sentiment analysis algorithm applied to online reviews. The API provides an overall rating for a hotel as well as ratings for different categories such as staff, pool, internet, and location. This API is provided by Amadeus, a technology company that builds solutions for travel operations such as airlines, hotels, railways, and travel agencies.", "endpoint": "https://test.api.amadeus.com/v2/e-reputation/hotel-sentiments", "homePage": "https://developers.amadeus.com/self-service/category/hotel/api-doc/hotel-ratings", "primaryCategory": "Hotels", "secondaryCategories": "Ratings, Sentiment, Travel", "provider": "Amadeus", "SSL_Support": "Yes", "authentication_Model": "API Key, OAuth 2, Shared Secret, Token", "version": "2", "versionStatus": "Recommended (active, supported)", "type": "Web/Internet", "architecturalStyle": "REST", "supportedRequestFormats": "JSON, URI Query String/CRUD", "supportedResponseFormats": "JSON", "restrictedAccess": "No"}