{"url": "https://www.programmableweb.com/api/nftport-rest-api-v100", "name": "NFTPort REST API v1.0.0", "description": " NFTPort is \"the Stripe for NFTs\" (non-fungible tokens), a service that offers developer tools to bring their NFT applications to market. The NFTPort API offers programmatic access to the service, with methods to manage visual search, easy minting, text search, account, contract, advanced minting, NFT retrieval, user profile and more.", "endpoint": "https://api.nftport.xyz/", "homePage": "https://docs.nftport.xyz/docs/nftport/YXBpOjY4Njcz-nft-port-api-beta", "primaryCategory": "Blockchain", "secondaryCategories": "Art, Cryptocurrency, Media", "provider": "NFTPort", "SSL_Support": "Yes", "authentication_Model": "API Key", "version": "1.0.0", "versionStatus": "Pre-release", "type": "Web/Internet", "architecturalStyle": "REST", "supportedRequestFormats": "JSON, URI Query String/CRUD", "supportedResponseFormats": "JSON", "restrictedAccess": "No"}