{"url": "https://www.programmableweb.com/api/transchain-katena-rest-api-v10", "name": "TransChain Katena REST API v1.0", "description": " The TransChain Katena API enables developers to access blockchain data in their applications. The API returns information associated with transactions, company keys, and certificates. The API features REST architecture and JSON responses. TransChain is a blockchain platform designed to meet the data privacy requirements of businesses, and to facilitate cloud integrations.", "endpoint": "https://nodes.katena.transchain.io/api/v1", "homePage": "https://doc.katena.transchain.io/docs/guides/networks/", "primaryCategory": "Blockchain", "secondaryCategories": "Business", "provider": "TransChain", "SSL_Support": "Yes", "authentication_Model": "API Key", "version": "1.0", "versionStatus": "Recommended (active, supported)", "type": "Web/Internet", "architecturalStyle": "REST", "supportedRequestFormats": "JSON, URI Query String/CRUD", "supportedResponseFormats": "JSON", "restrictedAccess": "Yes"}