{"url": "https://www.programmableweb.com/api/contextualweb-news-rest-api-v10", "name": "ContextualWeb News REST API v1.0", "description": " The ContextualWeb News API is an easy to use RESTful service that provides up-to-date and highly relevant results for news search queries. Our dataset includes billions of news articles from over 100,000 sources and is updated throughout the day, ensuring you always get the most up-to-date and relevant results. Using News API, your app can fetch general or topical news articles, or aggregate articles for data analytics or machine learning purposes.", "endpoint": "https://contextualwebsearch-websearch-v1.p.rapidapi.com/api", "homePage": "https://contextualweb.io/news-api", "primaryCategory": "News Services", "secondaryCategories": "Search", "provider": "contextualwebsearch", "SSL_Support": "Yes", "authentication_Model": "API Key", "version": "1.0", "versionStatus": "Active (supported, scheduled for retirement)", "type": "Web/Internet", "architecturalStyle": "REST", "supportedRequestFormats": "URI Query String/CRUD", "supportedResponseFormats": "JSON", "restrictedAccess": "No"}