{"url": "https://www.programmableweb.com/api/airy-rest-api-v1", "name": "Airy REST API v1", "description": " Airy is an open source conversation platform. The Airy API enables developers to programmatically access the platform with methods to manage channels, chat plugin, conversations, messages, metadata, tags, and templates.", "endpoint": "http://airy.core/", "homePage": "https://airy.co/docs/core/api/introduction", "primaryCategory": "Messaging", "secondaryCategories": "Artificial Intelligence, Customer Service, Integration, Open Source", "provider": "Airy", "SSL_Support": "Yes", "authentication_Model": "Other/Custom", "version": "1", "versionStatus": "Recommended (active, supported)", "type": "Product", "architecturalStyle": "REST", "supportedRequestFormats": "JSON, URI Query String/CRUD", "supportedResponseFormats": "JSON", "restrictedAccess": "No"}