{"url": "https://www.programmableweb.com/api/speechmatics-rest-api-v10", "name": "Speechmatics REST API v1.0", "description": " The Speechmatics API offers a transcription platform to integrate with existing applications. It supports different audio and video formats such as MP4, and WAV. This REST API returns data in the JSON format and uses Token for authentication. Speechmatics provides its cloud-based services on a range of languages.", "endpoint": "https://api.speechmatics.com/v1.0/", "homePage": "https://app.speechmatics.com/api-details", "primaryCategory": "Text-to-Speech", "secondaryCategories": "Cloud, Transcription", "provider": "Speechmatics", "SSL_Support": "Yes", "authentication_Model": "Token", "version": "1.0", "versionStatus": "Recommended (active, supported)", "type": "Web/Internet", "architecturalStyle": "REST", "supportedRequestFormats": "JSON, URI Query String/CRUD", "supportedResponseFormats": "JSON", "restrictedAccess": "Yes"}