{"url": "https://www.programmableweb.com/api/vonage-nexmo-conversion-rest-api-v10", "name": "Vonage Nexmo Conversion REST API v1.0", "description": " The Vonage Nexmo Conversion API allows developers to send conversion data to Nexmo that conveys the reliability of their 2FA communications. Nexmo uses this data to identify the carriers who provide the best performance and reroute messages through faster and more reliable carrier routes. This API is part of a suite provided by Vonage (formerly Nexmo) for managing customer communications.", "endpoint": "https://api.nexmo.com/conversions", "homePage": "https://developer.nexmo.com/api/conversion", "primaryCategory": "Optimization", "secondaryCategories": "Authentication, Messaging, Telephony", "provider": "Vonage", "SSL_Support": "Yes", "authentication_Model": "API Key, Shared Secret", "version": "1.0", "versionStatus": "Recommended (active, supported)", "type": "Web/Internet", "architecturalStyle": "REST", "supportedRequestFormats": "JSON, URI Query String/CRUD, XML", "supportedResponseFormats": "JSON, XML", "restrictedAccess": "No"}