{"url": "https://www.programmableweb.com/api/nextform-rest-api-v1", "name": "Nextform REST API v1", "description": " Nextform helps you collect, generate, and keep track of commonly requested official forms like W-9s and certificates of insurance with an API that is easy to implement and white label forms that show your organization's name and brand.", "endpoint": "https://api.nextform.app/", "homePage": "https://nextform.app/docs/getting-started", "primaryCategory": "Documents", "secondaryCategories": "Forms, Insurance, Taxes", "provider": "Nextform", "SSL_Support": "Yes", "authentication_Model": "API Key", "version": "1", "versionStatus": "Recommended (active, supported)", "type": "Web/Internet", "architecturalStyle": "REST", "supportedRequestFormats": "JSON, URI Query String/CRUD", "supportedResponseFormats": "JSON", "restrictedAccess": "No"}