{"url": "https://www.programmableweb.com/api/waylay-rest-api-v103", "name": "Waylay REST API v1.0.3", "description": " Waylay is an automation and analytics platform for Industrial Internet of Things (IIoT) and (IoT). The Waylay REST API enables developers to integrate with the platform, using methods to manage tasks, batch task operations, templates, plugs (sensors, actuators and transformers), Node related calls and real-time data.", "endpoint": "https://sometenant.waylay.io/api/tasks", "homePage": "https://docs.waylay.io/", "primaryCategory": "IIoT", "secondaryCategories": "Internet of Things, Manufacturing", "provider": "Waylay", "SSL_Support": "Yes", "authentication_Model": "API Key", "version": "1.0.3", "versionStatus": "Recommended (active, supported)", "type": "Web/Internet", "architecturalStyle": "REST", "supportedRequestFormats": "JSON, URI Query String/CRUD", "supportedResponseFormats": "JSON", "restrictedAccess": "No"}