{"url": "https://www.programmableweb.com/api/stronghold-kyc-profiles-rest-api-v10", "name": "Stronghold KYC Profiles REST API v1.0", "description": " The Stronghold Know Your Customer Profiles API provides a way to verify customer identities for compliance. Stronghold is an altcoin exchange platform that provides the ability to trade cryptocurrencies with relatively fast transactions and minimal fees that is built on the Stellar network. Stronghold also operates an over-the-counter trading desk for large block trading and currently supports Bitcoin (BTC), Ethereum (ETH), Mobius (MOBI) and Lumens (XLM).", "endpoint": "N/A", "homePage": "https://docs.stronghold.co/#f21f6841-81b9-40e4-b04a-7ee676ce0e87", "primaryCategory": "Blockchain", "secondaryCategories": "Bitcoin, Cryptocurrency, Currency, Financial, Identity", "provider": "Stronghold Institutional Services", "SSL_Support": "Yes", "authentication_Model": "Shared Secret", "version": "1.0", "versionStatus": "Recommended (active, supported)", "type": "Web/Internet", "architecturalStyle": "REST", "supportedRequestFormats": "JSON, URI Query String/CRUD", "supportedResponseFormats": "JSON", "restrictedAccess": "No"}