{"url": "https://www.programmableweb.com/api/manystories-rest-api-v10", "name": "ManyStories REST API v1.0", "description": " ManyStories is an online place for sharing and discovering stories. The ManyStories API provides RESTful read-only access to data about the stories, including retrieving resources, versions, lists. ManyStories is part of the Penname content distribution platform.", "endpoint": "http://manystoriesoneheart.gr/api/", "homePage": "https://manystories.readthedocs.io/en/latest/", "primaryCategory": "Writing", "secondaryCategories": "Content, Publishing", "provider": "Penname", "SSL_Support": "Yes", "authentication_Model": "Unspecified", "version": "1.0", "versionStatus": "Recommended (active, supported)", "type": "Web/Internet", "architecturalStyle": "REST", "supportedRequestFormats": "JSON", "supportedResponseFormats": "JSON", "restrictedAccess": "No"}