{"url": "https://www.programmableweb.com/api/wattics-dashboard-management-rest-api-v2", "name": "Wattics Dashboard Management REST API v2", "description": " Wattics provides energy management & monitoring software for smart meters, sensors and business data. The Wattics Smart Meter Energy Data REST API offers programmatic access to data about measurements from meters, building management systems (BMS), head end systems, sensors, databases and other data providers. Use the API to upload data for analysis, integrate devices and sensors, manage solar power generation, manage users, organizations, sites, meters, appliances, metadata, raw data, consumptions, costs, tariffs, and more.", "endpoint": "https://api.wattics.com/api/v1/", "homePage": "https://www.wattics.com/tool/restapi/", "primaryCategory": "Energy", "secondaryCategories": "Internet of Things, Monitoring, Solar", "provider": "Wattics", "SSL_Support": "Yes", "authentication_Model": "Token", "version": "2", "versionStatus": "Recommended (active, supported)", "type": "Product", "architecturalStyle": "REST", "supportedRequestFormats": "JSON, URI Query String/CRUD", "supportedResponseFormats": "JSON", "restrictedAccess": "No"}