{"url": "https://www.programmableweb.com/api/targomo-travel-times-rest-api-v0312", "name": "Targomo Travel Times REST API v0.3.1.2", "description": " With Targomo's Travel Times API, calculate precise travel times and distances from several sources to a large number of targets. Optimized for high volume to measure lots of points at once. Ideal for sorting and filtering locations, on a map or non-geographic manner. Get the results as JSON.", "endpoint": "https://api.targomo.com/{region}/v1/time", "homePage": "https://www.targomo.com/developers", "primaryCategory": "Mapping", "secondaryCategories": "Geography, Location, Visualizations", "provider": "Targomo", "SSL_Support": "Yes", "authentication_Model": "API Key", "version": "0.3.1.2", "versionStatus": "Recommended (active, supported)", "type": "Web/Internet", "architecturalStyle": "REST", "supportedRequestFormats": "JSON, URI Query String/CRUD", "supportedResponseFormats": "JSON", "restrictedAccess": "No"}