{"url": "https://www.programmableweb.com/api/fieldpine-retail-rest-api-v1", "name": "Fieldpine Retail REST API v1", "description": " Fieldpine offers retail store automation, Point Of Sale (POS), inventory and stock management, customer management, loyalty programs and analytical reporting solutions. The Fieldpine Retail API enables developers to programmatically interact with retail systems to retrieve store details, current product information, details for barcoded prepay cards or vouchers, and individual sale details.", "endpoint": "https://www.fieldpine.com/RetailApi", "homePage": "https://www.fieldpine.com/docs/retailapi/default.htm", "primaryCategory": "Retail", "secondaryCategories": "Automation, Inventory, Products, Sales", "provider": "Fieldpine", "SSL_Support": "Yes", "authentication_Model": "API Key", "version": "1", "versionStatus": "Recommended (active, supported)", "type": "Web/Internet", "architecturalStyle": "REST", "supportedRequestFormats": "JSON, URI Query String/CRUD", "supportedResponseFormats": "JSON, XML", "restrictedAccess": "No"}