{"url": "https://www.programmableweb.com/api/pitney-bowes-dutycalculator-rest-api-v21", "name": "Pitney Bowes DutyCalculator REST API v2.1", "description": " This API enables a merchant to charge accurate import duty & taxes at checkout while offering a total landed cost to their international customers. It allows merchants to classify their product catalog and create required documentation like commercial invoices and packing lists. This includes 10 digit HS codes of country of destination. Pitney Bowes is a global technology company offering products and solutions that enable commerce in the areas of customer information management, location intelligence, customer engagement and more.", "endpoint": " http://www.dutycalculator.com/api2.1/{API-key}/", "homePage": "http://www.dutycalculator.com/api-center/Overview-DutyCalculator-API-services/", "primaryCategory": "Taxes", "secondaryCategories": "International, Invoicing, Shipping", "provider": "Pitney Bowes", "SSL_Support": "No", "authentication_Model": "API Key", "version": "2.1", "versionStatus": "Recommended (active, supported)", "type": "Web/Internet", "architecturalStyle": "REST", "supportedRequestFormats": "URI Query String/CRUD", "supportedResponseFormats": "XML", "restrictedAccess": "No"}