{"url": "https://www.programmableweb.com/api/allthingstalk-rest-api-v1", "name": "Allthingstalk REST API v1", "description": " The Allthingstalk API provides internet of service features. It is available in REST architecture with JSON data and OAuth2 authentication. It supports Arduino open source platform. AllThingsTalk is an Internet of Things platform for developing IoT products and applications.", "endpoint": "https://api.allthingstalk.io/", "homePage": "http://docs.allthingstalk.com/developers/", "primaryCategory": "Internet of Things", "secondaryCategories": "Hardware", "provider": "Allthingstalk", "SSL_Support": "No", "authentication_Model": "OAuth 2", "version": "1", "versionStatus": "Recommended (active, supported)", "type": "Product", "architecturalStyle": "REST", "supportedRequestFormats": "JSON, URI Query String/CRUD", "supportedResponseFormats": "JSON", "restrictedAccess": "No"}