{"url": "https://www.programmableweb.com/api/nextroll-automated-campaigns-rest-api-v10", "name": "NextRoll Automated Campaigns REST API v1.0", "description": " The NextRoll Automated Campaigns API creates and edits AdRoll strategies allowing to fetch campaigns for a given strategy, modify a specific campaign, fetch a strategy, and create a new strategy. Developers can make requests that will display JSON formats in response. NextRoll provides data driven marketing services powered by machine learning.", "endpoint": "https://services.adroll.com/activate/api/v1/", "homePage": "https://developers.nextroll.com/docs/automated-campaigns-api/examples.html#autom\u2026", "primaryCategory": "Marketing", "secondaryCategories": "Advertising", "provider": "NextRoll", "SSL_Support": "Yes", "authentication_Model": "HTTP Basic Auth", "version": "1.0", "versionStatus": "Recommended (active, supported)", "type": "Web/Internet", "architecturalStyle": "REST", "supportedRequestFormats": "URI Query String/CRUD", "supportedResponseFormats": "JSON", "restrictedAccess": "No"}