{"url": "https://www.programmableweb.com/api/pipedream-rest-api-v10", "name": "Pipedream REST API v1.0", "description": " The Pipedream API enables developers to create and manage users, sources, and source events. Workflow development and management is not currently supported. The API features REST architecture, API Key authentication, and JSON responses. Pipedream allows developers to build and run workflows that integrate applications, data, and APIs. Data can be integrated from Google Cloud, WordPress, Slack, Azure, Twilio, Stripe, GitHub, GitLab, AWS, Salesforce, Shopify, and many others.", "endpoint": "https://api.pipedream.com/v1", "homePage": "https://docs.pipedream.com/api/rest/#overview", "primaryCategory": "Application Development", "secondaryCategories": "Big Data, Cloud, Data", "provider": "Pipedream", "SSL_Support": "Yes", "authentication_Model": "API Key", "version": "1.0", "versionStatus": "Recommended (active, supported)", "type": "Web/Internet", "architecturalStyle": "REST", "supportedRequestFormats": "URI Query String/CRUD", "supportedResponseFormats": "JSON", "restrictedAccess": "Yes"}