{"url": "https://www.programmableweb.com/api/emoji-info-rest-api-v1", "name": "Emoji Info REST API v1", "description": " Emoji Info API provides data about emojis in 42 human languages.Use this API to search and retrieve data such as title, tags, for example: face, grin, crying face, food, soda, soccer ball, etc. It also returns encoded and unicode standard information. Three pricing levels are provided.", "endpoint": "N/A", "homePage": "https://www.emojiinfo.com/documentation", "primaryCategory": "Animation", "secondaryCategories": "Humor, Images, Meme, Messaging", "provider": "Emoji Info", "SSL_Support": "Yes", "authentication_Model": "API Key", "version": "1", "versionStatus": "Recommended (active, supported)", "type": "Web/Internet", "architecturalStyle": "REST", "supportedRequestFormats": "JSON", "supportedResponseFormats": "JSON", "restrictedAccess": "No"}