{"url": "https://www.programmableweb.com/api/ecommpay-gate-rest-api-v2", "name": "ECommPay Gate REST API v2", "description": " The ECommPay Gate API enables merchants to perform all types of payments and operations and retrieve additional information including customer data, refunds, and providers. The API features REST architecture, and JSON responses. ECommPay offers risk management, TLS 1.2 support, multifactor authentication, and DDoS protection.", "endpoint": "https://api.ecommpay.com/v2", "homePage": "https://api-developers.ecommpay.com/", "primaryCategory": "Payments", "secondaryCategories": "Business", "provider": "ECommPay", "SSL_Support": "Yes", "authentication_Model": "API Key", "version": "2", "versionStatus": "Recommended (active, supported)", "type": "Web/Internet", "architecturalStyle": "REST", "supportedRequestFormats": "JSON, URI Query String/CRUD", "supportedResponseFormats": "JSON", "restrictedAccess": "Yes"}