{"url": "https://www.programmableweb.com/api/precisely-neighborhoods-rest-api-v10", "name": "Precisely Neighborhoods REST API v1.0", "description": " Precisely Neighborhoods Insights offers global neighborhood names and classification information associated with the requested coordinates. Precisely is a data integrity platform capable of collecting, verifying, and mapping information. This platform can be used to enable address typeahead capabilities in eCommerce websites, determine origin and delivery destinations in logistics applications, and provide better insights for customer engagement. Precisely APIs feature REST architecture, API Key authentication, and JSON responses.", "endpoint": "https://api.precisely.com/neighborhoods/v1", "homePage": "https://developer.precisely.com/apis/neighborhoods", "primaryCategory": "Data", "secondaryCategories": "Addresses, Business, Location", "provider": "Precisely", "SSL_Support": "Yes", "authentication_Model": "API Key, Shared Secret", "version": "1.0", "versionStatus": "Recommended (active, supported)", "type": "Web/Internet", "architecturalStyle": "REST", "supportedRequestFormats": "URI Query String/CRUD", "supportedResponseFormats": "JSON", "restrictedAccess": "Yes"}