{"url": "https://www.programmableweb.com/api/healthcare-locator-indirect-api-v12", "name": "HealthCare Locator Indirect API v1.2", "description": " The HealthCare Locator API can connect any mHealth app to the Database\u2014the world's most comprehensive source of real-time healthcare data\u2014which includes trusted records for 21.5 million healthcare providers (HCPs) and 2.5 million healthcare organizations (HCOs) worldwide, with thousands of daily updates. This API is accessible indirectly via SDKs. Now you can seamlessly integrate our open source SDK into your own my Health apps and websites, giving your users HCP Finder tools that offer the most up-to-date access to the healthcare they need, when they need it.", "endpoint": "N/A", "homePage": "https://www.healthcarelocator.com/en/developers", "primaryCategory": "Healthcare", "secondaryCategories": "Medical Records", "provider": "HealthCare Locator, IQVIA", "SSL_Support": "Yes", "authentication_Model": "Unspecified", "version": "1.2", "versionStatus": "Recommended (active, supported)", "type": "Product", "architecturalStyle": "Indirect", "supportedRequestFormats": "Unspecified", "supportedResponseFormats": "Unspecified", "restrictedAccess": "No"}