{"url": "https://www.programmableweb.com/api/google-abusive-experience-report-rest-api-v10", "name": "Google Abusive Experience Report REST API v1.0", "description": " The Google Abusive Experience Report API allows you to view Abusive Experience Report data, and get a list of sites that have a significant number of abusive experiences. Google is a technology company that specializes in Internet-related services and products that includes online advertising technologies, search, cloud computing, software, and hardware.", "endpoint": "https://abusiveexperiencereport.googleapis.com", "homePage": "https://developers.google.com/abusive-experience-report/v1/reference/rest/", "primaryCategory": "Web Site Management", "secondaryCategories": "Advertising, Data, Lists, Reporting, Spam", "provider": "Google", "SSL_Support": "Yes", "authentication_Model": "API Key, OAuth 2", "version": "1.0", "versionStatus": "Recommended (active, supported)", "type": "of License if Non Proprietary Creative Commons Attribution 3.0 License", "architecturalStyle": "REST", "supportedRequestFormats": "JSON, URI Query String/CRUD", "supportedResponseFormats": "JSON, Media, Proto", "restrictedAccess": "No"}