{"url": "https://www.programmableweb.com/api/semaphore-ci-rest-api-v2", "name": "Semaphore CI REST API v2", "description": " The Semaphore API offers an out of the box CI server designed to hasten deployment processes. Developers need only to push newly updated code to the cloud to test it, then Semaphore deploys the code with Docker for continuous delivery. The API requires JSON formatted input and output. Semaphore offers several plans for deployment, and a 30 day trial is also available.", "endpoint": "https://api.semaphoreci.com/v2", "homePage": "https://semaphoreci.com/", "primaryCategory": "Application Development", "secondaryCategories": "Cloud, Collaboration, DevOps", "provider": "Rendered Text", "SSL_Support": "Yes", "authentication_Model": "Token", "version": "2", "versionStatus": "Recommended (active, supported)", "type": "Web/Internet", "architecturalStyle": "REST", "supportedRequestFormats": "JSON, URI Query String/CRUD", "supportedResponseFormats": "JSON", "restrictedAccess": "Yes"}