{"url": "https://www.programmableweb.com/api/clean-power-research-solar-simulations-rpc-api-v20", "name": "Clean Power Research Solar Simulations REST API v2.0", "description": " Clean Power Research builds services for energy calculation, simulation, and automation. The Clean Power Research Solar Simulations API provides access to irradiance and weather data. All Solar Simulation API methods support XML. The API can simulate PV output to receive AC energy production, Plane Of Array Irradiance (POAI), solid and liquid precipitation, and more.", "endpoint": "http://service.solaranywhere.com/api/v2", "homePage": "https://developers.cleanpower.com/solar-simulations", "primaryCategory": "Solar", "secondaryCategories": "Data, Energy, Environment", "provider": "Clean Power Research", "SSL_Support": "Yes", "authentication_Model": "API Key, HTTP Basic Auth", "version": "2.0", "versionStatus": "Recommended (active, supported)", "type": "Web/Internet", "architecturalStyle": "REST", "supportedRequestFormats": "URI Query String/CRUD, XML", "supportedResponseFormats": "XML", "restrictedAccess": "No"}