{"url": "https://www.programmableweb.com/api/tzstats-rest-api-v10", "name": "TzStats REST API v1.0", "description": " The TzStats API retrieves satistical data from the Tezos blockchain including accounts, bigmaps, blocks, blockchain configuration, contracts, cycles, elections, indexer status, and marker tickers. Tezos is a blockchain open-source platform.", "endpoint": "https://api.tzstats.com", "homePage": "https://tzstats.com/docs/api/index.html#blocks", "primaryCategory": "Statistics", "secondaryCategories": "Blockchain, Open Source", "provider": "TzStats", "SSL_Support": "Yes", "authentication_Model": "Unspecified", "version": "1.0", "versionStatus": "Recommended (active, supported)", "type": "Web/Internet", "architecturalStyle": "REST", "supportedRequestFormats": "URI Query String/CRUD", "supportedResponseFormats": "CSV, JSON", "restrictedAccess": "No"}