{"url": "https://www.programmableweb.com/api/petrescue-rest-api-v20", "name": "PetRescue REST API v2.0", "description": " The PetRescue API allows users to search for pet rescue listings in Australia, list breeds, create or update adoption listings and more. Access to this REST service requires token based authentication to process requests. HTTP requests using GET/POST/PATCH and POST are supported, utilizing JSON formatted content. PetRescue is a Australian national animal welfare charity that connects rescue pets with new homes.", "endpoint": "https://www.petrescue.com.au/api/v2", "homePage": "https://www.petrescue.com.au/api/docs", "primaryCategory": "Pets", "secondaryCategories": "Adoption, Charity, Search", "provider": "PetRescue", "SSL_Support": "Yes", "authentication_Model": "Token", "version": "2.0", "versionStatus": "Recommended (active, supported)", "type": "Web/Internet", "architecturalStyle": "REST", "supportedRequestFormats": "JSON, URI Query String/CRUD", "supportedResponseFormats": "JSON", "restrictedAccess": "No"}