{"url": "https://www.programmableweb.com/api/simfin-rest-api-v20", "name": "SimFin REST API v2.0", "description": " SimFin leverages machine learning to make financial data available to investors and other interested parties. The SimFin API enables users to integrate the data with methods for general company information, share price data, fundamentals, shares outstanding a POST method to search the database. SimFin is short for Simplifying Finance.", "endpoint": "https://simfin.com/api/v2/", "homePage": "https://simfin.com/data/api", "primaryCategory": "Financial", "secondaryCategories": "B2B, Business, Data, Machine Learning", "provider": "SimFin", "SSL_Support": "Yes", "authentication_Model": "API Key", "version": "2.0", "versionStatus": "Recommended (active, supported)", "type": "Web/Internet", "architecturalStyle": "REST", "supportedRequestFormats": "JSON, URI Query String/CRUD", "supportedResponseFormats": "JSON", "restrictedAccess": "No"}