{"url": "https://www.programmableweb.com/api/scival-institution-group-lookup-rest-api-v20", "name": "SciVal Institution Group Lookup REST API v2.0", "description": " The SciVal Institution Group Lookup API allows developers to look up or perform a boolean search for a SciVal Institution Group. Developers can also get metrics for an Institution Group, including citation count, citations per publication, collaboration impact, scholarly output, etc. SciVal is Elsevier's platform for research performance benchmarking, offering comprehensive metrics for Scopus Authors and institutions.", "endpoint": "https://api.elsevier.com/analytics/scival/institutionGroup/", "homePage": "https://dev.elsevier.com/documentation/SciValInstitutionGroupAPI.wadl", "primaryCategory": "Science", "secondaryCategories": "Data, Publishing, Reference", "provider": "Elsevier", "SSL_Support": "Yes", "authentication_Model": "API Key, OAuth 2, Token", "version": "2.0", "versionStatus": "Recommended (active, supported)", "type": "Web/Internet", "architecturalStyle": "REST", "supportedRequestFormats": "URI Query String/CRUD", "supportedResponseFormats": "JSON, XML", "restrictedAccess": "No"}