{"url": "https://www.programmableweb.com/api/dimensions-analytics-rest-api-v1280", "name": "Dimensions Analytics REST API v1.28.0", "description": " Dimensions is an Abstracting & Indexing (A&I) database that links publications and citations with grants, patents, clinical trials, datasets, and policy papers to deliver a more holistic view of the research landscape. The Dimensions API is accessible via a CURL or a Python SDK to query the database for discovery of content and asset retrieval. A Google Sheets connector add on is also available.", "endpoint": "N/A", "homePage": "https://www.dimensions.ai/dimensions-apis/", "primaryCategory": "Reference", "secondaryCategories": "Education, Science, Search", "provider": "Digital Science & Research Solutions", "SSL_Support": "Yes", "authentication_Model": "N/A", "version": "1.28.0 ", "versionStatus": "Recommended (active, supported)", "type": "Product", "architecturalStyle": "REST", "supportedRequestFormats": "JSON, URI Query String/CRUD", "supportedResponseFormats": "JSON", "restrictedAccess": "No"}