{"url": "https://www.programmableweb.com/api/waboxapp-rest-api-v1", "name": "waboxapp REST API v1", "description": " The waboxapp WhatsApp API simplifies the integration of WhatsApp accounts in chat applications.", "endpoint": "https://www.waboxapp.com/api/", "homePage": "https://www.waboxapp.com/wapi/rest", "primaryCategory": "Chat", "secondaryCategories": "Messaging", "provider": "IM Services", "SSL_Support": "Yes", "authentication_Model": "N/A", "version": "1", "versionStatus": "Recommended (active, supported)", "type": "Web/Internet", "architecturalStyle": "REST", "supportedRequestFormats": "JSON, URI Query String/CRUD", "supportedResponseFormats": "JSON", "restrictedAccess": "No"}