{"url": "https://www.programmableweb.com/api/google-recaptcha-indirect-api-v30", "name": "Google reCAPTCHA Indirect API v3.0", "description": " reCAPTCHA is a freely available CAPTCHA implementation. It distinguishes humans from computers. reCAPTCHA is a CAPTCHA program, used to distinguish humans from computers, that uses the answers provided by the user to help digitize scans of old books and newspapers. This API is indirect access to this service, please refer to the SDK below.", "endpoint": "http://www.google.com/recaptcha/api/verify", "homePage": "https://www.google.com/recaptcha/intro/v3.html", "primaryCategory": "Security", "secondaryCategories": "Captcha, Spam", "provider": "Google", "SSL_Support": "Yes", "authentication_Model": "API Key, Token", "version": "3.0", "versionStatus": "Recommended (active, supported)", "type": "of License if Non Proprietary Creative Commons Attribution 3.0 License", "architecturalStyle": "Indirect", "supportedRequestFormats": "Unspecified", "supportedResponseFormats": "Unspecified", "restrictedAccess": "No"}