{"url": "https://www.programmableweb.com/api/forex-news-rest-api-v1", "name": "Forex News REST API v1", "description": " The Forex News API returns foreign exchange news, data, images, videos and sentiment from credible sources. Developers can integrate this data to make intelligent foreign exchange applications. Data is provided for top mentioned currency pairs, the forex market, and individual currencies.", "endpoint": "https://forexnewsapi.com/api/v1", "homePage": "https://forexnewsapi.com/", "primaryCategory": "Currency", "secondaryCategories": "Artificial Intelligence, Financial, News Services, Sentiment", "provider": "Snapi", "SSL_Support": "Yes", "authentication_Model": "API Key", "version": "1", "versionStatus": "Recommended (active, supported)", "type": "Web/Internet", "architecturalStyle": "REST", "supportedRequestFormats": "JSON", "supportedResponseFormats": "JSON", "restrictedAccess": "No"}