{"url": "https://www.programmableweb.com/api/bigdatacloud-time-zone-ip-address-rest-api-v1", "name": "BigDataCloud Time Zone by IP Address REST API v1", "description": " This API returns the same result as the Time Zone Info API but for the supplied IPv4 IP address. BigDataCloud provides essential APIs for feature-rich eCommerce, SaaS, ad agencies, financial institutions, CRM systems, and more.", "endpoint": "https://api.bigdatacloud.net/data/timezone-by-ip", "homePage": "https://www.bigdatacloud.com/time-zone-apis/timezone-by-ip-address-api", "primaryCategory": "Time", "secondaryCategories": "Location", "provider": "BigDataCloud", "SSL_Support": "Yes", "authentication_Model": "API Key", "version": "1", "versionStatus": "Recommended (active, supported)", "type": "Web/Internet", "architecturalStyle": "REST", "supportedRequestFormats": "JSON", "supportedResponseFormats": "JSON", "restrictedAccess": "No"}