{"url": "https://www.programmableweb.com/api/roaring-engagements-rest-api-v10", "name": "Roaring Engagements REST API v1.0", "description": " Roaring Engagements API contains information about all company engagements a person has. It shows if a person is a board member, CEO or auditor. The request is the personal identification number. Roaring is a business contacts management service.", "endpoint": "https://api.roaring.io/se/company/engagement/", "homePage": "https://developer.roaring.io", "primaryCategory": "Data-as-a-Service", "secondaryCategories": "Addresses, Business, Contacts, Customer Service, Database", "provider": "roaring.io", "SSL_Support": "Yes", "authentication_Model": "Token", "version": "1.0", "versionStatus": "Recommended (active, supported)", "type": "Web/Internet", "architecturalStyle": "REST", "supportedRequestFormats": "JSON, URI Query String/CRUD", "supportedResponseFormats": "JSON", "restrictedAccess": "No"}