{"url": "https://www.programmableweb.com/api/fun-generators-pirates-rest-api-v10", "name": "Fun Generators Pirates REST API v1.0", "description": " With the Fun Generators Pirates API, you can generate pirate names, get some real pirate insults and pirate filler text. Oh you can translate to pirate lingo as well.", "endpoint": "https://api.fungenerators.com", "homePage": "https://api.funtranslations.com/translate/pirate.json", "primaryCategory": "Entertainment", "secondaryCategories": "Humor, Translation", "provider": "Fun Generators", "SSL_Support": "Yes", "authentication_Model": "API Key", "version": "1.0", "versionStatus": "Recommended (active, supported)", "type": "Web/Internet", "architecturalStyle": "REST", "supportedRequestFormats": "JSON", "supportedResponseFormats": "JSON", "restrictedAccess": "No"}