{"url": "https://www.programmableweb.com/api/hellomd-rest-api-v10", "name": "HelloMD REST API v1.0", "description": " The HelloMD API enables developers to integrate cannabis shopping functionalities with their applications. This system rewards its users with prizes sponsored by cannabis brands and retailers. The HelloMD API is used to process patients, and pre-populate registration forms. This API features REST architecture, API Key authentication, and JSON responses.", "endpoint": "https://funnel-production.hellomd.io/partner-associations/v1/", "homePage": "https://github.com/hellomd/hellomd-partner-guide", "primaryCategory": "Medical", "secondaryCategories": "Drugs, Rewards", "provider": "HelloMD", "SSL_Support": "Yes", "authentication_Model": "API Key, Shared Secret", "version": "1.0", "versionStatus": "Recommended (active, supported)", "type": "Web/Internet", "architecturalStyle": "REST", "supportedRequestFormats": "JSON, URI Query String/CRUD", "supportedResponseFormats": "JSON", "restrictedAccess": "Yes"}