{"url": "https://www.programmableweb.com/api/qrcoder-code-generator-rest-api-v301", "name": "QRCoder Code Generator REST API v3.01", "description": " The QR Coder API is a very simple QR code generator API that allows you to create customized QR codes with different colors for background, foreground and eye colors. It also allows you to specify different pixel sizes and padding. Output in SVG or PNG too!", "endpoint": "https://www.qrcoder.co.uk/api/v3/", "homePage": "https://www.qrcoder.co.uk/api/v3/docs", "primaryCategory": "QR Codes", "secondaryCategories": "Marketing, Widgets", "provider": "QRCoder", "SSL_Support": "Yes", "authentication_Model": "Unspecified", "version": "3.01", "versionStatus": "Recommended (active, supported)", "type": "Web/Internet", "architecturalStyle": "REST", "supportedRequestFormats": "URI Query String/CRUD", "supportedResponseFormats": "Unspecified, PNG, JPG, SVG", "restrictedAccess": "No"}