{"url": "https://www.programmableweb.com/api/bioconnect-link-graphql-api-v1", "name": "BioConnect Link GraphQL API v1", "description": " BioConnect is a platform for multi-factor mobile authentication for physical access. The BioConnect Link API enables developers to manage administrative functions of BioConnect\u2019s Link platform including users, cards, devices, groups, schedules, and credentials. The platform offers biometric authentication, simple yes/no two-factor authentication, and more.", "endpoint": "https://apiprod.app.bioconnect.com/graphql", "homePage": "https://www.bioconnect.com/developer/", "primaryCategory": "Authentication", "secondaryCategories": "Biometrics, Mobile, Security", "provider": "BioConnect", "SSL_Support": "Yes", "authentication_Model": "Other/Custom", "version": "1", "versionStatus": "Recommended (active, supported)", "type": "Product", "architecturalStyle": "RPC", "supportedRequestFormats": "GraphQL, JSON", "supportedResponseFormats": "GraphQL, JSON", "restrictedAccess": "No"}