{"url": "https://www.programmableweb.com/api/edrv-ev-charging-rest-api-v10", "name": "eDRV EV Charging REST API v1.0", "description": " eDRV helps developers start, stop, reserve and get transaction information from electric vehicle chargers via a simple API. Any web or mobile app can connect and send requests to EV chargers without having to spend months implementing proprietary EV charging messaging protocols. The eDRV API works with any EV charger compatible with OCPP 1.6J or 2.01 and has been extensively tested with over thirty international Electric Vehicle Supply Equipment (EVSE) vendors.", "endpoint": "https://api.edrv.io/", "homePage": "https://developers.edrv.io", "primaryCategory": "Energy", "secondaryCategories": "Auto, Platform-as-a-Service, Sustainability, Transportation", "provider": "edrv.io", "SSL_Support": "Yes", "authentication_Model": "API Key, OAuth 2, Token", "version": "1.0", "versionStatus": "Recommended (active, supported)", "type": "Web/Internet", "architecturalStyle": "REST", "supportedRequestFormats": "JSON, URI Query String/CRUD", "supportedResponseFormats": "JSON", "restrictedAccess": "No"}