{"url": "https://www.programmableweb.com/api/rovi-cloud-services-rest-api-v11", "name": "Rovi Cloud Services REST API v1.1", "description": " Rovi is a digital entertainment technology company that provides guidance technology, entertainment data, content protection and content networking technology for digital entertainment devices and services. Rovi Cloud Services includes APIs to access advertising, metadata, recommendations, media recognition, search and management/analytics modules.", "endpoint": "http://api.rovicorp.com/data/v1.1", "homePage": "http://developer.rovicorp.com/Get_Started", "primaryCategory": "Entertainment", "secondaryCategories": "Advertising, Movies, Music, Recommendations, Video", "provider": "RoviCorp", "SSL_Support": "Yes", "authentication_Model": "N/A", "version": "1.1", "versionStatus": "Recommended (active, supported)", "type": "Web/Internet", "architecturalStyle": "REST", "supportedRequestFormats": "URI Query String/CRUD", "supportedResponseFormats": "JSON, XML", "restrictedAccess": "No"}