{"url": "https://www.programmableweb.com/api/akamai-iot-edge-connect-rest-api-v1", "name": "Akamai IoT Edge Connect REST API v1", "description": " The Akamai IoT Edge Connect API reserves namespaces and configures them for topic-based publish-subscribe messaging. JSON responses and RAML descriptions available. Akamai is an enterprise cloud and content deliver platform (CDN).", "endpoint": "N/A", "homePage": "https://developer.akamai.com/api/web_performance/iot_edge_connect/v1.html", "primaryCategory": "Enterprise", "secondaryCategories": "Applications, Cloud", "provider": "Akamai", "SSL_Support": "Yes", "authentication_Model": "HTTP Basic Auth", "version": "1", "versionStatus": "Recommended (active, supported)", "type": "Web/Internet", "architecturalStyle": "REST", "supportedRequestFormats": "JSON, URI Query String/CRUD", "supportedResponseFormats": "JSON", "restrictedAccess": "No"}