{"url": "https://www.programmableweb.com/api/gamerpower-rest-api-v10", "name": "GamerPower REST API v1.0", "description": " GamePower API enables users to programmatically access the best giveaways in gaming, from free games to beta keys to free in-game loot and much more. The API returns active giveaways, active giveaways by provider, giveaways by data, value or popularity, and specific giveaway details. GamePower is a website that lets users find, track and collect the best giveaways in gaming.", "endpoint": "https://www.gamerpower.com/api/giveaways", "homePage": "https://www.gamerpower.com/api-read", "primaryCategory": "Games", "secondaryCategories": "Entertainment, Games, Rewards", "provider": "Digiwalls Media", "SSL_Support": "Yes", "authentication_Model": "Unspecified", "version": "1.0", "versionStatus": "Recommended (active, supported)", "type": "Web/Internet", "architecturalStyle": "REST", "supportedRequestFormats": "GraphQL, JSON, JSON API", "supportedResponseFormats": "JSON", "restrictedAccess": "No"}