{"url": "https://www.programmableweb.com/api/digitalpour-rest-api-v3", "name": "DigitalPour REST API v3", "description": " The DigitalPour API allows developers to retrieve tap list information in JSON format for use in their websites and applications. Developers can get links to the producer's website, Rate Beer, Untappd, product descriptions, etc. DigitalPour is a draft inventory management and digital menu service for restaurants, breweries, tap houses, and growler stations.", "endpoint": "https://server.digitalpour.com/DashboardServer/api/v3/", "homePage": "http://digitalpour.com/docs/webandapi", "primaryCategory": "Beer", "secondaryCategories": "Inventory, Restaurants", "provider": "DigitalPour", "SSL_Support": "Yes", "authentication_Model": "API Key", "version": "3", "versionStatus": "Recommended (active, supported)", "type": "Web/Internet", "architecturalStyle": "REST", "supportedRequestFormats": "JSON, URI Query String/CRUD", "supportedResponseFormats": "JSON", "restrictedAccess": "No"}