{"url": "https://www.programmableweb.com/api/precisely-geocode-rest-api-v10", "name": "Precisely Geocode REST API v1.0", "description": " The Precisely Geocode API returns location coordinates corresponding to an address and vice-versa. This takes JSON payload requests. Precisely is a data integrity platform capable of collecting, verifying, and mapping information. This platform can be used to enable address typeahead capabilities in eCommerce websites, determine origin and delivery destinations in logistics applications, and provide better insights for customer engagement. Precisely APIs feature REST architecture, API Key authentication, and JSON responses.", "endpoint": "https://api.precisely.com/geocode/v1", "homePage": "https://developer.precisely.com/apis/geocode", "primaryCategory": "Data", "secondaryCategories": "Business, Location, Mapping", "provider": "Precisely", "SSL_Support": "Yes", "authentication_Model": "API Key, Shared Secret", "version": "1.0", "versionStatus": "Recommended (active, supported)", "type": "Web/Internet", "architecturalStyle": "REST", "supportedRequestFormats": "JSON, URI Query String/CRUD", "supportedResponseFormats": "JSON", "restrictedAccess": "Yes"}