{"url": "https://www.programmableweb.com/api/moviequotes-graphql-api-v2", "name": "MovieQuotes GraphQL API v2", "description": " MovieQuotes GraphQL API is compatible with any GraphQL clients like: Apollo and Postman. Developers can search for specific fields within quotes, characters, actors and movies. All GraphQL API resources can be nested for more complex queries as shown in home page: https://juanroldan.com.ar/movie-quotes-graphql-api", "endpoint": "https://moviequotes.rocks/api/v2/graphql", "homePage": "https://juanroldan.com.ar/movie-quotes-graphql-api", "primaryCategory": "Movies", "secondaryCategories": "Catalogs, GraphQL", "provider": "Independent Developer", "SSL_Support": "Yes", "authentication_Model": "API Key", "version": "2", "versionStatus": "Recommended (active, supported)", "type": "of License if Non Proprietary MIT", "architecturalStyle": "RPC", "supportedRequestFormats": "GraphQL, JSON", "supportedResponseFormats": "GraphQL, JSON", "restrictedAccess": "Yes"}