{"url": "https://www.programmableweb.com/api/visual-search-rest-api-v10", "name": "Visual Search REST API v1.0", "description": " Visual Search API provides an API service to search visually similar images to an input image based on image content characteristics such as color distribution, shape/geometry, and image features. The result is sorted by visual similarity scores.", "endpoint": "http://api0.visualsearchapi.com:8084/vsearchtech/api/v1.0/apisim_search", "homePage": "http://www.visualsearchapi.com", "primaryCategory": "Images", "secondaryCategories": "Recognition, REST, Search", "provider": "VisualSearchApi", "SSL_Support": "No", "authentication_Model": "API Key", "version": "1.0", "versionStatus": "Recommended (active, supported)", "type": "Web/Internet", "architecturalStyle": "REST", "supportedRequestFormats": "URI Query String/CRUD", "supportedResponseFormats": "CSV, GeoJSON, JSON, XML", "restrictedAccess": "No"}