{"url": "https://www.programmableweb.com/api/quandora-rest-api-v1", "name": "Quandora REST API v1", "description": " Quandora provides AI-powered knowledge management and RFP automation solutions. Quandora API provides access to a Quandora domain and execute operations and get data. Manage lists, activity, users, profiles, reports, knowledge base queries, questions, comments and answers and more with this API.", "endpoint": "N/A", "homePage": "https://www.quandora.com/quandora-rest-api-documentation/", "primaryCategory": "Business", "secondaryCategories": "Q&A", "provider": "Quandora", "SSL_Support": "Yes", "authentication_Model": "N/A", "version": "1", "versionStatus": "Recommended (active, supported)", "type": "Web/Internet", "architecturalStyle": "REST", "supportedRequestFormats": "JSON, URI Query String/CRUD", "supportedResponseFormats": "JSON", "restrictedAccess": "No"}