{"url": "https://www.programmableweb.com/api/pitney-bowes-geo-location-rest-api-v1", "name": "Pitney Bowes Geo Location REST API v1", "description": " The Pitney Bowes Geo Location API returns location coordinates based on the input of an IP Address, WiFi Access point MAC address, fixed line phone number and wireless phone number. Developers can use the API to implement workflows in eCommerce, detect fraud, and include physical-digital interactions. API Key is required to authenticate and make URI requests that return JSON responses. Free trial and enterprise plans available.", "endpoint": "https://api.pitneybowes.com/location-intelligence/geolocation/v1", "homePage": "https://locate.pitneybowes.com/geolocation", "primaryCategory": "Geography", "secondaryCategories": "Location", "provider": "Pitney Bowes", "SSL_Support": "No", "authentication_Model": "API Key", "version": "1", "versionStatus": "Recommended (active, supported)", "type": "Web/Internet", "architecturalStyle": "REST", "supportedRequestFormats": "JSON, URI Query String/CRUD", "supportedResponseFormats": "JSON", "restrictedAccess": "Yes"}