{"url": "https://www.programmableweb.com/api/candid-news-rest-api-v1", "name": "Candid News REST API v1", "description": " Candid News API delivers news and data about non-profit organizations. Search by beginning and end dates, locations, organizations, subjects, populations, grants and other options. From the provider: \"Access the only API on the market delivering real-time, actionable news on nonprofits, philanthropy, and the social sector that is curated by Candid from over 65,000 sources.\"", "endpoint": " https://api.candid.org/news/v1/search", "homePage": "https://developer.candid.org/", "primaryCategory": "Non-Profit", "secondaryCategories": "Announcements, Charity, News Services", "provider": "Candid", "SSL_Support": "Yes", "authentication_Model": "API Key", "version": "1", "versionStatus": "Recommended (active, supported)", "type": "Web/Internet", "architecturalStyle": "REST", "supportedRequestFormats": "JSON", "supportedResponseFormats": "JSON", "restrictedAccess": "Yes"}