{"url": "https://www.programmableweb.com/api/arrow-electronics-rest-api-v3", "name": "Arrow Electronics REST API v3", "description": " The Arrow Electronics API provides product resources such as manufacturer's information and order details. The API uses XML and JSON for responses. Arrow Electronics is a marketplace for electrical engineers with a variety of quality components. Arrow Electronics serves as a supply channel for more than 150,000 original equipment manufacturers, value-added resellers, contract manufacturers, and commercial customers.", "endpoint": "http://api.arrow.com", "homePage": "http://developers.arrow.com/api/", "primaryCategory": "Hardware", "secondaryCategories": "eCommerce", "provider": "Arrow Electronics", "SSL_Support": "Yes", "authentication_Model": "API Key", "version": "3", "versionStatus": "Recommended (active, supported)", "type": "Web/Internet", "architecturalStyle": "REST", "supportedRequestFormats": "URI Query String/CRUD", "supportedResponseFormats": "JSON, XML", "restrictedAccess": "Yes"}