{"url": "https://www.programmableweb.com/api/noaa-national-weather-service-nws-ndfd-soap-rpc-api-v10", "name": "NOAA National Weather Service (NWS) NDFD SOAP RPC API v1.0", "description": " The NOAA National Weather Service (NWS) NDFD SOAP API provides programmatic access to forecasts, weather watches/warnings, current observations, tropical cyclone advisories, and storm prediction center forecast products. This information comes from the National Digital Forecast Database (NDFD) and is intended for use by government agencies, commercial enterprises, and the general public. The API returns responses in an XML language called Digital Weather Markup Language (DWML).", "endpoint": "https://graphical.weather.gov/xml/", "homePage": "https://graphical.weather.gov/xml/", "primaryCategory": "Weather", "secondaryCategories": "Government", "provider": "NOAA", "SSL_Support": "Yes", "authentication_Model": "Unspecified", "version": "1.0", "versionStatus": "Recommended (active, supported)", "type": "Web/Internet", "architecturalStyle": "RPC", "supportedRequestFormats": "SOAP, XML", "supportedResponseFormats": "SOAP, XML, DWML", "restrictedAccess": "No"}