{"url": "https://www.programmableweb.com/api/kred-rest-api-v11", "name": "Kred REST API v1.1", "description": " NFT Kred provides solutions to create and manage whitelabel NFT marketplaces for influencers, creators and brands. The Kred NFT API allows for integration with methods for design and creation, creating bundles, social actions, sharing NFTs, buying and selling NFTs, marketing, reporting, and authentication.", "endpoint": "https://api.nft.kred", "homePage": "https://docs.nft.kred/", "primaryCategory": "Blockchain", "secondaryCategories": "Art, Cryptocurrency, Marketing", "provider": "Kred", "SSL_Support": "Yes", "authentication_Model": "API Key", "version": "1.1", "versionStatus": "Recommended (active, supported)", "type": "Web/Internet", "architecturalStyle": "REST", "supportedRequestFormats": "JSON, URI Query String/CRUD", "supportedResponseFormats": "JSON", "restrictedAccess": "No"}