{"url": "https://www.programmableweb.com/api/spire-aviation-airsafe-rest-api-v10", "name": "Spire Aviation Airsafe REST API v1.0", "description": " The Spire Aviation API enables aircraft target updates from satellite and ground sources. The API provides historical data, and the latest know information for every known aircraft. Responses are JSON formatted. Tokens are required to authenticate. Spire identifies, captures, and analyses data for the Aviation industry.", "endpoint": "https://api.airsafe.spire.com/stream", "homePage": "https://aviation.spire.com/airsafe-apis/", "primaryCategory": "Air Travel", "secondaryCategories": "Data", "provider": "Spire", "SSL_Support": "Yes", "authentication_Model": "Token", "version": "1.0", "versionStatus": "Recommended (active, supported)", "type": "Web/Internet", "architecturalStyle": "REST", "supportedRequestFormats": "JSON, URI Query String/CRUD", "supportedResponseFormats": "JSON", "restrictedAccess": "Yes"}