{"url": "https://www.programmableweb.com/api/national-center-biomedical-ontology-bioportal-rest-api-v10", "name": "The National Center for Biomedical Ontology BioPortal REST API v1.0", "description": " The National Center for Biomedical Ontology (NCBO) supports biomedical researchers by providing online tools and a web portal enabling them to access, review, and integrate ontological resources. The NCBO BioPortal is an open repository of biomedical ontologies, allowing users to search, browse, and visualize ontologies. The National Center for Biomedical Ontology BioPortal API provides a RESTful interface for accessing the BioPortal. Supported services include downloads, lists by specified criteria, search, access to terms and concepts, subtree extraction, and much more. API responses may be XML or JSON formatted.", "endpoint": "http://data.bioontology.org/ontologies/BRO", "homePage": "http://data.bioontology.org/documentation", "primaryCategory": "Science", "secondaryCategories": "Medical", "provider": "BioMed Central", "SSL_Support": "Yes", "authentication_Model": "API Key", "version": "1.0", "versionStatus": "Recommended (active, supported)", "type": "Web/Internet", "architecturalStyle": "REST", "supportedRequestFormats": "JSON, JSONP, URI Query String/CRUD, XML", "supportedResponseFormats": "JSON, JSONP, XML", "restrictedAccess": "No"}