{"url": "https://www.programmableweb.com/api/qa-touch-rest-api-v1", "name": "QA Touch REST API v1", "description": " The QA Touch API provides integration with the QA Touch software test case management tool. Use the API to retrieve seamless instant synchronization of your automation test results, and to Create, view and update test modules in QA Touch such as Requirements, Test Cases, Test Runs, Issues, Releases and Projects", "endpoint": "https://api.qatouch.com/api/v1/", "homePage": "https://doc.qatouch.com/", "primaryCategory": "Software-as-a-Service", "secondaryCategories": "Open Source, Project Management, Testing, Tools", "provider": "QA Touch", "SSL_Support": "Yes", "authentication_Model": "API Key, HTTP Basic Auth, Token", "version": "1", "versionStatus": "Active (supported, scheduled for retirement)", "type": "Web/Internet", "architecturalStyle": "REST", "supportedRequestFormats": "JSON", "supportedResponseFormats": "JSON, URI Query String/CRUD", "restrictedAccess": "No"}