{"url": "https://www.programmableweb.com/api/symanto-text-analytics-rest-api-v10", "name": "Symanto Text Analytics REST API v1.0", "description": " The Symanto Text Analysis API enables users to Extract nuanced emotion, sentiment, topic, opinion, personality traits, and more from text. From the provider: Everything good about Symanto, is now available through APIs! Now you can employ our APIs to enable your own applications with state-of-the-art natural language processing powered by machine learning algorithms covering a variety of languages. Now that you have psychology AI as a service, the only remaining thing is for you to go and create that killer next big thing the world has been waiting for. Our service has been trusted and used by several companies including Atribus and QuestionPro.", "endpoint": "https://api.symanto.net", "homePage": "https://developers.symanto.net", "primaryCategory": "Natural Language Processing", "secondaryCategories": "Algorithms, Analytics, Machine Learning, Semantics", "provider": "Symanto", "SSL_Support": "Yes", "authentication_Model": "API Key", "version": "1.0", "versionStatus": "Recommended (active, supported)", "type": "Web/Internet", "architecturalStyle": "REST", "supportedRequestFormats": "JSON, URI Query String/CRUD", "supportedResponseFormats": "JSON", "restrictedAccess": "No"}