{"url": "https://www.programmableweb.com/api/usps-domestic-rates-rest-api-v4", "name": "USPS Domestic Rates REST API v4", "description": " The USPS Domestic Rates API allows developers to calculate the rates for domestic packages and envelopes based on their weight and dimensions. Developers can request data for up to twenty-five packages per API call. This API is part of the USPS Web Tools API library which provides access to USPS data free of charge.", "endpoint": "https://secure.shippingapis.com/ShippingAPI.dllAPI=RateV4&amp;XML=", "homePage": "https://www.usps.com/business/web-tools-apis/rate-calculator-api.htm#_Toc1659411\u2026", "primaryCategory": "Shipping", "secondaryCategories": "Government, Mail, Postal", "provider": "USPS", "SSL_Support": "Yes", "authentication_Model": "Unspecified", "version": "4", "versionStatus": "Recommended (active, supported)", "type": "Web/Internet", "architecturalStyle": "REST", "supportedRequestFormats": "URI Query String/CRUD, XML", "supportedResponseFormats": "XML", "restrictedAccess": "No"}