{"url": "https://www.programmableweb.com/api/precisely-risks-rest-api-v10", "name": "Precisely Risks REST API v1.0", "description": " The Risk Insights API provides crime, earthquake, flood data and related information. The API can be integrated with claims and mitigation applications. Precisely is a data integrity platform capable of collecting, verifying, and mapping information. This platform can be used to enable address typeahead capabilities in eCommerce websites, determine origin and delivery destinations in logistics applications, and provide better insights for customer engagement. Precisely APIs feature REST architecture, API Key authentication, and JSON responses.", "endpoint": "https://api.precisely.com/risks/v1", "homePage": "https://developer.precisely.com/apis/risks", "primaryCategory": "Data", "secondaryCategories": "Business, Insurance, Weather", "provider": "Precisely", "SSL_Support": "Yes", "authentication_Model": "API Key, Shared Secret", "version": "1.0", "versionStatus": "Recommended (active, supported)", "type": "Web/Internet", "architecturalStyle": "REST", "supportedRequestFormats": "JSON, URI Query String/CRUD", "supportedResponseFormats": "JSON", "restrictedAccess": "Yes"}