{"url": "https://www.programmableweb.com/api/fun-generators-uuid-generation-and-parsing-rest-api-v10", "name": "Fun Generators UUID Generation and Parsing REST API v1.0", "description": " Use the Fun Generators UUID Generation and Parsing API to generate random UUID. Easy to use REST API with complete UUID features support. RFC 4122 based UUIDs as well as non standard version 6 uuid are supported. UUID string parsing is also available to get version and validity information.", "endpoint": "https://api.fungenerators.com/uuid/1.0", "homePage": "https://fungenerators.com/api/uuid/", "primaryCategory": "Algorithms", "secondaryCategories": "Random, Tools", "provider": "Fun Generators", "SSL_Support": "Yes", "authentication_Model": "API Key", "version": "1.0", "versionStatus": "Active (supported, scheduled for retirement)", "type": "Web/Internet", "architecturalStyle": "REST", "supportedRequestFormats": "JSON, JSONP, URI Query String/CRUD", "supportedResponseFormats": "JSON, JSONP, XML", "restrictedAccess": "No"}