{"url": "https://www.programmableweb.com/api/coronavirusapi-rest-api-v10", "name": "CoronavirusAPI REST API v1.0", "description": " This API provides official COVID-19 data from US government websites for the 50 states and DC. Data is currently being certified on the blockchain. The API returns updated values for tested patients, positive cases, and deaths.", "endpoint": "http://coronavirusapi.com/getTimeSeries/", "homePage": "https://coronavirusapi.com/", "primaryCategory": "COVID-19", "secondaryCategories": "Coronavirus, Data", "provider": "CoronavirusAPI", "SSL_Support": "No", "authentication_Model": "Unspecified", "version": "1.0", "versionStatus": "Recommended (active, supported)", "type": "Web/Internet", "architecturalStyle": "REST", "supportedRequestFormats": "URI Query String/CRUD", "supportedResponseFormats": "CSV, Text", "restrictedAccess": "No"}