{"url": "https://www.programmableweb.com/api/trybooking-rest-api-v1", "name": "TryBooking REST API v1", "description": " The TryBooking API retrieves booking information for reporting purposes from TryBooking ticket selling service. Get booking data about events, tickets, ticket scans, and fundraisings. The REST API provides JSON format to access booking implementation data, aiming for creating events, funding, and tickets applications.", "endpoint": "N/A", "homePage": "https://developer.trybooking.com/#reportingapi-documentation", "primaryCategory": "Booking", "secondaryCategories": "Events, Funding, Tickets", "provider": "TryBooking", "SSL_Support": "Yes", "authentication_Model": "HTTP Basic Auth", "version": "1", "versionStatus": "Recommended (active, supported)", "type": "Web/Internet", "architecturalStyle": "REST", "supportedRequestFormats": "JSON, URI Query String/CRUD", "supportedResponseFormats": "JSON", "restrictedAccess": "No"}