{"url": "https://www.programmableweb.com/api/sendbird-calls-voice-rest-api-v30", "name": "Sendbird Calls REST API v3.0", "description": " The Sendbird Calls API enables developers to build immersive in-app voice and video calling integrations. The API features fully customizable call dashboard, custom metadata, and easy chat, direct & group calls, stream encryption, HIPAA compliant integrations. The API features REST architecture with JSON payloads. Sendbird provides communication services designed to boost user retention, engagement, and conversion.", "endpoint": "N/A", "homePage": "https://sendbird.com/features/voice-and-video", "primaryCategory": "WebRTC", "secondaryCategories": "Chat, Messaging, Platform-as-a-Service, Video, Voice", "provider": "Sendbird", "SSL_Support": "Yes", "authentication_Model": "Token", "version": "3.0", "versionStatus": "Recommended (active, supported)", "type": "Web/Internet", "architecturalStyle": "REST", "supportedRequestFormats": "URI Query String/CRUD", "supportedResponseFormats": "JSON", "restrictedAccess": "Yes"}