{"url": "https://www.programmableweb.com/api/ticketmaster-presence-rest-api-v1", "name": "Ticketmaster Presence REST API v1", "description": " The Ticketmaster Presence API supports ticket validation and the management of the devices that scan Ticketmaster events. It provides the Ticket Service and the Device Service functionalities. The Ticket Service functionality makes it easier for users to check the validity of a ticket and assigning appropriate tags such as entered, exited, or secondary scanned at an event. The Device Service functionality is designed for configuration and management of scanning devices. The API sends requests in URI Query String/CRUD format and returns responses in JSON format.", "endpoint": "https://app.ticketmaster.com/presence/v1/", "homePage": "http://developer.ticketmaster.com/products-and-docs/apis/presence/", "primaryCategory": "Tickets", "secondaryCategories": "Validation", "provider": "Ticketmaster", "SSL_Support": "Yes", "authentication_Model": "API Key", "version": "1", "versionStatus": "Recommended (active, supported)", "type": "Web/Internet", "architecturalStyle": "REST", "supportedRequestFormats": "JSON, URI Query String/CRUD", "supportedResponseFormats": "JSON", "restrictedAccess": "No"}