{"url": "https://www.programmableweb.com/api/goshare-delivery-rest-api-v1", "name": "GoShare Delivery REST API v1", "description": " GoShare Delivery REST API enables users to integrate with delivery, freight, shipping and logistics software. Methods are availabe to create pickup requests, get real time tracking updates, handle exceptions and automate invoicing for last mile and middle mile deliveries. Get programmatic access to 10,000 carriers including pickup trucks, cargo vans, box trucks and sedans. API and documentation is available to partners.", "endpoint": "N/A", "homePage": "https://goshare.co/api/", "primaryCategory": "Logistics", "secondaryCategories": "Shipping, Transportation", "provider": "GoShare", "SSL_Support": "Yes", "authentication_Model": "Unspecified", "version": "1", "versionStatus": "Recommended (active, supported)", "type": "Web/Internet", "architecturalStyle": "REST", "supportedRequestFormats": "JSON, URI Query String/CRUD", "supportedResponseFormats": "JSON", "restrictedAccess": "No"}