{"url": "https://www.programmableweb.com/api/precisely-property-information-rest-api-v10", "name": "Precisely Property Information REST API v1.0", "description": " The Precisely Property Information API enables residential and commercial property data in applications. This API takes JSON-formatted payloads for requests. Precisely is a data integrity platform capable of collecting, verifying, and mapping information. This platform can be used to enable address typeahead capabilities in eCommerce websites, determine origin and delivery destinations in logistics applications, and provide better insights for customer engagement. Precisely APIs feature REST architecture, API Key authentication, and JSON responses.", "endpoint": "https://api.precisely.com/property/v1", "homePage": "https://developer.precisely.com/apis/property", "primaryCategory": "Data", "secondaryCategories": "Business, Real Estate", "provider": "Precisely", "SSL_Support": "Yes", "authentication_Model": "API Key, Shared Secret", "version": "1.0", "versionStatus": "Recommended (active, supported)", "type": "Web/Internet", "architecturalStyle": "REST", "supportedRequestFormats": "JSON, URI Query String/CRUD", "supportedResponseFormats": "JSON", "restrictedAccess": "Yes"}