{"url": "https://www.programmableweb.com/api/wistia-stats-rest-api-v1", "name": "Wistia Stats REST API v1", "description": " The Wistia Stats API allows developers to retrieve some account-wide information programmatically. This includes how many times an individual video or all videos from an account or project have been loaded or played, and the total amount of time people have spent watching those videos. Wistia is a professional video hosting service that comes with analytics, SEO, and marketing tools. Both free and paid versions are available.", "endpoint": "https://api.wistia.com/v1/stats/", "homePage": "https://wistia.com/doc/stats-api", "primaryCategory": "Video", "secondaryCategories": "Business, Statistics", "provider": "Wistia", "SSL_Support": "Yes", "authentication_Model": "N/A", "version": "1", "versionStatus": "Recommended (active, supported)", "type": "Web/Internet", "architecturalStyle": "REST", "supportedRequestFormats": "JSON, URI Query String/CRUD", "supportedResponseFormats": "JSON", "restrictedAccess": "No"}