{"url": "https://www.programmableweb.com/api/springer-nature-integro-rest-api-v10", "name": "Springer Nature Integro REST API v1.0", "description": " The Springer Nature Integro API allows developers to access information on Springer Nature\u2019s journals. This includes a given journal\u2019s title, publisher, DOI, subject groups, dates of publication, etc. Springer Nature publishes about 3,000 journals and 13,000 new books per year in the fields of science, technology, and medicine (STM). It provides multiple APIs for accessing its freely available content for noncommercial use.", "endpoint": "http://api.springer.com/", "homePage": "https://dev.springernature.com/", "primaryCategory": "Science", "secondaryCategories": "Metadata", "provider": "Springer Nature", "SSL_Support": "No", "authentication_Model": "API Key", "version": "1.0", "versionStatus": "Recommended (active, supported)", "type": "Web/Internet", "architecturalStyle": "REST", "supportedRequestFormats": "URI Query String/CRUD", "supportedResponseFormats": "XML", "restrictedAccess": "No"}