{"url": "https://www.programmableweb.com/api/keycloak-rest-api-v1001", "name": "Keycloak REST API v10.0.1", "description": " The Keycloak API enables users to add identity management and authentication to applications and secure services. The Keycloak Admin REST API provides methods for authentication management, client initial access, identity providers, and protocol mappers. Advanced features include user federation, identity brokering, and social login. This is an open source service under the stewardship of Red Hat.", "endpoint": "http://localhost:8080/auth/admin/ ", "homePage": "https://www.keycloak.org/docs-api/10.0/rest-api/", "primaryCategory": "Identity", "secondaryCategories": "Accessibility, Open Source, Security", "provider": "Keycloak, Red Hat", "SSL_Support": "Yes", "authentication_Model": "Unspecified", "version": "10.0.1", "versionStatus": "Recommended (active, supported)", "type": "Product", "architecturalStyle": "REST", "supportedRequestFormats": "JSON, URI Query String/CRUD", "supportedResponseFormats": "JSON", "restrictedAccess": "No"}