{"url": "https://www.programmableweb.com/api/my-digital-office-rest-api-v10", "name": "My Digital Office REST API v1.0", "description": " My Digital Office is an online virtual office for remote-first teams. There are video conferencing, messaging, file sharing, and screen sharing features. With this API, developers can automate sales, tech, and other group-specific announcements to a virtual office space. Developers need to register for API access and documentation.", "endpoint": "https://www.mydigitaloffice.io/api/", "homePage": "https://www.mydigitaloffice.io/app", "primaryCategory": "Collaboration", "secondaryCategories": "Audio, Augmented Reality, Chat, Messaging, Virtualization, WebRTC", "provider": "My Digital Office", "SSL_Support": "Yes", "authentication_Model": "API Key", "version": "1.0", "versionStatus": "Recommended (active, supported)", "type": "Web/Internet", "architecturalStyle": "REST", "supportedRequestFormats": "JSON, URI Query String/CRUD", "supportedResponseFormats": "JSON", "restrictedAccess": "Yes"}