{"url": "https://www.programmableweb.com/api/alice-staff-webhooks-pushstreaming-api-v10", "name": "ALICE Staff Webhooks Streaming API v1.0", "description": " The ALICE Staff Webhooks API allows you to search for configured events Webhooks for hotel data. The API enables clients with the ability to use ALICE staff functions like managing reservations, creating tickets and more. ALICE is a platform that connects hotel departments to communicate all staff and guest requests.", "endpoint": "N/A", "homePage": "https://developer.aliceapp.com/staff.html#/staff-webhooks-api", "primaryCategory": "Hotels", "secondaryCategories": "Management, Reservations", "provider": "Alice", "SSL_Support": "No", "authentication_Model": "API Key", "version": "1.0", "versionStatus": "Recommended (active, supported)", "type": "Web/Internet", "architecturalStyle": "Streaming", "supportedRequestFormats": "Webhooks", "supportedResponseFormats": "JSON, URI Query String/CRUD", "restrictedAccess": "No"}