{"url": "https://www.programmableweb.com/api/coronavirus-flutter-course-rest-api-v100", "name": "Coronavirus Flutter Course REST API v1.0.0", "description": " The Coronavirus Flutter Course API provides updated confirmed cases related to COVID-19. This is an interface used by Code With Andrea to teach how to build Coronavirus tracking applications on the Teachable platform. The API implements API Keys for authentication.", "endpoint": "https://www.nubentos.com/ncovapi/1.0.0", "homePage": "https://github.com/bizz84/coronavirus_rest_api_flutter_course", "primaryCategory": "Coronavirus", "secondaryCategories": "API Education, COVID-19", "provider": "N/A", "SSL_Support": "Yes", "authentication_Model": "API Key", "version": "1.0.0", "versionStatus": "Recommended (active, supported)", "type": "Web/Internet", "architecturalStyle": "REST", "supportedRequestFormats": "URI Query String/CRUD", "supportedResponseFormats": "JSON", "restrictedAccess": "Yes"}