{"url": "https://www.programmableweb.com/api/mercedes-benz-vehicle-lock-status-rest-api-v10", "name": "Mercedes-Benz Vehicle Lock Status REST API v1.0", "description": " The Mercedes-Benz Vehicle Lock Status API allows users to develop applications for unlocking and locking a connected Mercedes-Benz. Daimler produces premium cars and is a global manufacturer of commercial vehicles that provides financing, leasing, fleet management, insurance and innovative mobility services.", "endpoint": "https://api.mercedes-benz.com/vehicledata/v1", "homePage": "https://developer.mercedes-benz.com/apis/vehicle_lock_status", "primaryCategory": "Auto", "secondaryCategories": "Data", "provider": "Daimler AG, Mercedes-Benz", "SSL_Support": "Yes", "authentication_Model": "OAuth 2, Token", "version": "1.0", "versionStatus": "Recommended (active, supported)", "type": "Web/Internet", "architecturalStyle": "REST", "supportedRequestFormats": "JSON, URI Query String/CRUD", "supportedResponseFormats": "JSON", "restrictedAccess": "No"}