{"url": "https://www.programmableweb.com/api/discount-rest-api-v2", "name": "Discount REST API v2", "description": " The Discount API allows developers to include interesting local deals and discounts in their app or website. These deals come from a variety of sources to ensure that there are options appropriate for many different audiences, and developers can choose what kinds of deals they want displayed using a web interface. Deals that match the user's location can be retrieved using the user's IP address, GPS coordinates, or street address.", "endpoint": "https://api.discountapi.com/v2", "homePage": "https://discountapi.com", "primaryCategory": "eCommerce", "secondaryCategories": "Aggregation, Coupons, Discounts, Location", "provider": "Discount API", "SSL_Support": "Yes", "authentication_Model": "API Key, Token", "version": "2", "versionStatus": "Recommended (active, supported)", "type": "Web/Internet", "architecturalStyle": "REST", "supportedRequestFormats": "JSON, JSONP, URI Query String/CRUD", "supportedResponseFormats": "JSON, JSONP", "restrictedAccess": "No"}