{"url": "https://www.programmableweb.com/api/twitter-account-activity-enterprise-pushstreaming-api-v10", "name": "Twitter Account Activity Enterprise Streaming API v1.0", "description": " This Account Activity Webhooks API provides Enterprise services that allow you to subscribe to real time user account activities. It provides a way to receive real time Tweets, Direct Messages, and other account events with subscribed accounts using a single connection. This includes notifications for Tweets, Mentions, Replies, Retweets, Quote Tweets and more. Twitter is an online news and social networking service where users post and interact with messages. It is a service for friends, family, and coworkers to communicate and stay connected through the exchange of quick, frequent messages. Posted Tweets, may contain photos, videos, links, and text.", "endpoint": "N/A", "homePage": "https://developer.twitter.com/en/docs/accounts-and-users/subscribe-account-activ\u2026", "primaryCategory": "Social", "secondaryCategories": "Enterprise, Messaging, Tweets, Webhooks", "provider": "Twitter", "SSL_Support": "Yes", "authentication_Model": "API Key, OAuth 1, Token", "version": "1.0", "versionStatus": "Recommended (active, supported)", "type": "Web/Internet", "architecturalStyle": "Streaming", "supportedRequestFormats": "Webhooks", "supportedResponseFormats": "JSON, URI Query String/CRUD", "restrictedAccess": "Yes"}