{"url": "https://www.programmableweb.com/api/newworldfans-rest-api-v1", "name": "NewWorldFans REST API v1", "description": " New World is a massively multiplayer online (MMO) PC role-playing game by Amazon Game Studios. NewWorldFans.com is a fan site for the game but not officially associated with Amazon Game Studios. The NewWorldFans API enables developers to retrieve data posted on the New World Fans website, including the Dev Tracker board.", "endpoint": "https://newworldfans.com/api/v1/dev_tracker", "homePage": "https://newworldfans.com/api", "primaryCategory": "Games", "secondaryCategories": "Open Source", "provider": "NewWorldFans, Studio Loot", "SSL_Support": "Yes", "authentication_Model": "Unspecified", "version": "1", "versionStatus": "Recommended (active, supported)", "type": "Web/Internet", "architecturalStyle": "REST", "supportedRequestFormats": "JSON", "supportedResponseFormats": "JSON", "restrictedAccess": "No"}