{"url": "https://www.programmableweb.com/api/flockos-rpc-api-v10", "name": "FlockOS RPC API v1.0", "description": " The FlockOS API is a Chat Operating System that enables developers to build apps, bots and integrations on top of Flock, a team messenger service. It is available in JSON and XML formats and includes methods for; chat.sendMessage, groups.getInfo, groups.getMembers and more. Flock is used by teams, companies, communities, developer's and more.", "endpoint": "https://api.flock.co/v1/", "homePage": "https://docs.flock.co/display/flockos/API+Reference", "primaryCategory": "Messaging", "secondaryCategories": "Chat, Collaboration, Developers, File Sharing, Integration, Organization, Project Management, Tools", "provider": "Flock", "SSL_Support": "No", "authentication_Model": "Token", "version": "1.0", "versionStatus": "Recommended (active, supported)", "type": "Web/Internet", "architecturalStyle": "RPC", "supportedRequestFormats": "JSON, URI Query String/CRUD", "supportedResponseFormats": "JSON", "restrictedAccess": "No"}