{"url": "https://www.programmableweb.com/api/datastreamer-classifier-rest-api-v10", "name": "Datastreamer Classifier REST API v1.0", "description": " The Datastreamer Classifier API allows developers to submit text (or URLs) and provide labels for this content based on the Datastreamer machine learning platform. Datastreamer provides APIs for social media, weblogs, news, video, and live web content.", "endpoint": "N/A", "homePage": "http://docs.datastreamer.io/#classifier-api", "primaryCategory": "Social", "secondaryCategories": "Blogging, Feeds, News Services, Tweets", "provider": "Datastreamer", "SSL_Support": "No", "authentication_Model": "HTTP Basic Auth", "version": "1.0", "versionStatus": "Recommended (active, supported)", "type": "Web/Internet", "architecturalStyle": "REST", "supportedRequestFormats": "JSON, URI Query String/CRUD", "supportedResponseFormats": "JSON", "restrictedAccess": "No"}