{"url": "https://www.programmableweb.com/api/usps-track-proof-delivery-rest-api-v36", "name": "USPS Track Proof of Delivery REST API v3.6", "description": " The USPS Track Proof of Delivery API allows developers to request proof of delivery notifications via email. Track Proof of Delivery is a letter that includes the recipient's name and their signature. This API is part of the USPS Web Tools API library which provides access to USPS data free of charge.", "endpoint": "https://stg-secure.shippingapis.com/shippingapi.dll?API=PTSTPod&amp;XML=", "homePage": "https://www.usps.com/business/web-tools-apis/", "primaryCategory": "Shipping", "secondaryCategories": "Email, Government, Mail, Notifications, Postal", "provider": "USPS", "SSL_Support": "Yes", "authentication_Model": "Unspecified", "version": "3.6", "versionStatus": "Recommended (active, supported)", "type": "Web/Internet", "architecturalStyle": "REST", "supportedRequestFormats": "URI Query String/CRUD, XML", "supportedResponseFormats": "XML", "restrictedAccess": "No"}