{"url": "https://www.programmableweb.com/api/terbine-rest-api-v102", "name": "Terbine REST API v1.0.2", "description": " The TERBINE API provides specifications for interfacing with TERBINE marketplace services. This API is implemented utilizing REST that is built on HTTP(s) and requires an API Key and Token for authentication. It allows you to pass device info as part of the API, supports machine to machine interaction and more. The API provides functions for user administration, user profiles, search, schema admin, metadata and more. All data is interchanged via JSON utilizing resources for GET, PUT, POST, DELETE and PATCH. Terbine is a digital marketplace for physical world data and purpose-built exchange for IoT data.", "endpoint": "https://api.terbine.io", "homePage": "https://terbine.com/specifications", "primaryCategory": "Data", "secondaryCategories": "IIoT, Internet of Things, Marketplace", "provider": "Terbine", "SSL_Support": "Yes", "authentication_Model": "API Key, Token", "version": "1.0.2", "versionStatus": "Recommended (active, supported)", "type": "Standard", "architecturalStyle": "REST", "supportedRequestFormats": "JSON, URI Query String/CRUD", "supportedResponseFormats": "JSON", "restrictedAccess": "No"}