{"url": "https://www.programmableweb.com/api/twitter-search-tweets-rest-api-v11", "name": "Twitter Search Tweets REST API v1.1", "description": " The Twitter Search Tweets API provides low-latency, full-fidelity, query-based access to the previous 30 days of Tweets with minute granularity that provides both data and counts endpoints. This is a Premium Free and paid access to the last 30 days of Tweets. Twitter is an online news and social networking service where users post and interact with messages. It is a service for friends, family, and coworkers to communicate and stay connected through the exchange of quick, frequent messages. Posted Tweets, may contain photos, videos, links, and text.", "endpoint": "N/A", "homePage": "https://developer.twitter.com/en/docs/tweets/search/api-reference", "primaryCategory": "Social", "secondaryCategories": "Search, Tweets", "provider": "Twitter", "SSL_Support": "Yes", "authentication_Model": "OAuth 2, Shared Secret, Token", "version": "1.1", "versionStatus": "Active (supported, scheduled for retirement)", "type": "Web/Internet", "architecturalStyle": "REST", "supportedRequestFormats": "JSON, URI Query String/CRUD", "supportedResponseFormats": "JSON", "restrictedAccess": "No"}