{"url": "https://www.programmableweb.com/api/national-park-service-rest-api-v1", "name": "National Park Service REST API v1", "description": " The National Park Service API returns parks' events, news, and alerts. With the API, developers can implement campgrounds, lesson plans, parks, people, places, and visitor centers into applications. They can authenticate with an API Key.", "endpoint": "N/A", "homePage": "https://www.nps.gov/subjects/developer/api-documentation.htm", "primaryCategory": "Nature", "secondaryCategories": "Countries, Events, Recreation", "provider": "National Park Service", "SSL_Support": "Yes", "authentication_Model": "API Key", "version": "1", "versionStatus": "Recommended (active, supported)", "type": "Web/Internet", "architecturalStyle": "REST", "supportedRequestFormats": "JSON, URI Query String/CRUD", "supportedResponseFormats": "JSON", "restrictedAccess": "No"}