{"url": "https://www.programmableweb.com/api/zenlogin-rest-api-v1", "name": "Zenlogin REST API v1", "description": " Zenlogin is a service that detects suspicious logins and notifies users when they happen. Developers can add this service to applications with the Zenlogin API. The API is language agnostic and can be implemented with curl, PHP, NodeJS, Python, Ruby among others.", "endpoint": "https://api.zenlogin.co/v1/", "homePage": "https://zenlogin.co/docs", "primaryCategory": "Security", "secondaryCategories": "Notifications", "provider": "Zenlogin", "SSL_Support": "Yes", "authentication_Model": "API Key", "version": "1", "versionStatus": "Recommended (active, supported)", "type": "Web/Internet", "architecturalStyle": "REST", "supportedRequestFormats": "JSON, JSON API", "supportedResponseFormats": "JSON, JSON API", "restrictedAccess": "No"}