{"url": "https://www.programmableweb.com/api/whmcs-vps-reseller-rest-api-v102", "name": "WHMCS VPS Reseller REST API v1.0.2", "description": " This API offers access to WHMCS server module for provisioning and management of VPS servers from reseller's remote WHMCS installation. Enables reseller to deploy live cloud VMs from custom VPS package configurations. Features robust end-user management interface for reseller's client to manage server from within client area of WHMCS.", "endpoint": "N/A", "homePage": "https://radwebhosting.com/client_area/", "primaryCategory": "Virtualization", "secondaryCategories": "Hosting, Infrastructure-as-a-Service, REST", "provider": "RADWEBHOSTING", "SSL_Support": "Yes", "authentication_Model": "API Key", "version": "1.0.2", "versionStatus": "Recommended (active, supported)", "type": "of License if Non Proprietary MIT License", "architecturalStyle": "REST", "supportedRequestFormats": "JSON, XML", "supportedResponseFormats": "HTML, JSON", "restrictedAccess": "Yes"}