{"url": "https://www.programmableweb.com/api/apple-business-chat-rest-api-v10", "name": "Apple Business Chat REST API v1.0", "description": " The Apple Business Chat REST API allows approved Messaging Service Providers (MSPs) to integrate a messaging platform with Apple's Business Chat service. It allows Apple users to communicate with approved businesses using the Messages app on Apple devices, making it possible to send and receive texts and attachments, request payment through Apple Pay, examine products in a 3D AR experience, authenticate in-channel, schedule appointments, and more.", "endpoint": "N/A", "homePage": "https://register.apple.com/business-chat/", "primaryCategory": "Business", "secondaryCategories": "Chat, Messaging", "provider": "Apple", "SSL_Support": "Yes", "authentication_Model": "API Key, Token", "version": "1.0", "versionStatus": "Recommended (active, supported)", "type": "Web/Internet", "architecturalStyle": "REST", "supportedRequestFormats": "JSON, URI Query String/CRUD", "supportedResponseFormats": "JSON", "restrictedAccess": "Yes"}