{"url": "https://www.programmableweb.com/api/typingdna-rest-api-v2110", "name": "TypingDNA REST API v2.11.0", "description": " The TypingDNA API matches typing patterns in order to authenticate a user. Typing behavior is captured using JavaScript, and pattern matching results are returned in JSON format, letting the developer know whether or not the typing patterns belong to the same user. This API can be used for secure login, enforcing reset passwords, and online biometric authentication.", "endpoint": "https://api.typingdna.com/", "homePage": "https://api.typingdna.com/index.html", "primaryCategory": "Recognition", "secondaryCategories": "Artificial Intelligence, Authentication, Biometrics, Identity, Security", "provider": "TypingDNA", "SSL_Support": "Yes", "authentication_Model": "API Key, Shared Secret", "version": "2.11.0", "versionStatus": "Recommended (active, supported)", "type": "Web/Internet", "architecturalStyle": "REST", "supportedRequestFormats": "JSON, URI Query String/CRUD", "supportedResponseFormats": "JSON", "restrictedAccess": "No"}