{"url": "https://www.programmableweb.com/api/nicesi-location-rest-api-v10", "name": "Nicesi Location REST API v1.0", "description": " The Nicesi Location API provides three services: reverse geocoding, time zone and elevation. Reverse Geocoding turns geographic coordinates into place names. Location Timezone lets you get time zone info and Location Elevation provides digital elevation model data for locations (latitude/longitude) on the earth. The Nicesi API provides RESTful HTTP access to a large part of the functionality of Nicesi. API results are returned in JSON formats, with authentication using tokens, and API KEY via a key query parameter. Nicesi is an API Platform that supports RESTful and Custom APIs.", "endpoint": "N/A", "homePage": "https://www.nicesi.com/doc/#location-apis", "primaryCategory": "Location", "secondaryCategories": "Addresses, Geography, Mapping, Time", "provider": "Nicesi", "SSL_Support": "Yes", "authentication_Model": "API Key, Token", "version": "1.0", "versionStatus": "Recommended (active, supported)", "type": "Web/Internet", "architecturalStyle": "REST", "supportedRequestFormats": "JSON, URI Query String/CRUD", "supportedResponseFormats": "JSON", "restrictedAccess": "No"}