{"url": "https://www.programmableweb.com/api/osrm-rest-api-v1", "name": "OSRM REST API v1", "description": " The OSRM API retrieves routing engine data for the shortest paths in road networks. Features include flexible import of OpenStreetMap data, continental sized networks, and supports bicycle and walk modes. HTTP requests use a common structure and examples are available in cURL, CLI, Python, JavaScript, Java, Objective-C, and Swift. Project OSRM is an Open Source Routing Machine.", "endpoint": "http://router.project-osrm.org/route/v1/", "homePage": "http://project-osrm.org/docs/v5.5.1/api/#general-options", "primaryCategory": "Open Source", "secondaryCategories": "Mapping, Transportation", "provider": "OSRM", "SSL_Support": "Yes", "authentication_Model": "Unspecified", "version": "1", "versionStatus": "Recommended (active, supported)", "type": "of License if Non Proprietary 2-clause BSD license", "architecturalStyle": "REST", "supportedRequestFormats": "URI Query String/CRUD", "supportedResponseFormats": "JSON", "restrictedAccess": "No"}