{"url": "https://www.programmableweb.com/api/aptexx-mobile-payments-rest-api-v1", "name": "Aptexx Mobile Payments REST API v1", "description": " The Aptexx Mobile Payments API provides developers a simple, mobile-optimized PCI-compliant payment processing system right out of the box. With this API, customers are given more payment options. Aptexx is a mobile payment and messaging service that works to empower property managers and residents with their services.", "endpoint": "https://api.aptx.cm/endpoint/service/api-v1/", "homePage": "https://aptx.cm/#/docs/api/", "primaryCategory": "Payments", "secondaryCategories": "Banking, Messaging, Mobile, Payments, Surveys", "provider": "Aptexx", "SSL_Support": "Yes", "authentication_Model": "API Key", "version": "1", "versionStatus": "Recommended (active, supported)", "type": "Web/Internet", "architecturalStyle": "REST", "supportedRequestFormats": "URI Query String/CRUD", "supportedResponseFormats": "CSV, GeoJSON, JSON, XML", "restrictedAccess": "No"}