{"url": "https://www.programmableweb.com/api/we-can-track-rest-api-v2", "name": "We Can Track REST API v2", "description": " We Can Track service lets users automatically place a trackable Sub ID in affiliate links to attribute affiliate conversions to click data and access the data in sophisticated and customized dashboards. The reporting API enables users to collect matched data, gather the data in databases, and use it within applications. Data returned includes transaction, commission, advertiser, conversion, clickout, network accounts information, etc.", "endpoint": "https://app.wecantrack.com/api/v2/", "homePage": "https://docs.wecantrack.com", "primaryCategory": "Marketing", "secondaryCategories": "Analytics, Dashboards, Data, eCommerce, Reporting, Software-as-a-Service", "provider": "wecantrack", "SSL_Support": "Yes", "authentication_Model": "API Key, HTTP Basic Auth", "version": "2", "versionStatus": "Recommended (active, supported)", "type": "Product", "architecturalStyle": "REST", "supportedRequestFormats": "JSON, URI Query String/CRUD", "supportedResponseFormats": "JSON", "restrictedAccess": "No"}