{"url": "https://www.programmableweb.com/api/mogol-conditions-rest-api-v1", "name": "Mogol Conditions REST API v1", "description": " The Mogol Conditions API returns data of road conditions, including construction, closures, incidents, winter pavement conditions, and events across the United States. It is based on GeoJSON schema with API Key as the authentication method.", "endpoint": "https://api.mogolinc.com/conditions ", "homePage": "https://mogolinc.com/development", "primaryCategory": "Transportation", "secondaryCategories": "Construction, Cycling, Location, North America, Safety", "provider": "Mogol Inc", "SSL_Support": "Yes", "authentication_Model": "API Key", "version": "1", "versionStatus": "Recommended (active, supported)", "type": "of License if Non Proprietary We use the GeoJSON standard for our API (RFC 7946). See the RFC for any restrictions (https://tools.ietf.org/html/rfc7946)", "architecturalStyle": "REST", "supportedRequestFormats": "URI Query String/CRUD", "supportedResponseFormats": "GeoJSON, JSON", "restrictedAccess": "No"}