{"url": "https://www.programmableweb.com/api/authzed-grpc-http2-api-v1", "name": "authzed gRPC (HTTP/2) API v1", "description": " authzed is a platform to store, compute, and validate application permissions. The authzed gRPC API enables developers to access basic operations for writing permissions relationships under namespaces and checking those permissions for users and objects. Methods are available to manage check, content change check, write, read, read namespace config, and write namepsace config.", "endpoint": "N/A", "homePage": "https://docs.authzed.com/", "primaryCategory": "Authorization", "secondaryCategories": "N/A", "provider": "Petricorp", "SSL_Support": "Yes", "authentication_Model": "Other/Custom", "version": "1", "versionStatus": "Recommended (active, supported)", "type": "Web/Internet", "architecturalStyle": "RPC", "supportedRequestFormats": "gRPC", "supportedResponseFormats": "gRPC, Protocol Buffers", "restrictedAccess": "No"}