{"url": "https://www.programmableweb.com/api/compound-finance-rest-api-v10", "name": "Compound Finance REST API v1.0", "description": " The Compound Finance API retrieves algorithmic money markets on the Ethereum blockchain. Guides show developers how to set up an Ethereum development environment, supply assets to the compound protocol, borrow assets from the compound protocol, and create a Compound API with Infura.", "endpoint": "https://compound.finance/", "homePage": "https://compound.finance/docs", "primaryCategory": "Financial", "secondaryCategories": "Algorithms, Applications, Blockchain, Cryptocurrency", "provider": "Compound Labs", "SSL_Support": "Yes", "authentication_Model": "API Key", "version": "1.0", "versionStatus": "Recommended (active, supported)", "type": "Web/Internet", "architecturalStyle": "REST", "supportedRequestFormats": "URI Query String/CRUD", "supportedResponseFormats": "JSON", "restrictedAccess": "No"}