{"url": "https://www.programmableweb.com/api/verisign-namestudio-rest-api-v20", "name": "VeriSign NameStudio REST API v2.0", "description": " The VeriSign NameStudio API is a domain name search service that allows you to integrate a search platform with intelligent suggestions based on the domain name or keywords a user enters. It provides domain name suggestions based on data you provide related to a customers existing online presence, provides domain name suggestions with a prefix that is both syntactically and semantically relevant, provides domain name suggestions using a combination of domain name suggestion methods including word segmentation, related, creative, name-shortening, and more. Verisign is a global provider of domain name registry services and internet infrastructure.", "endpoint": "https://sugapi.verisign-grs.com/ns-api/2.0", "homePage": "https://www.namestudioapi.com", "primaryCategory": "Domains", "secondaryCategories": "Names", "provider": "VeriSign", "SSL_Support": "No", "authentication_Model": "API Key", "version": "2.0", "versionStatus": "Recommended (active, supported)", "type": "Web/Internet", "architecturalStyle": "REST", "supportedRequestFormats": "JSON, URI Query String/CRUD", "supportedResponseFormats": "JSON", "restrictedAccess": "No"}