{"url": "https://www.programmableweb.com/api/cryptingup-rest-api-v10", "name": "CryptingUp REST API v1.0", "description": " Cryptocurrency ranking by trading volume, market data and charts. Research financial data for Bitcoin, Ethereum and other altcoins. Welcome to the CryptingUp API! You can use our API to access CryptingUp API endpoints, which can get information on assets, markets, and exchanges in our database.", "endpoint": "https://www.cryptingup.com/api/", "homePage": "https://www.cryptingup.com/", "primaryCategory": "Cryptocurrency", "secondaryCategories": "N/A", "provider": "CryptingUp", "SSL_Support": "Yes", "authentication_Model": "Unspecified", "version": "1.0", "versionStatus": "Recommended (active, supported)", "type": "Web/Internet", "architecturalStyle": "REST", "supportedRequestFormats": "JSON", "supportedResponseFormats": "JSON", "restrictedAccess": "No"}