{"url": "https://www.programmableweb.com/api/smartproxy-public-rest-api-v10", "name": "Smartproxy Public REST API v1.0", "description": " With the Smartproxy API you will be able to access proxies and take full control over your account: to Create, Update, Delete and set traffic limits for your proxy users; Pull out reports for traffic usage; Create and Delete whitelisted IPs to simplify authentication; Filter and list all endpoints with ports; Check the status of your current subscription and more. Smartproxy provides a Residential Proxy Network with 10M+ IPs.", "endpoint": "https://api.smartproxy.com/v1", "homePage": "https://help.smartproxy.com/reference", "primaryCategory": "Data Mining", "secondaryCategories": "Networking", "provider": "smartproxy", "SSL_Support": "Yes", "authentication_Model": "App ID, Token", "version": "1.0", "versionStatus": "Recommended (active, supported)", "type": "of License if Non Proprietary The MIT License", "architecturalStyle": "REST", "supportedRequestFormats": "JSON, URI Query String/CRUD", "supportedResponseFormats": "JSON", "restrictedAccess": "No"}