{"url": "https://www.programmableweb.com/api/sabre-top-destinations-rest-api-v1", "name": "Sabre Top Destinations REST API v1", "description": " The Sabre Top Destinations API retrieves the top booked leisure destinations from a given origin. Sabre is a travel technology and booking company for the travel industry.", "endpoint": "N/A", "homePage": "https://developer.sabre.com/docs/read/rest_apis/air/intelligence/top_destination\u2026", "primaryCategory": "Travel", "secondaryCategories": "Air Travel, Booking", "provider": "Sabre", "SSL_Support": "Yes", "authentication_Model": "Session, Token", "version": "1", "versionStatus": "Recommended (active, supported)", "type": "Web/Internet", "architecturalStyle": "REST", "supportedRequestFormats": "JSON, URI Query String/CRUD", "supportedResponseFormats": "JSON", "restrictedAccess": "No"}