{"url": "https://www.programmableweb.com/api/lrs-cloud-rest-api-v3", "name": "LRS Cloud REST API v3", "description": " The LRS Cloud API uses JSON formats to retrieve lists of authorized users and locations, retrieve information about locations and accounts, and retrieve table tracker reporting data. LRS provides paging technology and systems for education, healthcare, hospital, retail and other industries.", "endpoint": "N/A", "homePage": "https://www.lrsus.com/developer/", "primaryCategory": "Restaurants", "secondaryCategories": "Messaging, Notifications", "provider": "LRS", "SSL_Support": "Yes", "authentication_Model": "OAuth 1", "version": "3", "versionStatus": "Recommended (active, supported)", "type": "Web/Internet", "architecturalStyle": "REST", "supportedRequestFormats": "JSON, URI Query String/CRUD", "supportedResponseFormats": "JSON", "restrictedAccess": "No"}