{"url": "https://www.programmableweb.com/api/thai-national-id-ocr-rest-api-v3", "name": "Thai National ID OCR REST API v3", "description": " This API provides OCR (optical character recognition) for Thai National ID card.", "endpoint": "https://rapidapi.com/iapphr/api/thai-national-id", "homePage": "https://rapidapi.com/iapphr/api/thai-national-id", "primaryCategory": "OCR", "secondaryCategories": "Identity, Photos, Video", "provider": "iApp Technology", "SSL_Support": "Yes", "authentication_Model": "API Key", "version": "3", "versionStatus": "Recommended (active, supported)", "type": "Web/Internet", "architecturalStyle": "REST", "supportedRequestFormats": "Binary, URI Query String/CRUD", "supportedResponseFormats": "JSON", "restrictedAccess": "No"}