{"url": "https://www.programmableweb.com/api/tempo-timesheets-rest-api-v3", "name": "Tempo Timesheets REST API v3", "description": " The Tempo Timesheets API in REST architecture and JSON format, transfers data to and from timesheets to implement into business applications. Developers can use the Atlassian's REST API Browser to test the operations manually through a web interface, integrated into JIRA, a project management software. Tempo is a time tracking and project management platform which can be integrated with JIRA to form a full Project Management stack.", "endpoint": "N/A", "homePage": "http://developer.tempo.io/doc/timesheets/api/rest/latest/", "primaryCategory": "Time Tracking", "secondaryCategories": "Project Management, Time", "provider": "TempoIQ", "SSL_Support": "Yes", "authentication_Model": "OAuth 2", "version": "3", "versionStatus": "Recommended (active, supported)", "type": "Product", "architecturalStyle": "REST", "supportedRequestFormats": "JSON, URI Query String/CRUD", "supportedResponseFormats": "JSON", "restrictedAccess": "No"}