{"url": "https://www.programmableweb.com/api/pagecdn-rest-api-v2", "name": "PageCDN REST API v2", "description": " The opensource PageCDN API focuses on accelerating website layouts. PageCDN ensures pages download in the least time possible with open source libraries like jQuery and frameworks like Vue or React, fonts like Google Fonts and Icon Fonts. Public CDN is free and it provides all popular WordPress and bootstrap themes, fonts, patterns, and image libraries.", "endpoint": "https://pagecdn.com/api", "homePage": "https://pagecdn.com", "primaryCategory": "Content Delivery Network", "secondaryCategories": "Application Development, Cloud, Content, Developers, Library, Tools", "provider": "PageCDN", "SSL_Support": "Yes", "authentication_Model": "API Key", "version": "2", "versionStatus": "Recommended (active, supported)", "type": "Web/Internet", "architecturalStyle": "REST", "supportedRequestFormats": "JSON, URI Query String/CRUD", "supportedResponseFormats": "JSON", "restrictedAccess": "No"}