{"url": "https://www.programmableweb.com/api/trimble-trip-management-event-notifications-rest-api-v10", "name": "Trimble Trip Management Event Notifications REST API v1.0", "description": " The Trimble Trip Management Event Notifications API delivers notifications generated by other Trip Management APIs in JSON format. Developers can get notifications when a vehicle goes out of route, out of corridor, is at risk of missing an estimated arrival time, or when a stop status changes in the trip. This API can also retrieve weather alerts along the route. This API is one of many routing, location, and mapping APIs provided by Trimble.", "endpoint": "https://notifications.alk.com/api/v1/", "homePage": "https://developer.trimblemaps.com/restful-apis/trip-management/event-notificatio\u2026", "primaryCategory": "Notifications", "secondaryCategories": "Transportation, Travel", "provider": "Trimble", "SSL_Support": "Yes", "authentication_Model": "API Key", "version": "1.0", "versionStatus": "Recommended (active, supported)", "type": "Web/Internet", "architecturalStyle": "REST", "supportedRequestFormats": "URI Query String/CRUD", "supportedResponseFormats": "JSON", "restrictedAccess": "No"}