{"url": "https://www.programmableweb.com/api/dear-systems-rest-api-v2", "name": "DEAR Systems REST API v2", "description": " The DEAR Systems API provides ways to manage eCommerce enterprise resource planning (ERP) data including invoices, customers, suppliers, and additional business operations. The API accepts only JSON data format. V2 of this API has more advanced functionality and covers all recent system changes. DEAR Systems is cloud inventory management software for eCommerce.", "endpoint": "https://inventory.dearsystems.com/externalapi/v2/", "homePage": "https://support.dearsystems.com/support/solutions/articles/11000067739-api-intro\u2026", "primaryCategory": "eCommerce", "secondaryCategories": "Business, Inventory, Management, Supply Chain", "provider": "DEAR Systems", "SSL_Support": "Yes", "authentication_Model": "API Key", "version": "2", "versionStatus": "Recommended (active, supported)", "type": "Web/Internet", "architecturalStyle": "REST", "supportedRequestFormats": "JSON, URI Query String/CRUD", "supportedResponseFormats": "JSON", "restrictedAccess": "No"}