{"url": "https://www.programmableweb.com/api/onapp-cloud-rest-api-v5", "name": "OnApp Cloud REST API v5", "description": " The OnApp Cloud API integrates cloud services with third parties. It is available in REST architecture with JSON and XML as the formats and Basic HTTP and API Key as the authentication methods. API methods are available for managing servers, networks, location groups, load balancers, storage backup and much more. OnApp is a cloud management platform with solutions that enable service providers to build public, private, hybrid, and VPS clouds in the datacenter plus CDN solutions.", "endpoint": "https://onapp.com/", "homePage": "https://docs.onapp.com/apim/latest", "primaryCategory": "Cloud", "secondaryCategories": "Content Delivery Network, Hosting, Management, Platform-as-a-Service", "provider": "OnApp", "SSL_Support": "Yes", "authentication_Model": "API Key, HTTP Basic Auth", "version": "5", "versionStatus": "Recommended (active, supported)", "type": "Product", "architecturalStyle": "REST", "supportedRequestFormats": "URI Query String/CRUD", "supportedResponseFormats": "JSON, XML", "restrictedAccess": "No"}