{"url": "https://www.programmableweb.com/api/easy-pdf-server-rest-api-v10", "name": "Easy PDF Server REST API v1.0", "description": " Easy PDF Server API is a simple API to convert HTML to PDF.", "endpoint": "https://api.easypdfserver.com", "homePage": "https://www.easypdfserver.com/", "primaryCategory": "Documents", "secondaryCategories": "HTML5, PDF", "provider": "Easy PDF Server", "SSL_Support": "Yes", "authentication_Model": "API Key", "version": "1.0", "versionStatus": "Active (supported, scheduled for retirement)", "type": "Web/Internet", "architecturalStyle": "REST", "supportedRequestFormats": "JSON", "supportedResponseFormats": "PDF", "restrictedAccess": "No"}