{"url": "https://www.programmableweb.com/api/oneom-rest-api-v001", "name": "OneOm REST API v0.0.1", "description": " The OneOm API returns torrent files, magnet links, and subtitles for TV shows. Methods include listing TV shows with runtime dates and images, searching for TV shows by title, and obtaining TV schedules for a specific date. This information is available in JSON format.", "endpoint": "https://oneom.is/", "homePage": "https://oneom.is/api", "primaryCategory": "Torrents", "secondaryCategories": "Aggregation, Database, Database-as-a-Service, Subtitles, TV", "provider": "OneOm", "SSL_Support": "Yes", "authentication_Model": "Unspecified", "version": "0.0.1", "versionStatus": "Recommended (active, supported)", "type": "Web/Internet", "architecturalStyle": "REST", "supportedRequestFormats": "JSON, URI Query String/CRUD", "supportedResponseFormats": "JSON", "restrictedAccess": "No"}