{"url": "https://www.programmableweb.com/api/unelmacoin-rest-api-v100", "name": "UnelmaCoin REST API v1.0.0", "description": " UnelmaCoin is an innovative decentralized crypto coin for developing countries. UnelmaCoin (UNC) is a blockchain technology built on top of already existing and popular cryptocurrencies such as Bitcoin, Dash and PIVX. UnelmaCoin aims to empower people by making the use of cryptocurrency as easy as posting a message on a social network. The UnelmaCoin API block explorer provides an API allowing users and applications to retrieve information from the UnelmaCoin blockchain network without a local wallet.", "endpoint": "https://unelmacoin.info/#/api", "homePage": "https://unelmacoin.info/#/api", "primaryCategory": "Cryptocurrency", "secondaryCategories": "Financial", "provider": "UnelmaCoin Explorer", "SSL_Support": "Yes", "authentication_Model": "Unspecified", "version": "1.0.0", "versionStatus": "Recommended (active, supported)", "type": "Web/Internet", "architecturalStyle": "REST", "supportedRequestFormats": "JSON, URI Query String/CRUD", "supportedResponseFormats": "JSON", "restrictedAccess": "No"}