{"url": "https://www.programmableweb.com/api/caret-rest-api-v10", "name": "Caret REST API v1.0", "description": " The Caret API lets users harness their smart device sensors and interconnect them with third party devices & applications to automate customizable status sharing services. Users can share what they are doing in one app when they are doing it via an interactive Caret status. Your status could automatically change when you start playing a game and contain a link, photo and more about that game. For more complex cross-app or sensor triggered statuses, you can order custom built solutions through Caret's Web CommunicatorWith the Caret App you can:Assign real time statuses to phone numbers for sharing with contactsSee when & why contacts are available or busyManage what contacts see about youCall & end-to-end encrypted status based messaging for freeCreate custom statuses to meet your business needsDiscover your contacts' interests in real timeCaret is automatable status sharing triggered by your device's sensors (context aware status sharing). With Caret you are able to Personalize presence info with automated context & interactive B2C/B2B services.", "endpoint": "https://caret.co/caret-api/v1.0/users/", "homePage": "https://caret.co/services.html", "primaryCategory": "Internet of Things", "secondaryCategories": "Accessibility, Applications, B2B, Games, Messaging, Real Time", "provider": "Wallrust", "SSL_Support": "No", "authentication_Model": "API Key", "version": "1.0", "versionStatus": "Recommended (active, supported)", "type": "Web/Internet", "architecturalStyle": "REST", "supportedRequestFormats": "JSON, URI Query String/CRUD", "supportedResponseFormats": "JSON", "restrictedAccess": "No"}