{"url": "https://www.programmableweb.com/api/check-streaming-api-v1", "name": "Check Streaming API v1", "description": " The Check API enables developers to embed payroll services into vertical SaaS, HR, or time-tracking platforms. The Check Webhooks config API offers webhook notifications about events within your organization and Check.", "endpoint": "https://api.checkhq.com/webhook_configs", "homePage": "https://docs.checkhq.com/docs", "primaryCategory": "Payments", "secondaryCategories": "Accounting, Banking, Human Resources", "provider": "Check Technologies", "SSL_Support": "Yes", "authentication_Model": "API Key", "version": "1", "versionStatus": "Recommended (active, supported)", "type": "Web/Internet", "architecturalStyle": "Streaming", "supportedRequestFormats": "JSON, URI Query String/CRUD", "supportedResponseFormats": "JSON", "restrictedAccess": "No"}