{"url": "https://www.programmableweb.com/api/vonage-nexmo-messages-rest-api-v01", "name": "Vonage Nexmo Messages REST API v0.1", "description": " The Vonage Nexmo Messages API allows you to send and receive messages over the following communications channels: SMS/MMS, Facebook Messenger, Viber and WhatsApp. It integrates with SMS, MMS, and popular social chat applications to communicate with customers on channels they use most. To deliver a more engaging user experience, the API supports native app features and multimedia messaging including; video, audio, and geo-location.", "endpoint": "https://api.nexmo.com/v0.1/messages", "homePage": "https://developer.nexmo.com/messages/overview", "primaryCategory": "Messaging", "secondaryCategories": "Images, Social, Video", "provider": "Vonage", "SSL_Support": "Yes", "authentication_Model": "API Key", "version": "0.1", "versionStatus": "Recommended (active, supported)", "type": "Web/Internet", "architecturalStyle": "REST", "supportedRequestFormats": "JSON, URI Query String/CRUD", "supportedResponseFormats": "JSON, Text", "restrictedAccess": "No"}