{"url": "https://www.programmableweb.com/api/greenly-carbon-analytics-rest-api-v15", "name": "Greenly Carbon Analytics REST API v1.5", "description": " Greenly is a service that enables business organizations to measure their carbon footprint. The Greenly Carbon Analytics API enables the enrichment of bank transactions with carbon footprint analytics. Retrieve data about purchases, transactions, low-carbon alternatives, and users with this API.", "endpoint": "https://api.greenly.earth/v1.5/", "homePage": "https://greenly.redoc.ly/", "primaryCategory": "Sustainability", "secondaryCategories": "Banking, Business, Transactions", "provider": "Greenly", "SSL_Support": "Yes", "authentication_Model": "API Key", "version": "1.5", "versionStatus": "Recommended (active, supported)", "type": "Web/Internet", "architecturalStyle": "REST", "supportedRequestFormats": "JSON", "supportedResponseFormats": "JSON", "restrictedAccess": "No"}