{"url": "https://www.programmableweb.com/api/microsoft-bing-rest-api-v60", "name": "Microsoft Bing REST API v6.0", "description": " Bing API enables developers to embed a flexible and powerful search engine as a custom search component in their sites and applications. Bing API offers open, flexible options for building or enhancing your site or applications. With the API users can search for web content, images, stories and more. Users can also monetize their applications with advertisements. It uses a RESTful protocol with results formatted either in XML or JSON and also provides support for SOAP protocol.", "endpoint": "https://api.cognitive.microsoft.com/bing", "homePage": "http://www.bing.com/dev/en-us/dev-center", "primaryCategory": "Search", "secondaryCategories": "N/A", "provider": "Microsoft", "SSL_Support": "Yes", "authentication_Model": "Token", "version": "6.0", "versionStatus": "Recommended (active, supported)", "type": "Web/Internet", "architecturalStyle": "REST", "supportedRequestFormats": "JSON, URI Query String/CRUD", "supportedResponseFormats": "JSON", "restrictedAccess": "No"}