{"url": "https://www.programmableweb.com/api/pvoutput-service-rest-api-v1", "name": "PVOutput Service REST API v1", "description": " PVOutput is a free service for sharing, evaluating, and comparing photovoltaic (PV) solar panel output data. The PVOutput Service API provides a developer interface for sending and receiving photovoltaic output data.", "endpoint": "http://pvoutput.org/service/", "homePage": "http://pvoutput.org/help.html#api", "primaryCategory": "Tools", "secondaryCategories": "Solar", "provider": "PVOutput", "SSL_Support": "Yes", "authentication_Model": "N/A", "version": "1", "versionStatus": "Recommended (active, supported)", "type": "Web/Internet", "architecturalStyle": "REST", "supportedRequestFormats": "URI Query String/CRUD", "supportedResponseFormats": "Unspecified", "restrictedAccess": "No"}