{"url": "https://www.programmableweb.com/api/precisely-911psap-rest-api-v10", "name": "Precisely 911/PSAP REST API v1.0", "description": " This API provides Public Safety Answering Point (PSAP) administrative call routing support and Authority Having Jurisdiction (AHJ) phone numbers. Precisely is a data integrity platform capable of collecting, verifying, and mapping information. This platform can be used to enable address typeahead capabilities in eCommerce websites, determine origin and delivery destinations in logistics applications, and provide better insights for customer engagement. Precisely APIs feature REST architecture, API Key authentication, and JSON responses.", "endpoint": "https://api.precisely.com/911/v1", "homePage": "https://developer.precisely.com/apis/911", "primaryCategory": "Data", "secondaryCategories": "Business, Emergency", "provider": "Precisely", "SSL_Support": "Yes", "authentication_Model": "API Key, Shared Secret", "version": "1.0", "versionStatus": "Recommended (active, supported)", "type": "Web/Internet", "architecturalStyle": "REST", "supportedRequestFormats": "URI Query String/CRUD", "supportedResponseFormats": "JSON", "restrictedAccess": "Yes"}