{"url": "https://www.programmableweb.com/api/amazon-product-advertising-rest-api-v50", "name": "Amazon Product Advertising REST API v5.0", "description": " The Amazon Product Advertising API provides access to Amazon product data such as the items for sale, customer reviews, seller reviews and others. The functions that have been updated for version 5.0 offer features for: the addition of several SDKs in popular languages to integrate signing the request, request serialization and response de-serialization, faster response times and more. This API was previously known as the eCommerce Service and was renamed the Product Advertising API. It provides a way to retrieve product information and expose Amazon's product data and e-commerce functionality to leverage Amazon Product Discovery features. Amazon is an Ecommerce, Business and Web Service Platform that provides cloud computing and electronic commerce, and is one of the largest Internet-based retailers globally.", "endpoint": "http://webservices.amazon.com", "homePage": "https://webservices.amazon.com/paapi5/documentation", "primaryCategory": "eCommerce", "secondaryCategories": "Advertising", "provider": "Amazon", "SSL_Support": "No", "authentication_Model": "API Key", "version": "5.0", "versionStatus": "Recommended (active, supported)", "type": "Web/Internet", "architecturalStyle": "REST", "supportedRequestFormats": "JSON, URI Query String/CRUD, XML", "supportedResponseFormats": "JSON, XML", "restrictedAccess": "No"}