{"url": "https://www.programmableweb.com/api/platebber-license-plate-recognition-rest-api-v10", "name": "Platebber License Plate Recognition REST API v1.0", "description": " The Platebber License Plate Recognition API returns car registration plates text, confidence score, and timestamp from a still photo. Although the API is intended for software developers, there is a license plate recognition online application that may be used to check the input and output JSONs of the API. Some recommendations to use the Platebber API:It is better to use properly exposed, unobstructed JPEG photos at 1920x1080 (Full HD resolution) where the ratio between the height of the license plate and height of the entire picture should be at least 1:15.For ratios like 1:16, 1:17, 1:18 and so on, the accuracy is lower and the AI algorithm may not see and read the license plate and the number on the registration plate. Platebber does not store pictures.The quality and the angles of the LPR camera contribute to a higher reading accuracy. It should have varifocal lenses, high shutter speed, good infrared lighting beam, and full HD resolution.", "endpoint": "https://www.de-vis-software.ro/platebber.aspx", "homePage": "https://www.de-vis-software.ro/license-plate-recognition-api.aspx", "primaryCategory": "Auto", "secondaryCategories": "Artificial Intelligence, OCR, Recognition", "provider": "DE VIS Software", "SSL_Support": "Yes", "authentication_Model": "HTTP Basic Auth", "version": "1.0", "versionStatus": "Recommended (active, supported)", "type": "Web/Internet", "architecturalStyle": "REST", "supportedRequestFormats": "JSON", "supportedResponseFormats": "JSON", "restrictedAccess": "No"}