{"url": "https://www.programmableweb.com/api/thinkst-canarytools-rest-api-v1", "name": "Thinkst Canarytools REST API v1", "description": " Thinkst Canary offers a virtual or physical device canaries to help organizations discover if they've been breached. Thinkst Canary Canarytools API enables developers to manage data from the service, with methods for Canarytokens, console resources, console settings, flocks, flock settings, incidents, and user management.", "endpoint": "https://EXAMPLE.canary.tools/api/v1/", "homePage": "https://docs.canary.tools/", "primaryCategory": "Security", "secondaryCategories": "Hardware, Internet of Things, Testing", "provider": "Thinkst Applied Research", "SSL_Support": "Yes", "authentication_Model": "API Key", "version": "1", "versionStatus": "Recommended (active, supported)", "type": "Product", "architecturalStyle": "REST", "supportedRequestFormats": "JSON, URI Query String/CRUD", "supportedResponseFormats": "JSON", "restrictedAccess": "No"}