{"url": "https://www.programmableweb.com/api/flume-rest-api-v10", "name": "Flume REST API v1.0", "description": " Flume is a water monitor and water leak detector for smart homes. The Flume API offers programmatic access to the service, with API methods to manage users, locations, budgets, subscriptions, notifications, events, and contacts.", "endpoint": "https://api.flumewater.com/", "homePage": "https://flumetech.readme.io/reference#introduction", "primaryCategory": "Water", "secondaryCategories": "Home Automation, Internet of Things", "provider": "Flume", "SSL_Support": "Yes", "authentication_Model": "OAuth 2, Token", "version": "1.0", "versionStatus": "Recommended (active, supported)", "type": "Web/Internet", "architecturalStyle": "REST", "supportedRequestFormats": "JSON, URI Query String/CRUD", "supportedResponseFormats": "JSON", "restrictedAccess": "No"}