{"url": "https://www.programmableweb.com/api/unofficial-clash-royale-rest-api-v120144", "name": "Unofficial Clash Royale REST API v12.0.144", "description": " The Unofficial Clash Royale API returns the game's data in text after making GET requests, previously authenticating with API Key. With the API, developers can access real-time information about players, clans, clan wars, and tournaments. Clash Royale is a freemium mobile game. Learn more at https://clashroyale.com/", "endpoint": "https://api.royaleapi.com/endpoints", "homePage": "https://docs.royaleapi.com/#/", "primaryCategory": "Games", "secondaryCategories": "N/A", "provider": "Independent Developer", "SSL_Support": "No", "authentication_Model": "API Key, Token", "version": "12.0.144", "versionStatus": "Recommended (active, supported)", "type": "Web/Internet", "architecturalStyle": "REST", "supportedRequestFormats": "URI Query String/CRUD", "supportedResponseFormats": "JSON, Text", "restrictedAccess": "No"}