{"url": "https://www.programmableweb.com/api/personal-remedies-rest-api-v20", "name": "Personal Remedies REST API v2.0", "description": " The Personal Remedies Nutridigm API gives you access to a knowledgebase which contains information about helpfulness or harmfulness of a given food to any given illness. Through this API you can identify the best food choices for an individual based on their multiple illnesses, heath risks, allergies, food preferences and medications they might be taking. While this API is a new capability, the technology and the knowledgebase it provides access to is proven and has been used by over 40,000 end users through our mobile apps and web site. The API provides numerous independent capabilities and features.", "endpoint": "https://5jocnrfkfb.execute-api.us-east-1.amazonaws.com/PersonalRemedies/nutridigm/api/v2/", "homePage": "https://app.swaggerhub.com/apis/personalremedies/PersonalRemedies2/2", "primaryCategory": "Health", "secondaryCategories": "Artificial Intelligence, Food, Healthcare, Nutrition", "provider": "Personal Remedies", "SSL_Support": "Yes", "authentication_Model": "Token", "version": "2.0", "versionStatus": "Recommended (active, supported)", "type": "Web/Internet", "architecturalStyle": "REST", "supportedRequestFormats": "JSON, URI Query String/CRUD", "supportedResponseFormats": "JSON", "restrictedAccess": "Yes"}