{"url": "https://www.programmableweb.com/api/covid-19-us-states-rest-api-v10", "name": "COVID-19 US States REST API v1.0", "description": " This COVID-19 API transforms the CSV data from the official repository provided by The New York Times into JSON format. The API returns confirmed cases and deaths for every state starting on January 21st.", "endpoint": "https://energ.ee/covid19-us-api/states.json", "homePage": "https://github.com/energee/covid19-us-api", "primaryCategory": "COVID-19", "secondaryCategories": "Coronavirus, Data", "provider": "N/A", "SSL_Support": "No", "authentication_Model": "Unspecified", "version": "1.0", "versionStatus": "Recommended (active, supported)", "type": "Web/Internet", "architecturalStyle": "REST", "supportedRequestFormats": "URI Query String/CRUD", "supportedResponseFormats": "JSON", "restrictedAccess": "No"}