{"url": "https://www.programmableweb.com/api/no-key-no-shade-rupauls-drag-race-rest-api-v10", "name": "No Key No Shade: A RuPaul's Drag Race REST API v1.0", "description": " The No Key No Shade: A RuPaul's Drag Race API allows developers to retrieve information about the queens, seasons, and episodes of RuPaul's Drag Race. Currently, the data for AllStars 4 and Season 11 is missing, but it is expected to be added in the future. No API key is required, but there is a rate limit of 100 requests every 15 minutes.", "endpoint": "http://www.nokeynoshade.party/api/", "homePage": "https://drag-race-api.readme.io/docs", "primaryCategory": "Entertainment", "secondaryCategories": "TV", "provider": "Drag Race API", "SSL_Support": "No", "authentication_Model": "Unspecified", "version": "1.0", "versionStatus": "Recommended (active, supported)", "type": "Web/Internet", "architecturalStyle": "REST", "supportedRequestFormats": "JSON, URI Query String/CRUD", "supportedResponseFormats": "JSON", "restrictedAccess": "No"}