{"url": "https://www.programmableweb.com/api/fishwatch-rest-api-v1", "name": "FishWatch REST API v1", "description": " The FishWatch API provides access to information on seafood sustainability. For a given fish species, the FishWatch API can return information on population, fishing rate, habitat impacts, bycatch, availability, source, taste, texture, and more. This service and its content are provided by NOAA Fisheries to help spread information about the science behind U.S. sustainable seafood.", "endpoint": "https://www.fishwatch.gov/api/species", "homePage": "https://www.fishwatch.gov/resources", "primaryCategory": "Marine", "secondaryCategories": "Animals, Environment, Fishing, Food, Nature, Sustainability", "provider": "NOAA", "SSL_Support": "Yes", "authentication_Model": "Unspecified", "version": "1", "versionStatus": "Recommended (active, supported)", "type": "Web/Internet", "architecturalStyle": "REST", "supportedRequestFormats": "URI Query String/CRUD", "supportedResponseFormats": "HTML", "restrictedAccess": "No"}