{"url": "https://www.programmableweb.com/api/anvil-etch-e-sign-graphql-api-v1", "name": "Anvil Etch E-Sign GraphQL API v1", "description": " Add legally binding and industry recognized e-signatures to your product. Comes with client libraries, embeddable UI components and a free sandbox.", "endpoint": "https://graphql.useanvil.com", "homePage": "https://www.useanvil.com/products/etch/", "primaryCategory": "Electronic Signature", "secondaryCategories": "Automation, Documents, PDF", "provider": "Anvil", "SSL_Support": "Yes", "authentication_Model": "HTTP Basic Auth", "version": "1", "versionStatus": "Recommended (active, supported)", "type": "Web/Internet", "architecturalStyle": "RPC", "supportedRequestFormats": "GraphQL, JSON", "supportedResponseFormats": "Binary, GraphQL, JSON, PDF, Webhooks", "restrictedAccess": "No"}