{"url": "https://www.programmableweb.com/api/pelicanpay-bank-rest-api-v10", "name": "PelicanPay Bank REST API v1.0", "description": " The PelicanPay Bank API is an integrated API framework to handle requests to ASPSPs from AISPs/PISPs. It provides a suite of dynamic API capabilities for ASPSPs and third party providers for open banking initiatives that features AI and Data analytics powered solutions to monetize your data and more. This API implementation is a RESTful service with requests and responses in JSON format. The PelicanPay platform manages the technical and regulatory complexity of API connectivity to customers bank accounts. PelicanPay provides banks and corporations with payment solutions, and a financial crime compliance platform for Fintechs and third party providers for on-boarding and global payments processing.", "endpoint": "https://sb.tpp.api.pelicanpay.io/pelicanpay/v1/", "homePage": "https://www.pelicanpay.com/solutions/banks", "primaryCategory": "Payments", "secondaryCategories": "Banking, European, Financial, Platform-as-a-Service", "provider": "PelicanPay", "SSL_Support": "Yes", "authentication_Model": "Token", "version": "1.0", "versionStatus": "Recommended (active, supported)", "type": "Web/Internet", "architecturalStyle": "REST", "supportedRequestFormats": "JSON, URI Query String/CRUD", "supportedResponseFormats": "JSON", "restrictedAccess": "No"}