{"url": "https://www.programmableweb.com/api/globaleur-content-rest-api-v1", "name": "Globaleur Content REST API v1", "description": " The Globaleur Content API provides details and photos for 1 million points of interest in 200 cities. The API returns unique information such as themes, suggested visit duration. Methods are available to manage cities, countries, places, themes, trips, users and weather. Globaleur provides digitalization infrastructure for travel.", "endpoint": "https://api.globaleur.com/v1/", "homePage": "https://www.globaleur.com/destination-contents", "primaryCategory": "Travel", "secondaryCategories": "Attractions, Cities, Tourism, Weather", "provider": "MG Innovation Lab", "SSL_Support": "Yes", "authentication_Model": "API Key, HTTP Basic Auth", "version": "1", "versionStatus": "Recommended (active, supported)", "type": "Web/Internet", "architecturalStyle": "REST", "supportedRequestFormats": "JSON", "supportedResponseFormats": "JSON", "restrictedAccess": "No"}