{"url": "https://www.programmableweb.com/api/coronavirus-tracker-rest-api-v20", "name": "Coronavirus Tracker REST API v2.0", "description": " The Coronavirus Tracker API provides updated information associated with COVID-19. The API combines 2 data-sources: the Worldwide Data repository operated by the Johns Hopkins University Center for Systems Science and Engineering (JHU CSSE), and U.S. County data from the Conference of State Bank Supervisors. The API does not implement authentication.", "endpoint": "https://coronavirus-tracker-api.herokuapp.com/v2/", "homePage": "https://github.com/ExpDev07/coronavirus-tracker-api", "primaryCategory": "Coronavirus", "secondaryCategories": "COVID-19, Data, Health", "provider": "N/A", "SSL_Support": "No", "authentication_Model": "Unspecified", "version": "2.0", "versionStatus": "Recommended (active, supported)", "type": "Web/Internet", "architecturalStyle": "REST", "supportedRequestFormats": "URI Query String/CRUD", "supportedResponseFormats": "JSON", "restrictedAccess": "No"}