{"url": "https://www.programmableweb.com/api/google-prediction-rest-api-v16", "name": "Google Prediction REST API v1.6", "description": " [The Google Prediction API will be deactivated on April 30, 2018. This profile will be maintained purely for historical and research purposes.] Google Prediction API brings the power of machine learning to anyone. Upload your data and build a model to train the system by showing it the right answer for known items. When the system is trained, you can have it make predictions. All of these stages can be accessed via the API.", "endpoint": " https://www.googleapis.com/prediction/v1.6", "homePage": "https://developers.google.com/prediction/", "primaryCategory": "Predictions", "secondaryCategories": "Machine Learning", "provider": "Google", "SSL_Support": "Yes", "authentication_Model": "Token", "version": "1.6", "versionStatus": "Recommended (active, supported)", "type": "Web/Internet", "architecturalStyle": "REST", "supportedRequestFormats": "URI Query String/CRUD", "supportedResponseFormats": "CSV, GeoJSON, JSON, XML", "restrictedAccess": "No"}