{"url": "https://www.programmableweb.com/api/dbs-paylah-rest-api-v10", "name": "DBS PayLah! REST API v1.0", "description": " The PayLah! APIs enables Partners (Merchants) to perform payment request for online checkout, transaction inquiry, refund etc. The documentation showcases all available endpoints and operations for the PayLah! API. You must register for a developer account with DBS (free of charge) to access the documentation. The API is very well documented. DBS (The Development Bank of Singapore Limited | DBS Group) is a leading financial services group in Asia. They are headquartered in Singapore, with a growing presence in Greater China, Southeast Asia and South Asia.", "endpoint": "N/A", "homePage": "https://www.dbs.com/dbsdevelopers/discover/index.html", "primaryCategory": "Payments", "secondaryCategories": "Accounts, Developers, Refunds, Transactions", "provider": "DBS Bank", "SSL_Support": "Yes", "authentication_Model": "OAuth 2, Token", "version": "1.0", "versionStatus": "Recommended (active, supported)", "type": "Web/Internet", "architecturalStyle": "REST", "supportedRequestFormats": "JSON, URI Query String/CRUD", "supportedResponseFormats": "JSON", "restrictedAccess": "No"}