{"url": "https://www.programmableweb.com/api/pushover-message-rest-api-v1", "name": "Pushover Message REST API v1", "description": " Pushover Message is a service for sending real-time notifications to Android and iOS devices. A simple REST API allows users to send messages to Pushover from their applications. Those messages are then sent to devices running Pushover's device clients. This service has no monthly fees or message limits.", "endpoint": "https://api.pushover.net/1/", "homePage": "https://pushover.net/api", "primaryCategory": "Messaging", "secondaryCategories": "Mobile, Notifications", "provider": "Superblock", "SSL_Support": "Yes", "authentication_Model": "Token", "version": "1", "versionStatus": "Recommended (active, supported)", "type": "Web/Internet", "architecturalStyle": "REST", "supportedRequestFormats": "URI Query String/CRUD", "supportedResponseFormats": "JSON, XML", "restrictedAccess": "No"}