{"url": "https://www.programmableweb.com/api/dataforseo-serp-rest-api-v3", "name": "DataForSEO SERP REST API v3", "description": " The DataForSEO SERP API receives the top 100 results of search engines according to specific keywords. It is available in REST architecture with JSON parameters and basic authentication. Use the API to display a search engines result page. This SERP API provides real-time data on top 100 search engine results for the specified keyword, search engine, and location.", "endpoint": "https://api.dataforseo.com/v3/serp/google/organic/live/advanced", "homePage": "https://dataforseo.com/", "primaryCategory": "SEO", "secondaryCategories": "Keywords, Marketing, Search", "provider": "DataForSEO", "SSL_Support": "Yes", "authentication_Model": "HTTP Basic Auth", "version": "3", "versionStatus": "Recommended (active, supported)", "type": "Web/Internet", "architecturalStyle": "REST", "supportedRequestFormats": "JSON, URI Query String/CRUD", "supportedResponseFormats": "JSON", "restrictedAccess": "No"}