{"url": "https://www.programmableweb.com/api/terra-rest-api-v2", "name": "Terra REST API v2", "description": " Terra is a service to connect applications to a user's health data. The Terra API to manage data from platforms such as Garmin, Oura, Polar, Apple, Peloton, Suunto, Training Peaks, Withings, Fitbit and others. Methods are available to manage users, subscribed users, athletes, activities, body, daily stats, sleep stats and more.", "endpoint": "https://api.tryterra.co/v2/", "homePage": "https://docs.tryterra.co/", "primaryCategory": "Fitness", "secondaryCategories": "Health, Wearable", "provider": "Terra", "SSL_Support": "Yes", "authentication_Model": "API Key", "version": "2", "versionStatus": "Recommended (active, supported)", "type": "Web/Internet", "architecturalStyle": "REST", "supportedRequestFormats": "JSON", "supportedResponseFormats": "JSON", "restrictedAccess": "No"}