{"url": "https://www.programmableweb.com/api/gig-wage-contractor-payroll-rest-api-v10", "name": "Gig Wage Contractor Payroll REST API v1.0", "description": " The Gig Wage API enables developers to access payments, payroll, and banking associated with independents contractors. The API supports payment details, and contractor information in JSON-formatted responses. Gig Wage is a payments platform designed to help businesses manage and pay their freelancers and independent contractors.", "endpoint": "https://www.gigwage.com/api/v1", "homePage": "https://developers.gigwage.com", "primaryCategory": "Payments", "secondaryCategories": "Accounting, Jobs", "provider": "Gig Wage", "SSL_Support": "Yes", "authentication_Model": "API Key", "version": "1.0", "versionStatus": "Active (supported, scheduled for retirement)", "type": "Web/Internet", "architecturalStyle": "REST", "supportedRequestFormats": "URI Query String/CRUD", "supportedResponseFormats": "JSON", "restrictedAccess": "Yes"}