{"url": "https://www.programmableweb.com/api/unofficial-peloton-rest-api-v030", "name": "Unofficial Peloton REST API v0.3.0", "description": " Unofficial Peloton API enables users to programmatically access data from Peloton exercise cycling platform. Developers can retrieve data about users, rides, public, instructors, workouts, references, favorites, reservations, challenge and more with the API. This API documentation is provided by an independent developer and is not officially sanctioned by Peloton Interactive, Inc.", "endpoint": "https://api.onepeloton.com", "homePage": "https://github.com/pelo-tech/peloton-api-spec", "primaryCategory": "Fitness", "secondaryCategories": "Cycling", "provider": "N/A", "SSL_Support": "Yes", "authentication_Model": "Unspecified", "version": "0.3.0", "versionStatus": "Pre-release", "type": "Web/Internet", "architecturalStyle": "REST", "supportedRequestFormats": "JSON, URI Query String/CRUD", "supportedResponseFormats": "JSON", "restrictedAccess": "No"}