{"url": "https://www.programmableweb.com/api/whoisfreaks-rest-api-v10", "name": "WhoisFreaks REST API v1.0", "description": " WhoisFreaks provides WHOis look up services and APIs. The WhoisFreaks API offers WHOIS lookup, historical, reverse lookup, bulk lookup, new domain, expiring domains and more. From the provider: \"Best Source For WHOIS Domains Data Information: Our WHOIS domains data is well-parsed and normalized for any domain name, registrar, country, and TLD. We provide a variety of WHOIS custom data models, including APIs, lookup tools, and direct access to download WHOIS records database of millions of domains. It's one of the biggest Whois domain databases provider with 1000+ TLDs, 426M+ domain tracked, and 561M+ Whois records.\"", "endpoint": " https://api.whoisfreaks.com/v1.0/", "homePage": "https://whoisfreaks.com/", "primaryCategory": "Hosting", "secondaryCategories": "Domains", "provider": "WhoisFreaks", "SSL_Support": "Yes", "authentication_Model": "API Key", "version": "1.0", "versionStatus": "Recommended (active, supported)", "type": "Web/Internet", "architecturalStyle": "REST", "supportedRequestFormats": "JSON, XML", "supportedResponseFormats": "JSON, XML", "restrictedAccess": "No"}