{"url": "https://www.programmableweb.com/api/trimble-trip-management-update-trip-status-rest-api-v10", "name": "Trimble Trip Management Update Trip Status REST API v1.0", "description": " The Trimble Trip Management Update Trip Status API saves status updates from accept, reject, cancel, complete, and receive trip messages to the database. Once a trip status update has been successfully processed, the user is notified. This API is one of many routing, location, and mapping APIs provided by Trimble.", "endpoint": "https://tripmanagement.alk.com/api/trip/tripStatus", "homePage": "https://developer.trimblemaps.com/restful-apis/trip-management/update-tripstatus\u2026", "primaryCategory": "Transportation", "secondaryCategories": "Notifications, Travel", "provider": "Trimble", "SSL_Support": "Yes", "authentication_Model": "API Key", "version": "1.0", "versionStatus": "Recommended (active, supported)", "type": "Web/Internet", "architecturalStyle": "REST", "supportedRequestFormats": "JSON, URI Query String/CRUD", "supportedResponseFormats": "JSON", "restrictedAccess": "No"}