{"url": "https://www.programmableweb.com/api/amadeus-hotel-booking-rest-api-v1", "name": "Amadeus Hotel Booking REST API v1", "description": " Amadeus Hotel Booking API enables developers to help travelers book rooms at 150,000 hotels worldwide. This API works concurrently with the Amadeus Hotel Search API.", "endpoint": "https://test.api.amadeus.com/v1/booking/hotel-bookings", "homePage": "https://developers.amadeus.com/self-service/category/hotel/api-doc/hotel-booking", "primaryCategory": "Travel", "secondaryCategories": "Hotels", "provider": "Amadeus", "SSL_Support": "Yes", "authentication_Model": "API Key", "version": "1", "versionStatus": "Recommended (active, supported)", "type": "Web/Internet", "architecturalStyle": "REST", "supportedRequestFormats": "JSON", "supportedResponseFormats": "JSON", "restrictedAccess": "No"}