{"url": "https://www.programmableweb.com/api/exact-buyer-enrichment-rest-api-v1", "name": "Exact Buyer Enrichment REST API v1", "description": " Exact Buyer enables developers to retrieve B2B intelligence and insights to identify customers & personalize marketing and sales. The Exact Buyer Enrichment API offers enriched contact data based on an email or social profile, so developers could retrieve a person's name, location and social handles from an email.", "endpoint": "https://api.exactbuyer.com/v1/", "homePage": "https://docs.exactbuyer.com/", "primaryCategory": "Contacts", "secondaryCategories": "Intelligence, Marketing, Sales", "provider": "Exact Buyer", "SSL_Support": "Yes", "authentication_Model": "API Key", "version": "1", "versionStatus": "Recommended (active, supported)", "type": "Web/Internet", "architecturalStyle": "REST", "supportedRequestFormats": "JSON, URI Query String/CRUD", "supportedResponseFormats": "JSON", "restrictedAccess": "No"}