{"url": "https://www.programmableweb.com/api/listen-notes-rest-api-v2", "name": "Listen Notes REST API v2", "description": " Simple & no-nonsense podcast search & directory API. Search the meta data of all podcasts and episodes on the Internet by people, places, or topics. Trusted by 800+ companies and developers.", "endpoint": "https://listen-api.listennotes.com/api/v2", "homePage": "https://www.listennotes.com/api/", "primaryCategory": "Podcasts", "secondaryCategories": "Audio, Directories", "provider": "Listen Notes", "SSL_Support": "Yes", "authentication_Model": "API Key", "version": "2", "versionStatus": "Recommended (active, supported)", "type": "Web/Internet", "architecturalStyle": "REST", "supportedRequestFormats": "JSON, URI Query String/CRUD", "supportedResponseFormats": "JSON", "restrictedAccess": "No"}