{"url": "https://www.programmableweb.com/api/pronto-rest-api-v2", "name": "Pronto REST API v2", "description": " Pronto is team communication software. The Pronto API offers programmatic access to the services, with methods to manage groups and users.", "endpoint": "https://api.pronto.io/v2", "homePage": "https://support.pronto.io/en/articles/4165092-api-reference", "primaryCategory": "Chat", "secondaryCategories": "Messaging, Video, WebRTC", "provider": "Pronto", "SSL_Support": "Yes", "authentication_Model": "OAuth 2", "version": "2", "versionStatus": "Recommended (active, supported)", "type": "Web/Internet", "architecturalStyle": "REST", "supportedRequestFormats": "JSON, URI Query String/CRUD", "supportedResponseFormats": "JSON", "restrictedAccess": "No"}