{"url": "https://www.programmableweb.com/api/ininbox-rest-api-v1", "name": "INinbox REST API v1", "description": " Developers use the INinbox API to build email marketing solutions. It optimizes the delivery of emails to the inbox destinations of target recipients. The API\u2019s provider also offers complimentary features that include professional email templates, tracking analytics, and automated responders. This API transmits XML- and JSON formatted requests and responses. Its authentication requires HTTP Basic OAuth and API Key.", "endpoint": "http://api.ininbox.com/v1/", "homePage": "http://www.ininbox.com/api", "primaryCategory": "Email", "secondaryCategories": "Analytics, Applications, Marketing, Messaging", "provider": "INinbox", "SSL_Support": "No", "authentication_Model": "API Key, HTTP Basic Auth", "version": "1", "versionStatus": "Recommended (active, supported)", "type": "Web/Internet", "architecturalStyle": "REST", "supportedRequestFormats": "JSON, URI Query String/CRUD, XML", "supportedResponseFormats": "JSON, XML", "restrictedAccess": "No"}