{"url": "https://www.programmableweb.com/api/getyourguide-unspecified-api-v10", "name": "GetYourGuide Unspecified API v1.0", "description": " GetYourGuide is a website service for travel tours and activities. Users can book their travel tours and activities for upcoming trips. GetYourGuide offers tours and activities by geography and location, categories, and activity type. The GetYourGuide API allows developers to access and integrate the content and functionality from GetYourGuide with other sites and applications. The API returns lists of activities from GetYourGuide based on location. Public documentation is not available.", "endpoint": "N/A", "homePage": "https://api.getyourguide.com/", "primaryCategory": "Travel", "secondaryCategories": "Activity Streams, Booking, Tourism", "provider": "GetYourGuide", "SSL_Support": "Yes", "authentication_Model": "Unspecified", "version": "1.0", "versionStatus": "Recommended (active, supported)", "type": "Unspecified", "architecturalStyle": "Unspecified", "supportedRequestFormats": "Unspecified", "supportedResponseFormats": "Unspecified", "restrictedAccess": "Yes"}