{"url": "https://www.programmableweb.com/api/chile-corona-rest-api-v30", "name": "Chile Corona REST API v3.0", "description": " This COVID-19 API returns Coronavirus infections in Chile. Data is sourced from the Government of Chile and the Ministry of Health. Response times are usually less than 500 milliseconds. The API returns national totals, and the respective cases by regions, and communes.", "endpoint": "https://chile-coronapi.herokuapp.com/api/v3/", "homePage": "https://github.com/sanguineti/chile-coronapi", "primaryCategory": "COVID-19", "secondaryCategories": "Coronavirus, Data, Health, Spanish", "provider": "N/A", "SSL_Support": "Yes", "authentication_Model": "API Key", "version": "3.0", "versionStatus": "Recommended (active, supported)", "type": "Web/Internet", "architecturalStyle": "REST", "supportedRequestFormats": "URI Query String/CRUD", "supportedResponseFormats": "JSON", "restrictedAccess": "Yes"}