{"url": "https://www.programmableweb.com/api/ninjarmm-rest-api-v10", "name": "NinjaRMM REST API v1.0", "description": " The NinjaRMM API allows you to programmatically query NinjaRMM organizations, devices and alerts. This includes the ability to; check API availability and verify request credentials, retrieve a list of all available organizations, retrieve a list of all available devices and more. NinjaRMM is a remote monitoring and management platform that provides a way to simplify the workday of MSPs and IT professionals and gives users an intuitive way to manage devices.", "endpoint": "N/A", "homePage": "https://www.ninjarmm.com/dev-api", "primaryCategory": "Monitoring", "secondaryCategories": "Management, Platform-as-a-Service", "provider": "NinjaRMM", "SSL_Support": "No", "authentication_Model": "Token", "version": "1.0", "versionStatus": "Recommended (active, supported)", "type": "Web/Internet", "architecturalStyle": "REST", "supportedRequestFormats": "URI Query String/CRUD", "supportedResponseFormats": "JSON", "restrictedAccess": "No"}