{"url": "https://www.programmableweb.com/api/roller-rest-api-v1", "name": "Roller REST API v1", "description": " Roller provides all-in-one software for amusement parks, cultural attractions, entertainment & leisure venues. The Roller API provides programmatic access to the service, with methods for retrieving data about guests, visits, bookings, reservations, payments, customer details, attendance, locations, staff, and more. Increase revenue, improve efficiency, and capture guests with time based ticketing and visitation management tools from Roller.", "endpoint": "https://api.roller.app/", "homePage": "https://www.roller.software/blog/data-api", "primaryCategory": "Entertainment", "secondaryCategories": "Attractions, Events, Recreation, Software-as-a-Service, Tickets, Tourism", "provider": "ROLLER", "SSL_Support": "Yes", "authentication_Model": "API Key", "version": "1", "versionStatus": "Recommended (active, supported)", "type": "Web/Internet", "architecturalStyle": "REST", "supportedRequestFormats": "JSON, URI Query String/CRUD", "supportedResponseFormats": "JSON", "restrictedAccess": "No"}