{"url": "https://www.programmableweb.com/api/vectorspace-ai-summarizer-rest-api-v12", "name": "Vectorspace AI Summarizer REST API v1.2", "description": " The Vectorspace AI API returns JSON data with a summary of cryptocurrency news, whitepapers, websites or any other context with optional context control, powered by AI.", "endpoint": "N/A", "homePage": "https://vectorspace.ai/api.html", "primaryCategory": "Summary", "secondaryCategories": "Artificial Intelligence, Cryptocurrency, Data-as-a-Service, Financial, Machine Learning, Natural Language Processing, Sentiment, Stocks", "provider": "Vectorspace AI", "SSL_Support": "Yes", "authentication_Model": "Token", "version": "1.2", "versionStatus": "Recommended (active, supported)", "type": "Web/Internet", "architecturalStyle": "REST", "supportedRequestFormats": "JSON, URI Query String/CRUD", "supportedResponseFormats": "JSON", "restrictedAccess": "No"}