{"url": "https://www.programmableweb.com/api/thermoquaesitor-temperature-detector-rest-api-v10", "name": "Thermoquaesitor Temperature Detector REST API v1.0", "description": " Thermoquaesitor Temperature Detector API enables applications to detect temperature from a thermal image based on palette color scale. It is a cross browsers REST API which get a JSON input with a still photo (as base64 encoded string). It works also with an URL of the image together with the scale of temperatures (units may be Celsius, Kelvin or Fahrenheit) and returns a JSON string which contains predictions with a certain amount of probability (filtered for an output with minimum 50%), bounding boxes of maximum detected temperatures in the eyes zone of the human face with its top, left, width, and height values. Thermoquaesitor outputs a base64 encoded string photo which is the original input photo with drawn bounding boxes upon it and with the maximum temperature values detected according to input temperature scale photo. For one still photo the API may return multiple predictions with different probability scores of detected temperatures of human faces. Pricing packages count the predictions, so for one request, multiple predictions may be counted. Thermoquaesitor filters the results of predictions so only the predictions are displayed with a probability score higher than 50%. Of course, there are some limitations in order to get higher accuracy. It is recommended to use properly exposed, unobstructed JPEG photos at 1920x1080 (Full HD resolution) where the ratio between the height of the bounding box and height of the entire picture should be at least 1:15. For ratios like 1:16, 1:17, 1:18 and so on the accuracy is lower and the AI algorithm may not see the human face and the prediction score will below. The API does not store pictures. The quality and the angles of the camera are very important and it contributes to a higher detecting accuracy. It should have varifocal lenses, high shutter speed, and good infrared lighting beam. Although this Temperature Detector API (currently a temperature detection SDK is not offered) is intended for software development and therefore developers, there is also here a temperature detector on human face thermal image online application that may be used to check the input and output JSON of the API.", "endpoint": "https://www.de-vis-software.ro/thermoquaesitor.aspx", "homePage": "https://www.de-vis-software.ro/temperature-detector-api.aspx", "primaryCategory": "Health", "secondaryCategories": "Artificial Intelligence, Coronavirus, COVID-19, Safety", "provider": "DE VIS Software", "SSL_Support": "Yes", "authentication_Model": "HTTP Basic Auth", "version": "1.0", "versionStatus": "Recommended (active, supported)", "type": "Web/Internet", "architecturalStyle": "REST", "supportedRequestFormats": "JSON", "supportedResponseFormats": "JSON", "restrictedAccess": "No"}