{"url": "https://www.programmableweb.com/api/stronghold-payments-rest-api-v10", "name": "Stronghold Payments REST API v1.0", "description": " The Stronghold Payments API provides a way to list available payment methods for an account, initiate a payment, retrieve details for a specific payment, stop or cancel an in progress payment and includes; List payment methods, Initiate payment, Get payment and more. Stronghold is an altcoin exchange platform that provides the ability to trade cryptocurrencies with relatively fast transactions and minimal fees that is built on the Stellar network. Stronghold also operates an over-the-counter trading desk for large block trading and currently supports Bitcoin (BTC), Ethereum (ETH), Mobius (MOBI) and Lumens (XLM).", "endpoint": "N/A", "homePage": "https://docs.stronghold.co/#49f2b14f-d9bf-4910-a800-81a0bb099701", "primaryCategory": "Blockchain", "secondaryCategories": "Bitcoin, Currency, Financial, Identity, Payments", "provider": "Stronghold Institutional Services", "SSL_Support": "Yes", "authentication_Model": "Shared Secret", "version": "1.0", "versionStatus": "Recommended (active, supported)", "type": "Web/Internet", "architecturalStyle": "REST", "supportedRequestFormats": "JSON, URI Query String/CRUD", "supportedResponseFormats": "JSON", "restrictedAccess": "No"}