{"url": "https://www.programmableweb.com/api/dsdlink-product-catalog-rest-api-v1", "name": "DSDLink Product Catalog REST API v1", "description": " The DSDLink Product Catalog API returns information about alcoholic beverages from the DSDLink Product Catalog. The catalog is an \"Industry Standard for Product Information\" in the alcohol beverage space. Data includes product name, supplier, brand family, package, product type, volume, shelf life, alcohol content, region and more.", "endpoint": "https://dsdlink.com/aspx1/API", "homePage": "https://dsdlink.com/ECP_20.06_A/aspx1/Home?DashboardID=177792&amp;DestURL=", "primaryCategory": "Products", "secondaryCategories": "Alcohol, Beer, Wine", "provider": "ENCOMPASS TECHNOLOGIES", "SSL_Support": "Yes", "authentication_Model": "API Key", "version": "1", "versionStatus": "Recommended (active, supported)", "type": "Web/Internet", "architecturalStyle": "REST", "supportedRequestFormats": "JSON, URI Query String/CRUD", "supportedResponseFormats": "CSV, HTML, JSON, XML", "restrictedAccess": "Yes"}