{"url": "https://www.programmableweb.com/api/seatsio-rest-api-v20", "name": "Seats.io REST API v2.0", "description": " Seats.io is an interactive tool for online ticket sellers. Ticket vendors can use the Seats.io chart drawing tool to create seating charts for their website. Ticket buyers can then use the interactive chat to select the seats they want. Seats.io offers a REST API for booking and releasing seats. Use the API to instantly push new seating situations to all currently connected clients to avoid double booking. All requests are done over SSL and an API Key is required.", "endpoint": "https://api.seatsio.net", "homePage": "https://docs.seats.io/docs/api-overview", "primaryCategory": "Events", "secondaryCategories": "Booking, Sales, Tickets", "provider": "Seats.io", "SSL_Support": "Yes", "authentication_Model": "API Key, HTTP Basic Auth", "version": "2.0", "versionStatus": "Recommended (active, supported)", "type": "Web/Internet", "architecturalStyle": "REST", "supportedRequestFormats": "JSON, URI Query String/CRUD", "supportedResponseFormats": "JSON", "restrictedAccess": "No"}