{"url": "https://www.programmableweb.com/api/here-public-transit-rest-api-v20", "name": "HERE Public Transit REST API v2.0", "description": " This REST API allows access to a series of web services for finding your way around transit information. The Public Transit API combines agency data, external services and data collected and returns station, route, time, coverage and more. HERE is a mapping and location technology company.", "endpoint": "https://cit.transit.api.here.com/search/by_name", "homePage": "https://developer.here.com/rest-apis/documentation/transit/topics/overview.html", "primaryCategory": "Mapping", "secondaryCategories": "Transportation", "provider": "HERE", "SSL_Support": "Yes", "authentication_Model": "API Key", "version": "2.0", "versionStatus": "Recommended (active, supported)", "type": "of License if Non Proprietary The Apache Software License, Version 1.1", "architecturalStyle": "REST", "supportedRequestFormats": "URI Query String/CRUD", "supportedResponseFormats": "CSV, GeoJSON, JSON, XML", "restrictedAccess": "Yes"}