{"url": "https://www.programmableweb.com/api/pdfco-excel-to-pdf-web-rest-api-v1", "name": "PDF.co Excel to PDF Web REST API v1", "description": " The PDF.co Excel to PDF Web API converts XLS or CSV to PDF format. Developers can use an API Key to authenticate, send GET requests, and receive JSON responses in return.", "endpoint": "https://api.pdf.co/v1/xls/convert/to/pdf", "homePage": "https://pdf.co/excel-to-pdf-online", "primaryCategory": "PDF", "secondaryCategories": "Invoicing, Software-as-a-Service, Spreadsheets", "provider": "ByteScout, PDF.co", "SSL_Support": "Yes", "authentication_Model": "API Key", "version": "1", "versionStatus": "Recommended (active, supported)", "type": "Web/Internet", "architecturalStyle": "REST", "supportedRequestFormats": "JSON, URI Query String/CRUD", "supportedResponseFormats": "JSON", "restrictedAccess": "No"}