{"url": "https://www.programmableweb.com/api/survicate-streaming-api-v1", "name": "Survicate Streaming API v1", "description": " Survicate is a platform for collecting customer insights. The Survicate Webhooks API offers notifications from the platform about survey question and answer events.", "endpoint": "https://data-api.survicate.com/v1/", "homePage": "https://developers.survicate.com/", "primaryCategory": "Surveys", "secondaryCategories": "Notifications, Webhooks", "provider": "Survicate", "SSL_Support": "Yes", "authentication_Model": "API Key", "version": "1", "versionStatus": "Recommended (active, supported)", "type": "Web/Internet", "architecturalStyle": "Streaming", "supportedRequestFormats": "JSON, Webhooks", "supportedResponseFormats": "JSON", "restrictedAccess": "No"}