{"url": "https://www.programmableweb.com/api/json2video-rest-api-v10", "name": "JSON2Video REST API v1.0", "description": " Create and edit videos: add watermarks, resize videos, create slideshows, add soundtrack, automate the creation of videos in multiple languages, add voice-over, add text animations.", "endpoint": "https://api.json2video.com/v1", "homePage": "https://json2video.com", "primaryCategory": "Video", "secondaryCategories": "Software-as-a-Service", "provider": "JSON2Video", "SSL_Support": "Yes", "authentication_Model": "API Key", "version": "1.0", "versionStatus": "Recommended (active, supported)", "type": "Web/Internet", "architecturalStyle": "REST", "supportedRequestFormats": "JSON, URI Query String/CRUD", "supportedResponseFormats": "JSON", "restrictedAccess": "No"}