{"url": "https://www.programmableweb.com/api/amazon-alexa-get-metrics-rest-api-v10", "name": "Amazon Alexa Get Metrics REST API v1.0", "description": " This Amazon Get Metrics API provides calculated metrics, insights, and advanced analytics reporting for Alexa Skills usage. The Metrics API is in beta and is subject to change at any time without notice. Amazon is an Ecommerce, Business and Web Service Platform that provides electronic commerce and cloud computing services.", "endpoint": "https://api.amazonalexa.com/v1/skills/amzn1.ask.skill.001/metrics", "homePage": "https://developer.amazon.com/en-US/alexa/alexa-skills-kit", "primaryCategory": "Analytics", "secondaryCategories": "Artificial Intelligence, eCommerce, Platform-as-a-Service", "provider": "Amazon", "SSL_Support": "Yes", "authentication_Model": "Token", "version": "1.0", "versionStatus": "Recommended (active, supported)", "type": "Web/Internet", "architecturalStyle": "REST", "supportedRequestFormats": "JSON, URI Query String/CRUD", "supportedResponseFormats": "JSON", "restrictedAccess": "No"}