{"url": "https://www.programmableweb.com/api/co2-offset-rest-api-v3115", "name": "CO2 Offset REST API v3.1.15", "description": " This API targets developers who want to build their own services based on CO2 compensation/offset, but who do not want to implement clearing and settlement processes directly. Primary use case are carbon footprint tools, reports and analyzers to get an inexpensive way to compensate directly (from with the service).", "endpoint": "https://api.corrently.io/v2.0/co2/", "homePage": "https://co2offset.io/", "primaryCategory": "Environment", "secondaryCategories": "Climate, Sustainability", "provider": "Corrently Corp, STROMDAO", "SSL_Support": "Yes", "authentication_Model": "Unspecified", "version": "3.1.15", "versionStatus": "Recommended (active, supported)", "type": "of License if Non Proprietary Apache-2.0", "architecturalStyle": "REST", "supportedRequestFormats": "JSON", "supportedResponseFormats": "JSON", "restrictedAccess": "No"}