{"url": "https://www.programmableweb.com/api/chatwee-rest-api-v2", "name": "Chatwee REST API v2", "description": " Chatwee is a chat platform for remote workgroups and online communities. The Chatwee API enables developers to programmatically interact with the service, using methods to manage single sign-on (SSO), chat rooms, users, and reporting.", "endpoint": "https://chatwee-api.com/v2/", "homePage": "https://chatwee.com/http-api", "primaryCategory": "Chat", "secondaryCategories": "Community, Messaging, Remote Workforce", "provider": "Chatwee", "SSL_Support": "Yes", "authentication_Model": "HTTP Basic Auth", "version": "2", "versionStatus": "Recommended (active, supported)", "type": "Web/Internet", "architecturalStyle": "REST", "supportedRequestFormats": "JSON, URI Query String/CRUD", "supportedResponseFormats": "JSON", "restrictedAccess": "No"}