{"url": "https://www.programmableweb.com/api/afp-content-rest-api-v10", "name": "AFP Content REST API v1.0", "description": " The AFP Content API enables users to have open access to news articles from Agence France-Presse. This API allows users to utilize GET and POST to retrieve conditions, description, and data type, including products and content, consultation depth, countries, rules and more. Access to this service will need an access token with the authentication scheme based on OAuth 2.0 and response content types in JSON and XML. AFP provides global news and features with coverage of events from a news network across 151 countries.", "endpoint": "https://api.afp.com/v1", "homePage": "https://www.afp.com/en/products/afp-content-api", "primaryCategory": "News Services", "secondaryCategories": "French, Open Data", "provider": "AFP", "SSL_Support": "Yes", "authentication_Model": "OAuth 2, Token", "version": "1.0", "versionStatus": "Recommended (active, supported)", "type": "Web/Internet", "architecturalStyle": "REST", "supportedRequestFormats": "JSON, URI Query String/CRUD, XML", "supportedResponseFormats": "JSON, XML", "restrictedAccess": "No"}