{"url": "https://www.programmableweb.com/api/meetup-rest-api-v10", "name": "Meetup REST API v1.0", "description": " From their site: The Meetup API allows developers to use the Topics, Groups and Events hosted and created on Meetup.com in their own applications and mashups. Any Meetup.com member can request an API key. The API is currently read only -- actions like RSVP'ing, joining groups or posting messages aren't supported yet.", "endpoint": "https://api.meetup.com", "homePage": "https://www.meetup.com/meetup_api/", "primaryCategory": "Social", "secondaryCategories": "Events", "provider": "Meetup", "SSL_Support": "Yes", "authentication_Model": "OAuth 2", "version": "1.0", "versionStatus": "Deactivated", "type": "Web/Internet", "architecturalStyle": "REST", "supportedRequestFormats": "URI Query String/CRUD, ATOM", "supportedResponseFormats": "JSON, KML", "restrictedAccess": "No"}