{"url": "https://www.programmableweb.com/api/dbs-payees-rest-api-v10", "name": "DBS Payees REST API v1.0", "description": " The DBS Payees API provides payee management functionalities such as adding new payees, retrieving payee details, and retrieving registered payee lists. You must register for a developer account with DBS (free of charge) to access the documentation. The API is very well documented. This API also has a Sandbox Environment for you to test in. The Sandbox Environment only allows one Transaction (Request) per second for a given Application and API Operation. DBS (The Development Bank of Singapore Limited | DBS Group) is a leading financial services group in Asia. They are headquartered in Singapore, with a growing presence in Greater China, Southeast Asia and South Asia.", "endpoint": "N/A", "homePage": "https://www.dbs.com/dbsdevelopers/discover/index.html", "primaryCategory": "Accounts", "secondaryCategories": "Banking, Developers, Financial, Payments", "provider": "DBS Bank", "SSL_Support": "Yes", "authentication_Model": "OAuth 2, Token", "version": "1.0", "versionStatus": "Recommended (active, supported)", "type": "Web/Internet", "architecturalStyle": "REST", "supportedRequestFormats": "JSON, URI Query String/CRUD", "supportedResponseFormats": "JSON", "restrictedAccess": "No"}