{"url": "https://www.programmableweb.com/api/allied-irish-bank-accounts-rest-api-v31", "name": "Allied Irish Bank Accounts REST API v3.1", "description": " The Allied Irish Bank Accounts API enables users to access customer account information and transactions history. It supports 0Auth 2.0 to grant access to third party service providers for; Account balance and/or transactional information, Information on standing orders and and more. This API uses the Open Banking Gateway to access banking data and to ensure that the banks and building societies deliver a common specification of financial APIs.", "endpoint": "https://www.openbanking.org.uk/open-banking", "homePage": "https://developer.aibgb.co.uk/api-product-overview-GB", "primaryCategory": "Banking", "secondaryCategories": "Accounts, Financial, Identity, Standards, Transactions", "provider": "Allied Irish Banks", "SSL_Support": "Yes", "authentication_Model": "OAuth 2, Token", "version": "3.1", "versionStatus": "Recommended (active, supported)", "type": "Web/Internet", "architecturalStyle": "REST", "supportedRequestFormats": "JSON, URI Query String/CRUD", "supportedResponseFormats": "JSON", "restrictedAccess": "No"}