{"url": "https://www.programmableweb.com/api/canada-holidays-rest-api-v103", "name": "Canada Holidays REST API v1.1.0", "description": " The Canada Holidays API returns all 28 public holidays for all 13 provinces and territories in Canada. The API supports holidays with associated regions, federal holidays, national holidays, and holidays for past and future years.", "endpoint": "https://canada-holidays.ca/api/v1", "homePage": "https://canada-holidays.ca/api", "primaryCategory": "Calendars", "secondaryCategories": "Canadian, Holidays", "provider": "Canada Holidays", "SSL_Support": "Yes", "authentication_Model": "Unspecified", "version": "1.1.0", "versionStatus": "Recommended (active, supported)", "type": "of License if Non Proprietary MIT", "architecturalStyle": "REST", "supportedRequestFormats": "URI Query String/CRUD", "supportedResponseFormats": "JSON", "restrictedAccess": "No"}