{"url": "https://www.programmableweb.com/api/contextualweb-autocomplete-rest-api-v10", "name": "ContextualWeb AutoComplete REST API v1.0", "description": " The ContextualWeb AutoComplete API is simple HTTP REST API that allows your application to send queries to any of the ContextualWeb Search APIs. The API returns a list of suggested queries based on the partial query string in the search box. As characters are entered into the search box, you can display suggestions in a drop-down list.", "endpoint": "N/A", "homePage": "https://contextualweb.io/search-apis/documentation/autocomplete-api", "primaryCategory": "Search", "secondaryCategories": "Lists", "provider": "contextualwebsearch", "SSL_Support": "Yes", "authentication_Model": "API Key", "version": "1.0", "versionStatus": "Recommended (active, supported)", "type": "Web/Internet", "architecturalStyle": "REST", "supportedRequestFormats": "URI Query String/CRUD", "supportedResponseFormats": "JSON", "restrictedAccess": "No"}