{"url": "https://www.programmableweb.com/api/pdf-form-filler-web-rest-api-v1", "name": "PDF Form Filler Web REST API v1", "description": " The PDF.co PDF Form Filler Web API fills forms and adds digital signatures to PDF. Developers can use an API Key to authenticate, send GET requests, and receive JSON responses in return.", "endpoint": "N/A", "homePage": "https://pdf.co/pdf-form-filler-api", "primaryCategory": "PDF", "secondaryCategories": "API, Forms, Software-as-a-Service", "provider": "ByteScout, PDF.co", "SSL_Support": "Yes", "authentication_Model": "API Key", "version": "1", "versionStatus": "Recommended (active, supported)", "type": "Web/Internet", "architecturalStyle": "REST", "supportedRequestFormats": "JSON, URI Query String/CRUD", "supportedResponseFormats": "JSON", "restrictedAccess": "No"}