{"url": "https://www.programmableweb.com/api/all-digital-rewards-rewardstack-rest-api-v250", "name": "All Digital Rewards RewardSTACK REST API v2.5.0", "description": " The All Digital Rewards's RewardSTACK API allows you to fully manage your loyalty incentive programs while using your programming language of choice. The RewardSTACK API is a RESTful API based on HTTP requests and JSON responses.", "endpoint": "https://admin.alldigitalrewards.com/api", "homePage": "https://alldigitalrewards.com/rewards-and-incentives/reward-catalog-api/", "primaryCategory": "Rewards", "secondaryCategories": "Loyalty, Marketplace", "provider": "All Digital Rewards", "SSL_Support": "Yes", "authentication_Model": "Unspecified", "version": "2.5.0", "versionStatus": "Active (supported, scheduled for retirement)", "type": "Web/Internet", "architecturalStyle": "REST", "supportedRequestFormats": "JSON", "supportedResponseFormats": "JSON", "restrictedAccess": "No"}