{"url": "https://www.programmableweb.com/api/bit-z-currency-trading-rest-api-v2", "name": "Bit-Z Currency Trading REST API v2", "description": " The Bit-Z Currency Trading API allows developers to submit or cancel limit orders. It can also be used to retrieve the developer's order history, current open orders, and order details. Bit-Z is a popular digital assets trading exchange with branches in multiple countries and regions, including Singapore, Japan, and South Korea. Documentation is provided in Chinese, Japanese, Korean, and English.", "endpoint": "https://apiv2.bitz.com/Trade/", "homePage": "https://apidoc.bit-z.com/en/", "primaryCategory": "Cryptocurrency", "secondaryCategories": "Bitcoin, Financial, Marketplace", "provider": "BitZ", "SSL_Support": "Yes", "authentication_Model": "API Key, Shared Secret", "version": "2", "versionStatus": "Recommended (active, supported)", "type": "Web/Internet", "architecturalStyle": "REST", "supportedRequestFormats": "JSON, URI Query String/CRUD", "supportedResponseFormats": "JSON", "restrictedAccess": "No"}