{"url": "https://www.programmableweb.com/api/geogarage-rest-api-v10", "name": "GeoGarage REST API v1.0", "description": " The GeoGarage API displays nautical charts for web and mobile. Services include interoperability with geospatial solutions, geo-referenced digital nautical charts processed in the GeoGarage Tiling Engine, and returns of nautical time zones in maritime areas. GeoGarage provides a business-to-business online mapping service with a new API that is already in use by different public and private-sector organizations. The Geogarage API plugs across all browsers and operating systems.", "endpoint": "https://geogarage.com/api/timezone/xml?location=Lat,Lon&amp;timestamp=time&amp;key=API_KEY", "homePage": "https://www.geogarage.com/blog/news-1/post/geogarage-time-zone-api-31", "primaryCategory": "Marine", "secondaryCategories": "Charts, Mapping, Platform-as-a-Service, Time, Water", "provider": "GeoGarage", "SSL_Support": "Yes", "authentication_Model": "API Key", "version": "1.0", "versionStatus": "Recommended (active, supported)", "type": "Web/Internet", "architecturalStyle": "REST", "supportedRequestFormats": "URI Query String/CRUD", "supportedResponseFormats": "JSON, XML", "restrictedAccess": "No"}