{"url": "https://www.programmableweb.com/api/nuki-apps-url-scheme-indirect-api-v100", "name": "Nuki Apps URL Scheme Indirect API v1.0.0", "description": " The Nuki Apps URL Scheme API provides locks, openings, and accessibility via iOS and Android. Developers can use smartphones to implement deep linking into a Smart Lock application.", "endpoint": "N/A", "homePage": "https://developer.nuki.io/page/nuki-url-scheme/5/", "primaryCategory": "Accessibility", "secondaryCategories": "Home Automation", "provider": "Nuki", "SSL_Support": "Yes", "authentication_Model": "N/A", "version": "1.0.0", "versionStatus": "Recommended (active, supported)", "type": "Product", "architecturalStyle": "Indirect", "supportedRequestFormats": "Unspecified", "supportedResponseFormats": "Unspecified", "restrictedAccess": "No"}