{"url": "https://www.programmableweb.com/api/bodyguard-bamboo-graphql-api-v1", "name": "Bodyguard Bamboo GraphQL API v1", "description": " The Bodyguard Bamboo API returns data about moderated content via GraphQL queries, using fields such as severity (high, medium, etc.), type (hateful, supportive) recommendedAction (keep, remove), a list of classifications (hatred, insult, supportive, etc.) and more. Bodyguard provides online moderation services to encourage positive engagement & protect online businesses from online toxic content. The service detects emojis, typos or misspelled words, analizes potentially toxic content, and returns a result based on moderation rules for content severity, type, message recipient, etc.", "endpoint": "https://bamboo.bodyguard.ai/api", "homePage": "https://www.bodyguard.ai/developers", "primaryCategory": "Monitoring", "secondaryCategories": "Content, Content Management, Engagement, Security", "provider": "Bodyguard", "SSL_Support": "Yes", "authentication_Model": "API Key", "version": "1", "versionStatus": "Recommended (active, supported)", "type": "Web/Internet", "architecturalStyle": "RPC", "supportedRequestFormats": "GraphQL, JSON", "supportedResponseFormats": "GraphQL, JSON", "restrictedAccess": "No"}