{"url": "https://www.programmableweb.com/api/quicko-rest-api-v30", "name": "Quicko REST API v3.0", "description": " The Quicko API enables banking, savings, wealth, financial wellness, and insurance features in fintech applications. The API allows developers to fetch bank branch details using IFSC code, classify Form 16 cerificates, manage Income Tax information, verify PAN account numbers, and manage Goods and Services Tax (GST) data. The Quicko API is a REST interface with JSON requests and responses.", "endpoint": "https://api.quicko.com", "homePage": "https://dashboard.api.quicko.com", "primaryCategory": "Financial", "secondaryCategories": "Accounting, B2B, Cloud, Taxes", "provider": "Quicko", "SSL_Support": "Yes", "authentication_Model": "Token", "version": "3.0", "versionStatus": "Active (supported, scheduled for retirement)", "type": "Web/Internet", "architecturalStyle": "REST", "supportedRequestFormats": "JSON, URI Query String/CRUD", "supportedResponseFormats": "JSON", "restrictedAccess": "Yes"}