{"url": "https://www.programmableweb.com/api/portfolio-optimizer-rest-api-v1", "name": "Portfolio Optimizer REST API v1", "description": " Portfolio Optimizer API allows to optimize the composition of investment portfolios, using advanced mathematics and computer algorithms (e.g., modern portfolio theory). Methods are available to retrieve asset returns, asset covariance, portfolio optimization, portfolio construction and analysis. Portfolio Optimizer is cloud-based investment portfolio optimization.", "endpoint": "https://api.portfoliooptimizer.io/", "homePage": "https://docs.portfoliooptimizer.io/#introduction", "primaryCategory": "Financial", "secondaryCategories": "Algorithms, Math", "provider": "Portfolio Optimizer", "SSL_Support": "Yes", "authentication_Model": "API Key", "version": "1", "versionStatus": "Recommended (active, supported)", "type": "Web/Internet", "architecturalStyle": "REST", "supportedRequestFormats": "JSON", "supportedResponseFormats": "JSON", "restrictedAccess": "No"}