{"url": "https://www.programmableweb.com/api/teapplix-actionship-rest-api-v1", "name": "Teapplix ActionShip REST API v1", "description": " The Teapplix Action Ship API consumes shipping automation features targeting software solutions. Developers can use CSV formats and authenticate with an API token. With Teapplix, developers can implement USPS accounts, shipping and carrier setup, pick and packing list, print shipping labels, inventory, weight, drop-ship, order history, multi-channel inventory, and multiple warehouses. Teapplix V1 API is accessed via URL endpoint \"https://app.teapplix.com\". As of January 2017, this API is deprecated and only maintained \"as-is\", with no functional updates or bug fixes. New customers or applications should use V2 API.", "endpoint": "https://api.teapplix.com/", "homePage": "https://www.teapplix.com/rest-api.html", "primaryCategory": "Shipping", "secondaryCategories": "Automation, Software-as-a-Service", "provider": "Teapplix", "SSL_Support": "Yes", "authentication_Model": "Token", "version": "1", "versionStatus": "Deactivated", "type": "Web/Internet", "architecturalStyle": "REST", "supportedRequestFormats": "URI Query String/CRUD", "supportedResponseFormats": "CSV", "restrictedAccess": "No"}