{"url": "https://www.programmableweb.com/api/isbn-db-rest-api-v1", "name": "ISBN db REST API v1", "description": " From their site: ISBNdb.com's remote access application programming interface (API) is designed to allow other websites and standalone applications use the vast collection of data collected by ISBNdb.com since 2003. As of this writing, in July 2005, the data includes nearly 1,800,000 books almost 3,000,000 library records close to a million subjects hundreds of thousands of author and publisher records parsed out of library data more than 10,000,000 records of actual and historic prices. Using the API you can look up information by keywords, by ISBN, by authors or publishers, etc. In most situations the API is fast enough to be used in interactive applications.", "endpoint": "https://api.isbndb.com/", "homePage": "https://isbndb.com/api/v3/docs", "primaryCategory": "Reference", "secondaryCategories": "Search", "provider": "ISBNdb.com", "SSL_Support": "Yes", "authentication_Model": "API Key", "version": "1", "versionStatus": "Recommended (active, supported)", "type": "Web/Internet", "architecturalStyle": "REST", "supportedRequestFormats": "JSON, URI Query String/CRUD", "supportedResponseFormats": "JSON", "restrictedAccess": "No"}