{"url": "https://www.programmableweb.com/api/nasa-techtransfer-rest-api-v10", "name": "NASA TechTransfer REST API v1.0", "description": " The NASA TechTransfer API provides developers with structured, searchable access to NASA\u2019s patents, software, and technology spinoff descriptions. These have been curated specifically to support technology transfer and make NASA's innovations available to the public. All API calls are RESTful and return data in JSON format.", "endpoint": "https://api.nasa.gov/techtransfer", "homePage": "https://api.nasa.gov/", "primaryCategory": "Science", "secondaryCategories": "Government, Patents", "provider": "NASA", "SSL_Support": "Yes", "authentication_Model": "API Key", "version": "1.0", "versionStatus": "Recommended (active, supported)", "type": "Web/Internet", "architecturalStyle": "REST", "supportedRequestFormats": "URI Query String/CRUD", "supportedResponseFormats": "JSON", "restrictedAccess": "No"}