{"url": "https://www.programmableweb.com/api/canvs-content-rest-api-v15", "name": "Canvs Content REST API v1.5", "description": " The Canvs Content API is a RESTful service for interacting with the Canvs emotion measuring platform. This API enables users to extract TV/video audience analysis for specific airings, submit a set of criteria to pull a full emotional analysis of a dataset, search an owned catalog index, return a list of open ends associated with a survey and more. To access the Content API requires a token for POST call with JSON responses. Canvs builds tools in measuring emotion and provides nuanced insights into audience behavior at scale.", "endpoint": "http://api.canvs.social", "homePage": "https://www.canvs.ai/canvs-apis", "primaryCategory": "Analytics", "secondaryCategories": "Semantics, Sentiment", "provider": "Canvs", "SSL_Support": "No", "authentication_Model": "API Key, Token", "version": "1.5", "versionStatus": "Recommended (active, supported)", "type": "Web/Internet", "architecturalStyle": "REST", "supportedRequestFormats": "CSV, JSON, URI Query String/CRUD", "supportedResponseFormats": "CSV, JSON", "restrictedAccess": "No"}