{"url": "https://www.programmableweb.com/api/oncrawl-rest-api-v20", "name": "OnCrawl REST API v2.0", "description": " The OnCrawl REST API provides a way to access OnCrawl technical SEO platform data and manage projects. Access to this API requires that you have an account, active subscription and API access Token. OnCrawl is a platform and tool that provides data access in search and semantics to build technical SEO solutions.", "endpoint": "https://app.oncrawl.com/api/v2", "homePage": "https://www.oncrawl.com/oncrawls-technology", "primaryCategory": "SEO", "secondaryCategories": "Data, Platform-as-a-Service, Science, Tools", "provider": "OnCrawl", "SSL_Support": "Yes", "authentication_Model": "Token", "version": "2.0", "versionStatus": "Recommended (active, supported)", "type": "Web/Internet", "architecturalStyle": "REST", "supportedRequestFormats": "JSON, URI Query String/CRUD", "supportedResponseFormats": "JSON", "restrictedAccess": "No"}