{"url": "https://www.programmableweb.com/api/ocbc-forex-rates-rest-api-v11", "name": "OCBC Forex Rates REST API v1.1", "description": " The OCBC Forex Rates API provides a list of updated currency exchange rates by OCBC that allows users to perform calculations across currencies. The Forex Rates API provides the latest foreign exchange rate and allows users to monitor the performance of their investment products or identify products to invest in. The API\u2019s retrieve OCBC bank data that enables integration into your applications. The Oversea-Chinese Banking Corporation Limited (\"OCBC\"), addresses the diversity across cultures and geographies to develop technologies that improve the user experience.", "endpoint": "https://api.ocbc.com:8243/Forex/1.1", "homePage": "https://api.ocbc.com/store/apis/forex/overview", "primaryCategory": "Financial", "secondaryCategories": "Banking, Currency", "provider": "OCBC Bank", "SSL_Support": "Yes", "authentication_Model": "OAuth 2, Token", "version": "1.1", "versionStatus": "Recommended (active, supported)", "type": "Web/Internet", "architecturalStyle": "REST", "supportedRequestFormats": "URI Query String/CRUD", "supportedResponseFormats": "CSV, GeoJSON, JSON, XML", "restrictedAccess": "No"}