{"url": "https://www.programmableweb.com/api/crunchbase-rest-api-v31", "name": "CrunchBase REST API v3.1", "description": " CrunchBase is a product of TechCrunch and is a directory of technology companies, people, and investment profiles especially for internet and startup companies. The read-only API allows for retrieving all information that is available from the database, with some search criteria, and it uses JSON for the output formats. Access to the full API requires an enterprise or applications license .", "endpoint": "https://api.crunchbase.com/v3.1/organizations?user_key=[user_key]", "homePage": "https://data.crunchbase.com/docs/using-the-api", "primaryCategory": "Reference", "secondaryCategories": "Enterprise, Financial", "provider": "Crunchbase", "SSL_Support": "Yes", "authentication_Model": "API Key", "version": "3.1", "versionStatus": "Recommended (active, supported)", "type": "Web/Internet", "architecturalStyle": "REST", "supportedRequestFormats": "URI Query String/CRUD", "supportedResponseFormats": "CSV, GeoJSON, JSON, XML", "restrictedAccess": "Yes"}