{"url": "https://www.programmableweb.com/api/google-custom-search-rest-api-v1", "name": "Google Custom Search REST API v1", "description": " The Google Custom Search Engine API is a RESTful API that allows developer to get web or image search results data in JSON or Atom format. With the API, developers can add web search and/or site search capabilities to their website, blog or collection of websites.", "endpoint": "https://www.googleapis.com/customsearch/v1", "homePage": "https://developers.google.com/custom-search/json-api/v1/overview", "primaryCategory": "Search", "secondaryCategories": "N/A", "provider": "Google", "SSL_Support": "Yes", "authentication_Model": "API Key", "version": "1", "versionStatus": "Recommended (active, supported)", "type": "Web/Internet", "architecturalStyle": "REST", "supportedRequestFormats": "URI Query String/CRUD", "supportedResponseFormats": "Atom, JSON", "restrictedAccess": "No"}