{"url": "https://www.programmableweb.com/api/world-clock-rest-api-v1", "name": "World Clock REST API v1", "description": " World Clock API enables developers to retrieve exact time by current location. It returns date, time, time zone and is JSON and JSONP supported.", "endpoint": "http://worldclockapi.com/api/json/", "homePage": "http://worldclockapi.com/", "primaryCategory": "Time", "secondaryCategories": "N/A", "provider": "N/A", "SSL_Support": "No", "authentication_Model": "Unspecified", "version": "1", "versionStatus": "Recommended (active, supported)", "type": "Web/Internet", "architecturalStyle": "REST", "supportedRequestFormats": "JSON, JSONP", "supportedResponseFormats": "JSON, JSONP", "restrictedAccess": "No"}