{"url": "https://www.programmableweb.com/api/awardwallet-email-parsing-rest-api-v20", "name": "AwardWallet Email Parsing REST API v2.0", "description": " With AwardWallet Email Parsing API you can send any travel confirmation email to our endpoint and our API will extract the data and return the reservation data in a structured format (JSON) for your consumption. Parsing is done automatically and takes just a few seconds. We support thousands of email formats and we have a dedicated team of developers who constantly work on improving the API by adding new parsers to support new email formats.", "endpoint": "https://loyalty.awardwallet.com/v2/account/check", "homePage": "https://awardwallet.com/api/main", "primaryCategory": "Travel", "secondaryCategories": "Email, Parsing, Reservations", "provider": "AwardWallet", "SSL_Support": "Yes", "authentication_Model": "API Key, HTTP Basic Auth", "version": "2.0", "versionStatus": "Recommended (active, supported)", "type": "Web/Internet", "architecturalStyle": "REST", "supportedRequestFormats": "JSON, URI Query String/CRUD", "supportedResponseFormats": "JSON", "restrictedAccess": "No"}