{"url": "https://www.programmableweb.com/api/solidfi-rest-api-v1", "name": "Solidfi REST API v1", "description": " Solid (Solid Financial Technologies) is a financial technology platform that allows developers to create bank accounts, send payments and issue cards. The Solid API offers methods to manage account creation, spending controls on cards, receiving and sending payments, plus KYC, KYB, owner, bank accounts, contacts, transactions and more.", "endpoint": "https://api.solidfi.com", "homePage": "https://www.solidfi.com/dev", "primaryCategory": "Financial", "secondaryCategories": "Banking, Credit Cards, Open Banking, Payments, Transactions", "provider": "Solid Financial Technologies", "SSL_Support": "Yes", "authentication_Model": "Other/Custom, Token", "version": "1", "versionStatus": "Recommended (active, supported)", "type": "Web/Internet", "architecturalStyle": "REST", "supportedRequestFormats": "JSON, URI Query String/CRUD", "supportedResponseFormats": "JSON", "restrictedAccess": "No"}