{"url": "https://www.programmableweb.com/api/international-showtimes-rest-api-v4", "name": "International Showtimes REST API v4", "description": " The International Showtimes & Ticketing API provides cinema information, listings, ticketing links, and movie metadata for 25 markets worldwide. A REST architecture offers HTTP basic authentication with JSON as callbacks' formats. It includes Key authentication and sample codes in Go, JavaScript, Java, NodeJS, PHP, Python, Ruby, and Swift languages.", "endpoint": "http://api.cinepass.de/v4", "homePage": "https://www.internationalshowtimes.com/documentation.html", "primaryCategory": "Movies", "secondaryCategories": "Database, Entertainment, International, Media, Search, Tickets", "provider": "International Showtimes", "SSL_Support": "Yes", "authentication_Model": "API Key", "version": "4", "versionStatus": "Recommended (active, supported)", "type": "Web/Internet", "architecturalStyle": "REST", "supportedRequestFormats": "JSON, URI Query String/CRUD", "supportedResponseFormats": "JSON", "restrictedAccess": "Yes"}