{"url": "https://www.programmableweb.com/api/platform-trust-broker-rest-api-v10", "name": "Platform of Trust Broker REST API v1.0", "description": " The Broker API provides means to connect a service to a connector that will return desired data from different sources. The data broker does not mangle the data in any way, it only functions as a proxy between services and connectors. Broker API: - allows requesting data from an external service defined by the data product, and product code - validates the signature of the payload - relays the verified request to the translator registered to the data product.", "endpoint": "N/A", "homePage": "https://api-sandbox.oftrust.net/", "primaryCategory": "Applications", "secondaryCategories": "Data", "provider": "Vastuu Group", "SSL_Support": "Yes", "authentication_Model": "Token", "version": "1.0", "versionStatus": "Recommended (active, supported)", "type": "Product", "architecturalStyle": "REST", "supportedRequestFormats": "JSON", "supportedResponseFormats": "JSON", "restrictedAccess": "No"}