{"url": "https://www.programmableweb.com/api/cad-file-converter-rest-api-v10", "name": "CAD File Converter REST API v1.0", "description": " The CAD File Converter API allows you to easily translate your design into .stl, .obj, .dae or .ply file formats that includes 51 File Formats. Cad.ai 3D files viewer is a professional viewer for 3d industry smart CAD Platform for your CAD/CAM business.", "endpoint": "https://api.cad.ai/api/v1/convertfile", "homePage": "https://cad.ai/cad-file-converter-api/", "primaryCategory": "3D", "secondaryCategories": "Design, Models, Printing, Widgets", "provider": "CAD.ai", "SSL_Support": "Yes", "authentication_Model": "API Key", "version": "1.0", "versionStatus": "Recommended (active, supported)", "type": "System/Embedded", "architecturalStyle": "REST", "supportedRequestFormats": "JSON, URI Query String/CRUD", "supportedResponseFormats": "JSON", "restrictedAccess": "No"}