{"url": "https://www.programmableweb.com/api/tradedoubler-vouchers-rest-api-v10", "name": "Tradedoubler Vouchers REST API v1.0", "description": " The Tradedoubler Vouchers API allows accessing advertiser voucher codes. It is available in REST architecture with JSONP, JSON, and XML formats, including CORS only implemented in some browsers. With the API, developers can obtain fresh voucher code information, automate updating voucher process, match voucher codes, and build banner widgets. Tradedoubler is an affiliate marketing services provider.", "endpoint": "https://api.tradedoubler.com/1.0/", "homePage": "http://www.tradedoubler.com/en/", "primaryCategory": "Marketing", "secondaryCategories": "Advertising", "provider": "Trade Doubler Products", "SSL_Support": "Yes", "authentication_Model": "Token", "version": "1.0", "versionStatus": "Recommended (active, supported)", "type": "Web/Internet", "architecturalStyle": "REST", "supportedRequestFormats": "JSON, JSONP, URI Query String/CRUD", "supportedResponseFormats": "JSON, JSONP, XML", "restrictedAccess": "No"}