{"url": "https://www.programmableweb.com/api/valoore-rest-api-v1", "name": "Valoore REST API v1", "description": " Valoore is an email validation API. POST an email address and in response get whether it is valid or not, reason why, email, domain, username and mail records.", "endpoint": "https://api.valoore.com/v1/", "homePage": "https://docs.valoore.com/", "primaryCategory": "Email", "secondaryCategories": "Validation", "provider": "Valoore", "SSL_Support": "Yes", "authentication_Model": "API Key", "version": "1", "versionStatus": "Pre-release", "type": "Web/Internet", "architecturalStyle": "REST", "supportedRequestFormats": "JSON, URI Query String/CRUD", "supportedResponseFormats": "JSON", "restrictedAccess": "No"}