{"url": "https://www.programmableweb.com/api/art-institute-chicago-rest-api-v1", "name": "Art Institute of Chicago REST API v1", "description": " The AIC API contains all of the museum's public data: artworks, artists, exhibitions, events, articles, and much more. Data dumps are also available. This API powers the museum's website (artic.edu), mobile app, and in-gallery applications. Offers search and filtering functionality. Supports HTTPS and CORS. Auth not required.", "endpoint": "https://api.artic.edu/api/v1/", "homePage": "https://api.artic.edu/docs/", "primaryCategory": "Museums", "secondaryCategories": "Art, Design", "provider": "Art Institute of Chicago", "SSL_Support": "Yes", "authentication_Model": "Unspecified", "version": "1", "versionStatus": "Recommended (active, supported)", "type": "Web/Internet", "architecturalStyle": "REST", "supportedRequestFormats": "JSON, URI Query String/CRUD", "supportedResponseFormats": "JSON", "restrictedAccess": "No"}