{"url": "https://www.programmableweb.com/api/arcopay-rest-api-v112", "name": "Arcopay REST API v1.1.2", "description": " Arcopay is a Payment Institution licensed to operate throughout Europe. The Arcopay API is a PSD2 compliant API for instant payments. It offers this White Label API that through a single integration enables instant payments with any European bank.", "endpoint": "https://apipsd2.afterbanks.com/", "homePage": "https://app.swaggerhub.com/apis/Afterbanks/Afterbanks-PSD2-EN/", "primaryCategory": "Payments", "secondaryCategories": "Accounting, Financial, Open Banking", "provider": "Arcopay", "SSL_Support": "Yes", "authentication_Model": "API Key", "version": "1.1.2", "versionStatus": "Recommended (active, supported)", "type": "Web/Internet", "architecturalStyle": "REST", "supportedRequestFormats": "JSON, URI Query String/CRUD", "supportedResponseFormats": "JSON", "restrictedAccess": "Yes"}