{"url": "https://www.programmableweb.com/api/mantis-bug-tracker-rest-api-v10", "name": "Mantis Bug Tracker REST API v1.0", "description": " The Mantis Bug Tracker API allows for bug tracking management features including issues, projects, filters, users, configuration, localization, and and pages. Developers can make GET requests that will display JSON formats in return. Sample codes are available in C#, cURL, Go, Java, JavaScript, C, Node.js, Objective-C, PHP, Python, Ruby, Shell, and Swift.MantisBT is a popular open source web-based bug tracking system.", "endpoint": "N/A", "homePage": "https://mantisbt.org/development.php", "primaryCategory": "DevOps", "secondaryCategories": "Collaboration, Open Source, Security, Web Site Management", "provider": "MantisBT", "SSL_Support": "No", "authentication_Model": "Token", "version": "1.0", "versionStatus": "Recommended (active, supported)", "type": "Web/Internet", "architecturalStyle": "REST", "supportedRequestFormats": "URI Query String/CRUD", "supportedResponseFormats": "JSON", "restrictedAccess": "No"}