{"url": "https://www.programmableweb.com/api/gymmaster-rest-api-v1", "name": "GymMaster REST API v1", "description": " The GymMaster API provides access to data within the GymMaster fitness and club membership management software platform, including classes, workouts, booking, services, feedback, measurements, membership, outstanding balance, signup, payment, and promotions.", "endpoint": "N/A", "homePage": "https://www.gymmastersoftware.com/gymmaster-api/", "primaryCategory": "Fitness", "secondaryCategories": "Booking, Health, Scheduling", "provider": "GymMaster", "SSL_Support": "Yes", "authentication_Model": "API Key", "version": "1", "versionStatus": "Recommended (active, supported)", "type": "Web/Internet", "architecturalStyle": "REST", "supportedRequestFormats": "JSON, URI Query String/CRUD", "supportedResponseFormats": "JSON", "restrictedAccess": "No"}