{"url": "https://www.programmableweb.com/api/adafruit-io-mqtt-indirect-api-v10", "name": "Adafruit IO MQTT Indirect API v1.0", "description": " Adafruit IO's MQTT API exposes feed data using special topics. Message Queue Telemetry Transport, is a protocol for device communication that Adafruit IO supports. Use a MQTT library or client to publish/subscribe to a feed and to send/receive feed data. Adafruit is a system that makes data useful by allowing simple data connections with little programming required. Adafruit Industries promotes teaching, sharing, engineering, DIY electronic kits, open source hardware and more.", "endpoint": "N/A", "homePage": "https://learn.adafruit.com/adafruit-io/mqtt-api", "primaryCategory": "Internet of Things", "secondaryCategories": "Hardware, IIoT, Open Source", "provider": "Adafruit", "SSL_Support": "Yes", "authentication_Model": "API Key", "version": "1.0", "versionStatus": "Recommended (active, supported)", "type": "System/Embedded", "architecturalStyle": "Indirect", "supportedRequestFormats": "MQTT", "supportedResponseFormats": "MQTT", "restrictedAccess": "No"}