{"url": "https://www.programmableweb.com/api/apifonica-voice-sms-messaging-rest-api-v2", "name": "Apifonica Voice SMS Messaging REST API v2", "description": " The Apifonica Voice SMS Messaging API allows developers to integrate SMS sending, receiving, processing, and tracking features. It's available with a token as the authentication method and JSON format for callbacks. With the API, users may benefit from worldwide reach, Unicode characters, two-way SMS, delivery status notification in real time, and SMS concatenation. Developers can start for free and if they need additional calls, they can contact sales at support@apifonica.com", "endpoint": "https://api.apifonica.com/v2/", "homePage": "https://www.apifonica.com/products/messaging-api.html", "primaryCategory": "Telephony", "secondaryCategories": "N/A", "provider": "APIFONICA", "SSL_Support": "Yes", "authentication_Model": "Token", "version": "2", "versionStatus": "Recommended (active, supported)", "type": "System/Embedded", "architecturalStyle": "REST", "supportedRequestFormats": "JSON, URI Query String/CRUD", "supportedResponseFormats": "JSON", "restrictedAccess": "Yes"}