{"url": "https://www.programmableweb.com/api/clean-power-research-utility-rates-and-bill-savings-rest-api-v20", "name": "Clean Power Research Utility Rates and Bill Savings REST API v2.0", "description": " The Clean Power Research Utility Rates and Bill Savings API provides a way to perform detailed energy bill calculations. Get data about electric bill charges, energy usage, individual charges and more. This API supports HTTP GET and POST with JSON and may also support XML with certain requests. Access requires the utilization of Basic Authentication via username and password that are sent in the request header, and requests also need the use of HTTPS. Clean Power Research builds services for energy calculation, simulation, and automation.", "endpoint": "https://service.getpowerbill.com/api/v2", "homePage": "https://developers.cleanpower.com/utility-rates-bill-savings", "primaryCategory": "Energy", "secondaryCategories": "Data, Energy, Environment", "provider": "Clean Power Research", "SSL_Support": "Yes", "authentication_Model": "API Key", "version": "2.0", "versionStatus": "Recommended (active, supported)", "type": "Web/Internet", "architecturalStyle": "REST", "supportedRequestFormats": "JSON, URI Query String/CRUD, XML", "supportedResponseFormats": "JSON, XML", "restrictedAccess": "No"}