{"url": "https://www.programmableweb.com/api/bdapps-pro-sms-rest-api-v10", "name": "BDApps Pro SMS REST API v1.0", "description": " The BDApps Pro SMS API allows developers to send and receive SMS using JSON objects over HTTP. This API can also be used to check the delivery status of sent SMS, receive SMS with a short code, and more. BDApps is an application development platform that provides Robi network tools for monetization and messaging. BDApps is based in Bangladesh.", "endpoint": "http://developer.bdapps.com/sms/", "homePage": "http://dev.bdapps.com/bdapps-lite-pro/bdapps-pro-documents", "primaryCategory": "Application Development", "secondaryCategories": "Messaging", "provider": "BDApps", "SSL_Support": "Yes", "authentication_Model": "App ID", "version": "1.0", "versionStatus": "Recommended (active, supported)", "type": "Web/Internet", "architecturalStyle": "REST", "supportedRequestFormats": "JSON, URI Query String/CRUD", "supportedResponseFormats": "JSON", "restrictedAccess": "No"}