{"url": "https://www.programmableweb.com/api/global-covid-19-trends-and-impact-survey-open-data-rest-api-v11", "name": "Global COVID-19 Trends and Impact Survey Open Data REST API v11", "description": " Global COVID-19 Trends and Impact Survey was launched in partnership between the Center for Geospatial Information Science, University of Maryland and Facebook. This Global COVID-19 Trends and Impact Survey Open Data API offers access to the data collected, with methods for retrieving country and region lists, survey dates, data for indicators such as symptoms, behaviors, vaccine, testing, mental health, economic, other), response data for wildcard characters, survey response counts, and more.", "endpoint": "https://covidmap.umd.edu/api/", "homePage": "https://gisumd.github.io/COVID-19-API-Documentation/", "primaryCategory": "COVID-19", "secondaryCategories": "Coronavirus, Open Data", "provider": "Center for Geospatial Information Science, Facebook", "SSL_Support": "Yes", "authentication_Model": "Unspecified", "version": "11", "versionStatus": "Recommended (active, supported)", "type": "Web/Internet", "architecturalStyle": "REST", "supportedRequestFormats": "JSON", "supportedResponseFormats": "JSON", "restrictedAccess": "No"}