{"url": "https://www.programmableweb.com/api/digitalocean-droplet-metadata-rest-api-v10", "name": "DigitalOcean Droplet Metadata REST API v1.0", "description": " The DigitalOcean Droplet Metadata API allows a Droplet to access data about itself. It can be queried on a Droplet by sending an HTTP GET request that may include user-provided data, Droplet ID, data center region, IP addresses, and tags. DigitalOcean provides a Cloud platform to deploy, manage and scale applications of any size.", "endpoint": "http://169.254.169.254/metadata/v1/", "homePage": "https://developers.digitalocean.com/documentation/metadata", "primaryCategory": "Data", "secondaryCategories": "Networking", "provider": "DigitalOcean", "SSL_Support": "No", "authentication_Model": "API Key", "version": "1.0", "versionStatus": "Recommended (active, supported)", "type": "Unspecified", "architecturalStyle": "REST", "supportedRequestFormats": "URI Query String/CRUD", "supportedResponseFormats": "JSON", "restrictedAccess": "No"}