{"url": "https://www.programmableweb.com/api/whoisxml-domain-reputation-rest-api-v10", "name": "WhoisXML Domain Reputation REST API v1.0", "description": " The Whois XML Domain Reputation API allows users to assess a domain's or IP addresses' reputation and risk profile with scores (0 to 100, the lower the score, the higher the risk) based on a comprehensive set of data sources. Parameters in the scoring process include website content, WHOIS record, relations to other domains, host configuration; SSL certificates, SSL connection, and SSL configuration; DNS MX records configuration and corresponding mail servers; feeds from known malware databases; the infrastructure of the domain's IP addresses; and reverse IP lookup. The API can be used for enterprise security, forensic investigations, and e-commerce to stay away from potentially dangerous domains.", "endpoint": "N/A", "homePage": "https://domain-reputation.whoisxmlapi.com/api", "primaryCategory": "Domains", "secondaryCategories": "Reputation, Risk Assessment", "provider": "Whois API", "SSL_Support": "Yes", "authentication_Model": "API Key", "version": "1.0", "versionStatus": "Recommended (active, supported)", "type": "Web/Internet", "architecturalStyle": "REST", "supportedRequestFormats": "JSON, URI Query String/CRUD", "supportedResponseFormats": "JSON, XML", "restrictedAccess": "No"}