{"url": "https://www.programmableweb.com/api/box-file-preview-rest-api-v20", "name": "Box File Preview REST API v2.0", "description": " The Box File Preview API allows you to generate an embeddable file preview experience that supports more than 120 file types including CSV, Images, Audio, Video, Flash, Presentation and more. Box is an enterprise content management platform that allows you to share and access files on mobile devices or business processes like data governance and retention. Box enables you to secure, share and edit all your files from anywhere.", "endpoint": " https://upload.box.com/api/2.0/files/content ", "homePage": "https://developer.box.com/docs/file-preview-api", "primaryCategory": "Content", "secondaryCategories": "File Sharing, Management, Upload, Viewer", "provider": "Box", "SSL_Support": "Yes", "authentication_Model": "OAuth 2, Token", "version": "2.0", "versionStatus": "Recommended (active, supported)", "type": "Web/Internet", "architecturalStyle": "REST", "supportedRequestFormats": "URI Query String/CRUD", "supportedResponseFormats": "CSV, JSON, Text, Images, Audio, Video, Flash, Presentation", "restrictedAccess": "No"}