{"url": "https://www.programmableweb.com/api/apiclubin-vehicle-info-india-rest-api-v1", "name": "APIclub.in Vehicle Info India REST API v1", "description": " APIclub.in vehicle information API provides Information of Indian Vehicle with Vehicle Identification Number/License Plate", "endpoint": "https://apiclub.in/api/v1/vehicle_info", "homePage": "https://apiclub.in/docs/#vehicle-info", "primaryCategory": "API", "secondaryCategories": "Indian, Recognition, Transportation", "provider": "APIclub.in", "SSL_Support": "Yes", "authentication_Model": "API Key, HTTP Basic Auth", "version": "1", "versionStatus": "Recommended (active, supported)", "type": "Web/Internet", "architecturalStyle": "REST", "supportedRequestFormats": "JSON", "supportedResponseFormats": "JSON", "restrictedAccess": "No"}