{"url": "https://www.programmableweb.com/api/google-books-rest-api-v1", "name": "Google Books REST API v1", "description": " Use the Google Book Search Data API to get and modify Book Search content via feeds. Submit full-text searches for books and get book information, ratings, and reviews. Optionally get individual users' library collections and public reviews. Submit authenticated requests to create and modify library collections, ratings, labels, reviews, and more.", "endpoint": "https://www.googleapis.com/books/v1", "homePage": "https://developers.google.com/books/docs/v1/using", "primaryCategory": "Reference", "secondaryCategories": "Books, Search", "provider": "Google", "SSL_Support": "Yes", "authentication_Model": "API Key, OAuth 2", "version": "1", "versionStatus": "Recommended (active, supported)", "type": "Web/Internet", "architecturalStyle": "REST", "supportedRequestFormats": "JSON, JSONP, URI Query String/CRUD", "supportedResponseFormats": "JSON, JSONP", "restrictedAccess": "No"}