{"url": "https://www.programmableweb.com/api/infotrie-finsents-commodity-news-rest-api-v30", "name": "InfoTrie FinSentS Commodity News REST API v3.0", "description": " The InfoTrie FinSentS Commodity News API provides news and social media posts related to all major commodities. Data is available in JSON, CSV, and XML. InfoTrie is a consulting and financial engineering firm headquartered in Singapore that provides services related to information systems, artificial intelligence, financial engineering, and quantitative modelling.", "endpoint": "http://api.infotrie.com/", "homePage": "http://api.infotrie.com/sentiment-data-api-manual/", "primaryCategory": "News Services", "secondaryCategories": "Big Data, Data Mining, Financial, Machine Learning, Sentiment", "provider": "InfoTrie", "SSL_Support": "Yes", "authentication_Model": "API Key", "version": "3.0", "versionStatus": "Recommended (active, supported)", "type": "Web/Internet", "architecturalStyle": "REST", "supportedRequestFormats": "URI Query String/CRUD", "supportedResponseFormats": "CSV, JSON, XML", "restrictedAccess": "Yes"}