{"url": "https://www.programmableweb.com/api/realtime-socket-streaming-api-v10", "name": "Realtime Socket Streaming API v1.0", "description": " RealtimeSocket.com provides financial data in a socket format so you don't have to keep making REST API requests, it will return updates automatically in the websocket (FTSE, DOW, Bitcoin, Gold, S&P500, Nasdaq)", "endpoint": "ws://realtimesocket.com:8181", "homePage": "http://realtimesocket.com", "primaryCategory": "Financial", "secondaryCategories": "Cryptocurrency, Feeds, Stocks", "provider": "Independent Developer", "SSL_Support": "Yes", "authentication_Model": "Unspecified", "version": "1.0", "versionStatus": "Recommended (active, supported)", "type": "Web/Internet", "architecturalStyle": "Streaming", "supportedRequestFormats": "JSON, Websockets", "supportedResponseFormats": "JSON, Websockets", "restrictedAccess": "No"}