{"url": "https://www.programmableweb.com/api/whatsapp-business-streaming-api-v10", "name": "WhatsApp Business Streaming API v1.0", "description": " The WhatsApp Business Streaming API provides event-triggered HTTP POST callbacks to a webhook URL given by the developer. This API can send notifications for inbound messages, inbound media messages, inbound replies to sent messages, and more. The WhatsApp Business APIs allow businesses to interact with and reach customers all over the world, connecting them using end-to-end encryption to ensure only the intended parties can read or listen to messages and calls.", "endpoint": "N/A", "homePage": "https://www.whatsapp.com/business/api", "primaryCategory": "Business", "secondaryCategories": "Messaging, Mobile", "provider": "WhatsApp", "SSL_Support": "Yes", "authentication_Model": "Unspecified", "version": "1.0", "versionStatus": "Recommended (active, supported)", "type": "Web/Internet", "architecturalStyle": "Streaming", "supportedRequestFormats": "Webhooks", "supportedResponseFormats": "JSON, URI Query String/CRUD", "restrictedAccess": "No"}