{"url": "https://www.programmableweb.com/api/railz-rest-api-v20210301", "name": "Railz REST API v20210301", "description": " Railz enables on-demand access to financial transactions, analytics, insights, and reports on small and medium business (SMB) customers through an API that connects financial institutions to major accounting software solutions, such as QuickBooks, Xero, and Sage.", "endpoint": "https://api.railz.ai/swagger/", "homePage": "https://dashboard.railz.ai/signup", "primaryCategory": "Data-as-a-Service", "secondaryCategories": "Accounting, API Management, Financial", "provider": "Railz Financial Technologies", "SSL_Support": "Yes", "authentication_Model": "API Key, Token", "version": "20210301", "versionStatus": "Recommended (active, supported)", "type": "Web/Internet", "architecturalStyle": "REST", "supportedRequestFormats": "JSON", "supportedResponseFormats": "JSON", "restrictedAccess": "Yes"}