{"url": "https://www.programmableweb.com/api/nest-rest-api-v10", "name": "Nest REST API v1.0", "description": " The Nest API allows users to model a physical home or building as a structure with Nest Learning Thermostats, Nest Protects, and Nest Cams as devices within that structure. Developers can use this API to check that status of devices and to control them programmatically. Nest provides a variety of smart devices for home automation. Nest.com is now part of the Google Store.", "endpoint": "https://developer-api.nest.com", "homePage": "https://developers.nest.com/reference/api-overview", "primaryCategory": "Internet of Things", "secondaryCategories": "Home Automation", "provider": "Google, Nest", "SSL_Support": "Yes", "authentication_Model": "Token", "version": "1.0", "versionStatus": "Recommended (active, supported)", "type": "Web/Internet", "architecturalStyle": "REST", "supportedRequestFormats": "JSON, URI Query String/CRUD", "supportedResponseFormats": "JSON", "restrictedAccess": "No"}