{"url": "https://www.programmableweb.com/api/rapid7-insightappsec-rest-api-v10", "name": "Rapid7 InsightAppSec REST API v1.0", "description": " The Rapid7 InsightAppSec API provides operations to access and update app data, update app, Get app users, Get a scan config, update the options of a scan config, perform a search for a set of resources, returning a page, based on supplied pagination parameters, operations to trigger a scan and access scan data, and more. The Rapid7 Insight Platform API allows you to integrate your security solutions with Insight products. Rapid7 provides Security Ops by delivering shared visibility, analytics, and automation to unite security, IT, and DevOps teams.", "endpoint": "http://localhost/api/v1", "homePage": "https://help.rapid7.com/insightappsec/en-us/api/v1/docs.html", "primaryCategory": "Scanning", "secondaryCategories": "Analytics, Applications, Data, DevOps, Monitoring, Search, Security", "provider": "Rapid7", "SSL_Support": "No", "authentication_Model": "API Key", "version": "1.0", "versionStatus": "Recommended (active, supported)", "type": "Product", "architecturalStyle": "REST", "supportedRequestFormats": "JSON, URI Query String/CRUD", "supportedResponseFormats": "JSON, XML", "restrictedAccess": "No"}