{"url": "https://www.programmableweb.com/api/100a-rest-api-v10", "name": "100A REST API v1.0", "description": " The 100A API enables users to process and store any type of textual information: articles, white papers, books, code backups, JSON, HTMLmarkup, CSS, code snippets, databases or any other. Use the API to get a digital representation of your data and a short access link to your information. Use it everywhere: online and offline. You can share your data with anyone or just keep it for yourself with a private password. Private data can be viewed or updated only if you pass a valid password-key. 100A is a data extraction & management service.", "endpoint": "https://100a.io/a", "homePage": "http://100a.io/api", "primaryCategory": "Storage", "secondaryCategories": "Application Development, Artificial Intelligence, Data, Documents, File Sharing", "provider": "100A.IO", "SSL_Support": "Yes", "authentication_Model": "API Key", "version": "1.0", "versionStatus": "Recommended (active, supported)", "type": "Web/Internet", "architecturalStyle": "REST", "supportedRequestFormats": "JSON, URI Query String/CRUD", "supportedResponseFormats": "JSON", "restrictedAccess": "No"}