{"url": "https://www.programmableweb.com/api/whatpulse-rest-api-v1", "name": "WhatPulse REST API v1", "description": " WhatPulse measures users keyboard and mouse usage, plus application usage, where a user clicks, work history and more. Retrieve raw data from WhatPulse about users, teams and pulses with the WhatPulse Web API. WhatPulse stats and data can be analyzed, visualized and compared to other users. A Client API is also available.", "endpoint": "http://api.whatpulse.org/", "homePage": "https://whatpulse.org/pages/webapi/", "primaryCategory": "Monitoring", "secondaryCategories": "Charts, Hardware, Motion, Visualizations", "provider": "WhatPulse", "SSL_Support": "Yes", "authentication_Model": "Unspecified", "version": "1", "versionStatus": "Recommended (active, supported)", "type": "Web/Internet", "architecturalStyle": "REST", "supportedRequestFormats": "URI Query String/CRUD", "supportedResponseFormats": "JSON, XML", "restrictedAccess": "No"}