{"url": "https://www.programmableweb.com/api/place-dog-rest-api-v1", "name": "Place dog REST API v1", "description": " Place.dog API enables users to add a random dog photo to use as a placeholder in websites or applications with one simple line of code.", "endpoint": "https://place.dog", "homePage": "https://place.dog", "primaryCategory": "Animals", "secondaryCategories": "Pets, Random", "provider": "N/A", "SSL_Support": "Yes", "authentication_Model": "Unspecified", "version": "1", "versionStatus": "Recommended (active, supported)", "type": "Web/Internet", "architecturalStyle": "REST", "supportedRequestFormats": "URI Query String/CRUD", "supportedResponseFormats": "Binary", "restrictedAccess": "No"}