{"url": "https://www.programmableweb.com/api/pikaso-rest-api-v1", "name": "Pikaso REST API v1", "description": " Pikaso is a service for creating clutter-free screenshots of Twitter posts. The Pikaso API can be used to automate creating Tweet screenshots. Users post the URL of the tweet with parameters for layout style, theme, and size and get screenshot image in return. This API is available to Pikaso Business plan subscribers.", "endpoint": "https://pikaso.me/api/v1/tweet", "homePage": "https://pikaso.me/api", "primaryCategory": "Screenshots", "secondaryCategories": "Tweets", "provider": "Ennso Lab", "SSL_Support": "Yes", "authentication_Model": "API Key, Token", "version": "1", "versionStatus": "Recommended (active, supported)", "type": "Web/Internet", "architecturalStyle": "REST", "supportedRequestFormats": "URI Query String/CRUD", "supportedResponseFormats": "Binary, HTML", "restrictedAccess": "No"}