{"url": "https://www.programmableweb.com/api/microsoft-graph-security-rest-api-v10", "name": "Microsoft Graph Security REST API v1.0", "description": " The Microsoft Graph Security API is an intelligent unified platform for combating cyber threats that powers real-time threat protection. It is used for Microsoft products and services that supports an ecosystem of integrated solutions. The security API allows you to connect with and extend the Intelligent Security Graph to build security solutions that consolidate and correlate security alerts from multiple sources, unlock contextual data to inform investigations, and automate security operations. Microsoft Graph is a unified endpoint for accessing data, relationships and insights from the Microsoft cloud.", "endpoint": "https://graph.microsoft.com/v1.0/security/", "homePage": "https://developer.microsoft.com/en-us/graph/docs/api-reference/beta/resources/se\u2026", "primaryCategory": "Security", "secondaryCategories": "Cloud, Data, Platform-as-a-Service", "provider": "Microsoft", "SSL_Support": "Yes", "authentication_Model": "Token", "version": "1.0", "versionStatus": "Recommended (active, supported)", "type": "of License if Non Proprietary Creative Commons Attribution 3.0 License", "architecturalStyle": "REST", "supportedRequestFormats": "JSON, URI Query String/CRUD", "supportedResponseFormats": "JSON", "restrictedAccess": "No"}