{"url": "https://www.programmableweb.com/api/fonenode-rest-api-v1", "name": "Fonenode REST API v1", "description": " The Fonenode API integrates voice features into telephony applications. It is available in REST architecture with JSON response code and format, providing shared secret as the authentication method. Fonenode is a company based in Africa that offers voice messages, interactive voice responses, and telephony services.", "endpoint": "https://api.fonenode.com/v1/", "homePage": "https://fonenode.com/docs", "primaryCategory": "Telephony", "secondaryCategories": "African, Voice", "provider": "Fonenode", "SSL_Support": "Yes", "authentication_Model": "Shared Secret", "version": "1", "versionStatus": "Recommended (active, supported)", "type": "Product", "architecturalStyle": "REST", "supportedRequestFormats": "JSON, URI Query String/CRUD", "supportedResponseFormats": "JSON", "restrictedAccess": "No"}