{"url": "https://www.programmableweb.com/api/suunto-authorisation-rest-api-v10", "name": "Suunto Authorisation REST API v1.0", "description": " The Suunto Authorisation API allows developers to perform the OAuth 2 authentication required to gain access rights to transfer data to or from Suunto systems. Suunto sells custom sports watches for tracking personal data. Suunto APIs are only available to companies and organizations and are not for personal use.", "endpoint": "https://cloudapi-oauth.suunto.com/oauth/", "homePage": "https://apizone.suunto.com/docs/services/oauth2-api/operations/authorize", "primaryCategory": "Fitness", "secondaryCategories": "Authentication, Authorization, Personal Information Management, Sports, Wearable", "provider": "Suunto", "SSL_Support": "Yes", "authentication_Model": "API Key, OAuth 2, Token", "version": "1.0", "versionStatus": "Recommended (active, supported)", "type": "Web/Internet", "architecturalStyle": "REST", "supportedRequestFormats": "URI Query String/CRUD", "supportedResponseFormats": "JSON, XML", "restrictedAccess": "Yes"}