{"url": "https://www.programmableweb.com/api/marketaux-rest-api-v1", "name": "marketaux REST API v1", "description": " marketaux provides real time and historical news data and analysis for more than 200,000 market entities from over 80 global stock markets, indices, ETFs, mutual funds, currency and crypto. The news data is sourced from over 5,000 high quality sources in 30+ languages.", "endpoint": "https://api.marketaux.com/v1/news/all?symbols=AAPL,TSLA&amp;filter_entities=true&amp;language=en&amp;api_token=YOUR_API_TOKEN", "homePage": "https://www.marketaux.com/documentation", "primaryCategory": "Stocks", "secondaryCategories": "Analytics, News Services", "provider": "marketaux", "SSL_Support": "Yes", "authentication_Model": "API Key", "version": "1", "versionStatus": "Recommended (active, supported)", "type": "Web/Internet", "architecturalStyle": "REST", "supportedRequestFormats": "JSON", "supportedResponseFormats": "JSON", "restrictedAccess": "No"}