{"url": "https://www.programmableweb.com/api/data-endpoints-rest-api-v100", "name": "Data Endpoints REST API v1.0.0", "description": " The Data Endpoints API allows developers to access and integrate the functionality of Data Endpoints with other applications. Some example API methods include data sampling and randomization for client-side tests as Web Service API.", "endpoint": "https://api.dataendpoints.com", "homePage": "https://dataendpoints.com", "primaryCategory": "Data-as-a-Service", "secondaryCategories": "Testing", "provider": "Data Endpoints", "SSL_Support": "Yes", "authentication_Model": "HTTP Basic Auth", "version": "1.0.0", "versionStatus": "Recommended (active, supported)", "type": "of License if Non Proprietary MIT License", "architecturalStyle": "REST", "supportedRequestFormats": "URI Query String/CRUD", "supportedResponseFormats": "JSON", "restrictedAccess": "No"}