{"url": "https://www.programmableweb.com/api/unofficial-google-search-apigeek-rest-api-v001", "name": "Unofficial Google Search by apigeek REST API v0.0.1", "description": " The Unofficial Google Search by apigeek can perform unlimited Google searches. Code snippets available in Node.js, C, C#, Go, Java, Objective-C, PHP, Python, Ruby, and Swift.", "endpoint": "N/A", "homePage": "https://rapidapi.com/apigeek/api/google-search3", "primaryCategory": "Search", "secondaryCategories": "SEO", "provider": "Independent Developer", "SSL_Support": "No", "authentication_Model": "N/A", "version": "0.0.1", "versionStatus": "Recommended (active, supported)", "type": "Web/Internet", "architecturalStyle": "REST", "supportedRequestFormats": "URI Query String/CRUD", "supportedResponseFormats": "JSON", "restrictedAccess": "No"}