{"url": "https://www.programmableweb.com/api/uiza-rest-api-v3", "name": "Uiza REST API v3", "description": " The Uiza API streams video, storages media, and embeds metadata when developers make HTTPS requests and authorize via Key, accessing the interface. Uiza allows managing users, publishing videos, creating categories, retrieving storage, creating a live event, creating callbacks, analyzing metrics, and embedding metadata. SDKs available for Android, Android TV, iOS, and TVOS. Uiza is a mobile video platform.", "endpoint": "N/A", "homePage": "https://docs.uiza.io/", "primaryCategory": "Streaming", "secondaryCategories": "Mobile, Video", "provider": "Uiza", "SSL_Support": "Yes", "authentication_Model": "API Key", "version": "3", "versionStatus": "Recommended (active, supported)", "type": "Web/Internet", "architecturalStyle": "REST", "supportedRequestFormats": "JSON, URI Query String/CRUD", "supportedResponseFormats": "JSON", "restrictedAccess": "No"}