{"url": "https://www.programmableweb.com/api/bike-index-rest-api-v3", "name": "Bike Index REST API v3", "description": " The Bike Index API v3 enables users to search for bikes on a registry, with the aim to recover stolen bicycles. API methods are available to get users, manage bike operations, manufacturers and search for bikes by front gear types, handlebar types, frame materials, color, etc. The API includes support to cross-origin resource sharing (CORS), a spec that permits web apps to make AJAX calls without workarounds.", "endpoint": "N/A", "homePage": "https://bikeindex.org/documentation/", "primaryCategory": "Cycling", "secondaryCategories": "Community, Registry", "provider": "Bike Index", "SSL_Support": "Yes", "authentication_Model": "API Key", "version": "3", "versionStatus": "Recommended (active, supported)", "type": "Web/Internet", "architecturalStyle": "REST", "supportedRequestFormats": "JSON, URI Query String/CRUD", "supportedResponseFormats": "CSV, GeoJSON, JSON, XML", "restrictedAccess": "No"}