{"url": "https://www.programmableweb.com/api/springer-nature-open-access-rest-api-v10", "name": "Springer Nature Open Access REST API v1.0", "description": " The Springer Nature Open Access API allows developers to get metadata and full-text content (where available) for more than 649,000 of Springer Nature's online documents, including BioMed Central and SpringerOpen journals. Springer Nature publishes about 3,000 journals and 13,000 new books per year in the fields of science, technology, and medicine (STM). It provides multiple APIs for accessing its freely available content for noncommercial use.", "endpoint": "http://api.springer.com/openaccess/", "homePage": "https://dev.springernature.com/", "primaryCategory": "Science", "secondaryCategories": "Metadata, Open Data", "provider": "Springer Nature", "SSL_Support": "No", "authentication_Model": "HTTP Basic Auth", "version": "1.0", "versionStatus": "Recommended (active, supported)", "type": "Web/Internet", "architecturalStyle": "REST", "supportedRequestFormats": "URI Query String/CRUD", "supportedResponseFormats": "JSON, XML, JATS, PAM", "restrictedAccess": "No"}