{"url": "https://www.programmableweb.com/api/scale-rest-api-v10", "name": "Scale REST API v1.0", "description": " The Scale API allows users to access on-demand human workforce for different categories of tasks. The innovative solution that has been dubbed the \u201cAPI for Human Labor\u201d is essentially a scalable interface for outsourcing labor to on-demand workforce. Users can apply the API to perform a variety of tasks within the categorization, transcription, and phone calls functions. The provider of the API is expanding the scope of its functionality through the gradual introduction new endpoints. The Scale API generates requests and returns responses in HTTP and JSON formats, respectively.", "endpoint": "https://api.scaleapi.com/v1/", "homePage": "https://docs.scaleapi.com/", "primaryCategory": "Crowdsourcing", "secondaryCategories": "Business, Content Management, Data, Human Resources, Scheduling, Training, Transcription", "provider": "Independent Developer", "SSL_Support": "Yes", "authentication_Model": "API Key, HTTP Basic Auth", "version": "1.0", "versionStatus": "Recommended (active, supported)", "type": "Web/Internet", "architecturalStyle": "REST", "supportedRequestFormats": "JSON, URI Query String/CRUD", "supportedResponseFormats": "JSON", "restrictedAccess": "No"}