{"url": "https://www.programmableweb.com/api/new-york-times-top-stories-rest-api-v20", "name": "The New York Times Top Stories REST API v2.0", "description": " The New York Times Top Stories API returns an array of articles currently on the specified section for arts, business and more. This includes services to access data for; arts, automobiles, books, business, fashion, food and more. The Times Developer Network is an API clearinghouse and community to get the latest news about New York Times APIs, read the API documentation, and browse the application gallery.", "endpoint": "https://api.nytimes.com/svc/topstories/v2", "homePage": "https://developer.nytimes.com/docs/top-stories-product/1/overview", "primaryCategory": "News Services", "secondaryCategories": "New York City", "provider": "The New York Times, The New York Times Company", "SSL_Support": "Yes", "authentication_Model": "API Key", "version": "2.0", "versionStatus": "Recommended (active, supported)", "type": "Web/Internet", "architecturalStyle": "REST", "supportedRequestFormats": "JSON, URI Query String/CRUD", "supportedResponseFormats": "JSON", "restrictedAccess": "No"}