{"url": "https://www.programmableweb.com/api/acled-rest-api-v25", "name": "ACLED REST API v2.5", "description": " The Armed Conflict Location & Event Data Project (ACLED) is a real-time data and and crisis analysis and mapping project on political violence and protest across the world. ACLED's mission is to produce dis-aggregated, locally informed data and analysis globally in real time. An ACLED REST API enables users to retrieve data about actors, actor type, country, region and get data in JSON, XML, CSV or text. Filter data by date, area, pagination, etc.", "endpoint": "https://api.acleddata.com/{data}/{command}", "homePage": "https://acleddata.com/data-export-tool/", "primaryCategory": "Politics", "secondaryCategories": "Emergency, Government, Military, Police, Weapons", "provider": "ACLED", "SSL_Support": "Yes", "authentication_Model": "HTTP Basic Auth", "version": "2.5", "versionStatus": "Recommended (active, supported)", "type": "Web/Internet", "architecturalStyle": "REST", "supportedRequestFormats": "JSON, URI Query String/CRUD", "supportedResponseFormats": "CSV, JSON, Text, XML", "restrictedAccess": "No"}