{"url": "https://www.programmableweb.com/api/outdoorsy-trailblazer-unspecified-api-v1", "name": "Outdoorsy Trailblazer Unspecified API v1", "description": " Outdoorsy is an online marketplace for renting RVs. Both RV owners and renters can use the marketplace. The Outdoorsy Trailblazer API offers affiliate partners access to the platform's tools. The API enables affiliates to earn commissions by connecting their customers with potential RV renters. Interested developers can register with the affiliate program for documentation and API access.", "endpoint": "N/A", "homePage": "https://www.outdoorsy.com/affiliate", "primaryCategory": "Marketing", "secondaryCategories": "Auto, Recreation, Rentals", "provider": "Outdoorsy", "SSL_Support": "Yes", "authentication_Model": "Unspecified", "version": "1", "versionStatus": "Recommended (active, supported)", "type": "Web/Internet", "architecturalStyle": "Unspecified", "supportedRequestFormats": "Unspecified", "supportedResponseFormats": "Unspecified", "restrictedAccess": "No"}