{"url": "https://www.programmableweb.com/api/groupdocsredaction-indirect-api-v195", "name": "GroupDocs.Redaction Indirect API v19.5", "description": " This is indirect access to this service. Please refer to the corresponding SDK below. GroupDocs.Redaction for .NET is a feature-rich document redaction API for PDF, raster images and Microsoft Office file formats. Ensure the privacy of your private documents by hiding or removing confidential information even from password protected files using text, metadata and annotation (comments) redaction types. You can save document in the original format and create a new PDF file with raster images of redacted document pages.", "endpoint": "N/A", "homePage": "https://products.groupdocs.com/redaction/net", "primaryCategory": "Classification", "secondaryCategories": "Annotations, Documents, Metadata, Security, Text", "provider": "GroupDocs", "SSL_Support": "Yes", "authentication_Model": "API Key", "version": "19.5", "versionStatus": "Recommended (active, supported)", "type": "of License if Non Proprietary MIT License", "architecturalStyle": "Indirect", "supportedRequestFormats": "Unspecified", "supportedResponseFormats": "Unspecified", "restrictedAccess": "No"}