{"url": "https://www.programmableweb.com/api/purestake-indirect-api-v2", "name": "PureStake Indirect API v2", "description": " PureStake provides tools and Blockchain infrastructure services for Proof of Stake networks. The PureStake offers access to the Algorand (cryptocurrency) network without having to maintain node infrastructure. The API is accessible indirectly by SDKs and offers access to query historical information from the blockchain, get information about blocks and transactions, and send transactions.", "endpoint": "https://testnet-algorand.api.purestake.io/ps2", "homePage": "https://developer.purestake.io/", "primaryCategory": "Cryptocurrency", "secondaryCategories": "Blockchain", "provider": "PureStake", "SSL_Support": "Yes", "authentication_Model": "Unspecified", "version": "2", "versionStatus": "Recommended (active, supported)", "type": "Web/Internet", "architecturalStyle": "Indirect", "supportedRequestFormats": "Unspecified", "supportedResponseFormats": "Unspecified", "restrictedAccess": "No"}