{"url": "https://www.programmableweb.com/api/stackpath-rest-api-v10", "name": "StackPath REST API v1.0", "description": " The StackPath API is a RESTful HTTP service to programmatically interact with the StackPath secure edge platform. It allows you to manage an account, stacks, and more. It provides a way to integrate StackPath's platform into your business and applications with examples that are available for cURL, Node, Ruby, JavaScript and Python. StackPath is secure edge cloud services at scale with a platform that is built for developers to create next generation services.", "endpoint": "https://gateway.stackpath.com/stack/v1", "homePage": "https://stackpath.dev", "primaryCategory": "Platform-as-a-Service", "secondaryCategories": "Cloud, DevOps", "provider": "Stackpath", "SSL_Support": "Yes", "authentication_Model": "OAuth 2, Token", "version": "1.0", "versionStatus": "Recommended (active, supported)", "type": "Web/Internet", "architecturalStyle": "REST", "supportedRequestFormats": "JSON, URI Query String/CRUD", "supportedResponseFormats": "JSON", "restrictedAccess": "No"}