{"url": "https://www.programmableweb.com/api/anonyflow-rest-api-v100", "name": "AnonyFlow REST API v1.0.0", "description": " AnonyFlow API offers simple and powerful service for encryption-based data anonymization/deanonymization, Enabling GDPR, CCPA, and HIPAA data privacy protection compliance. Anonymize and deanonymize data packets and data values with this API.", "endpoint": "https://api.anonyflow.com", "homePage": "https://anonyflow.com/api", "primaryCategory": "Security", "secondaryCategories": "Compliance, European, Health, Machine Learning, Privacy, Safety", "provider": "AnonyFlow", "SSL_Support": "Yes", "authentication_Model": "API Key", "version": "1.0.0", "versionStatus": "Recommended (active, supported)", "type": "Web/Internet", "architecturalStyle": "REST", "supportedRequestFormats": "JSON, URI Query String/CRUD", "supportedResponseFormats": "JSON", "restrictedAccess": "No"}