{"url": "https://www.programmableweb.com/api/vonage-nexmo-account-rest-api-v10", "name": "Vonage Nexmo Account REST API v1.0", "description": " The Vonage Nexmo Account API enables users to access their Nexmo accounts programmatically. It can be used to query the balance of an account, manage account settings, and update an API secret for security purposes. This API is part of a suite provided by Vonage (formerly Nexmo) for managing customer communications.", "endpoint": "https://developer.nexmo.com/api/account", "homePage": "https://developer.nexmo.com/account/overview", "primaryCategory": "Accounts", "secondaryCategories": "Messaging, Telephony", "provider": "Vonage", "SSL_Support": "Yes", "authentication_Model": "API Key, Shared Secret", "version": "1.0", "versionStatus": "Recommended (active, supported)", "type": "Web/Internet", "architecturalStyle": "REST", "supportedRequestFormats": "JSON, URI Query String/CRUD", "supportedResponseFormats": "JSON", "restrictedAccess": "No"}