{"url": "https://www.programmableweb.com/api/go-rest-rest-api-v10", "name": "Go Rest REST API v1.0", "description": " Go Rest API features secured quick prototyping, response format negotiation, JSON and XML, support for the OPTIONS and HEAD verbs, full search support on all fields. and Hateoas support.", "endpoint": "https://gorest.co.in/", "homePage": "https://gorest.co.in/", "primaryCategory": "DevOps", "secondaryCategories": "Accounting, Testing", "provider": "Go Rest", "SSL_Support": "Yes", "authentication_Model": "OAuth 2", "version": "1.0", "versionStatus": "Recommended (active, supported)", "type": "of License if Non Proprietary None", "architecturalStyle": "REST", "supportedRequestFormats": "JSON", "supportedResponseFormats": "JSON, XML", "restrictedAccess": "No"}