{"url": "https://www.programmableweb.com/api/planet-analytics-rest-api-v10", "name": "Planet Analytics REST API v1.0", "description": " The Planet Analytics API is a RESTful service that provides programmatic access to interface with Planet Analytic Feeds. Planet Analytic Feeds include feeds of data derived from satellite imagery such as building detection (construction, urban growth & plan future development), road detection, well pad detection (to monitor oil and gas construction across basins), and more. The Analytics API provides operations for working with feeds, subscriptions, and collections of results to transform Planet imagery into analytic feeds that detect and classify objects, identify geographic features and more. Planet provides daily satellite imagery and insights.", "endpoint": "https://api.planet.com/analytics", "homePage": "https://developers.planet.com/docs/analytics", "primaryCategory": "Satellites", "secondaryCategories": "Analytics, Geography, Mapping, Photos", "provider": "Planet Labs", "SSL_Support": "Yes", "authentication_Model": "API Key, App ID, HTTP Basic Auth, Token", "version": "1.0", "versionStatus": "Recommended (active, supported)", "type": "Web/Internet", "architecturalStyle": "REST", "supportedRequestFormats": "URI Query String/CRUD", "supportedResponseFormats": "JSON", "restrictedAccess": "No"}