{"url": "https://www.programmableweb.com/api/givepulse-rest-api-v1", "name": "GivePulse REST API v1", "description": " The GivePulse API is a RESTful service that enables users to interact with the volunteering platform. GivePulse is a complete platform for volunteering for social good. The API is available only by request at support@givepulse.com.", "endpoint": "https://www.givepulse.com/", "homePage": "https://api.givepulse.com/", "primaryCategory": "Community", "secondaryCategories": "Education", "provider": "GivePulse", "SSL_Support": "Yes", "authentication_Model": "API Key", "version": "1", "versionStatus": "Pre-release", "type": "Web/Internet", "architecturalStyle": "REST", "supportedRequestFormats": "Unspecified", "supportedResponseFormats": "Unspecified", "restrictedAccess": "Yes"}