{"url": "https://www.programmableweb.com/api/webscrapingapi-rest-api-v1", "name": "WebScrapingAPI REST API v1", "description": " WebScrapingAPI handles all the blocking points that you may encounter when trying to web scrape a website. Collect data from any type of webpage: WebScrapingAPI manages in the backend all possible blocking points such as proxies, Javascript rendering, IP rotations, CAPTCHAs, and many more. Easy to use, easy to customize: Our advanced features allow you to customize your requests based on your specific needs, play with: headers, IP geolocation, sticky sessions, and much more. Lightning-fast scraping, enterprise-grade scaling: Over 10,000+ companies collect 50+ million pages every month on our API. Benefit from high-level professional services using WebScrapingAPI", "endpoint": "https://api.webscrapingapi.com/v1", "homePage": "https://www.webscrapingapi.com/docs/", "primaryCategory": "Data Mining", "secondaryCategories": "N/A", "provider": "WebScrapingAPI", "SSL_Support": "Yes", "authentication_Model": "API Key", "version": "1", "versionStatus": "Recommended (active, supported)", "type": "Web/Internet", "architecturalStyle": "REST", "supportedRequestFormats": "JSON, URI Query String/CRUD", "supportedResponseFormats": "JSON", "restrictedAccess": "No"}