{"url": "https://www.programmableweb.com/api/amadeus-demand-flight-status-rest-api-v1", "name": "Amadeus On Demand Flight Status REST API v1", "description": " Amadeus On Demand Flight Status enables users to check the status of any flight in real-time.", "endpoint": "https://test.api.amadeus.com/v2/schedule/flights", "homePage": "https://developers.amadeus.com/self-service/category/air/api-doc/on-demand-fligh\u2026", "primaryCategory": "Air Travel", "secondaryCategories": "Scheduling", "provider": "Amadeus", "SSL_Support": "Yes", "authentication_Model": "API Key", "version": "1", "versionStatus": "Recommended (active, supported)", "type": "Web/Internet", "architecturalStyle": "REST", "supportedRequestFormats": "JSON", "supportedResponseFormats": "JSON", "restrictedAccess": "No"}