{"url": "https://www.programmableweb.com/api/zakeke-rest-api-v10", "name": "Zakeke REST API v1.0", "description": " The Zakeke API allows developers to integrate product customization into their e-commerce stores, enabling customers to personalize products in-store with a 3D visual preview before buying them. Shoppers can personalize products by adding and editing text, clipart, and images as well as by changing colors, applying filters, and uploading their own pictures. Sellers can create custom pricing rules based on quantity, setup cost, number of colors, printing methods, and areas of personalization. Zakeke works on mobile devices and supports dozens of languages and currencies from around the world.", "endpoint": "https://api.zakeke.com", "homePage": "https://www.zakeke.com/Documentation/API_Integration/Overview", "primaryCategory": "eCommerce", "secondaryCategories": "3D, Customization, Products", "provider": "Zakeke", "SSL_Support": "Yes", "authentication_Model": "OAuth 2", "version": "1.0", "versionStatus": "Recommended (active, supported)", "type": "Web/Internet", "architecturalStyle": "REST", "supportedRequestFormats": "JSON, URI Query String/CRUD", "supportedResponseFormats": "JSON", "restrictedAccess": "No"}