{"url": "https://www.programmableweb.com/api/time-doctor-rest-api-v11", "name": "Time Doctor REST API v1.1", "description": " The Time Doctor API includes JSON and XML formats and Client ID and Client Secret to interact with the API. With the API, developers can track time, monitor applications and websites, and avoid distractions. Time Doctor provides services for employee time tracking with screenshots.", "endpoint": "N/A", "homePage": "https://webapi.timedoctor.com/doc#overview", "primaryCategory": "Time Tracking", "secondaryCategories": "Monitoring, Payments", "provider": "TimeDoctor", "SSL_Support": "Yes", "authentication_Model": "Token", "version": "1.1", "versionStatus": "Recommended (active, supported)", "type": "Web/Internet", "architecturalStyle": "REST", "supportedRequestFormats": "URI Query String/CRUD", "supportedResponseFormats": "JSON, XML", "restrictedAccess": "No"}