{"url": "https://www.programmableweb.com/api/leanengine-rest-api-v11", "name": "LeanEngine REST API v1.1", "description": " The LeanEngine API returns application development data to create cloud projects in JSON format. LeanCloud is a complete serverless backend and LeanEngine enables users to develop server-side logic using multiple programming languages and deploy it to LeanCloud's container based infrastructure.", "endpoint": "https://leancloud.app/", "homePage": "https://docs.leancloud.app/leanengine-rest-api.html", "primaryCategory": "Cloud", "secondaryCategories": "Application Development, Chinese, DevOps", "provider": "LeanCloud", "SSL_Support": "Yes", "authentication_Model": "API Key", "version": "1.1", "versionStatus": "Recommended (active, supported)", "type": "Product", "architecturalStyle": "REST", "supportedRequestFormats": "URI Query String/CRUD", "supportedResponseFormats": "JSON", "restrictedAccess": "No"}