{"url": "https://www.programmableweb.com/api/phone-validator-rest-api-v10", "name": "Phone Validator REST API v1.0", "description": " This is the official API of the phone validation website, phonevalidator.com. It includes two different options for checking line-type of any U.S. phone number. Use it to determine if any given number is a landline, cell, VOIP, or toll-free.", "endpoint": "https://www.phonevalidator.com/api/phonesearch?", "homePage": "https://www.phonevalidator.com/phone-number-api.aspx", "primaryCategory": "Telephony", "secondaryCategories": "Database-as-a-Service", "provider": "Crime Time Publishing Co", "SSL_Support": "Yes", "authentication_Model": "API Key", "version": "1.0", "versionStatus": "Recommended (active, supported)", "type": "Web/Internet", "architecturalStyle": "REST", "supportedRequestFormats": "JSON, URI Query String/CRUD", "supportedResponseFormats": "JSON", "restrictedAccess": "No"}