{"url": "https://www.programmableweb.com/api/docusign-esignature-rpc-api-v30", "name": "DocuSign eSignature RPC API v3.0", "description": " The DocuSign eSignature RPC API allows developers to integrate the ability to request signatures and sign documents into their apps and websites in order to automate business-critical workflows. DocuSign is a service for electronically signing, preparing, acting on, and managing agreements.", "endpoint": "https://www.docusign.net/api/3.0/dsapi.asmx", "homePage": "https://developers.docusign.com/overview", "primaryCategory": "Electronic Signature", "secondaryCategories": "N/A", "provider": "DocuSign", "SSL_Support": "Yes", "authentication_Model": "API Key, OAuth 2, Token", "version": "3.0", "versionStatus": "Recommended (active, supported)", "type": "Web/Internet", "architecturalStyle": "RPC", "supportedRequestFormats": "SOAP, XML", "supportedResponseFormats": "SOAP, XML", "restrictedAccess": "No"}