{"url": "https://www.programmableweb.com/api/nlp-cloud-rest-api-v1", "name": "NLP Cloud REST API v1", "description": " NLP Cloud API enables developers interact with NLP models they create or are pre-made. These include modles for Named Entity Recognition, Classification, Summarization, Question answering, Sentiment analysis, and Part of Speech tagging. Pre-made models include spaCY.io models in 15 languages, Facebook's Bart Large MNLI model, Facebook's Bart Large CNN model, Deepset's Roberta Base Squad 2 model and others.", "endpoint": "https://api.nlpcloud.io/v1/", "homePage": "https://docs.nlpcloud.io/#introduction", "primaryCategory": "Natural Language Processing", "secondaryCategories": "Algorithms, Classification, Sentiment", "provider": "NLP Cloud", "SSL_Support": "Yes", "authentication_Model": "Token", "version": "1", "versionStatus": "Recommended (active, supported)", "type": "Web/Internet", "architecturalStyle": "REST", "supportedRequestFormats": "JSON, URI Query String/CRUD", "supportedResponseFormats": "JSON", "restrictedAccess": "No"}