{"url": "https://www.programmableweb.com/api/noonlight-rest-api-v10", "name": "Noonlight REST API v1.0", "description": " The Noonlight API enables developers to integrate emergency service dispatching, such as Police and EMS, with their applications. The API creates an alarm when an API call is made which is handled by one of the dispatchers at Noonlight's 24/7 monitoring centers. The API can be utilized to create alarms, update an alarm status, retrieve alarm information, and update persons.", "endpoint": "https://api-sandbox.noonlight.com/", "homePage": "https://docs.noonlight.com/reference", "primaryCategory": "Safety", "secondaryCategories": "B2B, Emergency, Fire, Internet of Things, Monitoring, Police, Security", "provider": "Noonlight", "SSL_Support": "Yes", "authentication_Model": "Token", "version": "1.0", "versionStatus": "Recommended (active, supported)", "type": "Web/Internet", "architecturalStyle": "REST", "supportedRequestFormats": "JSON, URI Query String/CRUD", "supportedResponseFormats": "JSON", "restrictedAccess": "Yes"}