{"url": "https://www.programmableweb.com/api/gift-go-unspecified-api-v170", "name": "Gift & Go Unspecified API v1.7.0", "description": " Gift & Go is a B2B gifting technology platform. The Gift & Go API offers enterprise level integration. The service enables users to access the platform for rewards, incentive and loyalty experience, and Amazon Business global inventory for gifts. Get in touch with the provider for more information.", "endpoint": "N/A", "homePage": "https://giftandgo.com/platform/custom-api-integrations/", "primaryCategory": "Gifts", "secondaryCategories": "Rewards", "provider": "Gift & Go", "SSL_Support": "Yes", "authentication_Model": "Unspecified", "version": "1.7.0", "versionStatus": "Recommended (active, supported)", "type": "Web/Internet", "architecturalStyle": "Unspecified", "supportedRequestFormats": "Unspecified", "supportedResponseFormats": "Unspecified", "restrictedAccess": "No"}