{"url": "https://www.programmableweb.com/api/smrtx-diagnosis-rest-api-v10", "name": "SmrtX Diagnosis REST API v1.0", "description": " SmrtX provides an API (Application Programming Interface) for patient preliminary medical diagnosis that can help you implement an intelligent symptom checker and Lab Test analyzer for your healthcare medical application. When you incorporate Diagnosis API within your healthcare web-application it will have the same functionalities like presented in DDxHub Diagnosis System (https://ddxhub.azurewebsites.net/). This is an alive example of implementation. By testing the DDxHub Diagnosis System you can see how global companies, as well as startups, have used it to enhance their business and support surrounding their patients and healthcare organizations. When you transmit to our web service a basic patient health data (such as Blood test results and symptoms), our AI inference engine will analyze the data and provide you with a list of the most likely health conditions. We get this according to the complex statistical algorithms we use to make medical diagnosis.", "endpoint": "https://diagnosisapi.azurewebsites.net", "homePage": "http://smrtx.com/ApiDoc_index.html", "primaryCategory": "Medical", "secondaryCategories": "Healthcare, Medical Records", "provider": "Rustemsoft", "SSL_Support": "Yes", "authentication_Model": "API Key", "version": "1.0", "versionStatus": "Recommended (active, supported)", "type": "Product", "architecturalStyle": "REST", "supportedRequestFormats": "JSON", "supportedResponseFormats": "JSON", "restrictedAccess": "No"}