{"url": "https://www.programmableweb.com/api/mapbox-directions-rest-api-v50", "name": "Mapbox Directions REST API v5.0", "description": " The Mapbox Directions API will show you how to get where you're going. With the Directions API, you can: calculate optimal driving, walking, and cycling routes, produce turn-by-turn instructions and produce routes with up to 25 coordinates anywhere on earth. Mapbox is an open source mapping platform for developers.", "endpoint": "https://api.mapbox.com/directions/v5", "homePage": "https://www.mapbox.com/api-documentation/#directions", "primaryCategory": "Mapping", "secondaryCategories": "Localization, Location", "provider": "Mapbox", "SSL_Support": "Yes", "authentication_Model": "Token", "version": "5.0", "versionStatus": "Recommended (active, supported)", "type": "Web/Internet", "architecturalStyle": "REST", "supportedRequestFormats": "URI Query String/CRUD", "supportedResponseFormats": "GeoJSON", "restrictedAccess": "No"}