{"url": "https://www.programmableweb.com/api/simple-salon-rest-api-v10", "name": "Simple Salon REST API v1.0", "description": " The Simple Salon API is a booking platform for hair salons, beauty salons, and day spas. This allows developers to manage clients, client files, appointments, rosters, and products. The API returns JSON responses. All sales can be processed via the Simple Salon POS page. Transactions can be recorded by payment type, and custom payment methods can be created.", "endpoint": "https://api.simplesalon.com/v1/", "homePage": "https://www.simplesalon.com/api-2/", "primaryCategory": "Booking", "secondaryCategories": "Beauty", "provider": "Simple Salon", "SSL_Support": "Yes", "authentication_Model": "Token", "version": "1.0", "versionStatus": "Recommended (active, supported)", "type": "Web/Internet", "architecturalStyle": "REST", "supportedRequestFormats": "JSON, URI Query String/CRUD", "supportedResponseFormats": "JSON", "restrictedAccess": "Yes"}