{"url": "https://www.programmableweb.com/api/damage-id-rest-api-v103", "name": "DAMAGE iD REST API v1.0.3", "description": " DAMAGE iD API helps rental agencies and transportation fleets manage fleet condition and damage. The DAMAGE iD API enables developers to programmatically access the software with methods to manage cars, cases, users, companies, damage, logging and more.", "endpoint": "https://api.damageid.com", "homePage": "http://www.damageid.com/api", "primaryCategory": "Transportation", "secondaryCategories": "Rentals", "provider": "DAMAGE iD", "SSL_Support": "Yes", "authentication_Model": "API Key", "version": "1.0.3", "versionStatus": "Recommended (active, supported)", "type": "of License if Non Proprietary Apache 2.0", "architecturalStyle": "REST", "supportedRequestFormats": "JSON, URI Query String/CRUD", "supportedResponseFormats": "JSON", "restrictedAccess": "Yes"}