{"url": "https://www.programmableweb.com/api/gisgraphy-rest-api-v10", "name": "Gisgraphy REST API v1.0", "description": " Gisgraphy API enables users to retrieve geocoordinates, street tracking, reverse geocoding, place search, nearby places and more. Since 2006, Gisgraphy has been an open-source framework that offers localization and geocoding via Java APIs or REST web services. Other features include importers for OpenStreetMap, Openaddresses, Geonames and Quattroshapes data, worldwide geocoding / worldwide reverse geocoding / and street search Web services, and fields for routing and vehicle tracking: lanes, toll, azimuth, surface, max speed, length, and oneway.", "endpoint": "N/A", "homePage": "https://www.gisgraphy.com/documentation/user-guide.php", "primaryCategory": "Geography", "secondaryCategories": "Addresses, Auto, Database, Location, Transportation", "provider": "Gisgraphy", "SSL_Support": "Yes", "authentication_Model": "Unspecified", "version": "1.0", "versionStatus": "Recommended (active, supported)", "type": "of License if Non Proprietary LGPL license V3", "architecturalStyle": "REST", "supportedRequestFormats": "URI Query String/CRUD", "supportedResponseFormats": "CSV, JSON, XML, YAML", "restrictedAccess": "No"}