{"url": "https://www.programmableweb.com/api/idealspot-geodata-rest-api-v10", "name": "IdealSpot GeoData REST API v1.0", "description": " The IdealSpot GeoData REST API allows developers to request IdealSpot hyperlocal geospatial market insight and geometry data. Use it to retrieve Demographics, Housing, Spending, Labor, Business Establishments, Economy, Consumer Segmentation, Vehicle Traffic, Polygons, Online Demand. IdealSpot updates frequently and more granular than many alternatives and is trusted by large enterprise. Query US data and location geometries by rings, drive times, bike times, walk times, public transit times, nation, states, counties, tracts, zip codes, block groups, opportunity zones. Frequently used for property reporting, retail, commercial real estate, financial and marketing applications, GIS, and spatial data science or machine learning.", "endpoint": "N/A", "homePage": "http://developer.idealspot.com", "primaryCategory": "Location", "secondaryCategories": "Real Estate", "provider": "IdealSpot", "SSL_Support": "Yes", "authentication_Model": "API Key, Token", "version": "1.0", "versionStatus": "Active (supported, scheduled for retirement)", "type": "Web/Internet", "architecturalStyle": "REST", "supportedRequestFormats": "JSON, URI Query String/CRUD", "supportedResponseFormats": "JSON", "restrictedAccess": "No"}