{"url": "https://www.programmableweb.com/api/cloverly-rest-api-v10", "name": "Cloverly REST API v1.0", "description": " Cloverly is an API for consuming carbon offsets. Additionally, it does have some endpoints for calculating carbon impact, but the primary function is the consumption of the carbon offsets.", "endpoint": "https://api.cloverly.app", "homePage": "https://cloverly.com/for-developers", "primaryCategory": "Environment", "secondaryCategories": "Sustainability", "provider": "Cloverly", "SSL_Support": "Yes", "authentication_Model": "API Key", "version": "1.0", "versionStatus": "Recommended (active, supported)", "type": "Standard", "architecturalStyle": "REST", "supportedRequestFormats": "JSON, URI Query String/CRUD", "supportedResponseFormats": "JSON", "restrictedAccess": "Yes"}