{"url": "https://www.programmableweb.com/api/webm-to-rest-api-v1", "name": "WebM To REST API v1", "description": " WebM.to is a video, audio and image conversion service that supports MP4, AVI, WMEV, MPEG, MOV, MPG, DIVX, WebM, MPEG2, FLV, MP3, WAV, M4A, FLAC, AAC, WMA, DTS, OPUS, GIF, WEBP and many others. The WebM.to API API offers programmatic access to the conversion service, with methods to convert above listed files to and from WebM format. PHP, Python and Node.js SDKs are available. WebM is an open source audiovisual media file format which works as an alternative to use in the HTML5 video and the HTML5 audio elements.", "endpoint": "https://webm.to/v1/api", "homePage": "https://webm.to/api", "primaryCategory": "Conversions", "secondaryCategories": "Audio, HTML5, Video", "provider": "N/A", "SSL_Support": "Yes", "authentication_Model": "API Key", "version": "1", "versionStatus": "Recommended (active, supported)", "type": "Web/Internet", "architecturalStyle": "REST", "supportedRequestFormats": "URI Query String/CRUD", "supportedResponseFormats": ".Zip", "restrictedAccess": "No"}