{"url": "https://www.programmableweb.com/api/vencode-rest-api-v102", "name": "Vencode REST API v1.0.2", "description": " Vencode is cloud video transcoding software. The Vencode API enables users to simply integrate cloud video transcoding directly into a current tech stack using the extensive Vencode API and SDK. Cut your team or companies video transcoding costs by moving to an off-site and managed cloud solution.", "endpoint": "https://api.vencode.io/api", "homePage": "https://app.vencode.io/", "primaryCategory": "Encoding", "secondaryCategories": "Audio, Cloud, Transcoding, Video", "provider": "Vencode", "SSL_Support": "Yes", "authentication_Model": "API Key, App ID, Token", "version": "1.0.2", "versionStatus": "Recommended (active, supported)", "type": "Web/Internet", "architecturalStyle": "REST", "supportedRequestFormats": "JSON", "supportedResponseFormats": "JSON", "restrictedAccess": "No"}