{"url": "https://www.programmableweb.com/api/geobytes-get-city-details-rest-api-v1", "name": "Geobytes Get City Details REST API v1", "description": " The Geobytes Get City Details API allows developers to retrieve city attributes for a location given as an IP Address, latitude/longitude, Fully Qualified City Name (FQCN), or Geobytes Location Code. It also has an optional parameter that lets users set the default location the API will return if it's unable to determine the location of an IP Address. This API is the free version of Geobytes' legacy IP Locator API.", "endpoint": "http://getcitydetails.geobytes.com/GetCityDetails", "homePage": "https://geobytes.com/get-city-details-api/", "primaryCategory": "Geography", "secondaryCategories": "Cities, Data, Data-as-a-Service, Location, Mapping, Mashups", "provider": "Geobytes", "SSL_Support": "Yes", "authentication_Model": "Unspecified", "version": "1", "versionStatus": "Recommended (active, supported)", "type": "Web/Internet", "architecturalStyle": "REST", "supportedRequestFormats": "JSON, JSONP, URI Query String/CRUD", "supportedResponseFormats": "JSON, JSONP", "restrictedAccess": "No"}