{"url": "https://www.programmableweb.com/api/circleci-rest-api-v2", "name": "CircleCI REST API v2", "description": " CircleCI is a platform for developers to create, test, integrate, and deploy code for projects. CircleCI offers features like pushing code to GitHub and deploying code to servers. The CircleCI API v2 in preview, allows developers to access and integrate the functionality of CircleCI with other applications. Some example API methods include retrieving user information, retrieving project information, and retrieving builds for projects.", "endpoint": "https://circleci.com/api/v2/", "homePage": "https://circleci.com/docs/api/v2/#circleci-api", "primaryCategory": "Tools", "secondaryCategories": "Application Development, DevOps, Testing", "provider": "CircleCI", "SSL_Support": "Yes", "authentication_Model": "Token", "version": "2", "versionStatus": "Recommended (active, supported)", "type": "Web/Internet", "architecturalStyle": "REST", "supportedRequestFormats": "URI Query String/CRUD", "supportedResponseFormats": "CSV, GeoJSON, JSON, XML", "restrictedAccess": "No"}