{"url": "https://www.programmableweb.com/api/coronatracker-rest-api-v20", "name": "CoronaTracker REST API v2.0", "description": " CoronaTracker functions as a portal to keep track of latest news development about the COVID-19. The API returns Coronavirus analytics by country, healthcare institution information, travel alerts, news, and statistics. Responses are JSON formatted.", "endpoint": "http://api.coronatracker.com/v2", "homePage": "https://documenter.getpostman.com/view/11073859/Szmcbeho?version=latest", "primaryCategory": "COVID-19", "secondaryCategories": "Coronavirus, Data, International", "provider": "N/A", "SSL_Support": "Yes", "authentication_Model": "Unspecified", "version": "2.0", "versionStatus": "Recommended (active, supported)", "type": "Web/Internet", "architecturalStyle": "REST", "supportedRequestFormats": "URI Query String/CRUD", "supportedResponseFormats": "JSON", "restrictedAccess": "No"}