{"url": "https://www.programmableweb.com/api/date-parser-nlp-rest-api-v1", "name": "Date Parser NLP REST API v1", "description": " The Date Parser NLP API can extract dates formulation in natural language to their systematic equivalent. Features are multiple dates extraction (as many as there is in the sentence), the position and exact wording of the dates extracted and speed (mainly impacted through the network). Dates that are formatted in a simple manner can be extracted easily. Dates in any variation, including both 25/12/2017 or 2017/12/25, will be spotted even when multiples separators are used. Both the international dates notation (DD/MM/YYYY) and the American dates notation (MM/DD/YYYY) are supported. There is a wide range of ways to express a date in comparison to the current day, such as \"2 months from now\" or \"last Sunday\".", "endpoint": "https://api.dateparser.io", "homePage": "https://dateparser.io", "primaryCategory": "Natural Language Processing", "secondaryCategories": "Artificial Intelligence, Calendars, Extraction, Language, OCR", "provider": "ENKIDOO", "SSL_Support": "Yes", "authentication_Model": "API Key", "version": "1", "versionStatus": "Recommended (active, supported)", "type": "Web/Internet", "architecturalStyle": "REST", "supportedRequestFormats": "JSON, URI Query String/CRUD", "supportedResponseFormats": "JSON", "restrictedAccess": "No"}