{"url": "https://www.programmableweb.com/api/google-android-exposure-notification-indirect-api-v132", "name": "Google Android Exposure Notification Indirect API v1.3.2", "description": " The Google Android Exposure Notification API enables developers to send user notifications when users are exposed to confirmed COVID-19 cases. Google Play is used for Bluetooth functionality; this includes all broadcast and scanning for BLE beacons and local database storage. This API returns summaries containing matched diagnosis keys, highest risk scores, and summations of all risk scores of all exposure incidents. The Google Android Exposure Notification API is a tool; approved government public health authorities need to create their own applications using appropriate implementations. Devices must be running Android 6.0+.", "endpoint": "https://www.google.com/", "homePage": "https://www.google.com/covid19/exposurenotifications/", "primaryCategory": "COVID-19", "secondaryCategories": "Coronavirus, Data, Location, Notifications", "provider": "Google", "SSL_Support": "No", "authentication_Model": "Unspecified", "version": "1.3.2", "versionStatus": "Recommended (active, supported)", "type": "Web/Internet", "architecturalStyle": "Indirect", "supportedRequestFormats": "Unspecified", "supportedResponseFormats": "Unspecified", "restrictedAccess": "Yes"}