{"url": "https://www.programmableweb.com/api/wegift-rest-api-v1", "name": "WeGift REST API v1", "description": " WeGift offers a incentives, gift card platform, retail brand and employee rewared services. WeGift API offers access to gift cards for 700 brands, and enables developers to launch, manage, and track digital gift cards. Contact the provider for API access and full documentation.", "endpoint": "N/A", "homePage": "https://wegift.io/giftcard-service-providers/", "primaryCategory": "Gifts", "secondaryCategories": "Rewards", "provider": "WeGift", "SSL_Support": "Yes", "authentication_Model": "Unspecified", "version": "1", "versionStatus": "Recommended (active, supported)", "type": "Web/Internet", "architecturalStyle": "REST", "supportedRequestFormats": "JSON", "supportedResponseFormats": "JSON", "restrictedAccess": "No"}