{"url": "https://www.programmableweb.com/api/allganize-alli-graphql-api-v10", "name": "Allganize Alli GraphQL API v1.0", "description": " The Allganize Alli API enables applications to read and infer meaning, deliver answers from large corporations, extract keywords from natural language texts, reveal the structure and meaning of text and more. The API offers cognitive search abilities for employees and customers to sift through documentation for correct answers. It's GraphQL interface provides answers from chat records as well. Allganize helps businesses automate workflows with natural language understanding AI.", "endpoint": "N/A", "homePage": "https://doc.alli.ai/#getting-ready", "primaryCategory": "Q&A", "secondaryCategories": "Artificial Intelligence, Automation, Natural Language Processing, Search, Sentiment", "provider": "Allganize", "SSL_Support": "Yes", "authentication_Model": "API Key", "version": "1.0", "versionStatus": "Recommended (active, supported)", "type": "Web/Internet", "architecturalStyle": "RPC", "supportedRequestFormats": "GraphQL, JSON", "supportedResponseFormats": "JSON", "restrictedAccess": "No"}