{"url": "https://www.programmableweb.com/api/shipsgo-container-tracking-rest-api-v01", "name": "ShipsGo Container Tracking REST API v01", "description": " ShipsGo live container tracking API provides seaway voyage data of more than 70 shipping lines. Users can track their containers with container number, master bill of lading number, and booking number. They have voyage data ( loading/discharging ports, transit ports, transit times, delay/early arrivals, arrival/departure dates, vessel names/positions, gate out, and empty return dates) and their shipment live position on a live map as a response. The data are updated 3 times a day and users have the most updated voyage data.", "endpoint": "N/A", "homePage": "https://www.shipsgo.com/en/grow-with-shipsgo/api-documentation", "primaryCategory": "Shipping", "secondaryCategories": "Logistics, Supply Chain", "provider": "ShipsGo", "SSL_Support": "Yes", "authentication_Model": "API Key", "version": "01", "versionStatus": "Recommended (active, supported)", "type": "Web/Internet", "architecturalStyle": "REST", "supportedRequestFormats": "URI Query String/CRUD, XML", "supportedResponseFormats": "JSON, XML", "restrictedAccess": "Yes"}