{"url": "https://www.programmableweb.com/api/logicbroker-commerce-webhooks-pushstreaming-api-v10", "name": "Logicbroker Commerce Webhooks Streaming API v1.0", "description": " The Logicbroker Commerce API allows for seamless integration without you having to worry about custom formats or different connection points. it allows you to communicate through the entire order lifecycle with any partner using one connection endpoint, regardless of if the brand or retailer sends orders in EDI, XML, CSV, or JSON the same format will be consumed. If you are a brand or retailer sending orders through Logicbroker, the same works for the supplier; they can receive those orders in any format. An API key is required for authentication and can be generated by logging in to the Logicbroker portal and going to Settings > API Authentication. Your Primary key is generally for your internal use whereas a secondary key can be shared with your 3rd party development or external resources.", "endpoint": "https://commerceapi.io/api/v1/Webhooks ", "homePage": "https://dev.logicbroker.com/", "primaryCategory": "eCommerce", "secondaryCategories": "Aggregation, B2B, iPaaS", "provider": "Logicbroker", "SSL_Support": "Yes", "authentication_Model": "API Key", "version": "1.0", "versionStatus": "Recommended (active, supported)", "type": "Web/Internet", "architecturalStyle": "Streaming", "supportedRequestFormats": "Webhooks", "supportedResponseFormats": "JSON, URI Query String/CRUD, XML", "restrictedAccess": "Yes"}