{"url": "https://www.programmableweb.com/api/weatherlogics-climate-rest-api-v1", "name": "Weatherlogics climate REST API v1", "description": " The Weatherlogics climate API provides a complete and high-quality climate data for Canada. With this family of APIs, developers can search for Canadian climate data, records, and normals for over 700 locations.", "endpoint": "https://api.weatherlogics.com/climate/v1/", "homePage": "https://climate.weatherlogics.com", "primaryCategory": "Climate", "secondaryCategories": "Weather", "provider": "Weatherlogics", "SSL_Support": "Yes", "authentication_Model": "API Key", "version": "1", "versionStatus": "Recommended (active, supported)", "type": "Product", "architecturalStyle": "REST", "supportedRequestFormats": "JSON", "supportedResponseFormats": "CSV, JSON", "restrictedAccess": "No"}