{"url": "https://www.programmableweb.com/api/random-marvel-quotes-rest-api-v10", "name": "Random Marvel Quotes REST API v1.0", "description": " This is a simple API which returns with a famous random quote from a Marvel movie/TV show.", "endpoint": "https://randommarvelquoteapi.herokuapp.com", "homePage": "https://randommarvelquoteapi.herokuapp.com/", "primaryCategory": "Entertainment", "secondaryCategories": "Movies, TV", "provider": "N/A", "SSL_Support": "Yes", "authentication_Model": "Unspecified", "version": "1.0", "versionStatus": "Recommended (active, supported)", "type": "of License if Non Proprietary MIT", "architecturalStyle": "REST", "supportedRequestFormats": "JSON", "supportedResponseFormats": "JSON", "restrictedAccess": "No"}