{"url": "https://www.programmableweb.com/api/threefold-indirect-api-v10", "name": "ThreeFold Indirect API v1.0", "description": " ThreeFold leverages blockchain to build storage and compute-intensive Machine Learning applications. ThreeFold features globally distributed nodes, autonomous deployment technology, and a frontend peer-to-peer layer. The ThreeFold Token is a decentralized digital currency that represents a unit of reservation of capacity for computing and storing data.", "endpoint": "https://threefold.io/", "homePage": "https://sdk.threefold.io/#/", "primaryCategory": "Blockchain", "secondaryCategories": "Application Development, Cryptocurrency", "provider": "ThreeFold", "SSL_Support": "Yes", "authentication_Model": "Token", "version": "1.0", "versionStatus": "Recommended (active, supported)", "type": "Web/Internet", "architecturalStyle": "Indirect", "supportedRequestFormats": "Unspecified", "supportedResponseFormats": "Unspecified", "restrictedAccess": "Yes"}