{"url": "https://www.programmableweb.com/api/jrni-public-rest-api-v1", "name": "JRNI Public REST API v1", "description": " The JRNI Public API provides scheduling and operations data and management for a service, a person, a resource, a company, an event, the day data, time data, an event group, event chain, a question, a category, client, booking text, address, image, package, bulk purchase, booking, time, and opening hours. JRNI is an AI-driven enterprise scheduling platform previously known as bookingbug.", "endpoint": "N/A", "homePage": "https://api-docs.jrni.com/v3/public_api", "primaryCategory": "Scheduling", "secondaryCategories": "Software-as-a-Service", "provider": "JRNI", "SSL_Support": "Yes", "authentication_Model": "API Key", "version": "1", "versionStatus": "Active (supported, scheduled for retirement)", "type": "Web/Internet", "architecturalStyle": "REST", "supportedRequestFormats": "JSON, URI Query String/CRUD", "supportedResponseFormats": "HAL, JSON", "restrictedAccess": "No"}