{"url": "https://www.programmableweb.com/api/proximus-enco-smartlivingio-rest-api-v001", "name": "Proximus EnCo Smartliving.io REST API v0.0.1", "description": " The Proximus EnCo Smartliving.io API integrates internet of things into applications. Based in Belgium, Proximus presents EnCo as the enabling company to developers interested in coding new applications. With this reason, they provide HTTP requests to receive JSON responses via endpoints available on the documentation site. Proximus is a telecom and mobile communications company based in Belgium. Proximus EnCo is a developer platform focused on APIs for telecom, IoT, BigData, and more.", "endpoint": "https://api.enco.io/seaas/0.0.1/smartliving/devices", "homePage": "https://www.enco.io/", "primaryCategory": "Internet of Things", "secondaryCategories": "Big Data, Cloud, European, Telephony", "provider": "Proximus", "SSL_Support": "Yes", "authentication_Model": "Token", "version": "0.0.1", "versionStatus": "Recommended (active, supported)", "type": "Web/Internet", "architecturalStyle": "REST", "supportedRequestFormats": "JSON, URI Query String/CRUD", "supportedResponseFormats": "JSON", "restrictedAccess": "No"}