{"url": "https://www.programmableweb.com/api/open-bank-rest-api-v1", "name": "Open Bank REST API v1", "description": " The Open API provides options to integrate with the Open neobanking platform for freelancers, small and medium businesses, and startups in Asia. API methods are included to create a virtual account, initiate and manage payouts, manage contacts, manage transactions and more. Open Financial Technologies is based in Bengaluru (Bangalore), India.", "endpoint": "https://sandbox.bankopen.co/v1", "homePage": "https://docs.bankopen.com/docs", "primaryCategory": "Banking", "secondaryCategories": "Business, Freelance, Indian", "provider": "Open Financial Technologies", "SSL_Support": "Yes", "authentication_Model": "API Key", "version": "1", "versionStatus": "Recommended (active, supported)", "type": "Web/Internet", "architecturalStyle": "REST", "supportedRequestFormats": "JSON, URI Query String/CRUD", "supportedResponseFormats": "JSON", "restrictedAccess": "No"}