{"url": "https://www.programmableweb.com/api/qualisys-rest-api-v10", "name": "Qualisys REST API v1.0", "description": " Qualisys is a provider of motion capture technology for clinical use, virtual reality, and animation. Qualisys' motion capture cameras are able to calculate marker positions and record calibrated high-speed, high-resolution video. Developers can integrate third-party devices such as Inertial Measurement Units (IMUs), force plates, EMGs and eye trackers with Qualisys hardware and software.", "endpoint": "https://www.qualisys.com/", "homePage": "https://www.qualisys.com/software/qualisys-track-manager/", "primaryCategory": "Motion", "secondaryCategories": "Augmented Reality, Cameras", "provider": "Qualisys", "SSL_Support": "No", "authentication_Model": "Unspecified", "version": "1.0", "versionStatus": "Recommended (active, supported)", "type": "Web/Internet", "architecturalStyle": "REST", "supportedRequestFormats": "URI Query String/CRUD", "supportedResponseFormats": "Unspecified", "restrictedAccess": "No"}