{"url": "https://www.programmableweb.com/api/plansource-rest-api-v2", "name": "PlanSource REST API v2", "description": " The PlanSource API provides access to benefits, payroll, compliance, and billing data for employers and insurance solutions. Developers can authenticate with a token to make calls that will retrieve JSON formats in return. PlanSource supports Aflac, Cigna, Guardian, MetLife, and Unum insurance companies.", "endpoint": "https://partner-dev-api.plansource.com/admin/v2/", "homePage": "https://developer.plansource.com/v2.0/reference", "primaryCategory": "Human Resources", "secondaryCategories": "Billing, Compliance, Insurance", "provider": "PlanSource", "SSL_Support": "Yes", "authentication_Model": "Token", "version": "2", "versionStatus": "Recommended (active, supported)", "type": "Web/Internet", "architecturalStyle": "REST", "supportedRequestFormats": "JSON, URI Query String/CRUD", "supportedResponseFormats": "JSON", "restrictedAccess": "No"}