{"url": "https://www.programmableweb.com/api/upviral-rest-api-v10", "name": "UpViral REST API v1.0", "description": " UpViral enables developers to integrate effective and profitable viral marketing campaigns with their applications. The API allows connected clients to add contacts, add points, list campaigns, and retrieve contact details. This interface features REST architecture, and requests must be made over HTTPS.", "endpoint": "https://app.upviral.com/api/v1/", "homePage": "http://upviral.com/api/", "primaryCategory": "Marketing", "secondaryCategories": "Referrals", "provider": "UpViral", "SSL_Support": "Yes", "authentication_Model": "HTTP Basic Auth", "version": "1.0", "versionStatus": "Recommended (active, supported)", "type": "Web/Internet", "architecturalStyle": "REST", "supportedRequestFormats": "JSON, URI Query String/CRUD", "supportedResponseFormats": "JSON", "restrictedAccess": "Yes"}