{"url": "https://www.programmableweb.com/api/ballast-risk-and-compliance-rest-api-v1", "name": "BALLAST Risk and Compliance REST API v1", "description": " The BALLAST risk and compliance API enables users to integrate risk assessment data into enterprise dashboards, data analytics platforms, or third-party applications to track organizational risk. The API is available to BALLAST subscribers and aims to provide organizations and partners a way to develop interactive visualizations and business intelligence powered by BALLAST risk and compliance algorithms. BALLAST is an affiliate of LBMC Information Security and the LBMC family of companies.", "endpoint": "https://www.app.ballastrisk.com/api/v1", "homePage": "https://www.app.ballastrisk.com", "primaryCategory": "Risk Assessment", "secondaryCategories": "Cloud, Compliance, Enterprise, Platform-as-a-Service, Security, Software-as-a-Service", "provider": "BALLAST", "SSL_Support": "Yes", "authentication_Model": "API Key", "version": "1", "versionStatus": "Active (supported, scheduled for retirement)", "type": "Product", "architecturalStyle": "REST", "supportedRequestFormats": "JSON", "supportedResponseFormats": "JSON", "restrictedAccess": "Yes"}