{"url": "https://www.programmableweb.com/api/bhl-rest-api-v3", "name": "BHL REST API v3", "description": " The BHL API provides biodiversity library data to explore life on earth. The REST API can return responses in JSON and XML formats. The Biodiversity Heritage Library includes 55+ million pages of biodiversity literature online, tools to transform research, and over 100,000 illustrations on Flickr.", "endpoint": "https://www.biodiversitylibrary.org/api3 ", "homePage": "https://about.biodiversitylibrary.org/tools-and-services/developer-and-data-tool\u2026", "primaryCategory": "Science", "secondaryCategories": "Education, Library", "provider": "Biodiversity Heritage Library", "SSL_Support": "Yes", "authentication_Model": "API Key", "version": "3", "versionStatus": "Recommended (active, supported)", "type": "Web/Internet", "architecturalStyle": "REST", "supportedRequestFormats": "URI Query String/CRUD", "supportedResponseFormats": "JSON, XML", "restrictedAccess": "No"}