{"url": "https://www.programmableweb.com/api/thingscale-rest-api-v20", "name": "ThingScale REST API v2.0", "description": " ThingScale provides a messaging system for IoT connected devices. The API is used to retrieve events, users, devices, sessions, and channels in JSON format. ThingScale supports TLS payload encryption, scheme-less and cyclic data sampling, and trigger-based notifications. MQTT is the preferred messaging protocol.", "endpoint": "https://m.thingscale.io/v2/", "homePage": "https://sensinics.atlassian.net/wiki/spaces/TD/pages/76021778/Developer+Portal", "primaryCategory": "Internet of Things", "secondaryCategories": "Backend, Messaging, NoSQL, Platform-as-a-Service, Real Time", "provider": "SENSINICS", "SSL_Support": "Yes", "authentication_Model": "API Key, Token", "version": "2.0", "versionStatus": "Recommended (active, supported)", "type": "Web/Internet", "architecturalStyle": "REST", "supportedRequestFormats": "MQTT, URI Query String/CRUD", "supportedResponseFormats": "JSON", "restrictedAccess": "No"}