{"url": "https://www.programmableweb.com/api/docusign-rooms-rest-api-v20", "name": "DocuSign Rooms REST API v2.0", "description": " The DocuSign Rooms API allows developers to integrate Rooms functionality into their own environments. DocuSign Rooms simplify complex agreements by bringing everyone involved in the transaction together in a digital space called a room, where every detail, task, and transaction document is located and managed. DocuSign is a service for electronically signing, preparing, acting on, and managing agreements.", "endpoint": "https://rooms.docusign.com/restapi/v2/", "homePage": "https://developers.docusign.com/rooms-api", "primaryCategory": "Electronic Signature", "secondaryCategories": "Collaboration", "provider": "DocuSign", "SSL_Support": "Yes", "authentication_Model": "OAuth 2, Other/Custom, Token", "version": "2.0", "versionStatus": "Recommended (active, supported)", "type": "Web/Internet", "architecturalStyle": "REST", "supportedRequestFormats": "URI Query String/CRUD", "supportedResponseFormats": "None Specified", "restrictedAccess": "No"}