{"url": "https://www.programmableweb.com/api/msc-geomet-climate-rpc-api-v130", "name": "MSC GeoMet Climate RPC API v1.3.0", "description": " The Canadian Centre for Climate Services (CCCS) is an important part of the Pan-Canadian Framework on Clean Growth and Climate Change. The CCCS will be the official source of reliable climate information, data, and tools from the Government of Canada, and will provide training and user support to help increase climate resilience across Canada. Get data about snow depth, precipitation changes, projected mean temperature, projected minimum temperature and other information about geographical areas with this API.", "endpoint": "https://geo.weather.gc.ca/geomet-climate?lang=en&amp;version=1.3.0&amp;LAYERS=CLIMATE_STATIONS&amp;SERVICE=WMS&amp;REQUEST=GetCapabilities", "homePage": "https://www.canada.ca/en/environment-climate-change/services/weather-general-too\u2026", "primaryCategory": "Climate", "secondaryCategories": "Canadian, Government", "provider": "Government of Canada", "SSL_Support": "Yes", "authentication_Model": "N/A", "version": "1.3.0", "versionStatus": "Recommended (active, supported)", "type": "Web/Internet", "architecturalStyle": "RPC", "supportedRequestFormats": "XML-RPC", "supportedResponseFormats": "XML", "restrictedAccess": "No"}