{"url": "https://www.programmableweb.com/api/puzzl-rest-api-v1", "name": "Puzzl REST API v1", "description": " Puzzl is a platform to add enterprise-level payroll services to applications. Puzzl API enables developers to build payroll functions into applications with methods to manage employees, onboarding, paperwork, checks, reporting periods, shifts, employee checks, employer checks, companies, documents and more.", "endpoint": "https://api.joinpuzzl.com/", "homePage": "https://www.joinpuzzl.com/docs/", "primaryCategory": "Accounting", "secondaryCategories": "Human Resources, Payments", "provider": "Puzzl", "SSL_Support": "Yes", "authentication_Model": "API Key", "version": "1", "versionStatus": "Recommended (active, supported)", "type": "Web/Internet", "architecturalStyle": "REST", "supportedRequestFormats": "JSON, URI Query String/CRUD", "supportedResponseFormats": "JSON", "restrictedAccess": "No"}