{"url": "https://www.programmableweb.com/api/truanon-rest-api-v10", "name": "TruAnon REST API v1.0", "description": " TruAnon provides digital identity services for business. The TruAnon Private API offers developers a digital identity badge that lets members back their claim of legitimacy on websites, services, and applications. The API provides methods to retrieve member profile ids.", "endpoint": "https://staging.truanon.com/api/", "homePage": "https://documenter.getpostman.com/view/12787113/TW6zG71P", "primaryCategory": "Identity", "secondaryCategories": "Authentication, Safety", "provider": "TruAnon", "SSL_Support": "Yes", "authentication_Model": "Token", "version": "1.0", "versionStatus": "Recommended (active, supported)", "type": "Web/Internet", "architecturalStyle": "REST", "supportedRequestFormats": "JSON", "supportedResponseFormats": "JSON", "restrictedAccess": "Yes"}