{"url": "https://www.programmableweb.com/api/clearbit-reveal-rest-api-v1", "name": "Clearbit Reveal REST API v1", "description": " The Clearbit Reveal API integrates the retrieval of a company IP address information. It aims to be useful for analytics, customize landing pages, and de-anonymize traffic from a website. Developers can send HTTP requests to receive JSON responses in return. The interface is available in REST architecture with SSL standard method.", "endpoint": "https://reveal.clearbit.com/v1/companies/find", "homePage": "https://clearbit.com/docs#reveal-api", "primaryCategory": "Business", "secondaryCategories": "Background, Customer Relationship Management, Verification", "provider": "Clearbit", "SSL_Support": "Yes", "authentication_Model": "API Key", "version": "1", "versionStatus": "Recommended (active, supported)", "type": "Product", "architecturalStyle": "REST", "supportedRequestFormats": "JSON, URI Query String/CRUD", "supportedResponseFormats": "JSON", "restrictedAccess": "No"}