{"url": "https://www.programmableweb.com/api/citibank-money-movement-rest-api-v10", "name": "Citibank Money Movement REST API v1.0", "description": " The Citibank Money Movement API allows you to move money within the market of the account of the Citi customer who authorized your app. The API covers three types of transfers:Personal means moving money between a customer's own Citi accounts in the same market.Internal refers to moving money between the accounts of Citi customers in the same market.External refers to moving money from a Citi customer's account to accounts at other banks in the same market.In addition to transfers, the API allows you to pay bills within the market of the account of the Citi customer who authorized your app. The Citibank Money Movement API can:Make it possible for your customers to pay bills, set up automatic transfers, better control their cash flow and more so they don\u2019t have to leave your app.Offer more ways for your customers to manage their finances and investments by letting them transfer funds between accounts, set up direct deposit and fund brokerage accounts.Add the ability to your app or product to let customers send or receive money.This API is part of Citi Open Banking, a set of APIs that allow you to connect to core Citi financial functionality.", "endpoint": "https://sandbox.apihub.citi.com/gcb/api/v1/moneyMovement/payees/sourceAccounts?paymentType=REPLACE_THIS_VALUE&amp;nextStartIndex=REPLACE_THIS_VALUE", "homePage": "https://sandbox.developerhub.citi.com/api/moneymovement-australia/overview", "primaryCategory": "Banking", "secondaryCategories": "Financial, Transactions", "provider": "Citibank", "SSL_Support": "Yes", "authentication_Model": "OAuth 2, Shared Secret, Token", "version": "1.0", "versionStatus": "Recommended (active, supported)", "type": "Web/Internet", "architecturalStyle": "REST", "supportedRequestFormats": "JSON, URI Query String/CRUD", "supportedResponseFormats": "JSON", "restrictedAccess": "No"}