{"url": "https://www.programmableweb.com/api/klipfolio-rest-api-v10", "name": "Klipfolio REST API v1.0", "description": " Klipfolio is a real-time, fully cloud dashboard application that supports connections to over 350 on-prem and cloud data sources, and is simple enough for a business analyst to use. Klipfolio supports most APIs that use standard best practices; if it\u2019s not wacky, we can connect to it (RESTful, OAuth, GET/POST, X-WSSE, SOAP, Basic Auth, 2-Way Auth). Dashboards built in Klipfolio can be easily shared and viewed on browsers, wall-mounted TVs, and on mobile devices (iOS and Android). Plans start at just $24 for 5 users, and you can try it for free at Klipfolio.com.", "endpoint": "https://app.klipfolio.com/api/1.0", "homePage": "https://www.klipfolio.com/features/api", "primaryCategory": "Dashboards", "secondaryCategories": "Business, Data, Integration, Marketing, Mashups, Monitoring, Social, Visualizations", "provider": "Klipfolio", "SSL_Support": "Yes", "authentication_Model": "API Key, HTTP Basic Auth", "version": "1.0", "versionStatus": "Recommended (active, supported)", "type": "Web/Internet", "architecturalStyle": "REST", "supportedRequestFormats": "JSON, URI Query String/CRUD", "supportedResponseFormats": "CSV, JSON, XML", "restrictedAccess": "No"}