{"url": "https://www.programmableweb.com/api/prontoforms-rest-api-v11", "name": "Prontoforms REST API v1.1", "description": " Prontoforms offers solutions for mobile forms. The Prontoforms REST API enables developers to integrate business data with forms, enable applications to retrieve and export records in all formats (PDF, DOCX, HTML, CSV), and manage accounts and user information.", "endpoint": "https://api.prontoforms.com", "homePage": "https://www.prontoforms.com/product/rest-api", "primaryCategory": "Forms", "secondaryCategories": "Mobile", "provider": "ProntoForms Corporation", "SSL_Support": "Yes", "authentication_Model": "API Key", "version": "1.1", "versionStatus": "Recommended (active, supported)", "type": "Web/Internet", "architecturalStyle": "REST", "supportedRequestFormats": "JSON, URI Query String/CRUD", "supportedResponseFormats": "JSON", "restrictedAccess": "No"}