{"url": "https://www.programmableweb.com/api/wikimedia-enterprise-rest-api-v1", "name": "Wikimedia Enterprise REST API v1", "description": " Wikimedia is now offering an Enterprise API for developers to retrieve data from Wikimedia pages. A Bulk API returns a tarball of all most recent revisions in a single project, bundled at the end of each day or each hour. These are large files with contents in JSON. Developres can also retrieve metadata for all projects in the Enterprise APIs.", "endpoint": "https://api.wikimediaenterprise.org/", "homePage": "https://www.mediawiki.org/wiki/Wikimedia_Enterprise", "primaryCategory": "Wiki", "secondaryCategories": "Data, Data-as-a-Service", "provider": "Wikimedia Foundation", "SSL_Support": "Yes", "authentication_Model": "HTTP Basic Auth", "version": "1", "versionStatus": "Pre-release", "type": "of License if Non Proprietary Creative Commons Attribution Share Alike", "architecturalStyle": "REST", "supportedRequestFormats": "JSON", "supportedResponseFormats": "JSON", "restrictedAccess": "No"}