{"url": "https://www.programmableweb.com/api/robot-text-service-rest-api-v1", "name": "Robot Text as a Service REST API v1", "description": " The Robot Text as a Service API enables developers to keeps track of rules for web crawlers or SEO tools on different websites. Developers can use GET or POST requests to check resources to see whether they can be crawled using a given user agent. The alpha release of this API is being offered for free.", "endpoint": "https://api.robotstxt.io/v1/allowed", "homePage": "https://robotstxt.io/", "primaryCategory": "Bots", "secondaryCategories": "SEO, Text", "provider": "robots.txt", "SSL_Support": "Yes", "authentication_Model": "Unspecified", "version": "1", "versionStatus": "Recommended (active, supported)", "type": "Web/Internet", "architecturalStyle": "REST", "supportedRequestFormats": "JSON, URI Query String/CRUD", "supportedResponseFormats": "JSON", "restrictedAccess": "No"}