{"url": "https://www.programmableweb.com/api/google-cloud-container-builder-rest-api-v10", "name": "Google Cloud Container Builder REST API v1.0", "description": " This Rest API provides a way to build container images in the cloud. It allows you to view and manage your data across Google Cloud Platform services. Google Cloud helps developers build with cloud tools and infrastructure, applications, maps and devices.", "endpoint": "https://cloudbuild.googleapis.com/v1/{name=operations/**}", "homePage": "https://cloud.google.com/container-builder/docs/api/reference/rest/", "primaryCategory": "Cloud", "secondaryCategories": "Applications, Data-as-a-Service", "provider": "Google", "SSL_Support": "Yes", "authentication_Model": "API Key, OAuth 2", "version": "1.0", "versionStatus": "Recommended (active, supported)", "type": "Web/Internet", "architecturalStyle": "REST", "supportedRequestFormats": "JSON, URI Query String/CRUD", "supportedResponseFormats": "JSON", "restrictedAccess": "No"}