{"url": "https://www.programmableweb.com/api/google-cloud-natural-language-rest-api-v1", "name": "Google Cloud Natural Language REST API v1", "description": " The Cloud Natural Language API uses Google's machine learning to integrate applications with a text analysis system. This API can extract data about places, people , and events, obtain intent from conversations, and perform analysis on specific text uploaded to the servers. The Natural Language API is REST based, uses JSON for requests, and API Keys for authentication. Currently, this API is in beta, and it is free to try.", "endpoint": "https://language.googleapis.com", "homePage": "https://cloud.google.com/natural-language/reference/rest/", "primaryCategory": "Cloud", "secondaryCategories": "Extraction, Machine Learning, Natural Language Processing, Text", "provider": "Google", "SSL_Support": "Yes", "authentication_Model": "API Key", "version": "1", "versionStatus": "Recommended (active, supported)", "type": "Web/Internet", "architecturalStyle": "REST", "supportedRequestFormats": "URI Query String/CRUD", "supportedResponseFormats": "CSV, GeoJSON, JSON, XML", "restrictedAccess": "Yes"}