{"url": "https://www.programmableweb.com/api/linkedin-rest-api-v1", "name": "LinkedIn REST API v1", "description": " LinkedIn is the world's largest business social networking hub. Launched in 2003, LinkedIn has millions of users and is implemented in over 200 countries. One purpose of the site is to allow registered users to maintain a list of contact details of people with whom they have some level of relationship, called Connections. Users can invite anyone (whether a site user or not) to become a connection. The LinkedIn API is a RESTful platform that provides a simple, consistent representation of people, companies, jobs, and the interactions and relationships between them. Our query language lets you read data in XML and JSON at the granularity and aggregation that you choose. Use OAuth 1.0a to authorize users and begin making REST API calls using any programming language.The API\u2019s access is restricted to authorized developers.", "endpoint": "http://api.linkedin.com/v1/", "homePage": "https://docs.microsoft.com/en-us/linkedin/", "primaryCategory": "Social", "secondaryCategories": "Enterprise", "provider": "LinkedIn", "SSL_Support": "Yes", "authentication_Model": "OAuth 2", "version": "1", "versionStatus": "Active (supported, scheduled for retirement)", "type": "Web/Internet", "architecturalStyle": "REST", "supportedRequestFormats": "JSON, URI Query String/CRUD, XML", "supportedResponseFormats": "JSON, KML, XML", "restrictedAccess": "Yes"}