{"url": "https://www.programmableweb.com/api/docusign-enterprise-rest-api-v30", "name": "DocuSign Enterprise REST API v3.0", "description": " DocuSign is a Cloud based legally compliant eSignature service. DocuSign service provides an intuitive web, mobile and an API interfaces. DocuSign API allows an application to connect DocuSign service or embed parts of DocuSign user experience. By connecting to DocuSign web services applications can create electronic signature transactions, retrieve electronically signed documents, get up to date status on outstanding envelopes and do other Create/Read/Update/Delete operations. By embedding DocuSign interface applications can provide single-sign-on capability and insert signing or sending user experience into their applications.", "endpoint": "https://demo.docusign.net/api/3.0/api.asmx", "homePage": "https://www.docusign.com/developer-center", "primaryCategory": "Electronic Signature", "secondaryCategories": "Contracts, Documents", "provider": "DocuSign", "SSL_Support": "Yes", "authentication_Model": "API Key, HTTP Basic Auth, OAuth 2, SAML, Token, WS-Security", "version": "3.0", "versionStatus": "Recommended (active, supported)", "type": " Description FileSwagger 2.0 JSON (OAI)", "architecturalStyle": "REST", "supportedRequestFormats": "URI Query String/CRUD", "supportedResponseFormats": "JSON", "restrictedAccess": "No"}