{"url": "https://www.programmableweb.com/api/jive-data-company-lookup-rest-api-v10", "name": "Jive Data Company Lookup REST API v1.0", "description": " The Jive Data API enables financial data such as company lookups, and buying and selling transactions by CEO, CFO, and Directors. The API supports analyses by ticker, Central Index Key, and Insider. Jive Data allows developers to find important information about companies including full company name, addresses, phone number, and fiscal year. Data includes hard to find CUSIPs.", "endpoint": "https://jivedata.com/companies", "homePage": "https://jivedata.com/documentation", "primaryCategory": "Business", "secondaryCategories": "Accounting, Financial, Stocks", "provider": "Jive Data", "SSL_Support": "Yes", "authentication_Model": "Unspecified", "version": "1.0", "versionStatus": "Recommended (active, supported)", "type": "Web/Internet", "architecturalStyle": "REST", "supportedRequestFormats": "URI Query String/CRUD", "supportedResponseFormats": "JSON", "restrictedAccess": "Yes"}