{"url": "https://www.programmableweb.com/api/nice-incontact-real-time-data-rest-api-v170", "name": "NICE inContact Real-Time Data REST API v17.0", "description": " The NICE inContact Real-Time Data API allows developers to get real-time data from the inContact platform, which can be used to build custom dashboards and control panels. The API can also be used to get information about Agents and Skills. NICE inContact is a cloud-based customer experience platform that combines omnichannel routing, workforce optimization, analytics, automation, and artificial intelligence.", "endpoint": "N/A", "homePage": "https://developer.niceincontact.com/API/RealTimeDataAPI", "primaryCategory": "Customer Relationship Management", "secondaryCategories": "Dashboards, Data, Real Time", "provider": "NICE inContact", "SSL_Support": "No", "authentication_Model": "Token", "version": "17.0", "versionStatus": "Recommended (active, supported)", "type": "Web/Internet", "architecturalStyle": "REST", "supportedRequestFormats": "URI Query String/CRUD", "supportedResponseFormats": "JSON", "restrictedAccess": "No"}