{"url": "https://www.programmableweb.com/api/binect-rest-api-v092", "name": "Binect REST API v0.9.2", "description": " Businessmail Science Fiction - Send letters to individuals or mailing lists by providing PDF documents. Binect provides building blocks for output management solutions. Users submit letters as files to be printed, franked, put in an envelope and delivered via 'Deutsche Post AG'. Shipping is within Germany and globally from Germany. See www.binect.de for details.", "endpoint": "https://app.binect.de/binectapi/v1", "homePage": "https://www.binect.de/binect-loesungen/entwickler-api.html", "primaryCategory": "Postal", "secondaryCategories": "Best Practices, German, Mail, PDF, Printing, REST, Swagger (OpenAPI), Writing", "provider": "pawisda systems", "SSL_Support": "Yes", "authentication_Model": "HTTP Basic Auth", "version": "0.9.2", "versionStatus": "Recommended (active, supported)", "type": "Web/Internet", "architecturalStyle": "REST", "supportedRequestFormats": "JSON", "supportedResponseFormats": "Binary, JSON", "restrictedAccess": "Yes"}