{"url": "https://www.programmableweb.com/api/iteris-clearag-hail-history-rest-api-v12", "name": "Iteris ClearAg Hail History REST API v1.2", "description": " The Iteris ClearAg Hail History API returns hail data from available radar coverage in United States, Southern Canada, Australia, and Western Europe. The API is useful for crop insurance, car insurance, and home insurance.", "endpoint": "https://ag.us.clearapis.com/v1.2/historical/daily/hail", "homePage": "https://docs.clearag.com/documentation/Weather_Data/Hail_History/latest", "primaryCategory": "Water", "secondaryCategories": "Agriculture, Insurance, Transportation", "provider": "Iteris", "SSL_Support": "Yes", "authentication_Model": "API Key", "version": "1.2", "versionStatus": "Recommended (active, supported)", "type": "Web/Internet", "architecturalStyle": "REST", "supportedRequestFormats": "JSON, URI Query String/CRUD", "supportedResponseFormats": "JSON", "restrictedAccess": "No"}