{"url": "https://www.programmableweb.com/api/ab-tasty-rest-api-v10", "name": "AB Tasty REST API v1.0", "description": " AB Tasty is an AI-driven customer experience optimization platform designed for marketing teams, and product designers. The AB Tasty API enables developers to access and manage test data, status information, and users. The API utilizes OAuth authentication, and offers JSON-formatted responses. AB Tasty features AI-powered personalization, product recommendations, analytics, and data protection.", "endpoint": "https://api.abtasty.com/api", "homePage": "https://developers.abtasty.com/public-api.html", "primaryCategory": "Testing", "secondaryCategories": "Artificial Intelligence, Customization, Marketing", "provider": "AB Tasty", "SSL_Support": "Yes", "authentication_Model": "OAuth 2", "version": "1.0", "versionStatus": "Recommended (active, supported)", "type": "Web/Internet", "architecturalStyle": "REST", "supportedRequestFormats": "URI Query String/CRUD", "supportedResponseFormats": "JSON", "restrictedAccess": "Yes"}