{"url": "https://www.programmableweb.com/api/greenbook-rest-api-v10", "name": "Greenbook REST API v1.0", "description": " The Greenbook API provides access to a database of plant protection chemical datasets for farmers, researchers & consultants. It includes all the information available on pesticide, herbicide and fungicide manufacturers labels returned in JSON or XML format. It also provides SDS, SARA Title III, Mode of Action, DOT, and supplements information. The data is useful for fulfilling crop maintenance needs. Documentation and API Access is available by request. Greenbook is an independent crop protection database.", "endpoint": "N/A", "homePage": "https://www.greenbook.net/introducing-greenbook-your-data-solution", "primaryCategory": "Agriculture", "secondaryCategories": "Safety", "provider": "Greenbook", "SSL_Support": "Yes", "authentication_Model": "Unspecified", "version": "1.0", "versionStatus": "Recommended (active, supported)", "type": "Web/Internet", "architecturalStyle": "REST", "supportedRequestFormats": "JSON, URI Query String/CRUD, XML", "supportedResponseFormats": "JSON, XML", "restrictedAccess": "No"}