{"url": "https://www.programmableweb.com/api/predix-traffic-planning-rest-api-v1", "name": "Predix Traffic Planning REST API v1", "description": " The Traffic Planning API offers metadata obtained from lighting sensors along public roadways. Information such as speed, and direction is available for historical and real-time development purposes. This REST API returns data in JSON format, and uses OAuth 2 and Tokens for authentication. Predix is an industrial software platform developed by General Electric Digital which aims to improve asset performance management (APM), operations, and business.", "endpoint": "https://ie-traffic.run.aws-usw02-pr.ice.predix.io", "homePage": "https://www.predix.io/services/service.html?id=1763", "primaryCategory": "Internet of Things", "secondaryCategories": "Cities, Environment", "provider": "General Electric", "SSL_Support": "Yes", "authentication_Model": "OAuth 2, Token", "version": "1", "versionStatus": "Recommended (active, supported)", "type": "Web/Internet", "architecturalStyle": "REST", "supportedRequestFormats": "URI Query String/CRUD", "supportedResponseFormats": "CSV, GeoJSON, JSON, XML", "restrictedAccess": "Yes"}