{"url": "https://www.programmableweb.com/api/openweathermap-rest-api-v25", "name": "OpenWeatherMap REST API v2.5", "description": " [This API has been deprecated and replaced by the Current Weather Data, 5 Day Weather Forecast, 16 Day Weather Forecast, Historical Data, History Bulk, Weather Map Layers, Ultraviolet Index, Weather Stations, Weather Alerts, Air Pollution, and Accumulated Weather Data APIs. This profile is maintained for historical and research purposes only.] Open Weather Map provides interactive maps of current and historic weather conditions. The Open Weather Map API allows users to retrieve the current weather at a city or weather station, the historical measurements for a weather station, or a list of cities and/or weather stations in a given rectangle (limited by geographic coordinates). The API uses RESTful calls issued in JSON format.", "endpoint": "http://api.openweathermap.org/", "homePage": "http://openweathermap.org/API", "primaryCategory": "Weather", "secondaryCategories": "Mapping", "provider": "OpenWeatherMap", "SSL_Support": "Yes", "authentication_Model": "API Key", "version": "2.5", "versionStatus": "Recommended (active, supported)", "type": "Web/Internet", "architecturalStyle": "REST", "supportedRequestFormats": "URI Query String/CRUD", "supportedResponseFormats": "JSON, XML", "restrictedAccess": "No"}