{"url": "https://www.programmableweb.com/api/one-codex-rest-api-v1", "name": "One Codex REST API v1", "description": " The One Codex API allows developers to integrate a genomic search and data platform into their own applications. One Codex is a platform designed to help microbiologists rapidly assess their samples. It provides access to the world's largest index of bacterial, viral, and fungal genomes. It comes with rich sample management, which allows users to index, search, and compare complex samples.", "endpoint": "https://app.onecodex.com/api/v1/", "homePage": "https://docs.onecodex.com/", "primaryCategory": "Science", "secondaryCategories": "Genetics", "provider": "One Codex", "SSL_Support": "Yes", "authentication_Model": "API Key, HTTP Basic Auth", "version": "1", "versionStatus": "Recommended (active, supported)", "type": "Web/Internet", "architecturalStyle": "REST", "supportedRequestFormats": "JSON, URI Query String/CRUD", "supportedResponseFormats": "JSON", "restrictedAccess": "No"}