{"url": "https://www.programmableweb.com/api/quantitative-plant-rest-api-v1", "name": "Quantitative Plant REST API v1", "description": " Quantitative Plant offers image analysis software tools and models for plants. The Quantitative Plant API enables users to query and retrieve data from the website, including information about the models, software, and datasets. Users can filter by type of measurment, automation, systems &license for tools, plus filter on the presence of groundtruth data for datasets.", "endpoint": "http://www.quantitative-plant.org/api", "homePage": "https://www.quantitative-plant.org/api", "primaryCategory": "Nature", "secondaryCategories": "Agriculture, Images, Models, Science, Visualizations", "provider": "Quantitative Plant", "SSL_Support": "Yes", "authentication_Model": "Unspecified", "version": "1", "versionStatus": "Recommended (active, supported)", "type": "Web/Internet", "architecturalStyle": "REST", "supportedRequestFormats": "JSON", "supportedResponseFormats": "JSON", "restrictedAccess": "No"}