{"url": "https://www.programmableweb.com/api/gotranscript-rest-api-v4", "name": "GoTranscript REST API v4", "description": " The GoTranscript API can add transcription, translation, captioning, and subtitling features to applications. With the API, developers can implement languages, comments, turnaround times, number of speakers, and transcription file formats into applications. The API returns JSON format and is authenticated with a token.", "endpoint": "https://gotranscript.com/api/v4/transcriptions", "homePage": "https://gotranscript.com/api", "primaryCategory": "Transcription", "secondaryCategories": "Subtitles, Translation", "provider": "GoTranscript", "SSL_Support": "Yes", "authentication_Model": "API Key", "version": "4", "versionStatus": "Recommended (active, supported)", "type": "Web/Internet", "architecturalStyle": "REST", "supportedRequestFormats": "JSON, URI Query String/CRUD", "supportedResponseFormats": "JSON", "restrictedAccess": "No"}