{"url": "https://www.programmableweb.com/api/shinefr-rest-api-v20", "name": "Shine.fr REST API v2.0", "description": " The Shine.fr API provides programmatic access to Shine.fr banks accounts, transactions, bank transfers, invoice services, receipt services, user profiles, and company profiles. Shine.fr is a neobank for entrepreneurs, designed to serve the self-employed and small businesses. Developers will need to request access to the API. Some endpoints are restricted to third-party providers that have an AISP, PISP, or CBPII license. Shine.fr is an online bank aimed at freelancers with contract and invoice management.", "endpoint": "https://api.shine.fr/v2/", "homePage": "https://developers.shine.fr/", "primaryCategory": "Banking", "secondaryCategories": "Business, Invoicing", "provider": "Shine.fr", "SSL_Support": "Yes", "authentication_Model": "OAuth 2, Token", "version": "2.0", "versionStatus": "Recommended (active, supported)", "type": "Web/Internet", "architecturalStyle": "REST", "supportedRequestFormats": "JSON, URI Query String/CRUD", "supportedResponseFormats": "JSON", "restrictedAccess": "Yes"}