{"url": "https://www.programmableweb.com/api/convier-rest-api-v10", "name": "Convier REST API v1.0", "description": " Convier is a calendar service for developers. Convier.me offers a REST API to send calendar invitations with methods for meetings or events, to-do and journal.", "endpoint": "https://convier.me/api", "homePage": "https://convier.me", "primaryCategory": "Calendars", "secondaryCategories": "Events", "provider": "Convier", "SSL_Support": "Yes", "authentication_Model": "API Key", "version": "1.0", "versionStatus": "Recommended (active, supported)", "type": "Web/Internet", "architecturalStyle": "REST", "supportedRequestFormats": "JSON", "supportedResponseFormats": "JSON", "restrictedAccess": "Yes"}