{"url": "https://www.programmableweb.com/api/onlyoffice-rest-api-v20", "name": "ONLYOFFICE REST API v2.0", "description": " ONLYOFFICE is an open-source platform for business collaboration and project management. The platform includes software for managing project, collaborating with team members, document management and a CRM. ONLYOFFICE API exposes the functionality of the platform and gives developers programmatic access to it. Users can perform standard CRUD operations on groups, files, projects, forums, people and more. The API uses RESTful calls and responses are formatted in XML and JSON.", "endpoint": "N/A", "homePage": "https://api.onlyoffice.com/portals/basic", "primaryCategory": "Project Management", "secondaryCategories": "Calendars, Chat, Collaboration, Documents, File Sharing, Forums", "provider": "Ascensio System", "SSL_Support": "Yes", "authentication_Model": "API Key", "version": "2.0", "versionStatus": "Recommended (active, supported)", "type": "Product", "architecturalStyle": "REST", "supportedRequestFormats": "URI Query String/CRUD", "supportedResponseFormats": "JSON, XML", "restrictedAccess": "No"}