{"url": "https://www.programmableweb.com/api/renterfile-landlord-reference-check-streaming-api-v1", "name": "RenterFile Landlord Reference Check Streaming API v1", "description": " Request landlord reference checks inside your software and get a response back when landlord provides a landlord reference about your rental applicant. This API is ideal for Rental and Property Management software companies that want to offer their users landlord reference checks (aka verification of rent) inside your software via API. Our landlord reference check automation software contacts your applicant's landlords asking them to provide a rental verification online. Our system also follows up with the landlords four times per day via email and text messages until they respond. This results in 80.4% of landlords responding to our verification of rent requests. Those who respond, do it extremely fast (on average in 16 hours or less). 38.6% respond in less then 1 hour, 53.2% respond in less then 4 hours, 81.4% respond in less than 24 hours. How it works: 1. You request rental verification via API. 2. Landlord is invited to provide a landlord reference about their current or past tenant online. 3. Landlord answers a few fact-based questions about their tenant. 4. You get notified via webhook that a landlord reference report is available. 5. You can request copy of landlord reference report anytime via API. Learn more about the RenterFile product by going to RenterFile.com and more about our RenterFile API at RenterFile.com/api", "endpoint": "https://api.rentersinc.com/api/v1", "homePage": "https://renterfile.com/api", "primaryCategory": "Rentals", "secondaryCategories": "Real Estate", "provider": "Renter", "SSL_Support": "Yes", "authentication_Model": "Unspecified", "version": "1", "versionStatus": "Recommended (active, supported)", "type": "Web/Internet", "architecturalStyle": "Streaming", "supportedRequestFormats": "JSON, Webhooks", "supportedResponseFormats": "JSON, Webhooks", "restrictedAccess": "No"}