{"url": "https://www.programmableweb.com/api/cdd-vault-rest-api-v1", "name": "CDD Vault REST API v1", "description": " Collaborative Drug Discovery (CDD) Vault is a cloud-hosted biological and chemical database for drug discovery research. The CDD Vault offers data in JSON format with methods to retrieve projects and datasets, using parameters such as date or timestamp.", "endpoint": "https://app.collaborativedrug.com/api/v1/", "homePage": "https://support.collaborativedrug.com/hc/en-us/categories/115001259423-API-Docum\u2026", "primaryCategory": "Drugs", "secondaryCategories": "Chemistry, Database, Medicine, Science", "provider": "Collaborative Drug Discovery", "SSL_Support": "Yes", "authentication_Model": "Token", "version": "1", "versionStatus": "Recommended (active, supported)", "type": "Web/Internet", "architecturalStyle": "REST", "supportedRequestFormats": "JSON", "supportedResponseFormats": "JSON", "restrictedAccess": "No"}