{"url": "https://www.programmableweb.com/api/d-wave-solver-rest-api-v10", "name": "D-Wave Solver REST API v1.0", "description": " The D-Wave Solver API enables developers to connect with D-Wave's quantum processing unit (QPU) and other solvers. The API features API Key authentication and JSON responses. D-Wave provides quantum computing systems and is the world's only commercial supplier of quantum computers. D-Wave\u2019s systems are used by major corporations, universities and government agencies such as Lockheed Martin, Google, NASA, USRA, the University of Southern California, and Los Alamos National Laboratory.", "endpoint": "https://cloud.dwavesys.com/sapi/", "homePage": "https://docs.dwavesys.com/docs/latest/doc_rest_api.html", "primaryCategory": "Hardware", "secondaryCategories": "Business", "provider": "D-Wave", "SSL_Support": "Yes", "authentication_Model": "API Key", "version": "1.0", "versionStatus": "Recommended (active, supported)", "type": "Web/Internet", "architecturalStyle": "REST", "supportedRequestFormats": "JSON, URI Query String/CRUD", "supportedResponseFormats": "JSON", "restrictedAccess": "Yes"}