{"url": "https://www.programmableweb.com/api/messagemedia-messages-rest-api-v1", "name": "MessageMedia Messages REST API v1", "description": " The MessageMedia Messaging API allows developers to build two-way messaging applications. This API provides access to three main resources: messages, delivery reports, and replies. Messages are delivered from an application to a handset. Delivery reports are given in real time and may change status several times as the message is processed. Replies are messages sent from a handset to an application, usually in reply to a previously sent message.", "endpoint": "https://api.messagemedia.com/v1/messages", "homePage": "https://developers.messagemedia.com/code/messages-api-documentation/", "primaryCategory": "Messaging", "secondaryCategories": "Telephony", "provider": "MessageMedia", "SSL_Support": "No", "authentication_Model": "API Key, HTTP Basic Auth, Shared Secret", "version": "1", "versionStatus": "Recommended (active, supported)", "type": "Web/Internet", "architecturalStyle": "REST", "supportedRequestFormats": "JSON, URI Query String/CRUD", "supportedResponseFormats": "JSON", "restrictedAccess": "No"}