{"url": "https://www.programmableweb.com/api/bulk-sms-gateway-rest-api-v10", "name": "Bulk SMS Gateway REST API v1.0", "description": " The Bulk SMS Gateway API allows developers to integrate bulk SMS services into their applications and portals. This API is suited for sending both promotional and transactional SMS to clients. API documentation is not publicly available. This service is provided by KAPSYSTEM, a company in India that provides bulk SMS and messaging solutions.", "endpoint": "N/A", "homePage": "https://kapsystem.com/", "primaryCategory": "Messaging", "secondaryCategories": "Transactions", "provider": "KAP Computer Solutions", "SSL_Support": "Yes", "authentication_Model": "Unspecified", "version": "1.0", "versionStatus": "Recommended (active, supported)", "type": "Unspecified", "architecturalStyle": "REST", "supportedRequestFormats": "Unspecified", "supportedResponseFormats": "Unspecified", "restrictedAccess": "Yes"}