{"url": "https://www.programmableweb.com/api/flowroute-rest-api-v20", "name": "Flowroute REST API v2.0", "description": " The Flowroute Numbers API provides core number management capabilities including purchasing and managing phone numbers as well as setting up inbound call routes.", "endpoint": "http://developer.flowroute.com/api/numbers/v2.0/", "homePage": "https://developer.flowroute.com/", "primaryCategory": "Voice", "secondaryCategories": "Accessibility, Telephony, VoIP", "provider": "Flowroute", "SSL_Support": "Yes", "authentication_Model": "API Key", "version": "2.0", "versionStatus": "Recommended (active, supported)", "type": "Web/Internet", "architecturalStyle": "REST", "supportedRequestFormats": "JSON, Webhooks", "supportedResponseFormats": "JSON, URI Query String/CRUD", "restrictedAccess": "No"}