{"url": "https://www.programmableweb.com/api/no-code-expert-catalog-rest-api-v100", "name": "No-Code Expert Catalog REST API v1.0.0", "description": " The No-Code-Expert catalog API gives users programmatic access to a directory of professional experts. Find top No-Code experts and specialists by a Technology, SAAS, Platform, Country or Company name. Here you can find professionals and experts to help you get the most of most popular SAAS.", "endpoint": "https://api.no-code.expert", "homePage": "https://no-code.expert/api", "primaryCategory": "Directories", "secondaryCategories": "Catalogs", "provider": "No-Code Expert", "SSL_Support": "Yes", "authentication_Model": "API Key", "version": "1.0.0", "versionStatus": "Active (supported, scheduled for retirement)", "type": "of License if Non Proprietary Apache 2.0", "architecturalStyle": "REST", "supportedRequestFormats": "URI Query String/CRUD", "supportedResponseFormats": "JSON", "restrictedAccess": "No"}