{"url": "https://www.programmableweb.com/api/me-weather-rest-api-v10", "name": "ME Weather REST API v1.0", "description": " Me Weather API returns weather forecast in details for Middle East countries.", "endpoint": "N/A", "homePage": "https://weather10days.info/api.php", "primaryCategory": "Weather", "secondaryCategories": "N/A", "provider": "N/A", "SSL_Support": "Yes", "authentication_Model": "Unspecified", "version": "1.0", "versionStatus": "Active (supported, scheduled for retirement)", "type": "Web/Internet", "architecturalStyle": "REST", "supportedRequestFormats": "Unspecified", "supportedResponseFormats": "Unspecified", "restrictedAccess": "No"}