{"url": "https://www.programmableweb.com/api/brain-maps-rest-api-v10", "name": "Brain Maps REST API v1.0", "description": " Brain Maps is an online, interactive brain atlas, including both primate and non-primate brains. Brain Maps provides scanned images of sub-micron resolution brain sections. These images are annotated and a database allows for querying and retrieval of data about brain structure and function. Complete brain atlases are available for certain species. The Brain Maps API is a multiresolution image viewer with customizable label overlays. It is a free service, available for any web site that is free to consumers.", "endpoint": "N/A", "homePage": "http://brain-maps.org/index.php?p=brain-maps-api", "primaryCategory": "Reference", "secondaryCategories": "Science", "provider": "N/A", "SSL_Support": "Yes", "authentication_Model": "N/A", "version": "1.0", "versionStatus": "Recommended (active, supported)", "type": "Unspecified", "architecturalStyle": "REST", "supportedRequestFormats": "URI Query String/CRUD", "supportedResponseFormats": "Unspecified", "restrictedAccess": "No"}