{"url": "https://www.programmableweb.com/api/transavia-routes-rest-api-v3", "name": "Transavia Routes REST API v3", "description": " Transavia Airlines is a Netherlands-based low-cost air travel operator that boasts an expansive route network in the European and North African regions. The Transavia Routes API is one of the three APIs that the airline uses to supplement its web-based engagement portals. The API provides access to information on origin and destination points of all routes within the airlines\u2019 vast route network. Its integration allows developers to provide data filtering capabilities for route-specific information. The RESTful API conveys requests and responses in HTTP and JSON formats.", "endpoint": "https://api.transavia.com/v3/routes/", "homePage": "https://developer.transavia.com", "primaryCategory": "Air Travel", "secondaryCategories": "Location, Tickets, Travel", "provider": "Transavia Airlines", "SSL_Support": "No", "authentication_Model": "API Key", "version": "3", "versionStatus": "Recommended (active, supported)", "type": "Web/Internet", "architecturalStyle": "REST", "supportedRequestFormats": "JSON, URI Query String/CRUD", "supportedResponseFormats": "JSON", "restrictedAccess": "No"}