{"url": "https://www.programmableweb.com/api/fun-generators-shakespeare-rest-api-v11", "name": "Fun Generators Shakespeare REST API v1.1", "description": " Fun Generators Shakespeare enables users to enerate random Shakespeare quotes, names, insults, lorem ipsum etc. plus translate normal English to Shakespeare English.", "endpoint": "https://api.fungenerators.com/shakespeare/1.1", "homePage": "https://fungenerators.com/api/shakespeare/", "primaryCategory": "Entertainment", "secondaryCategories": "Reference, Translation", "provider": "Fun Generators", "SSL_Support": "Yes", "authentication_Model": "API Key", "version": "1.1", "versionStatus": "Recommended (active, supported)", "type": "Web/Internet", "architecturalStyle": "REST", "supportedRequestFormats": "JSON, URI Query String/CRUD, XML", "supportedResponseFormats": "JSON, XML", "restrictedAccess": "No"}