{"url": "https://www.programmableweb.com/api/morpheus-rest-api-v10", "name": "Morpheus REST API v1.0", "description": " The Morpheus API enables management of cloud management data and offers provisioning, monitoring, logging, backups, and application deployment strategies. Methods are available to manage dashboard, reports, budgets, approvals, activity, billing, invoices, blueprints, jobs, and automation. Morpheus provides multi-cloud management and DevOps orchestration for hybrid IT services.", "endpoint": "https://api.gomorpheus.com/api/", "homePage": "https://bertramdev.github.io/morpheus-apidoc/", "primaryCategory": "Cloud", "secondaryCategories": "DevOps, Management", "provider": "Morpheus Data", "SSL_Support": "Yes", "authentication_Model": "Token", "version": "1.0", "versionStatus": "Recommended (active, supported)", "type": "Web/Internet", "architecturalStyle": "REST", "supportedRequestFormats": "URI Query String/CRUD", "supportedResponseFormats": "JSON", "restrictedAccess": "No"}