{"url": "https://www.programmableweb.com/api/confluent-cloud-metrics-rest-api-v1", "name": "Confluent Cloud Metrics REST API v1", "description": " The Confluent Cloud Metrics API returns operational metrics related to Confluent Cloud deployment. The HTTP API allows POST requests written in JSON and displays a time series of metrics specified by the query. Confluent is an event streaming platform powered by Apache Kafka that helps companies with streaming in real-time.", "endpoint": "https://api.telemetry.confluent.cloud/v1/", "homePage": "https://docs.confluent.io/current/cloud/metrics-api.html", "primaryCategory": "Streaming", "secondaryCategories": "Activity Streams, Cloud, Events", "provider": "Confluent", "SSL_Support": "Yes", "authentication_Model": "API Key", "version": "1", "versionStatus": "Recommended (active, supported)", "type": "Web/Internet", "architecturalStyle": "REST", "supportedRequestFormats": "URI Query String/CRUD", "supportedResponseFormats": "JSON", "restrictedAccess": "No"}