{"url": "https://www.programmableweb.com/api/thecrag-webhooks-streaming-api-v1", "name": "theCrag Webhooks Streaming API v1", "description": " The theCrag Webhook API allows users to getalerts you about changes to the theCrag rock climbing database. TheCrag is a global collaborative rock climbing and bouldering platform that provides solutions for climbers, route setters and advocacy groups, gyms, camps and more. This API is in Beta release.", "endpoint": "N/A", "homePage": "https://www.thecrag.com/en/article/api#610-register-webhook-callbacks", "primaryCategory": "Sports", "secondaryCategories": "Recreation, Webhooks", "provider": "TheCrag", "SSL_Support": "No", "authentication_Model": "API Key, OAuth 2, Token", "version": "1", "versionStatus": "Pre-release", "type": "of License if Non Proprietary Creative Commons Attribution Non-Commercial Share Alike", "architecturalStyle": "Streaming", "supportedRequestFormats": "Webhooks", "supportedResponseFormats": "JSON, URI Query String/CRUD", "restrictedAccess": "No"}