{"url": "https://www.programmableweb.com/api/weather-company-disease-tracker-rest-api-v30", "name": "The Weather Company Disease Tracker REST API v3.0", "description": " The Weather Company Disease Tracker API allows you to track the progression of a disease for a given location. It provides information regarding active diseases including confirmed cases, deaths, and recoveries over a period of up to 60 days in the past. The guide describes common elements, error handling, language support and terminology.", "endpoint": "https://api.weather.com/v3", "homePage": "https://docs.google.com/document/d/13HTLgJDpsb39deFzk_YCQ5GoGoZCO_cRYzIxbwvgJLI/\u2026", "primaryCategory": "Healthcare", "secondaryCategories": "Coronavirus, COVID-19, Health, Weather", "provider": "IBM", "SSL_Support": "Yes", "authentication_Model": "API Key", "version": "3.0", "versionStatus": "Recommended (active, supported)", "type": "Web/Internet", "architecturalStyle": "REST", "supportedRequestFormats": "URI Query String/CRUD", "supportedResponseFormats": "JSON", "restrictedAccess": "No"}