{"url": "https://www.programmableweb.com/api/unofficial-webtoon-rest-api-v1", "name": "Unofficial Webtoon REST API v1", "description": " Unofficial Webtoon API provides data from the largest web comics database covering 23 comics genres from around the world.", "endpoint": "https://webtoon.p.rapidapi.com/canvas/search", "homePage": "https://rapidapi.com/apidojo/api/webtoon/", "primaryCategory": "Entertainment", "secondaryCategories": "Animation, Data Mining, eBooks", "provider": "APIDojo", "SSL_Support": "Yes", "authentication_Model": "API Key", "version": "1", "versionStatus": "Recommended (active, supported)", "type": "Web/Internet", "architecturalStyle": "REST", "supportedRequestFormats": "JSON", "supportedResponseFormats": "JSON", "restrictedAccess": "No"}