{"url": "https://www.programmableweb.com/api/upbit-rest-api-v10", "name": "Upbit REST API v1.0", "description": " The Upbit API allows users to programmatically look up their assets, place orders, make deposits and withdrawals, and get quotes. Upbit is a Korean cryptocurrency exchange that is partnered with Bittrex. The Upbit website is available in both Korean and English. API documentation is only available in Korean.", "endpoint": "https://api.upbit.com/v1/", "homePage": "https://docs.upbit.com/v1.0/reference", "primaryCategory": "Cryptocurrency", "secondaryCategories": "Korean", "provider": "Upbit Singapore", "SSL_Support": "Yes", "authentication_Model": "Token", "version": "1.0", "versionStatus": "Recommended (active, supported)", "type": "Web/Internet", "architecturalStyle": "REST", "supportedRequestFormats": "JSON, URI Query String/CRUD", "supportedResponseFormats": "JSON", "restrictedAccess": "No"}