{"url": "https://www.programmableweb.com/api/interzoid-global-page-load-performance-rest-api-v1", "name": "Interzoid Global Page Load Performance REST API v1", "description": " The Interzoid Global Page Load Performance API monitors web pages of the world by calling a location parameter along with the URL target. With the API, developers can measure performance from diverse locations at timed intervals. Global locations may include Paris, Tokyo, Sydney, Frankfurt, San Francisco, Mumbai, and Singapore. The API will return a measured value of the amount of time elapsing for the site to respond and simulate a browser load of the page from the specified geographic location.", "endpoint": "https://api.interzoid.com/globalpageload ", "homePage": "https://www.interzoid.com/services/globalpageload", "primaryCategory": "Performance", "secondaryCategories": "Analytics, Application Development, Measurements, Optimization, Web Site Management", "provider": "Interzoid Incorporated", "SSL_Support": "Yes", "authentication_Model": "API Key", "version": "1", "versionStatus": "Recommended (active, supported)", "type": "Web/Internet", "architecturalStyle": "REST", "supportedRequestFormats": "JSON, URI Query String/CRUD", "supportedResponseFormats": "JSON", "restrictedAccess": "No"}