{"url": "https://www.programmableweb.com/api/cdc-data-application-program-interface-rest-api-v10", "name": "CDC Data Application Program Interface REST API v1.0", "description": " The Centers for Disease Control and Prevention Data Application Program Interface API allows developers to programmatically query data stored by the Environmental Public Health Tracking Network. Token is implemented for authentication. The API returns stratification levels, content areas, indicators associated with a content area, measures for an indicator, and values for a measure.", "endpoint": "https://ephtracking.cdc.gov/apigateway/api/v1", "homePage": "https://www.cdc.gov/apis.html", "primaryCategory": "Health", "secondaryCategories": "Data, Government", "provider": "U.S. Department of Health and Human Services", "SSL_Support": "Yes", "authentication_Model": "Token", "version": "1.0", "versionStatus": "Recommended (active, supported)", "type": "Web/Internet", "architecturalStyle": "REST", "supportedRequestFormats": "URI Query String/CRUD", "supportedResponseFormats": "JSON", "restrictedAccess": "Yes"}