{"url": "https://www.programmableweb.com/api/precisely-geolocation-rest-api-v10", "name": "Precisely Geolocation REST API v1.0", "description": " This API returns location coordinates associated with the requested IP address or Wi-Fi MAC address. This service is useful for eCommerce, fraud prevention, and physical-digital interactions. Precisely is a data integrity platform capable of collecting, verifying, and mapping information. This platform can be used to enable address typeahead capabilities in eCommerce websites, determine origin and delivery destinations in logistics applications, and provide better insights for customer engagement. Precisely APIs feature REST architecture, API Key authentication, and JSON responses.", "endpoint": "https://api.precisely.com/geolocation/v1", "homePage": "https://developer.precisely.com/apis/geolocation", "primaryCategory": "Data", "secondaryCategories": "Business, Geography, Location", "provider": "Precisely", "SSL_Support": "Yes", "authentication_Model": "API Key, Shared Secret", "version": "1.0", "versionStatus": "Recommended (active, supported)", "type": "Web/Internet", "architecturalStyle": "REST", "supportedRequestFormats": "URI Query String/CRUD", "supportedResponseFormats": "JSON", "restrictedAccess": "Yes"}