{"url": "https://www.programmableweb.com/api/api-spot-bulk-whois-domain-rest-api-v10", "name": "API Spot Bulk WHOIS & Domain REST API v1.0", "description": " API Spot's Bulk WHOIS and Domains API enables developers to create, retrieve, and manage bulk domains. It also offers domain check and domain rank.", "endpoint": "https://apispot.io/backend/v1", "homePage": "https://apispot.io/docs/", "primaryCategory": "Domains", "secondaryCategories": "Data, Digital Asset Management", "provider": "API Spot", "SSL_Support": "Yes", "authentication_Model": "API Key", "version": "1.0", "versionStatus": "Pre-release", "type": "Web/Internet", "architecturalStyle": "REST", "supportedRequestFormats": "JSON, URI Query String/CRUD", "supportedResponseFormats": "JSON", "restrictedAccess": "No"}