{"url": "https://www.programmableweb.com/api/dad-jokes-rest-api-v10", "name": "Dad Jokes REST API v1.0", "description": " The Dad Jokes API returns Dad Jokes at random, or by joke ID, joke type, and enables Dad Jokes search.", "endpoint": "https://dad-jokes.p.rapidapi.com/", "homePage": "https://dadjokes.io/documentation/getting-started", "primaryCategory": "Entertainment", "secondaryCategories": "Humor", "provider": "Independent Developer", "SSL_Support": "Yes", "authentication_Model": "Token", "version": "1.0", "versionStatus": "Recommended (active, supported)", "type": "Web/Internet", "architecturalStyle": "REST", "supportedRequestFormats": "JSON", "supportedResponseFormats": "JSON, Text", "restrictedAccess": "No"}