{"url": "https://www.programmableweb.com/api/carto-import-rest-api-v10", "name": "Carto Import REST API v1.0", "description": " This API allows you to upload files to a CARTO account, check on their current upload status, as well as delete and list importing processes on a given account. It is an Open Source tool providing an engine that enables you to use several APIs to build advanced, dynamic geospatial datasets and scalable maps for your own applications. CARTO is an open intuitive platform for discovering and predicting the key insights underlying the location data in our world.", "endpoint": "https://documentation.carto.com/api/v1", "homePage": "https://carto.com/docs/carto-engine/import-api/", "primaryCategory": "Mapping", "secondaryCategories": "Data, Location, Predictions", "provider": "CartoDB", "SSL_Support": "Yes", "authentication_Model": "API Key", "version": "1.0", "versionStatus": "Recommended (active, supported)", "type": "Web/Internet", "architecturalStyle": "REST", "supportedRequestFormats": "JSON, URI Query String/CRUD", "supportedResponseFormats": "JSON", "restrictedAccess": "No"}