{"url": "https://www.programmableweb.com/api/google-search-indexing-rpc-pushstreaming-api-v30", "name": "Google Search Indexing RPC Streaming API v3.0", "description": " The Google Indexing RPC API allows developers to Get Url notification metadata, notifications that a URL has been updated or deleted, receive a description of an event in the life cycle of a web document, publish Url notification requests and responses, share the life cycle of a web document with Google and more. Google is a technology company that specializes in Internet-related services and products that includes online advertising technologies, search, cloud computing, software, and hardware.", "endpoint": "N/A", "homePage": "https://developers.google.com/search/apis/indexing-api/v3/reference/indexing/rpc\u2026", "primaryCategory": "URLs", "secondaryCategories": "Notifications, Search", "provider": "Google", "SSL_Support": "Yes", "authentication_Model": "OAuth 2, Token", "version": "3.0", "versionStatus": "Recommended (active, supported)", "type": "of License if Non Proprietary Creative Commons Attribution 3.0 License", "architecturalStyle": "Streaming", "supportedRequestFormats": "Unspecified", "supportedResponseFormats": "Null", "restrictedAccess": "No"}