{"url": "https://www.programmableweb.com/api/candid-grants-rest-api-v1", "name": "Candid Grants REST API v1", "description": " Candid Grants API enables users to search for grants by parameters such as location, geo-id, year, subject, population, support, transaction, funder and others. From the provider: \"Leverage advanced search and filters to\u202fanalyze the most comprehensive and accurate data on\u202fgrants, funders, recipients, and funding activity.\"", "endpoint": "https://api.candid.org/grants/v1", "homePage": "https://developer.candid.org/", "primaryCategory": "Non-Profit", "secondaryCategories": "Charity, Financial, Funding", "provider": "Candid", "SSL_Support": "Yes", "authentication_Model": "API Key", "version": "1", "versionStatus": "Recommended (active, supported)", "type": "Web/Internet", "architecturalStyle": "REST", "supportedRequestFormats": "JSON", "supportedResponseFormats": "JSON", "restrictedAccess": "Yes"}