{"url": "https://www.programmableweb.com/api/vtex-rest-api-v10", "name": "VTEX REST API v1.0", "description": " The VTEX API integrates marketplace collaborative commerce features. Use the API to get data about products, trade policy, catalog collections, plus manage checkout data, customer credit data, and giftcard data. API Key authentication is required. JSON formats are available when developers make requests. VTEX is an ecosystem of marketplaces that enables sellers to add their own partners to expand product assortment and grow revenue. This collaborative commerce approach drives rapid growth for marketplace operators and sellers alike.", "endpoint": "https://apiexamples.vtexcommercestable.com.br/api/", "homePage": "https://developers.vtex.com/", "primaryCategory": "Marketplace", "secondaryCategories": "Business, eCommerce, Retail", "provider": "VTEX", "SSL_Support": "Yes", "authentication_Model": "API Key, Token", "version": "1.0", "versionStatus": "Recommended (active, supported)", "type": "Web/Internet", "architecturalStyle": "REST", "supportedRequestFormats": "URI Query String/CRUD", "supportedResponseFormats": "JSON", "restrictedAccess": "No"}