{"url": "https://www.programmableweb.com/api/cindercloud-matic-contract-rest-api-v10", "name": "Cindercloud Matic Contract REST API v1.0", "description": " The Cindercloud Matic Contract API provides services to; Get the nfts of a Matic account, Get the balance of a Matic account and more. Cindercloud provides blockchain services that are specifically designed to easily interact with contracts and currently support chains for Ethereum, Matic, Tron and Vechain.", "endpoint": "https://api.cinder.cloud/api/matic", "homePage": "https://cinder.cloud/matic-contract-api", "primaryCategory": "Blockchain", "secondaryCategories": "Cryptocurrency", "provider": "Cindercloud", "SSL_Support": "Yes", "authentication_Model": "API Key, Token", "version": "1.0", "versionStatus": "Recommended (active, supported)", "type": "of License if Non Proprietary The MIT License", "architecturalStyle": "REST", "supportedRequestFormats": "URI Query String/CRUD", "supportedResponseFormats": "JSON", "restrictedAccess": "No"}