{"url": "https://www.programmableweb.com/api/openpayd-webhooks-streaming-api-v10", "name": "OpenPayd Webhooks Streaming API v1.0", "description": " The OpenPayd Webhooks API enables HTTP callbacks for receiving notification messages for OpenPayd events. Notifications can be created for Currency, Account Created, Currency Account Status Update, Client Created and more. The OpenPayd API allows you to develop custom solutions that manage your organization's payments. OpenPayd provides a way to scale payment flows, simplify treasury, process payments in real-time and reduce costs, with solutions that are used directly or integrated as a white-label proposition to combine multi-currency accounts, payments, FX and card processing solutions.", "endpoint": "N/A", "homePage": "https://docs.openpayd.com/#webhook", "primaryCategory": "Payments", "secondaryCategories": "Accounts, Banking, Financial, Open Banking, Webhooks", "provider": "OpenPay", "SSL_Support": "Yes", "authentication_Model": "API Key, App ID, Token", "version": "1.0", "versionStatus": "Recommended (active, supported)", "type": "Web/Internet", "architecturalStyle": "Streaming", "supportedRequestFormats": "Webhooks", "supportedResponseFormats": "JSON, URI Query String/CRUD", "restrictedAccess": "No"}