{"url": "https://www.programmableweb.com/api/product-hunt-graphql-graphql-api-v20", "name": "Product Hunt GraphQL GraphQL API v2.0", "description": " This Product Hunt API provides access to Product Hunt data via a simple GraphQL interface. It allows you to discover new applications, tech creations, hardware, job listings and more. Product Hunt allows you to discover new applications, tech creations, hardware, job listings and more. It provides a system for users to add products, rank products and showcase new trends.", "endpoint": " https://api.producthunt.com/v2/api/graphql", "homePage": "https://api.producthunt.com/v2/docs", "primaryCategory": "Products", "secondaryCategories": "Search", "provider": "Product Hunt", "SSL_Support": "No", "authentication_Model": "Unspecified", "version": "2.0", "versionStatus": "Recommended (active, supported)", "type": "Web/Internet", "architecturalStyle": "RPC", "supportedRequestFormats": "GraphQL, JSON", "supportedResponseFormats": "GraphQL, JSON", "restrictedAccess": "No"}