{"url": "https://www.programmableweb.com/api/impossiblefx-rest-api-v1", "name": "ImpossibleFX REST API v1", "description": " The ImpossibleFX API allows developers to create dynamic movie templates from scratch or to script and extend existing movie templates created with the ImpossibleFX Editor. This API is RESTful and uses the JSON and Protobuf formats. ImpossibleFX is a video personalization platform that offers personalized content, dynamic story flows, adaptive rendering, compositing, and more.", "endpoint": "N/A", "homePage": "http://www.impossiblesoftware.com/docs/", "primaryCategory": "Video", "secondaryCategories": "Customization, Editing", "provider": "Impossible Software", "SSL_Support": "Yes", "authentication_Model": "API Key, Shared Secret", "version": "1", "versionStatus": "Recommended (active, supported)", "type": "Web/Internet", "architecturalStyle": "REST", "supportedRequestFormats": "JSON, Protocol Buffers, URI Query String/CRUD", "supportedResponseFormats": "JSON, Protocol Buffers", "restrictedAccess": "No"}