{"url": "https://www.programmableweb.com/api/uk-department-environment-hydrology-data-rest-api-v020", "name": "U.K. Department for Environment Hydrology Data REST API v0.2.0", "description": " The Hydrology API provides access to historic water flow information in the U.K. Get data about monitoring stations, flood-monitoring, measures, readings, and more with the API.", "endpoint": "http://environment.data.gov.uk/hydrology/id/stations.json", "homePage": "http://environment.data.gov.uk/hydrology/doc/reference#introduction", "primaryCategory": "Water", "secondaryCategories": "England, Environment", "provider": "Crown", "SSL_Support": "No", "authentication_Model": "Unspecified", "version": "0.2.0", "versionStatus": "Recommended (active, supported)", "type": "of License if Non Proprietary Open Government Licence", "architecturalStyle": "REST", "supportedRequestFormats": "JSON", "supportedResponseFormats": "JSON", "restrictedAccess": "No"}