{"url": "https://www.programmableweb.com/api/western-union-stored-value-account-disbursement-rest-api-v10", "name": "Western Union Stored Value Account Disbursement REST API v1.0", "description": " Western Union Stored Value Account Disbursement API allows users to create a merchant payment order in that enables customers to access value, in local currency, from a stored value account or wallet. The Partner Payments services enable you with the ability to collect funds from and disburse funds to customers. Western Union provides a way to send money to over 200 countries and territories via the mobile application, online or agent locations.", "endpoint": "https://api.developer.wu.com/prod/v1/paywu", "homePage": "https://developer.westernunion.com/apps/index.html#/swagger/WesternUnion/Stored%\u2026", "primaryCategory": "Payments", "secondaryCategories": "Transactions", "provider": "Western Union Holdings", "SSL_Support": "Yes", "authentication_Model": "API Key", "version": "1.0", "versionStatus": "Recommended (active, supported)", "type": "Web/Internet", "architecturalStyle": "REST", "supportedRequestFormats": "JSON, URI Query String/CRUD", "supportedResponseFormats": "JSON", "restrictedAccess": "No"}