{"url": "https://www.programmableweb.com/api/mparticle-events-rest-api-v2", "name": "mParticle Events REST API v2", "description": " The mParticle Events API retrieves HTTP-based events than can be used to power mParticle's Audience platform and supplement data collected. mParticle Events API gathers event, device and audience data. Developers can use JSON formats and authenticate with HTTP basic and API Key. mParticle is a customer data platform.", "endpoint": "https://s2s.mparticle.com", "homePage": "https://docs.mparticle.com/developers/server/http/", "primaryCategory": "Data-as-a-Service", "secondaryCategories": "Customization, Engagement, Marketing", "provider": "mParticle", "SSL_Support": "Yes", "authentication_Model": "API Key, HTTP Basic Auth", "version": "2", "versionStatus": "Recommended (active, supported)", "type": "Web/Internet", "architecturalStyle": "REST", "supportedRequestFormats": "JSON, URI Query String/CRUD", "supportedResponseFormats": "JSON", "restrictedAccess": "No"}