{"url": "https://www.programmableweb.com/api/capsulink-rest-api-v1", "name": "Capsulink REST API v1", "description": " The Capsulink API allows developers to create their own shortened URLs that include custom branded domains. Developers can even use custom redirection rules based on a visitor's device, location, time of day, etc. Links may be password-protected to control access. The Capsulink service includes analytical tools to help optimize marketing strategies.", "endpoint": "https://www.capsulink.com/api", "homePage": "https://www.capsulink.com/docs/api", "primaryCategory": "URL Shortener", "secondaryCategories": "URLs", "provider": "Capsulink", "SSL_Support": "Yes", "authentication_Model": "API Key", "version": "1", "versionStatus": "Recommended (active, supported)", "type": "Web/Internet", "architecturalStyle": "REST", "supportedRequestFormats": "JSON, URI Query String/CRUD", "supportedResponseFormats": "JSON", "restrictedAccess": "No"}