{"url": "https://www.programmableweb.com/api/img-rest-api-v2", "name": "img REST API v2", "description": " imgapi offers a platform that facilitates image processing and delivery on the fly. Developers can crop, resize, sharpen, blur, brighten images, and more. eCommerce integrations can benefit from imgapi to show different formats to different users. Media sites can adapt and resize images depending on the user's device. imgapi offers a transparent pricing structure with different transfer limits.", "endpoint": "https://imgapi.p.mashape.com", "homePage": "https://imgapi.in/docs/", "primaryCategory": "Images", "secondaryCategories": "eCommerce, Media", "provider": "imgapi", "SSL_Support": "Yes", "authentication_Model": "N/A", "version": "2", "versionStatus": "Recommended (active, supported)", "type": "Web/Internet", "architecturalStyle": "REST", "supportedRequestFormats": "URI Query String/CRUD", "supportedResponseFormats": "JSON", "restrictedAccess": "No"}