{"url": "https://www.programmableweb.com/api/tazworks-tazapi-advanced-rest-api-v2", "name": "TazWorks TazAPI Advanced REST API v2", "description": " TazWorks offers background screening technology and the TazAPI for developers to build applications using its technology. The API features applicant management for CRAs, background check ordering, and client management functions. Methods are available to manage applications, clients, responses, data format, and custom interfaces.", "endpoint": "https://api-sandbox.instascreen.net/v2/", "homePage": "https://tazworks.com/api/", "primaryCategory": "Background", "secondaryCategories": "Human Resources", "provider": "TazWorks", "SSL_Support": "Yes", "authentication_Model": "Token", "version": "2", "versionStatus": "Recommended (active, supported)", "type": "Web/Internet", "architecturalStyle": "REST", "supportedRequestFormats": "JSON, URI Query String/CRUD", "supportedResponseFormats": "JSON", "restrictedAccess": "No"}