{"url": "https://www.programmableweb.com/api/adobe-target-reports-rest-api-v10", "name": "Adobe Target Reports REST API v1.0", "description": " The Adobe Target Reports API retrieves the performance report data for the AB activity referenced by the provided id. Users can retrieve peformance reports and activity reports with this API. Might require Adobe Cloud subscription to access APIs. Adobe Target allows marketers to personalize digital user experiences.", "endpoint": "N/A", "homePage": "http://developers.adobetarget.com/api/#reports", "primaryCategory": "Reporting", "secondaryCategories": "Customization, Data, Marketing", "provider": "Adobe", "SSL_Support": "Yes", "authentication_Model": "Other/Custom", "version": "1.0", "versionStatus": "Recommended (active, supported)", "type": "Product", "architecturalStyle": "REST", "supportedRequestFormats": "JSON, URI Query String/CRUD", "supportedResponseFormats": "JSON", "restrictedAccess": "No"}