{"url": "https://www.programmableweb.com/api/pushradar-rest-api-v1", "name": "PushRadar REST API v1", "description": " The PushRadar API delivers real-time notifications with several features including SSL protection, advanced targeting, and unlimited channels. PushRadar offers an integrated dashboard with analytics, and paid plans with different daily limits. The API supports 500, 2,000, 5,000, and 10,000 maximum connections depending on the chosen monthly fee.", "endpoint": "https://api.pushradar.com/v1", "homePage": "https://www.pushradar.com", "primaryCategory": "Real Time", "secondaryCategories": "Notifications", "provider": "StryboTech", "SSL_Support": "Yes", "authentication_Model": "API Key", "version": "1", "versionStatus": "Recommended (active, supported)", "type": "Web/Internet", "architecturalStyle": "REST", "supportedRequestFormats": "URI Query String/CRUD", "supportedResponseFormats": "JSON", "restrictedAccess": "Yes"}