{"url": "https://www.programmableweb.com/api/qliktag-smart-products-platform-rest-api-v30", "name": "Qliktag Smart Products Platform REST API v3.0", "description": " The Qliktag Platform offers enterprises a cloud IoT layer & tools to rapidly build Industry 4.0 solutions & applications scaled across millions of items with minimal coding. The Qliktag Platform API enables tagged items to easily send & receive information about themselves over the internet via a digital twin elevating them as smart products. Tagged items are any items with a barcode, QR code, NFC, RFID, Datamatrix, Databar, distinguishable label artwork, or a watermark. A tag in combination with a reader facilitates the communication between an item and its digital twin.", "endpoint": "https://demo.t.qliktag.com/api/entity/{entityCode}", "homePage": "https://www.qliktag.com/platform-architecture", "primaryCategory": "Products", "secondaryCategories": "Internet of Things", "provider": "Qliktag Software", "SSL_Support": "Yes", "authentication_Model": "App ID, Other/Custom, Token", "version": "3.0", "versionStatus": "Recommended (active, supported)", "type": "Web/Internet", "architecturalStyle": "REST", "supportedRequestFormats": "JSON, URI Query String/CRUD", "supportedResponseFormats": "JSON", "restrictedAccess": "No"}