{"url": "https://www.programmableweb.com/api/world-bank-indicator-rest-api-v2", "name": "World Bank Indicator REST API v2", "description": " The World Bank Indicator API returns indicator queries about population, gross national income, and energy use in JSON and XML formats. With the API, developers can create applications targeting countries in development with data about food security, climate change, and access to energy.", "endpoint": "http://api.worldbank.org/v2/indicator", "homePage": "https://datahelpdesk.worldbank.org/knowledgebase/articles/898599-indicator-api-q\u2026", "primaryCategory": "Demographics", "secondaryCategories": "Banking, Climate, Education, Energy, Financial", "provider": "World Bank Group", "SSL_Support": "Yes", "authentication_Model": "Unspecified", "version": "2", "versionStatus": "Recommended (active, supported)", "type": "Web/Internet", "architecturalStyle": "REST", "supportedRequestFormats": "URI Query String/CRUD", "supportedResponseFormats": "JSON, XML", "restrictedAccess": "No"}