{"url": "https://www.programmableweb.com/api/webit-computer-vision-rest-api-v1", "name": "Webit Computer Vision REST API v1", "description": " Computer Vision APIs are a bundle of cognitive services that will allow you to classify images with labels, detect scene of subjects and objects, analyze and describe an image with captions, perform OCR scanning on images and PDF documents, verify NSFW content with Webit Neural Machine technology.", "endpoint": "https://webit-computer-vision.p.rapidapi.com", "homePage": "https://webit.re/services/computer-vision", "primaryCategory": "Recognition", "secondaryCategories": "Adult, Classification, Content, Language, Languages, Natural Language Processing, OCR, Text", "provider": "webit", "SSL_Support": "Yes", "authentication_Model": "API Key", "version": "1", "versionStatus": "Recommended (active, supported)", "type": "Web/Internet", "architecturalStyle": "REST", "supportedRequestFormats": "JSON, URI Query String/CRUD", "supportedResponseFormats": "JSON", "restrictedAccess": "No"}