{"url": "https://www.programmableweb.com/api/wecashup-streaming-api-v20", "name": "WeCashUp Streaming API v2.0", "description": " The WeCashUp API allows developers to integrate the ability to accept mobile money payments across Africa into their own applications. [Welcome to WeCashUp , the new way of accepting Mobile Money payments across Africa with one single integration. The WeCashUp API is based on the REST architecture and uses the conventional HTTP response codes to indicate responses returned by our API. Our architecture is highly secure, so to securely interact with the WECASHUP API, all our partners must also secure the way they use API resources. The API uses JSON data format for all responses. With WeCashUp API, you can do the following CRUD operations. WeCashUp API use webhooks notifications to update merchants about event that occurs in the payment process and can affect customers experiences. Instead of obliging merchants to check if an important event happens by pulling the API, we automatically push relevant notification to merchants application. In your merchant dashboard, you can create as much as you need. For example, for a paid transaction, a suspicious transaction, a dispute, etc.. ]", "endpoint": "N/A", "homePage": "https://www.wecashup.com/docs/api", "primaryCategory": "Payments", "secondaryCategories": "African, Mobile", "provider": "WeCashUp", "SSL_Support": "Yes", "authentication_Model": "Unspecified", "version": "2.0", "versionStatus": "Recommended (active, supported)", "type": "Web/Internet", "architecturalStyle": "Streaming", "supportedRequestFormats": "Webhooks", "supportedResponseFormats": "JSON, URI Query String/CRUD", "restrictedAccess": "No"}