{"url": "https://www.programmableweb.com/api/meaningcloud-automatic-summarization-rest-api-v10", "name": "MeaningCloud Automatic Summarization REST API v1.0", "description": " The MeaningCloud Automatic Summarization API allows you to summarize the meaning of a document, extracting its most relevant sentences. Use it to make your processes more efficient by letting it help you decide which documents are the most interesting without having to read all their contents. This API locates the most relevant phrases in a document and builds a synopsis with them, so that you can quickly understand its ideas without having to read it in its entirety. You can specify the number of phrases you want the abstract to contain. This API is language independent so you can use it with texts/documents in any language. Formats supported:Markup language formatsHTMLXMLRSSGeneral text formatsPlain textRTFDocumentsPDFMicrosoft Office (Word, Excel, Powerpoint, Publisher, Outlook, Visio)Open Document Format (ODF) (writer, spreadsheet, presentation)OOXMLiWorkElectronic Publication Format (EPUB)Media file formats (Only the metadata associated to the file will be analyzed)AIFFWAVMidiAACASFFLACMS-WaveMPEGOgg/VorbisNist SphereSun AUAny email extension that complies with the Mbox format.The MeaningCloud Automatic Summarization API is currently in beta.", "endpoint": "https://api.meaningcloud.com/summarization-1.0", "homePage": "https://www.meaningcloud.com/products/automatic-summarization", "primaryCategory": "Summary", "secondaryCategories": "Natural Language Processing", "provider": "MeaningCloud", "SSL_Support": "Yes", "authentication_Model": "N/A", "version": "1.0", "versionStatus": "Recommended (active, supported)", "type": "Web/Internet", "architecturalStyle": "REST", "supportedRequestFormats": "URI Query String/CRUD", "supportedResponseFormats": "JSON, XML", "restrictedAccess": "No"}