{"url": "https://www.programmableweb.com/api/ambient-weather-rest-api-v1", "name": "Ambient Weather REST API v1", "description": " The Ambient Weather API enables personal weather data dashboards in applications by providing a MAC address. The API can be used to query device data. Requests are capped at 1 request per second for each users' API Key, and 3 requests per second per Application Key. The Ambient Weather API supports JSON formatted responses.", "endpoint": "https://api.ambientweather.net/v1/", "homePage": "https://ambientweather.docs.apiary.io/", "primaryCategory": "Weather", "secondaryCategories": "Dashboards", "provider": "Ambient Weather", "SSL_Support": "Yes", "authentication_Model": "API Key", "version": "1", "versionStatus": "Recommended (active, supported)", "type": "of License if Non Proprietary https://ambientweather.docs.apiary.io/api-description-document", "architecturalStyle": "REST", "supportedRequestFormats": "JSON, URI Query String/CRUD", "supportedResponseFormats": "JSON", "restrictedAccess": "Yes"}