{"url": "https://www.programmableweb.com/api/fantasydata-ncaa-football-stats-rest-api-v3", "name": "FantasyData NCAA Football Stats REST API v3", "description": " FantasyData.com provides developers, the fantasy community, and media clients around the world with real-time content and statistical data of different sports disciplines. Its product portfolio features a variety of fantasy sports, web applications, and a host of RESTful APIs that include the NCAA Football Stats API. The FantasyData NCAA Football Stats API supports real time transmission of weekly and seasonal NFL statistics including player and team game stats, player profiles, box scores, player game stats by player, and player game stats by team. Developers can deploy the API in website automation or application integration. The API returns responses in either JSON or XML format.", "endpoint": "https://api.fantasydata.net/v3/cfb/stats/", "homePage": "https://developer.fantasydata.com/docs/services/57c4406d14338d1bc0823183/operati\u2026", "primaryCategory": "Sports", "secondaryCategories": "Fantasy Sports, Games, Statistics", "provider": "FantasyData", "SSL_Support": "Yes", "authentication_Model": "API Key", "version": "3", "versionStatus": "Recommended (active, supported)", "type": "Web/Internet", "architecturalStyle": "REST", "supportedRequestFormats": "URI Query String/CRUD", "supportedResponseFormats": "JSON, XML", "restrictedAccess": "No"}