{"url": "https://www.programmableweb.com/api/trello-rest-api-v1", "name": "Trello REST API v1", "description": " Trello is an online project management and collaboration platform. Users can manage their projects on Trello boards that display the various aspects of their projects, such as what has been done and who is working on what. The Trello API allows developers to access and integrate the data and functionality of Trello with other applications and to create new applications. Some example API methods include retrieving project information, managing user information, and viewing lists and tasks.", "endpoint": "https://api.trello.com/1", "homePage": "https://developers.trello.com/v1.0/reference#introduction", "primaryCategory": "Project Management", "secondaryCategories": "Collaboration, Tasks", "provider": "Trello", "SSL_Support": "Yes", "authentication_Model": "API Key, OAuth 2, Token", "version": "1", "versionStatus": "Recommended (active, supported)", "type": "Web/Internet", "architecturalStyle": "REST", "supportedRequestFormats": "JSON, URI Query String/CRUD", "supportedResponseFormats": "JSON", "restrictedAccess": "No"}