{"url": "https://www.programmableweb.com/api/hmrc-uk-tax-filing-view-obligations-rest-api-v10", "name": "HMRC UK Tax Filing View Obligations REST API v1.0", "description": " UK Goverment - Making Tax Digital introduces digital record-keeping for VAT-registered businesses. For businesses that are above the VAT threshold, it is mandatory to use this service. Those that are below the threshold can use this service voluntarily. HMRC customers (and their agents) will use digital record-keeping software to interact directly with our systems via the MTD APIs. The MTD VAT API allows software to supply business financial data to HMRC, so that clients can fulfil their obligations.", "endpoint": "N/A", "homePage": "https://developer.service.hmrc.gov.uk/", "primaryCategory": "Taxes", "secondaryCategories": "N/A", "provider": "Crown", "SSL_Support": "Yes", "authentication_Model": "OAuth 2", "version": "1.0", "versionStatus": "Active (supported, scheduled for retirement)", "type": "Web/Internet", "architecturalStyle": "REST", "supportedRequestFormats": "JSON", "supportedResponseFormats": "JSON", "restrictedAccess": "No"}