{"url": "https://www.programmableweb.com/api/water-data-texas-rest-api-v1", "name": "Water Data for Texas REST API v1", "description": " Texas Water Development Board offers the Water Data for Texas API to provide developers with data about autonomous continuous monitoring at fixed stations, Texas Parks and Wildlife Coastal Fisheries spot measurement datasets, Texas Water Development Board's historical bays and estuaries freshwater inflow data, inflow data for a watershed or subwatershed, geographic boundaries of basins, bays, estuaries, and watersheds in GeoJSON format.", "endpoint": "https://waterdatafortexas.org/coastal/api/", "homePage": "https://waterdatafortexas.org/api", "primaryCategory": "Water", "secondaryCategories": "N/A", "provider": "Texas Water Development Board", "SSL_Support": "Yes", "authentication_Model": "Unspecified", "version": "1", "versionStatus": "Recommended (active, supported)", "type": "Web/Internet", "architecturalStyle": "REST", "supportedRequestFormats": "JSON", "supportedResponseFormats": "GeoJSON, JSON", "restrictedAccess": "No"}