{"url": "https://www.programmableweb.com/api/google-analytics-core-reporting-rest-api-v4", "name": "Google Analytics Core Reporting REST API v4", "description": " Google Analytics Core Reporting API can build customized dashboards to show Google Analytics Data, automate reporting assignments, and integrate Google Analytics information. A reference guide shows steps to facilitate development. Elements include requests with query parameters, responses with formats, and samples with results. Google Helpouts are available to assist with questions. Camera, mic, and speakers should function efficiently to interact with an expert.", "endpoint": "https://analyticsreporting.googleapis.com", "homePage": "https://developers.google.com/analytics/devguides/reporting/core/v4/", "primaryCategory": "Reporting", "secondaryCategories": "Analytics, Automation, Dashboards, Data", "provider": "Google", "SSL_Support": "Yes", "authentication_Model": "OAuth 2, Token", "version": "4", "versionStatus": "Recommended (active, supported)", "type": "Web/Internet", "architecturalStyle": "REST", "supportedRequestFormats": "URI Query String/CRUD", "supportedResponseFormats": "JSON", "restrictedAccess": "No"}