{"url": "https://www.programmableweb.com/api/audio-captcha-rest-api-v10", "name": "Audio Captcha REST API v1.0", "description": " This is a speech to text API that is specifically designed to understand audio generated by \"Audio Captcha\" mechanisms. It can take audio data as input (URL or Base64 encoded), and return the letters/numbers contained in that audio.", "endpoint": "https://audio-captcha.p.rapidapi.com/AudioCaptchaLambda", "homePage": "https://rapidapi.com/appaio/api/audio-captcha/", "primaryCategory": "Audio", "secondaryCategories": "Captcha, Text-to-Speech", "provider": "Infinite Loop Development", "SSL_Support": "Yes", "authentication_Model": "API Key", "version": "1.0", "versionStatus": "Recommended (active, supported)", "type": "Standard", "architecturalStyle": "REST", "supportedRequestFormats": "JSON, Text", "supportedResponseFormats": "JSON, Text", "restrictedAccess": "No"}