{"url": "https://www.programmableweb.com/api/evil-insult-rest-api-v1", "name": "Evil Insult REST API v1", "description": " The Evil Insult API enables applications to generate insults. Get requests will produce JSON formatted insults.", "endpoint": "https://evilinsult.com/generate_insult.php?lang=en&amp;type=json", "homePage": "https://evilinsult.com/api/", "primaryCategory": "Humor", "secondaryCategories": "N/A", "provider": "Independent Developer", "SSL_Support": "Yes", "authentication_Model": "Unspecified", "version": "1", "versionStatus": "Recommended (active, supported)", "type": "of License if Non Proprietary The Unlicense", "architecturalStyle": "REST", "supportedRequestFormats": "JSON", "supportedResponseFormats": "JSON", "restrictedAccess": "No"}