{"url": "https://www.programmableweb.com/api/talonone-rest-api-v1", "name": "Talon.One REST API v1", "description": " The Talon.One API integrates promotion engine features including referrals, coupons, discounts, and loyalty programs. The Integration endpoint enables users to create customer profiles, track actions with custom events, and more. The Management endpoint returns all information about user applications, campaigns, rulesets, and attributes. Talon.One promotion engine enables users to create and manage coupon codes, discounts, loyalty programs, referral rewards, and product bundlings in one system. Developers can authenticate via an API Key. Target industries cover eCommerce, eSports, marketplace, telecommunication, travel, car rental, and airlines.", "endpoint": "https://demo.talon.one/v1/", "homePage": "https://developers.talon.one/integration-api/", "primaryCategory": "Loyalty", "secondaryCategories": "Coupons, Discounts, eCommerce, Referrals", "provider": "European Regional Development Fund", "SSL_Support": "Yes", "authentication_Model": "API Key", "version": "1", "versionStatus": "Recommended (active, supported)", "type": "Web/Internet", "architecturalStyle": "REST", "supportedRequestFormats": "JSON, URI Query String/CRUD", "supportedResponseFormats": "JSON", "restrictedAccess": "No"}