{"url": "https://www.programmableweb.com/api/ukfast-safedns-rest-api-v10", "name": "UKFast SafeDNS REST API v1.0", "description": " The UKFast SafeDNS\u2122 API provides a way to control your web domains simply using the UKFast DNS management system. It enables you with full administrative privileges to control your web domains within the safeDNS\u2122 control panel. The UKFast Developer APIs allow you to integrate UKFast products and services into systems and software and provides a way to automate processes that are normally controlled from the MyUKFast control panel. UKFast is managed hosting and cloud specialists services for online businesses growth with a focus on speed and innovation.", "endpoint": "https://api.ukfast.io/safedns/v1", "homePage": "https://www.ukfast.co.uk/dns-hosting.html", "primaryCategory": "Cloud", "secondaryCategories": "Business, Domains, Management", "provider": "UKFast", "SSL_Support": "Yes", "authentication_Model": "API Key, Token", "version": "1.0", "versionStatus": "Recommended (active, supported)", "type": "Web/Internet", "architecturalStyle": "REST", "supportedRequestFormats": "JSON, URI Query String/CRUD", "supportedResponseFormats": "JSON", "restrictedAccess": "No"}