{"url": "https://www.programmableweb.com/api/autodesk-forge-3d-print-rest-api-v1", "name": "Autodesk Forge 3D Print REST API v1", "description": " The Autodesk Forge 3D Print API offers 3D printing functionality to existing applications. Additionally, it serves as a printing infrastructure for printer manufacturers. Autodesk is a California based design and business firm that provides industry leading software such as AutoCAD, Maya, and Fusion 360.", "endpoint": "http://www.autodesk.com", "homePage": "https://developer.autodesk.com/en/docs/print/v1/overview/", "primaryCategory": "3D", "secondaryCategories": "Design, Printing", "provider": "Autodesk", "SSL_Support": "No", "authentication_Model": "Token", "version": "1", "versionStatus": "Recommended (active, supported)", "type": "Web/Internet", "architecturalStyle": "REST", "supportedRequestFormats": "URI Query String/CRUD", "supportedResponseFormats": "CSV, GeoJSON, JSON, XML", "restrictedAccess": "Yes"}