{"url": "https://www.programmableweb.com/api/icepay-soap-rpc-api-v170", "name": "ICEPAY SOAP RPC API v1.7.0", "description": " The ICEPAY SOAP API can process payments, transactions, and checkouts using XML format. The checkout web service targets online games, auction websites, and eCommerce stores.", "endpoint": "https://connect.icepay.com/webservice/ICEPAY.svc", "homePage": "https://icepay.com/downloads/tech-docs/icepay_webservice.pdf", "primaryCategory": "Payments", "secondaryCategories": "eCommerce, European, Transactions", "provider": "ICEPAY", "SSL_Support": "Yes", "authentication_Model": "HTTP Basic Auth", "version": "1.7.0", "versionStatus": "Recommended (active, supported)", "type": "Web/Internet", "architecturalStyle": "RPC", "supportedRequestFormats": "WSDL, XML", "supportedResponseFormats": "XML", "restrictedAccess": "No"}