{"url": "https://www.programmableweb.com/api/movie-database-tmdb-rest-api-v30", "name": "The Movie Database (TMDb) REST API v3.0", "description": " The TMDb API is a resource for any developers that want to integrate movie, TV show and cast data along with posters or movie fan art. themoviedb.org is a free and community edited database.", "endpoint": "https://api.themoviedb.org/3/ ", "homePage": "https://www.themoviedb.org/documentation/api", "primaryCategory": "Entertainment", "secondaryCategories": "Movies, Reference, TV, Video", "provider": "TMDb", "SSL_Support": "Yes", "authentication_Model": "API Key, Session, Token", "version": "3.0", "versionStatus": "Recommended (active, supported)", "type": "Web/Internet", "architecturalStyle": "REST", "supportedRequestFormats": "JSON, JSONP, URI Query String/CRUD", "supportedResponseFormats": "JSON, JSONP", "restrictedAccess": "No"}