{"url": "https://www.programmableweb.com/api/flightlabs-rest-api-v10", "name": "FlightLabs REST API v1.0", "description": " FlightLabs is a platform that provides global flight status from various airlines and airports in real-time. Our API provides live data for flights, airports, schedules, timetables, IATA codes, and more. API and documentation available by request.", "endpoint": "https://goflightlabs.com/", "homePage": "https://goflightlabs.com/", "primaryCategory": "Travel", "secondaryCategories": "Air Travel", "provider": "Zyla Labs", "SSL_Support": "Yes", "authentication_Model": "Unspecified", "version": "1.0", "versionStatus": "Recommended (active, supported)", "type": "Web/Internet", "architecturalStyle": "REST", "supportedRequestFormats": "JSON, URI Query String/CRUD", "supportedResponseFormats": "JSON", "restrictedAccess": "No"}