{"url": "https://www.programmableweb.com/api/links-cafe-rest-api-v10", "name": "Links Cafe REST API v1.0", "description": " Links Cafe is a place to store your favorite links and read the latest news. The Links Cafe API offers programmatic access to update, backup, and/or restore saved links and news-feeds. Swagger documentation is provided. The service also returns trending Git repos and trending Git developers.", "endpoint": "https://www.links.cafe/api/v1/", "homePage": "https://www.links.cafe/apidoc", "primaryCategory": "News Services", "secondaryCategories": "Storage", "provider": "Links Cafe", "SSL_Support": "Yes", "authentication_Model": "HTTP Basic Auth", "version": "1.0", "versionStatus": "Recommended (active, supported)", "type": "Web/Internet", "architecturalStyle": "REST", "supportedRequestFormats": "JSON", "supportedResponseFormats": "JSON", "restrictedAccess": "Yes"}