{"url": "https://www.programmableweb.com/api/dartfishtv-rest-api-v1", "name": "Dartfish.tv REST API v1", "description": " Dartfish provides video analysis for detecting vulnerabilities, improving performance, and reducing injuries in athletics, healthcare and education industries. The Dartfish.tv API offers programmatic access to a users's Dartfish.tv channel content, exclusive collections, specific videos, events in specific videos, and other functions.", "endpoint": "https://api.dartfish.tv/v1", "homePage": "https://api.dartfish.tv/", "primaryCategory": "Video", "secondaryCategories": "Analytics, Safety, Security", "provider": "Dartfish.tv", "SSL_Support": "Yes", "authentication_Model": "API Key", "version": "1", "versionStatus": "Recommended (active, supported)", "type": "Web/Internet", "architecturalStyle": "REST", "supportedRequestFormats": "JSON", "supportedResponseFormats": "JSON", "restrictedAccess": "No"}