{"url": "https://www.programmableweb.com/api/modern-pricing-rest-api-v1", "name": "Modern Pricing REST API v1", "description": " The Modern Pricing API returns JSON data with dynamic pricing recommendations for potential customers. Modern Pricing uses a scoring algorithm based on disposable income, socioeconomic status, area of residence, time based trends and other factors to determine pricing. Companies that integrate dynamic pricing can offer the best price available to users with memberships. Revenue has been shown to increase by 30% when implementing the API.", "endpoint": "https://modernpricing.com/v1", "homePage": "https://modernpricing.com/docs", "primaryCategory": "Prices", "secondaryCategories": "Business", "provider": "Modern Pricing", "SSL_Support": "Yes", "authentication_Model": "Token", "version": "1", "versionStatus": "Recommended (active, supported)", "type": "Web/Internet", "architecturalStyle": "REST", "supportedRequestFormats": "JSON, URI Query String/CRUD", "supportedResponseFormats": "JSON", "restrictedAccess": "No"}