{"url": "https://www.programmableweb.com/api/enablex-server-rest-api-v10", "name": "EnableX Server REST API v1.0", "description": " The EnableX Server API is used to create a room to carry out an RTC session, update room information, delete a room and more. This service uses HTTP Basic to authenticate API calls that are validated via the authentication header and returns JSON. EnableX is a communication platform that allows you to embed video/voice calls and messaging into applications and websites.", "endpoint": "ttps://api.enablex.io/v1/rooms", "homePage": "https://developer.enablex.io/api/server-api", "primaryCategory": "Platform-as-a-Service", "secondaryCategories": "Messaging, Telephony, Video, WebRTC", "provider": "VCLOUDX", "SSL_Support": "Yes", "authentication_Model": "API Key, App ID, HTTP Basic Auth", "version": "1.0", "versionStatus": "Recommended (active, supported)", "type": "Web/Internet", "architecturalStyle": "REST", "supportedRequestFormats": "JSON, URI Query String/CRUD", "supportedResponseFormats": "JSON", "restrictedAccess": "No"}