{"url": "https://www.programmableweb.com/api/pitney-bowes-geo-route-rest-api-v1", "name": "Pitney Bowes Geo Route REST API v1", "description": " The Pitney Bowes Geo Route API returns Point-to-Point and Multi-Point Travel Directions based on travel modes. Developers can use the API for simple or complex routing requirement. API Key is required to authenticate and make URI requests that return JSON responses. Free trial and enterprise plans available.", "endpoint": "https://api.pitneybowes.com/location-intelligence/georoute/v1", "homePage": "https://locate.pitneybowes.com/georoute", "primaryCategory": "Mapping", "secondaryCategories": "Location, Travel", "provider": "Pitney Bowes", "SSL_Support": "Yes", "authentication_Model": "App ID", "version": "1", "versionStatus": "Recommended (active, supported)", "type": "Web/Internet", "architecturalStyle": "REST", "supportedRequestFormats": "JSON, URI Query String/CRUD", "supportedResponseFormats": "JSON", "restrictedAccess": "Yes"}