{"url": "https://www.programmableweb.com/api/prebid-publisher-rest-api-v10", "name": "Prebid Publisher REST API v1.0", "description": " The Prebid Publisher API returns information related to advertising units, prices and price granularity, bidders, and more. Prebid allows developers to implement header bidding with applications. Publishers can integrate with Prebid to receive bids unavailable to their primary server. Prebid Server can be used to reduce the latency associated with adding more partners.", "endpoint": "N/A", "homePage": "http://prebid.org/dev-docs/getting-started.html", "primaryCategory": "Auctions", "secondaryCategories": "Advertising, Publishing", "provider": "Prebid", "SSL_Support": "No", "authentication_Model": "Unspecified", "version": "1.0", "versionStatus": "Recommended (active, supported)", "type": "Web/Internet", "architecturalStyle": "REST", "supportedRequestFormats": "JSON, URI Query String/CRUD", "supportedResponseFormats": "JSON", "restrictedAccess": "No"}