{"url": "https://www.programmableweb.com/api/opensong-rest-api-v10", "name": "OpenSong REST API v1.0", "description": " The OpenSong API is used to automate and manage project songs, lyrics, chords, scripture fragments, images, and videos. Responses are XML formatted. OpenSong supports lyrics projection and chord transposing, and supports verse by verse bible passage presentations.", "endpoint": "http://localhost:8082/presentation/status", "homePage": "http://www.opensong.org/home/api", "primaryCategory": "Music", "secondaryCategories": "Lyrics, Presentations, Religion", "provider": "OpenSong", "SSL_Support": "Yes", "authentication_Model": "API Key", "version": "1.0", "versionStatus": "Recommended (active, supported)", "type": "Product", "architecturalStyle": "REST", "supportedRequestFormats": "URI Query String/CRUD", "supportedResponseFormats": "XML", "restrictedAccess": "Yes"}