{"url": "https://www.programmableweb.com/api/nice-incontact-media-playback-rest-api-v10", "name": "NICE inContact Media Playback REST API v1.0", "description": " The NICE inContact Media Playback API allows developers to access CXone recording media. For a given interaction, the API will transfer the interaction's metadata and either the transcript (for chat and emails) or a link to the media file (for voice-only and voice-and-screen). NICE inContact is a cloud-based customer experience platform that combines omnichannel routing, workforce optimization, analytics, automation, and artificial intelligence.", "endpoint": "N/A", "homePage": "https://developer.niceincontact.com/API/MediaPlaybackAPI", "primaryCategory": "Customer Relationship Management", "secondaryCategories": "Media, Voice", "provider": "NICE inContact", "SSL_Support": "No", "authentication_Model": "API Key, Token", "version": "1.0", "versionStatus": "Recommended (active, supported)", "type": "Web/Internet", "architecturalStyle": "REST", "supportedRequestFormats": "URI Query String/CRUD", "supportedResponseFormats": "JSON", "restrictedAccess": "No"}