{"url": "https://www.programmableweb.com/api/skyscanner-referrals-service-rest-api-v10", "name": "Skyscanner Referrals Service REST API v1.0", "description": " This API is a referral service that allows you access to the required Skyscanner web page based on the given query including; date, origin and/or destination. Skyscanner is a global travel search engine that you can plan and book directly from millions of travel options.", "endpoint": "http://partners.api.skyscanner.net/apiservices/referral/v1.0/{market}/{currency}/{locale}/{originPlace}/{destinationPlace}/{outboundPartialDate}/{inboundPartialDate}?apiKey={shortApiKey}", "homePage": "http://business.skyscanner.net/portal/en-GB/Documentation/Referrals", "primaryCategory": "Travel", "secondaryCategories": "Referrals", "provider": "Skyscanner", "SSL_Support": "No", "authentication_Model": "API Key", "version": "1.0", "versionStatus": "Recommended (active, supported)", "type": "Web/Internet", "architecturalStyle": "REST", "supportedRequestFormats": "URI Query String/CRUD", "supportedResponseFormats": "XML", "restrictedAccess": "Yes"}