{"url": "https://www.programmableweb.com/api/simpro-rest-api-v10", "name": "simPRO REST API v1.0", "description": " The simPRO API is a RESTful service that allows you to view, create or edit resources on any simPRO Enterprise Service system. simPRO is a global software company that develops job management cloud-based solutions for the trade services industry.", "endpoint": "N/A", "homePage": "http://developer.simprogroup.com/apidoc/", "primaryCategory": "Enterprise", "secondaryCategories": "Accounting, Business, Customer Relationship Management, Tools", "provider": "simPRO Software", "SSL_Support": "Yes", "authentication_Model": "API Key, OAuth 2", "version": "1.0", "versionStatus": "Recommended (active, supported)", "type": "Web/Internet", "architecturalStyle": "REST", "supportedRequestFormats": "JSON, URI Query String/CRUD", "supportedResponseFormats": "JSON", "restrictedAccess": "No"}