{"url": "https://www.programmableweb.com/api/vouchr-indirect-api-v1", "name": "Vouchr Indirect API v1", "description": " Vouchr provides an SDK to power gifting experiences for money transfer, digital prepaid, rewards, employee recognition, crypto, NFTs and more. The Vouchr API is accessible indirectly via JavaScript SDK.", "endpoint": "N/A", "homePage": "https://na.vouchrsdk.com/", "primaryCategory": "Gifts", "secondaryCategories": "Rewards", "provider": "Vouchr", "SSL_Support": "Yes", "authentication_Model": "Unspecified", "version": "1", "versionStatus": "Recommended (active, supported)", "type": "Web/Internet", "architecturalStyle": "Indirect", "supportedRequestFormats": "Unspecified", "supportedResponseFormats": "Unspecified", "restrictedAccess": "No"}