{"url": "https://www.programmableweb.com/api/payumoney-rest-api-v1", "name": "PayUMoney REST API v1", "description": " The PayUMoney API returns data of payment inquiries. Developers can make calls over HTTP with JSON format, authenticating via merchant key. Version 1 Swagger is available for download.", "endpoint": "https://test.payumoney.com/payment", "homePage": "https://www.payumoney.com/dev-guide/apireference.html#operation/getPaymentRespon\u2026", "primaryCategory": "Payments", "secondaryCategories": "Transactions", "provider": "PayU", "SSL_Support": "Yes", "authentication_Model": "API Key", "version": "1", "versionStatus": "Recommended (active, supported)", "type": "Product", "architecturalStyle": "REST", "supportedRequestFormats": "JSON, URI Query String/CRUD", "supportedResponseFormats": "JSON", "restrictedAccess": "No"}