{"url": "https://www.programmableweb.com/api/weatherbit-subscription-limits-rest-api-v20", "name": "Weatherbit Subscription Limits REST API v2.0", "description": " The Weatherbit Subscription Limits API provides the current Weather API usage summary for your API key subscription. Weatherbit.io is historical weather, current weather, and forecasts API's.", "endpoint": "https://api.weatherbit.io/v2.0/subscription/usage", "homePage": "https://www.weatherbit.io/api/subscription-usage", "primaryCategory": "Weather", "secondaryCategories": "Accounts, Subscriptions, Summary", "provider": "Weatherbit", "SSL_Support": "Yes", "authentication_Model": "API Key", "version": "2.0", "versionStatus": "Recommended (active, supported)", "type": "Web/Internet", "architecturalStyle": "REST", "supportedRequestFormats": "JSON, JSONP, URI Query String/CRUD", "supportedResponseFormats": "JSON, JSONP", "restrictedAccess": "No"}