{"url": "https://www.programmableweb.com/api/amazon-alexa-voice-service-rest-api-v2", "name": "Amazon Alexa Voice Service REST API v2", "description": " The Alexa Voice Service (AVS) is a component of Amazon\u2019s Alexa Skills Kit. When deploying the Amazon Alexa Voice Service API developers can use microphones and speakers to enable the voice functionality in cloud-connected products. The voice integration transforms the products into Alexa-compliant gadgets capable of accessing a variety of functionalities such as audio playback and speech recognition as well as volume control. The API sends requests and returns responses in JSON format. Developers must use the Login with Amazon portal to access the API\u2019s authentication token.", "endpoint": "https://avs-alexa-na.amazon.com", "homePage": "https://developer.amazon.com/public/solutions/alexa/alexa-voice-service/content/\u2026", "primaryCategory": "Internet of Things", "secondaryCategories": "Audio, Integration, Streaming, Voice", "provider": "Amazon", "SSL_Support": "Yes", "authentication_Model": "Token", "version": "2", "versionStatus": "Recommended (active, supported)", "type": "Product", "architecturalStyle": "REST", "supportedRequestFormats": "URI Query String/CRUD", "supportedResponseFormats": "JSON", "restrictedAccess": "Yes"}