{"url": "https://www.programmableweb.com/api/gazepass-rest-api-v1", "name": "gazepass REST API v1", "description": " The gazepass API provides a password-less way to authenticate users for applications and websites. The service allows users to log in using biometrics across all of their devices, regardless of whether or not they have a specialized biometric sensor. Javascript, NodeJS, Python, PHP and GoLang SDKs are available.", "endpoint": "https://api.gazepass.com/", "homePage": "https://docs.gazepass.com/", "primaryCategory": "Authentication", "secondaryCategories": "Biometrics, Identity, Security, Verification", "provider": "gazepass", "SSL_Support": "Yes", "authentication_Model": "API Key", "version": "1", "versionStatus": "Recommended (active, supported)", "type": "Web/Internet", "architecturalStyle": "REST", "supportedRequestFormats": "URI Query String/CRUD", "supportedResponseFormats": "JSON", "restrictedAccess": "No"}