{"url": "https://www.programmableweb.com/api/mad-devs-mad-location-manager-indirect-api-v10", "name": "Mad Devs Mad Location Manager Indirect API v1.0", "description": " The Mad Devs Mad Location Manager Indirect API integrates GPS and accelerometer data into location applications. It features data \"fusion\" with Kalman filter functions. All code is written in Java. It helps to increase position accuracy and GPS distance calculation on Android devices for the driver's and couriers' apps. And also, it may be used for precise tracking in on-demand services.", "endpoint": "https://gps.maddevs.io/en", "homePage": "https://github.com/maddevsio/mad-location-manager", "primaryCategory": "Transportation", "secondaryCategories": "Location", "provider": "Mad Devs", "SSL_Support": "Yes", "authentication_Model": "Unspecified", "version": "1.0", "versionStatus": "Recommended (active, supported)", "type": "Web/Internet", "architecturalStyle": "Indirect", "supportedRequestFormats": "Unspecified", "supportedResponseFormats": "Unspecified", "restrictedAccess": "No"}