{"url": "https://www.programmableweb.com/api/bing-maps-rest-api-v10", "name": "Bing Maps REST API v1.0", "description": " The Bing Maps REST Services is a REST API that allows you to perform tasks like finding an address, retrieving a map with a pushpin and a label, or getting driving directions. It provides a way to create a static map with pushpins, geocoding an address, retrieving imagery metadata, or creating a route etc. Microsoft Bing is a web search engine.", "endpoint": "http://dev.virtualearth.net/REST/v1", "homePage": "https://docs.microsoft.com/en-us/bingmaps/rest-services", "primaryCategory": "Mapping", "secondaryCategories": "Viewer", "provider": "Microsoft", "SSL_Support": "Yes", "authentication_Model": "API Key", "version": "1.0", "versionStatus": "Recommended (active, supported)", "type": "Web/Internet", "architecturalStyle": "REST", "supportedRequestFormats": "JSON, URI Query String/CRUD", "supportedResponseFormats": "JSON, XML", "restrictedAccess": "No"}