{"url": "https://www.programmableweb.com/api/cors-scan-rest-api-v11", "name": "CORS Scan REST API v1.1", "description": " Enter a domain and we'll scan for CORS misconfigurations and return a report in JSON format. This API helps website administrators and penetration testers to check whether the domains and URLs they are targeting have insecure CORS policies. Use Case: Monitor Web Assets for CORS Vulnerabilities Recommended User: Website owner or security engineer", "endpoint": "https://rapidapi.com/hailbytes-hailbytes-default/api/cors-scan/", "homePage": "https://rapidapi.com/hailbytes-hailbytes-default/api/cors-scan/", "primaryCategory": "Business", "secondaryCategories": "Domains, Search, Security", "provider": "Hailbytes", "SSL_Support": "Yes", "authentication_Model": "API Key", "version": "1.1", "versionStatus": "Recommended (active, supported)", "type": "Web/Internet", "architecturalStyle": "REST", "supportedRequestFormats": "JSON, URI Query String/CRUD", "supportedResponseFormats": "JSON", "restrictedAccess": "No"}