{"url": "https://www.programmableweb.com/api/lucid-meetings-rest-api-v10", "name": "Lucid Meetings REST API v1.0", "description": " The Lucid Meetings API enables users to manage everything they may need to run meetings via the Lucid Meetings platform. It is a REST API that uses resource-oriented URLs with request and response bodies that are JSON encoded. This API is authenticated using a token over HTTPS to call GET methods. Lucid is a recognized leader and provider of online meeting management software.", "endpoint": "https://site.lucidmeetings.com/lucid/api/v1", "homePage": "https://meet.lucidmeetings.com/lucid/api/v1", "primaryCategory": "Meetings", "secondaryCategories": "Management", "provider": "Lucid Meetings", "SSL_Support": "Yes", "authentication_Model": "API Key, Token", "version": "1.0", "versionStatus": "Recommended (active, supported)", "type": "Web/Internet", "architecturalStyle": "REST", "supportedRequestFormats": "JSON, URI Query String/CRUD", "supportedResponseFormats": "JSON", "restrictedAccess": "No"}