{"url": "https://www.programmableweb.com/api/apiip-rest-api-v106", "name": "Apiip REST API v1.0.6", "description": " Apiip.net is an API service allowing customers to automate IP address validation and geolocation lookup in websites, applications, and back-office systems. The API returns continent code & name, country name, city, postal code, geocoordinates, capitol, phone number, flag, languages and more.", "endpoint": "https://apiip.net/api/check", "homePage": "https://apiip.net/", "primaryCategory": "Location", "secondaryCategories": "Addresses, Data", "provider": "Apiip.net", "SSL_Support": "Yes", "authentication_Model": "API Key", "version": "1.0.6", "versionStatus": "Recommended (active, supported)", "type": "Web/Internet", "architecturalStyle": "REST", "supportedRequestFormats": "JSON", "supportedResponseFormats": "JSON, JSONP, XML", "restrictedAccess": "No"}