{"url": "https://www.programmableweb.com/api/vak%C4%B1fbank-atm-list-rest-api-v10", "name": "Vak\u0131fbank ATM List REST API v1.0", "description": " This Vak\u0131fbank API returns the information about Vak\u0131fbank bank ATMs . ATMs are filtered by region. Output information includes ATM code, ATM name, city code, district code, ATM address, ATM currency code, suitability status, location code, service code, latitude, and longitude. Vak\u0131fBank is a financial services company based in Turkey.", "endpoint": "https://apiportal.vakifbank.com.tr:8443", "homePage": "https://apiportal.vakifbank.com.tr/en/documentation/InformationServices", "primaryCategory": "Banking", "secondaryCategories": "Financial, Open Banking", "provider": "Vak\u0131fBank", "SSL_Support": "Yes", "authentication_Model": "OAuth 2", "version": "1.0", "versionStatus": "Recommended (active, supported)", "type": "Web/Internet", "architecturalStyle": "REST", "supportedRequestFormats": "JSON", "supportedResponseFormats": "JSON", "restrictedAccess": "No"}