{"url": "https://www.programmableweb.com/api/spyfu-core-rest-api-v1", "name": "SpyFu Core REST API v1", "description": " The SpyFu Core API searches for a competitor, downloads their keywords, gets stats like Ad Budget for domains, and access keyword stats like CPC and search volume. SpyFu provides competitive keyword research tools for AdWords SEO.", "endpoint": "https://www.spyfu.com/apis/core_api/", "homePage": "https://www.spyfu.com/api/docs/core", "primaryCategory": "SEO", "secondaryCategories": "Domains, Keywords, Search", "provider": "SpyFu", "SSL_Support": "Yes", "authentication_Model": "API Key", "version": "1", "versionStatus": "Recommended (active, supported)", "type": "Web/Internet", "architecturalStyle": "REST", "supportedRequestFormats": "JSON, URI Query String/CRUD", "supportedResponseFormats": "JSON", "restrictedAccess": "No"}