{"url": "https://www.programmableweb.com/api/generated-photos-rest-api-v10", "name": "Generated Photos REST API v1.0", "description": " The Generated Photos API creates photos of people who don't exist based on artificial intelligence. Developers may use Generated Photos to build chatbots, prototyping and design, advertising, gaming, research applications, and identity protection applications. The API offers a REST interface, API documentation, and an API Key when developers sign up.", "endpoint": "https://generated.photos/api", "homePage": "https://generated.photos/api", "primaryCategory": "Photos", "secondaryCategories": "Artificial Intelligence, Machine Learning", "provider": "Generated Media", "SSL_Support": "Yes", "authentication_Model": "API Key", "version": "1.0", "versionStatus": "Pre-release", "type": "Web/Internet", "architecturalStyle": "REST", "supportedRequestFormats": "Unspecified", "supportedResponseFormats": "Unspecified", "restrictedAccess": "No"}