{"url": "https://www.programmableweb.com/api/pdfco-image-to-pdf-rest-api-v1", "name": "PDF.co Image to PDF REST API v1", "description": " The PDF.Co Image to PDF API converts images to PDF format. Developers can use an API Key to authenticate, send GET requests, and receive JSON responses in return.", "endpoint": "https://api.pdf.co/v1/pdf/convert/from/image", "homePage": "https://pdf.co/jpg-to-pdf-online", "primaryCategory": "PDF", "secondaryCategories": "Barcodes, Electronic Signature, Images", "provider": "ByteScout, PDF.co", "SSL_Support": "Yes", "authentication_Model": "API Key", "version": "1", "versionStatus": "Recommended (active, supported)", "type": "Web/Internet", "architecturalStyle": "REST", "supportedRequestFormats": "JSON, URI Query String/CRUD", "supportedResponseFormats": "JSON", "restrictedAccess": "No"}