{"url": "https://www.programmableweb.com/api/hotstoks-rest-api-v10", "name": "Hotstoks REST API v1.0", "description": " Hotstoks API provides near real-time data from several stock market data sources plus, pre-computing metrics like percentage performance across many indicators like price, volume, 52 weeks high and low, moving averages, and more. The API is built on top of AWS services like API Gateway, Lambda, RDS Proxy, MySQL and SQS.", "endpoint": "https://api.hotstoks.com", "homePage": "https://hotstoks.com", "primaryCategory": "Financial", "secondaryCategories": "Stocks", "provider": "Hotstoks", "SSL_Support": "Yes", "authentication_Model": "API Key", "version": "1.0", "versionStatus": "Recommended (active, supported)", "type": "Web/Internet", "architecturalStyle": "REST", "supportedRequestFormats": "JSON, URI Query String/CRUD", "supportedResponseFormats": "JSON", "restrictedAccess": "No"}