{"url": "https://www.programmableweb.com/api/push-technology-diffusion-cloud-rest-api-v64", "name": "Push Technology Diffusion Cloud REST API v6.4", "description": " Diffusion Cloud provides a way to send billions of real-time messages that utilizes a low latency pub/sub real-time messaging server. Diffusion is a real-time API management platform to move real-time data across the Internet and delivers data to tens of thousands of users. It requires token based authentication and access that returns JSON encoded data, with API examples that are available for; Android, .Net, JavaScript and more. Push Technology is real time messaging solutions to optimize data delivery for web, mobile and IoT applications.", "endpoint": "https://api.diffusion.cloud", "homePage": "https://www.pushtechnology.com/service-api", "primaryCategory": "Real Time", "secondaryCategories": "Cloud, Messaging", "provider": "Push Technology", "SSL_Support": "Yes", "authentication_Model": "Token", "version": "6.4", "versionStatus": "Recommended (active, supported)", "type": "Web/Internet", "architecturalStyle": "REST", "supportedRequestFormats": "JSON, URI Query String/CRUD", "supportedResponseFormats": "JSON", "restrictedAccess": "No"}