{"url": "https://www.programmableweb.com/api/rms-rest-api-v1", "name": "RMS REST API v1", "description": " RMS is \"The Hospitality Cloud\", offering hospitality software for hotels, RV parks, campgrounds, marinas and more. The RMS REST API enables developers of third-party websites, wholesalers, and in-bound tourism operators to programmatically access e-marketing solutions, loyalty systems, data for reporting, POS and KIOSK data. A payment gateway is also available. Developers can register for API and documentation access.", "endpoint": "N/A", "homePage": "https://www.rmsnorthamerica.com/product/developer/", "primaryCategory": "Tourism", "secondaryCategories": "Business, Hotels", "provider": "RMS", "SSL_Support": "Yes", "authentication_Model": "Unspecified", "version": "1", "versionStatus": "Recommended (active, supported)", "type": "Web/Internet", "architecturalStyle": "REST", "supportedRequestFormats": "Unspecified", "supportedResponseFormats": "Unspecified", "restrictedAccess": "No"}