{"url": "https://www.programmableweb.com/api/iex-websockets-pushstreaming-api-v10", "name": "IEX Websockets Streaming API v1.0", "description": " The IEX WebSocket support is limited to Node.js server clients and socket.io browser clients. The IEX API provides any individual or academic, public or private institution looking to develop applications that require stock market data to access near real-time quote and trade data for all stocks trading on IEX. IEX is a stock exchange dedicated to investor protection.", "endpoint": "https://ws-api.iextrading.com/1.0", "homePage": "https://iextrading.com/developer/docs/#websockets", "primaryCategory": "Financial", "secondaryCategories": "Stocks", "provider": "IEX Group", "SSL_Support": "Yes", "authentication_Model": "Other/Custom", "version": "1.0", "versionStatus": "Recommended (active, supported)", "type": "Web/Internet", "architecturalStyle": "Streaming", "supportedRequestFormats": "Webhooks", "supportedResponseFormats": "JSON, URI Query String/CRUD", "restrictedAccess": "No"}