{"url": "https://www.programmableweb.com/api/lightrail-rest-api-v1", "name": "Lightrail REST API v1", "description": " The Lightrail API returns data of digital account credits, gift cards, promotions, and points, aiming customer acquisition and retention. It's available in REST architecture with JSON callbacks and API Key as the authentication method. Lightrail is a gift card and store credit account service provider.", "endpoint": "https://api.lightrail.com/v1/", "homePage": "https://www.lightrail.com/docs/", "primaryCategory": "Accounts", "secondaryCategories": "Gifts, Platform-as-a-Service, Rewards", "provider": "Giftbit", "SSL_Support": "Yes", "authentication_Model": "API Key", "version": "1", "versionStatus": "Recommended (active, supported)", "type": "Web/Internet", "architecturalStyle": "REST", "supportedRequestFormats": "JSON, URI Query String/CRUD", "supportedResponseFormats": "JSON", "restrictedAccess": "No"}