{"url": "https://www.programmableweb.com/api/google-domains-rest-api-v10", "name": "Google+ Domains REST API v1.0", "description": " The Google+ Domains API enables Google Apps customers and ISVs with the ability to build custom Google+ functionality and services for people who use Google Apps at college, work, or home. Develop tools to interact with Google+ features that includes posts, comments, and circles. It allows you to build tools and services that can be used in a variety of ways. Users grant the app authorization to access the APIs on their behalf, and domain admin grants the app authorization to act on behalf of users. Google Developers provides APIs, software development tools, and technical resources that allow communication with Google Services and their integration to other services. Google is a technology company that specializes in Internet-related services and products that includes online advertising technologies, search, cloud computing, software, and hardware.", "endpoint": " https://www.googleapis.com/plusDomains/v1/people/userId/audiences", "homePage": "https://developers.google.com/+/domains/", "primaryCategory": "Domains", "secondaryCategories": "Applications, Media", "provider": "Google", "SSL_Support": "Yes", "authentication_Model": "OAuth 2, Token", "version": "1.0", "versionStatus": "Recommended (active, supported)", "type": "Web/Internet", "architecturalStyle": "REST", "supportedRequestFormats": "JSON, URI Query String/CRUD", "supportedResponseFormats": "JSON", "restrictedAccess": "No"}