{"url": "https://www.programmableweb.com/api/dataforseo-labs-rest-api-v3", "name": "DataForSEO Labs REST API v3", "description": " The DataForSEO Labs API helps building a powerful research tool with related, similar, suggested, and ranked keywords. With the API, get a mosaic of useful keywords assembled from four different data-mining algorithms. DataForSEO provides comprehensive SEO data via APIs.", "endpoint": "https://api.dataforseo.com/v3/dataforseo_labs/ranked_keywords/live", "homePage": "https://dataforseo.com/apis/dataforseo-labs-api", "primaryCategory": "SEO", "secondaryCategories": "Keywords, Marketing, Search, Web Site Management", "provider": "DataForSEO", "SSL_Support": "Yes", "authentication_Model": "HTTP Basic Auth", "version": "3", "versionStatus": "Recommended (active, supported)", "type": "Web/Internet", "architecturalStyle": "REST", "supportedRequestFormats": "JSON, URI Query String/CRUD", "supportedResponseFormats": "JSON", "restrictedAccess": "No"}