{"url": "https://www.programmableweb.com/api/returnly-rest-api-v100", "name": "Returnly REST API v1.0.0", "description": " The Returnly API allows merchants to easily retrieve details on their returns to integrate into other providers that make eCommerce management a more delightful experience. Returnly is a service that allows merchants to make the customer return experience customizable and simple.", "endpoint": "N/A", "homePage": "https://returnly.github.io/api-docs/", "primaryCategory": "eCommerce", "secondaryCategories": "Logistics, Shipping", "provider": "Returnly", "SSL_Support": "Yes", "authentication_Model": "API Key, Token", "version": "1.0.0", "versionStatus": "Recommended (active, supported)", "type": "Web/Internet", "architecturalStyle": "REST", "supportedRequestFormats": "JSON, URI Query String/CRUD", "supportedResponseFormats": "JSON", "restrictedAccess": "Yes"}