{"url": "https://www.programmableweb.com/api/designious-clipart-rest-api-v100", "name": "Designious Clipart REST API v1.0.0", "description": " Designious is the Design Library for graphic design, print, fashion, and other creative projects. Designious Library API enables developers to download design assets from the library such as t-shirt designs, vector clip art, templates, fonts, textures, and more. From the provider: \"With the Designious Library API you can bring a growing collection of high-quality vector design elements to anything you create. It can be easily integrated with any web or print project. Our original royalty-free clip art for commercial use are designed inhouse by some amazing designers. Access thousands of design elements in SVG vector format. Scalable Vector Graphics can be scaled up or down without pixelation which makes it perfect for print, and allow for easy customization of color, gradients, and size. Use our library in: visual stories web2print software real-time infographics print on demand products interactive games 3-D printed products\"", "endpoint": "https://apiv1.designious.com", "homePage": "https://designious.com/svg-clipart-developers-api/", "primaryCategory": "Images", "secondaryCategories": "Design", "provider": "Designious", "SSL_Support": "Yes", "authentication_Model": "API Key", "version": "1.0.0", "versionStatus": "Recommended (active, supported)", "type": "Web/Internet", "architecturalStyle": "REST", "supportedRequestFormats": "JSON, URI Query String/CRUD", "supportedResponseFormats": "JSON", "restrictedAccess": "Yes"}