{"url": "https://www.programmableweb.com/api/stands4-grammar-rest-api-v2", "name": "STANDS4 Grammar REST API v2", "description": " The Grammar API checks the grammar and spelling of text in multiple languages. A sample response shows if a sentence starts with an uppercase letter, defines if the issue type is typographical, and displays capitalization as the solution. This API is part of the STANDS4 Network, a provider of free online reference & educational resources.", "endpoint": "http://www.stands4.com/services/v2/grammar.php", "homePage": "https://www.grammar.com/grammar_api.php", "primaryCategory": "Reference", "secondaryCategories": "Education, Spelling, Text, Writing", "provider": "STANDS4", "SSL_Support": "Yes", "authentication_Model": "Unspecified", "version": "2", "versionStatus": "Recommended (active, supported)", "type": "Web/Internet", "architecturalStyle": "REST", "supportedRequestFormats": "JSON, URI Query String/CRUD", "supportedResponseFormats": "JSON", "restrictedAccess": "No"}