{"url": "https://www.programmableweb.com/api/twitchtv-rest-api-v50", "name": "TwitchTV REST API v5.0", "description": " TwitchTV is a video game broadcasting and chat community featuring gaming personalities, players, tournaments, leagues, and commentary. The TwitchTV API, composed of a REST API and a Javascript SDK, provides access to TwitchTV data, including user, channel, and team information.", "endpoint": "https://api.twitch.tv/kraken", "homePage": "https://dev.twitch.tv/api", "primaryCategory": "Social", "secondaryCategories": "Games, Music, Video", "provider": "Twitch", "SSL_Support": "Yes", "authentication_Model": "App ID, OAuth 2, Token", "version": "5.0", "versionStatus": "Recommended (active, supported)", "type": "Web/Internet", "architecturalStyle": "REST", "supportedRequestFormats": "URI Query String/CRUD", "supportedResponseFormats": "CSV, GeoJSON, JSON, XML", "restrictedAccess": "No"}