{"url": "https://www.programmableweb.com/api/lacework-rest-api-v10", "name": "Lacework REST API v1.0", "description": " The Lacework API retrieves security data about DevOps from the Lacework cloud security platform. Methods are available to manage events, compliance, vulnerabilities, reports, downloads, and more. Lacework provides security for DevOps, workloads, containers, and cloud environments.", "endpoint": "N/A", "homePage": "https://support.lacework.com/hc/en-us/articles/360034971134-Access-and-Run-the-L\u2026", "primaryCategory": "Security", "secondaryCategories": "Cloud, DevOps", "provider": "Lacework", "SSL_Support": "Yes", "authentication_Model": "API Key", "version": "1.0", "versionStatus": "Recommended (active, supported)", "type": "Product", "architecturalStyle": "REST", "supportedRequestFormats": "URI Query String/CRUD", "supportedResponseFormats": "JSON", "restrictedAccess": "No"}