{"url": "https://www.programmableweb.com/api/wise-platform-rest-api-v1", "name": "Wise Platform REST API v1", "description": " Wise offers International banking services including online money transfers. The Wise Platform API enables developers to integrate the service and manage payouts and account information, banks, affiliates, receive money and open banking. Methods are available to manage users, transfers, comparison, addresses, borderless accounts and more. Wise was formerly known as TransferWise.", "endpoint": "https://api.transferwise.com", "homePage": "https://api-docs.transferwise.com/#wise-platform-api", "primaryCategory": "Banking", "secondaryCategories": "Open Banking", "provider": "TransferWise", "SSL_Support": "Yes", "authentication_Model": "OAuth 2", "version": "1", "versionStatus": "Recommended (active, supported)", "type": "Web/Internet", "architecturalStyle": "REST", "supportedRequestFormats": "JSON, URI Query String/CRUD", "supportedResponseFormats": "JSON", "restrictedAccess": "No"}