{"url": "https://www.programmableweb.com/api/new-york-times-community-rest-api-v3", "name": "The New York Times Community REST API v3", "description": " The New York Times Community API lets you retrieve user-generated NYTimes.com content. The current release includes article comments and readers' reviews of movies. (Other types of user-generated content will be available in a later version.).", "endpoint": "http://api.nytimes.com/svc/community/v2/comments/", "homePage": "https://developer.nytimes.com/docs/community-api-product/1/overview", "primaryCategory": "News Services", "secondaryCategories": "Social", "provider": "The New York Times Company", "SSL_Support": "Yes", "authentication_Model": "N/A", "version": "3", "versionStatus": "Recommended (active, supported)", "type": "Web/Internet", "architecturalStyle": "REST", "supportedRequestFormats": "URI Query String/CRUD, Serialized PHP", "supportedResponseFormats": "JSON, XML", "restrictedAccess": "No"}