{"url": "https://www.programmableweb.com/api/fan-victor-rest-api-v1", "name": "Fan Victor REST API v1", "description": " Fan Victor provides white label fantasy sports software. The Fan Victor API enables developers to programmatically interact with the service using API methods to create games, manage contests, players, team picking, draft results, entries, custom players and more. Fan Victor offers services via a WordPress plugin.", "endpoint": "http://fanvictor.com/api/", "homePage": "https://fanvictor.com/developers/", "primaryCategory": "Fantasy Sports", "secondaryCategories": "N/A", "provider": "Fan Victor", "SSL_Support": "Yes", "authentication_Model": "Unspecified", "version": "1", "versionStatus": "Recommended (active, supported)", "type": "Web/Internet", "architecturalStyle": "REST", "supportedRequestFormats": "JSON, URI Query String/CRUD", "supportedResponseFormats": "JSON", "restrictedAccess": "No"}