{"url": "https://www.programmableweb.com/api/news-api-proxy-graphql-api-v10", "name": "News-API Proxy GraphQL API v1.0", "description": " This API is a GraphQL Proxy for the popular News API (https://newsapi.org). It allows you to query the News API via GraphQL. You must provide an API Key from your News API account.", "endpoint": "N/A", "homePage": "https://rapidapi.com/PrismConversion/api/news-graphql-proxy", "primaryCategory": "News Services", "secondaryCategories": "GraphQL", "provider": "Independent Developer", "SSL_Support": "Yes", "authentication_Model": "API Key", "version": "1.0", "versionStatus": "Recommended (active, supported)", "type": "Web/Internet", "architecturalStyle": "RPC", "supportedRequestFormats": "GraphQL, JSON", "supportedResponseFormats": "JSON", "restrictedAccess": "No"}