{"url": "https://www.programmableweb.com/api/twilio-programmable-chat-rest-rest-api-v2", "name": "Twilio Programmable Chat REST REST API v2", "description": " The Twilio Programmable Chat REST API allows developers to add chat features to their native, web, and mobile applications without having to build or scale a real-time chat backend of their own. The API includes methods for creating channels, sending messages, and querying the state of the developer's messaging applications.", "endpoint": "https://chat.twilio.com/v2", "homePage": "https://www.twilio.com/docs/api/chat/rest", "primaryCategory": "Telephony", "secondaryCategories": "Chat", "provider": "Twilio", "SSL_Support": "Yes", "authentication_Model": "HTTP Basic Auth, Token", "version": "2", "versionStatus": "Recommended (active, supported)", "type": "Web/Internet", "architecturalStyle": "REST", "supportedRequestFormats": "JSON, URI Query String/CRUD", "supportedResponseFormats": "JSON", "restrictedAccess": "No"}