{"url": "https://www.programmableweb.com/api/working-days-rest-api-v12", "name": "Working Days REST API v1.2", "description": " The Working Days API returns the number of days, working days, weekend days, and list of public holidays from the requested date period and country. 40 countries and over 230 regional calendars are supported. Data is returned in JSON format. API Keys are used for authentication.", "endpoint": "https://api.workingdays.org/1.2/api.php", "homePage": "https://api.workingdays.org/1.2/api-documentation.php", "primaryCategory": "Holidays", "secondaryCategories": "Calendars, Scheduling", "provider": "N/A", "SSL_Support": "Yes", "authentication_Model": "API Key", "version": "1.2", "versionStatus": "Recommended (active, supported)", "type": "Web/Internet", "architecturalStyle": "REST", "supportedRequestFormats": "JSON, URI Query String/CRUD", "supportedResponseFormats": "JSON", "restrictedAccess": "Yes"}