{"url": "https://www.programmableweb.com/api/tradestation-rest-api-v20160101", "name": "TradeStation REST API v20160101", "description": " The TradeStation API returns JSON formats with trading and stocks data. A simulator is available to explore API behavior, test apps and websites, and host trading and games. TradeStation provides online brokerage services.", "endpoint": "https://api.tradestation.com/v2", "homePage": "https://developer.tradestation.com/", "primaryCategory": "Stocks", "secondaryCategories": "Financial", "provider": "TradeStation", "SSL_Support": "Yes", "authentication_Model": "OAuth 2, Token", "version": "20160101", "versionStatus": "Recommended (active, supported)", "type": "Web/Internet", "architecturalStyle": "REST", "supportedRequestFormats": "JSON, URI Query String/CRUD", "supportedResponseFormats": "JSON", "restrictedAccess": "No"}