{"url": "https://www.programmableweb.com/api/proxybot-rest-api-v1", "name": "Proxybot REST API v1", "description": " The Proxybot API uses web scraping to handle a large number of proxies, browser check, and captcha security check. Proxybot offers proxies located in various geographical locations, it helps to get HTML content from websites built with a Javascript framework, and it rotates anonymous IPs. Pricing is available from $1.50 to buy a specific amount of calls.", "endpoint": "https://proxybot.io/api/v1/", "homePage": "https://proxybot.io/", "primaryCategory": "Data Mining", "secondaryCategories": "Captcha, Domains, Location", "provider": "Proxybot", "SSL_Support": "Yes", "authentication_Model": "API Key", "version": "1", "versionStatus": "Active (supported, scheduled for retirement)", "type": "Web/Internet", "architecturalStyle": "REST", "supportedRequestFormats": "JSON", "supportedResponseFormats": "JSON", "restrictedAccess": "No"}