{"url": "https://www.programmableweb.com/api/covid-19-data-portal-rest-api-v1", "name": "COVID-19 Data Portal REST API v1", "description": " The European COVID-19 Data Platform facilitates data sharing and analysis in order to accelerate coronavirus research. The COVID-19 Data Platform API returns data from European Bioinformatics Institute (EBI) including viral sequences, host sequences, gene and cell expression, proteins, networks, sampling, imaging, and literature about coronaviruses, related viruses, genes and more.", "endpoint": "https://www.covid19dataportal.org/api/", "homePage": "https://www.covid19dataportal.org/api-documentation", "primaryCategory": "COVID-19", "secondaryCategories": "Coronavirus, European, Genetics, Open Data, Science", "provider": "COVID-19 Data Portal", "SSL_Support": "Yes", "authentication_Model": "Unspecified", "version": "1", "versionStatus": "Recommended (active, supported)", "type": "Web/Internet", "architecturalStyle": "REST", "supportedRequestFormats": "JSON, URI Query String/CRUD", "supportedResponseFormats": "JSON", "restrictedAccess": "No"}