{"url": "https://www.programmableweb.com/api/bannerbear-rest-api-v2", "name": "Bannerbear REST API v2", "description": " The Bannerbear API auto-generates social media visuals, eCommerce banners and more. Design a template in Bannerbear and it will be automatically turned into an API, enabling users to generate variations of the design into JPGs and PNGs. The API includes methods for accounts, images, videos, templates, collections, crawlers, airtable, and more.", "endpoint": "https://api.bannerbear.com/v2/", "homePage": "https://developers.bannerbear.com/#introduction", "primaryCategory": "Graphics", "secondaryCategories": "Advertising, Automation, Images, Social, Video", "provider": "Bannerbear", "SSL_Support": "Yes", "authentication_Model": "API Key", "version": "2", "versionStatus": "Recommended (active, supported)", "type": "Web/Internet", "architecturalStyle": "REST", "supportedRequestFormats": "JSON, URI Query String/CRUD", "supportedResponseFormats": "JSON, PNG, JPG", "restrictedAccess": "No"}