{"url": "https://www.programmableweb.com/api/alert-logic-rest-api-v10", "name": "Alert Logic REST API v1.0", "description": " The Alert Logic API enables developers to integrate threat detection and compliance with their applications. The API is used to access identity management, create user access keys, and to manage role resources. The Alert Logic API implements Token-based authentication. Alert Logic is a managed detection and response (MDR) provider.", "endpoint": "https://api.cloudinsight.alertlogic.com/aims/v1", "homePage": "https://console.cloudinsight.alertlogic.com/api/aims/", "primaryCategory": "Security", "secondaryCategories": "Monitoring", "provider": "Alert Logic", "SSL_Support": "Yes", "authentication_Model": "API Key, Token", "version": "1.0", "versionStatus": "Recommended (active, supported)", "type": "Web/Internet", "architecturalStyle": "REST", "supportedRequestFormats": "JSON, URI Query String/CRUD", "supportedResponseFormats": "JSON", "restrictedAccess": "Yes"}