{"API name": ["AASHE STARS REST API"], "Description": [" STARS is a program of AASHE, the Association for the Advancement of Sustainability in Higher Education. STARS, the Sustainability Tracking, Assessment, and Rating System, is a self-reporting framework for colleges and universities in the United States or Canada to measure and track their sustainability performance.\nThe STARS API exposes three resources: Institutional metadata, reports, and the STARS technical manual. This is a REST API that currently only accepts GET requests."], "Url": ["http://stars-api-documentation.readthedocs.org/en/latest/"], "Category": ["Education", "Sustainability", "Environment"], "Provider": [], "ServiceType": [], "Documentation": ["http://stars-api-documentation.readthedocs.org/en/latest/"], "Architectural Style": ["REST"], "Endpoint Url": ["https://stars.aashe.org/api/0.1/"], "Support SSL": ["Yes"], "Logo": ["https://www.programmableweb.com/sites/all/modules/contrib/lazyloader/image_placeholder.gif"]}