{"API name": ["AerisWeather Fires REST API v1"], "Description": [" The AerisWeather Fires API provides access to a dataset of active wildfires across the U.S. Data returned includes the type of fire, location, area (size), cause and percent contained. AerisWeather provides a weather service for business needs and custom weather influenced solutions. It enables you with the ability to create your own weather data, with Weather API\u2019s and developer toolkits."], "Url": ["https://www.aerisweather.com/support/docs/api/reference/endpoints/fires"], "Category": ["Weather", "Environment", "Fire", "Mapping"], "Provider": ["AerisWeather"], "ServiceType": ["Web/Internet"], "Documentation": ["https://www.aerisweather.com/support/docs"], "Architectural Style": ["REST"], "Endpoint Url": ["https://api.aerisapi.com/fires"], "Support SSL": ["Yes"], "Logo": ["https://www.programmableweb.com/sites/all/modules/contrib/lazyloader/image_placeholder.gif"]}