{"API name": ["AerisWeather Air Quality REST API"], "Description": [" The Aeris Weather Air Quality API retrieves interpolated GeoJSON data or specific stations based on a query action. The API includes air quality index (AQI), category, dominant pollutant, and information for pollutants when available. Users can query about ozone, carbon monoxide, nitrogen dioxide, station ID and location, and more. AerisWeather provides a weather service for business needs and custom weather influenced solutions"], "Url": ["https://www.aerisweather.com/support/docs/api/reference/endpoints/airquality/"], "Category": ["Weather", "Environment", "Mapping"], "Provider": ["AerisWeather"], "ServiceType": ["Web/Internet"], "Documentation": ["https://www.aerisweather.com/support/docs/api/reference/endpoints/airquality/"], "Architectural Style": ["REST"], "Endpoint Url": ["https://api.aerisapi.com/airquality"], "Support SSL": ["Yes"], "Logo": ["https://www.programmableweb.com/sites/all/modules/contrib/lazyloader/image_placeholder.gif"]}