{"API name": ["Air by Propeller Open REST API v1.0"], "Description": [" The Air by Propeller Open API enables developers to use Propeller's asthma condition forecast in their own applications to find out the latest asthma conditions and air quality in your area. Use the Respiratory forecast resource to Get current asthma condition forecast for a geolocation and Get current asthma condition forecast for a bounded box geolocation. Propeller Health is an FDA cleared digital therapeutic that provides tools and services to better manage your asthma, COPD and respiratory disease."], "Url": ["https://www.propellerhealth.com/air-by-propeller/"], "Category": ["Health", "Applications", "Developers", "Environment", "Healthcare"], "Provider": ["Propeller Health"], "ServiceType": ["Web/Internet"], "Documentation": ["http://forecastdocs.propellerhealth.com/swagger.html"], "Architectural Style": ["REST"], "Endpoint Url": ["https://open.propellerhealth.com/prod/"], "Support SSL": ["Yes"], "Logo": ["https://www.programmableweb.com/sites/all/modules/contrib/lazyloader/image_placeholder.gif"]}