{"API name": ["aircheckr REST API v1.5"], "Description": [" aircheckr API provides hyper-local, near real-time air pollution information. It returns Air Quality Index (AQI) data from territories, cities, regions, at street level. Also get statistics of long term AQI for an area with this API. The aircheckr service calculates the outside air quality and measures Nitrogen Dioxide, Ozone and Particulate matter."], "Url": ["https://www.aircheckr.com/developers"], "Category": ["Environment", "Climate", "Weather"], "Provider": ["AirCheckr", "Nazka Maps"], "ServiceType": ["Web/Internet"], "Documentation": ["https://www.aircheckr.com/api_docs/"], "Architectural Style": ["REST"], "Endpoint Url": ["https://api.aircheckr.com/v1.5/"], "Support SSL": ["Yes"], "Logo": ["https://www.programmableweb.com/sites/all/modules/contrib/lazyloader/image_placeholder.gif"]}