{"API name": ["Ambee REST API v1.0"], "Description": [" Ambee provides an environment API with methods for real-time weather, air quality, water vapor, soil data, and pollen count. This API enables users to get accurate & actionable proprietary data insights. Ambee provides Environmental Intelligence for a Healthier World."], "Url": ["https://docs.ambeedata.com/"], "Category": ["Environment", "Agriculture", "Climate", "Fire", "Health", "Monitoring", "Water", "Weather"], "Provider": ["DataAir"], "ServiceType": ["Web/Internet"], "Documentation": ["https://docs.ambeedata.com/"], "Architectural Style": ["REST"], "Endpoint Url": ["https://api.ambeedata.com/"], "Support SSL": ["Yes"], "Logo": ["https://www.programmableweb.com/sites/all/modules/contrib/lazyloader/image_placeholder.gif"]}