{"API name": ["AMEE REST API"], "Description": [" AMEE provides data and solutions for sustainability and an intelligent supply chain. The AMEE API provides data about 20 million companies including financial risk, carbon emissions, carbon efficiency ratings, company contact information and environmental ratings. The AMEE API also provides modeling for energy consumption and carbon emissions for activities such as transport, electricty, manufacturing processes.\nfrom the provider: \"AMEE is a platform for greenhouse gas calculation, with access to emissions factors, calculation algorithms, and storage for data history. Our science team take the published methodologies from the science community and put them into a simple unified API, so you don't have to trawl through PDFs and spreadsheets to work it all our yourself. With over 8 million possible calculations, the platform covers everything from simple electricity calculations through to insanely complex industrial processes. If you need to work out the environmental impact of an activity, AMEE has the environmental intelligence you need.\""], "Url": ["https://www.amee.com/pages/api"], "Category": ["Science", "Environment", "Sustainability", "Weather"], "Provider": ["AMEE"], "ServiceType": ["Web/Internet"], "Documentation": ["https://www.amee.com/pages/api"], "Architectural Style": ["REST"], "Endpoint Url": ["http://live.amee.com"], "Support SSL": ["Yes"], "Logo": ["https://www.programmableweb.com/sites/all/modules/contrib/lazyloader/image_placeholder.gif"]}