{"API name": ["Argos WebService RPC API"], "Description": [" The service provides tracking and monitoring of locations on the earth's surface by satellite processing of signals from a transmitter, either at a fixed station or mounted on a vehicle or other mobile platform. Applications of the satellite monitoring services include observations of oceanic conditions, management of fishing grounds and activities, and monitoring wildlife habitats.\nAPI methods support retrieval of satellite and transmitter positions and processing of tracking data collected by the system. Methods supply locations of transmitters and sensor readings for conditions there along with estimates of error in readings and system diagnostics."], "Url": ["http://www.argos-system.org/manual/index.html#6-data/61_overview.htm"], "Category": ["Mapping", "Environment", "Fishing", "Marine", "Monitoring"], "Provider": [], "ServiceType": ["Web/Internet"], "Documentation": ["http://www.argos-system.org/manual/index.html"], "Architectural Style": ["RPC"], "Endpoint Url": [], "Support SSL": ["Yes"], "Logo": ["https://www.programmableweb.com/sites/all/modules/contrib/lazyloader/image_placeholder.gif"]}