{"API name": ["Atlas of Living Australia Taxonomy Name Matching REST API"], "Description": [" The Atlas of Living Australia Taxonomy Name Matching API provides a way to match scientific names to taxon concepts. The Atlas of Living Australia is a collaborative, national project that aggregates biodiversity data from multiple sources and makes it available and usable online."], "Url": ["https://biodiversity.org.au/nsl"], "Category": ["Australian", "Animals", "Data", "Environment", "Flowers", "Geography", "Guides", "Nature", "Science", "Search"], "Provider": ["Australian Department of Education and Training"], "ServiceType": ["Web/Internet"], "Documentation": ["https://github.com/AtlasOfLivingAustralia/ala-name-matching"], "Architectural Style": ["REST"], "Endpoint Url": [], "Support SSL": ["No"], "Logo": ["https://www.programmableweb.com/sites/all/modules/contrib/lazyloader/image_placeholder.gif"]}