{"API name": ["Atlas of Living Australia Layers REST API"], "Description": [" The Atlas of Living Australia Layers API is an intersect web service for interacting with geospatial layers and provides spatial search capabilities. The Atlas of Living Australia web service allows you to gather species data of wildlife, plants and other species data. based on location. Applications accessed by the API include Biocache data, volunteer portal services, species profile data and more. The Atlas of Living Australia is a collaborative, national project that aggregates biodiversity data from multiple sources and makes it available and usable online."], "Url": ["http://spatial.ala.org.au"], "Category": ["Australian", "Animals", "Data", "Environment", "Flowers", "Geography", "Guides", "Location", "Nature", "Science"], "Provider": ["Australian Department of Education and Training"], "ServiceType": ["Web/Internet"], "Documentation": ["https://api.ala.org.au/"], "Architectural Style": ["REST"], "Endpoint Url": ["http://spatial.ala.org.au/ws"], "Support SSL": ["No"], "Logo": ["https://www.programmableweb.com/sites/all/modules/contrib/lazyloader/image_placeholder.gif"]}