{"API name": ["Atlas of Living Australia Regions REST API"], "Description": [" The Atlas of Living Australia Regions API is a Explorer web service to explore a region from a predefined set of regions or custom region. This includes state, territory, local governments, bio regions and more. The Atlas of Living Australia web service allows you to gather species data of wildlife, plants and other species data. based on location. Applications accessed by the API include Biocache data, volunteer portal services, species profile data and more. The Atlas of Living Australia is a collaborative, national project that aggregates biodiversity data from multiple sources and makes it available and usable online."], "Url": ["https://regions.ala.org.au"], "Category": ["Australian", "Animals", "Data", "Environment", "Flowers", "Geography", "Guides", "Lists", "Location", "Nature", "Science"], "Provider": ["Australian Department of Education and Training"], "ServiceType": ["Web/Internet"], "Documentation": ["https://api.ala.org.au/"], "Architectural Style": ["REST"], "Endpoint Url": ["http://regions.ala.org.au/regions/regionList "], "Support SSL": ["No"], "Logo": ["https://www.programmableweb.com/sites/all/modules/contrib/lazyloader/image_placeholder.gif"]}