{"API name": ["Atmosphere nitrous oxide levels REST API v1.0"], "Description": [" This API provides on a monthly basis, the amount of nitrous oxide in the atmosphere from 2001. Expressed as a mole fraction in dry air, parts per million (ppm)."], "Url": ["https://global-warming.org"], "Category": ["Climate", "Environment", "Science", "Sustainability"], "Provider": ["Independent Developer"], "ServiceType": ["Web/Internet"], "Documentation": ["https://global-warming.org"], "Architectural Style": ["REST"], "Endpoint Url": ["https://global-warming.org/api/nitrous-oxide-api"], "Support SSL": ["Yes"], "Logo": ["https://www.programmableweb.com/sites/all/modules/contrib/lazyloader/image_placeholder.gif"]}