{"API name": ["Autogrow REST API v1.0"], "Description": [" The Autogrow REST API enables users to interact with Autogrow devices, retrieve Autogrow data, integrate third party devices and build web applications. This API is accessed over HTTPS with data that is sent and received in JSON format. It provides access to data from devices, user profile data and more. The Autogrow Lab is a collaborative environment for continued research and development of control systems for indoor agriculture, that focuses on blending tech and data, with plant science. Autogrow provides indoor growers with affordable, accessible and simple innovation solutions globally."], "Url": ["https://lab.autogrow.com/docs/en/api.html"], "Category": ["Agriculture", "Environment", "Internet of Things", "Science"], "Provider": ["Autogrow"], "ServiceType": ["Web/Internet"], "Documentation": ["https://lab.autogrow.com/docs/en/intro.html"], "Architectural Style": ["REST"], "Endpoint Url": ["https://api.autogrow.com/v1"], "Support SSL": ["Yes"], "Logo": ["https://www.programmableweb.com/sites/all/modules/contrib/lazyloader/image_placeholder.gif"]}