{"API name": ["Bloowatch REST API v1"], "Description": [" Bloowatch provides information and alerts about endangered species. The Bloowatch API offers data from the endangered species list, with data returned from a URL call with an animal parameter. Data includes animal description, habitat, image, location, name, population, scientific name, endangered status and more."], "Url": ["http://www.bloowatch.org/developers/api"], "Category": ["Animals", "Climate", "Environment", "Sustainability"], "Provider": ["Bloopix Design"], "ServiceType": ["Web/Internet"], "Documentation": ["http://www.bloowatch.org/developers/api"], "Architectural Style": ["REST"], "Endpoint Url": ["http://bloowatch.org/developers/json/species/"], "Support SSL": ["No"], "Logo": ["https://www.programmableweb.com/sites/all/modules/contrib/lazyloader/image_placeholder.gif"]}