{"API name": ["BreezoMeter Pollen REST API v2"], "Description": [" The BreezoMeter Pollen API allows developers to retrieve the daily pollen forecast for a given location. Returned information includes pollen types, plants, and indexes for the specified location.\nBreezoMeter provides global, real-time air quality data that can help individuals make better health decisions based on their local air pollution levels and their personal sensitivities."], "Url": ["https://docs.breezometer.com/api-documentation/"], "Category": ["Health", "Environment", "Weather"], "Provider": ["BreezoMeter"], "ServiceType": ["Web/Internet"], "Documentation": ["https://docs.breezometer.com/api-documentation/pollen-api/v2/"], "Architectural Style": ["REST"], "Endpoint Url": ["https://api.breezometer.com/pollen/v2/"], "Support SSL": ["Yes"], "Logo": ["https://www.programmableweb.com/sites/all/modules/contrib/lazyloader/image_placeholder.gif"]}