{"API name": ["BreezoMeter Air Quality REST API v2"], "Description": [" The BreezoMeter Air Quality API allows developers to request air quality information for a specified location (given in latitude and longitude coordinates) including indexes, pollutants, and health recommendations. Developers can request a location's current conditions, hourly forecast for up to four days, and hourly history going back up to 30 days.\nBreezoMeter provides global, real-time air quality data that can help individuals make better health decisions based on their local air pollution levels and their personal sensitivities."], "Url": ["https://docs.breezometer.com/"], "Category": ["Health", "Environment", "Fire", "Location", "Weather"], "Provider": ["BreezoMeter"], "ServiceType": ["Web/Internet"], "Documentation": ["https://docs.breezometer.com/api-documentation/air-quality-api/v2/"], "Architectural Style": ["REST"], "Endpoint Url": ["https://api.breezometer.com/air-quality/v2/"], "Support SSL": ["Yes"], "Logo": ["https://www.programmableweb.com/sites/all/modules/contrib/lazyloader/image_placeholder.gif"]}