{"API name": ["BreezoMeter Weather REST API v1.0"], "Description": [" The BreezoMeter Weather API allows developers to retrieve weather conditions - such as temperature, wind speed, humidity, and precipitation - for a specified location. This API can return the current conditions, the hourly forecast for up to five days, and the daily forecast for up to five days.\nBreezoMeter provides global, real-time air quality data that can help individuals make better health decisions based on their local air pollution levels and their personal sensitivities."], "Url": ["https://docs.breezometer.com/api-documentation/"], "Category": ["Weather", "Environment", "Location"], "Provider": ["BreezoMeter"], "ServiceType": ["Web/Internet"], "Documentation": ["https://docs.breezometer.com/api-documentation/weather-api/v1/"], "Architectural Style": ["REST"], "Endpoint Url": ["https://api.breezometer.com/weather/v1/"], "Support SSL": ["Yes"], "Logo": ["https://www.programmableweb.com/sites/all/modules/contrib/lazyloader/image_placeholder.gif"]}