{"API name": ["BreezoMeter Fires REST API v1.0"], "Description": [" The BreezoMeter Fires API allows developers to retrieve current fire information for the area around a specified location. This is a new API which is currently in Beta. Additional functions may be added in the near future, but no breaking changes are expected to occur.\nBreezoMeter provides global, real-time air quality data that can help individuals make better health decisions based on their local air pollution levels and their personal sensitivities."], "Url": ["https://docs.breezometer.com/api-documentation/"], "Category": ["Safety", "Environment", "Weather"], "Provider": ["BreezoMeter"], "ServiceType": ["Web/Internet"], "Documentation": ["https://docs.breezometer.com/api-documentation/fires-api/v1/"], "Architectural Style": ["REST"], "Endpoint Url": ["https://api.breezometer.com/fires/v1/"], "Support SSL": ["Yes"], "Logo": ["https://www.programmableweb.com/sites/all/modules/contrib/lazyloader/image_placeholder.gif"]}