{"API name": ["British Antarctic Survey Antarctic Placenames REST API"], "Description": [" The British Antarctic Survey Antarctic Placenames API allows developers to retrieve place names from the SCAR Composite Gazetteer of Antarctica (CGA), a collection of all names of features that have been submitted by representatives of national gazetteers.\nThe British Antarctic Survey APIs provide access to scientific data, metadata, and website information. These services are still under development, and developers may need to contact the BAS Information Services team for access to private repositories."], "Url": ["https://www.bas.ac.uk/api/"], "Category": ["Marine", "England", "Environment", "Geography", "Science"], "Provider": ["British Antarctic Survey"], "ServiceType": ["Web/Internet"], "Documentation": ["https://api.bas.ac.uk/locations/v1/j"], "Architectural Style": ["REST"], "Endpoint Url": [], "Support SSL": ["Yes"], "Logo": ["https://www.programmableweb.com/sites/all/modules/contrib/lazyloader/image_placeholder.gif"]}