{"API name": ["British Antarctic Survey Job Vacancies REST API"], "Description": [" The British Antarctic Survey Job Vacancies API allows developers to search for job vacancies by title.\nThe British Antarctic Survey APIs provide access to scientific data, metadata, and website information. These services are still under development, and developers may need to contact the BAS Information Services team for access to private repositories."], "Url": ["https://www.bas.ac.uk/api/"], "Category": ["Marine", "England", "Environment", "Jobs", "Science"], "Provider": ["British Antarctic Survey"], "ServiceType": ["Web/Internet"], "Documentation": ["https://www.bas.ac.uk/api/"], "Architectural Style": ["REST"], "Endpoint Url": [], "Support SSL": ["Yes"], "Logo": ["https://www.programmableweb.com/sites/all/modules/contrib/lazyloader/image_placeholder.gif"]}