{"API name": ["British Antarctic Survey Meteorology Data / SOSMET REST API"], "Description": [" The British Antarctic Survey Meteorology Data / SOSMET API allows developers to retrieve data from the SOS Meteorological Data Service.\nThe British Antarctic Survey APIs provide access to scientific data, metadata, and website information. These services are still under development, and developers may need to contact the BAS Information Services team for access to private repositories."], "Url": ["https://api.bas.ac.uk/meteorology/v1/"], "Category": ["Marine", "England", "Environment", "Science", "Weather"], "Provider": ["British Antarctic Survey"], "ServiceType": ["Web/Internet"], "Documentation": ["https://www.bas.ac.uk/api/"], "Architectural Style": ["REST"], "Endpoint Url": [], "Support SSL": ["Yes"], "Logo": ["https://www.programmableweb.com/sites/all/modules/contrib/lazyloader/image_placeholder.gif"]}