{"API name": ["Cal-Adapt REST API"], "Description": [" The Cal-Adapt API provides programmatic access to climate data via Cal-Adapt. It allows users to access only the data requested, without downloading the entire dataset. Cal-Adapt is developed by the Geospatial Innovation Facility at the University of California, Berkeley."], "Url": ["https://berkeley-gif.github.io/caladapt-docs/index.html"], "Category": ["Climate", "Data", "Environment", "Weather"], "Provider": ["UC Regents"], "ServiceType": ["Web/Internet"], "Documentation": ["https://cal-adapt.org/data"], "Architectural Style": ["REST"], "Endpoint Url": ["http://api.cal-adapt.org/api"], "Support SSL": ["No"], "Logo": ["https://www.programmableweb.com/sites/all/modules/contrib/lazyloader/image_placeholder.gif"]}