{"API name": ["California Coastal Commission Cleanup Day REST API v1"], "Description": [" The California Coastal Commission Cleanup Day is available with GET requests that display JSON format in return. It provides data on over 900 beaches and waterways where people contribute to the state's largest volunteer event. Each location includes attributes that define the characteristics of that cleanup location, such as organizer contact information and what to bring."], "Url": ["https://www.coastal.ca.gov/open-data/api-docs/"], "Category": ["Marine", "Environment"], "Provider": ["State of California"], "ServiceType": ["Web/Internet"], "Documentation": ["https://www.coastal.ca.gov/open-data/api-docs/"], "Architectural Style": ["REST"], "Endpoint Url": ["https://api.coastal.ca.gov/ccd/v1/locations"], "Support SSL": ["Yes"], "Logo": ["https://www.programmableweb.com/sites/all/modules/contrib/lazyloader/image_placeholder.gif"]}