{"API name": ["CarbonDoomsDay Web REST API"], "Description": [" The CarbonDoomsDay Web API is a RESTish Web service that is used to access climate change related data. It enables anyone to enhance NOAA's carbon dioxide data by building charts, sensor networks, and more. NOAA scientists measure the carbon dioxide in the Earth's atmosphere from Mauna Loa, Hawaii. CarbonDoomsDay provides a way to digest this public data for everyone."], "Url": ["https://github.com/giving-a-fuck-about-climate-change/carbondoomsday/wiki"], "Category": ["Data", "Climate", "Environment", "Science"], "Provider": ["CarbonDoomsDay"], "ServiceType": ["Web/Internet"], "Documentation": ["https://github.com/giving-a-fuck-about-climate-change/carbondoomsday"], "Architectural Style": ["REST"], "Endpoint Url": ["http://api.carbondoomsday.com/api/co2/"], "Support SSL": ["No"], "Logo": ["https://www.programmableweb.com/sites/all/modules/contrib/lazyloader/image_placeholder.gif"]}