{"API name": ["Carma REST API"], "Description": [" From their site: Carbon Monitoring for Action (CARMA) is a massive database containing carbon emissions data of over 50,000 power plants and 4,000 power companies worldwide. CARMA is the first global inventory of a major, emissions-producing sector of the economy."], "Url": ["http://carma.org/api"], "Category": ["Other", "Sustainability", "Environment", "Science"], "Provider": [], "ServiceType": [], "Documentation": ["http://carma.org/api"], "Architectural Style": ["REST"], "Endpoint Url": ["http://carma.org/api/1.0/"], "Support SSL": ["No"], "Logo": ["https://www.programmableweb.com/sites/all/modules/contrib/lazyloader/image_placeholder.gif"]}