{"API name": ["Chain REST API"], "Description": [" The Chain API enables developers to work with environmental data captured on sensor devices. These sensors collect data on local temperature, humidity, and barometric pressure. The Chain API is a project of the MIT Media Lab and is currently being used for the Tidmarsh Living Observatory project. The Chain API is still under development and is not ready for production use."], "Url": ["https://github.com/ssfrr/chain-api"], "Category": ["Data", "Environment", "Internet of Things"], "Provider": ["Independent Developer"], "ServiceType": [], "Documentation": ["https://github.com/ssfrr/chain-api"], "Architectural Style": ["REST"], "Endpoint Url": ["http://chain-api.media.mit.edu/"], "Support SSL": ["No"], "Logo": ["https://www.programmableweb.com/sites/all/modules/contrib/lazyloader/image_placeholder.gif"]}