{"API name": ["CIMIS Web REST API"], "Description": [" The CIMIS Web API is a RESTful service that provides access to data about evapotranspiration (ETo) and weather from the CIMIS Weather Station Network and the Spatial CIMIS System. CIMIS stands for the California Irrigation Management Information System. The API can be used to operate Wi-Fi aware irrigation smart controllers, browser and mobile apps. The CIMIS Web API is managed by the California Department of Water Resources (DWR)."], "Url": ["https://et.water.ca.gov/Rest/Index"], "Category": ["Water", "Climate", "Environment", "Internet of Things", "Weather"], "Provider": ["State of California"], "ServiceType": ["Web/Internet"], "Documentation": ["https://et.water.ca.gov/Home/Index"], "Architectural Style": ["REST"], "Endpoint Url": ["http://et.water.ca.gov/api"], "Support SSL": ["No"], "Logo": ["https://www.programmableweb.com/sites/all/modules/contrib/lazyloader/image_placeholder.gif"]}