{"API name": ["City of Calgary Historical Air Quality REST API v2.1"], "Description": [" The City of Calgary Historical Air Quality API retrieves historical air quality data collected by the Calgary Region Airshed Zone and submitted to Alberta Environment and Parks (AEP). In addition to air quality monitoring data, an Air Quality Health Index (AQHI) is calculated hourly at certain monitoring stations, providing a number from 1 to 10+ that indicates the relative health risk associated with local air quality."], "Url": ["https://dev.socrata.com/foundry/data.calgary.ca/uqjm-jxgp"], "Category": ["Cities", "Canadian", "Environment"], "Provider": ["The City of Calgary"], "ServiceType": ["Web/Internet"], "Documentation": ["https://dev.socrata.com/foundry/data.calgary.ca/uqjm-jxgp"], "Architectural Style": ["REST"], "Endpoint Url": ["https://data.cityofchicago.org/resource/ydr8-5enu.json?"], "Support SSL": ["Yes"], "Logo": ["https://www.programmableweb.com/sites/all/modules/contrib/lazyloader/image_placeholder.gif"]}