{"API name": ["City of Calgary Public Trees REST API v2.1"], "Description": [" The City of Calgary Public Trees API retrieves urban forest data location of trees, and trees on public land. Developers can authenticate with a token and make requests that will return JSON, XML, and CSV formats in return. See the urban forest management map at "], "Url": ["https://dev.socrata.com/foundry/data.calgary.ca/tfs4-3wwa"], "Category": ["Cities", "Canadian", "Environment", "Nature", "Open Data"], "Provider": ["The City of Calgary"], "ServiceType": ["Web/Internet"], "Documentation": ["https://dev.socrata.com/foundry/data.calgary.ca/tfs4-3wwa"], "Architectural Style": ["REST"], "Endpoint Url": ["https://data.calgary.ca/resource/tfs4-3wwa.json"], "Support SSL": ["Yes"], "Logo": ["https://www.programmableweb.com/sites/all/modules/contrib/lazyloader/image_placeholder.gif"]}