{"API name": ["Clean Power Research PowerClerk REST API v1.0"], "Description": [" The PowerClerk API allows programmatic access to the following basic PowerClerk functions; project creation, editing, and submission. PowerClerk is a Distributed Energy Resource (DER) program management SaaS from Clean Power Research. Authorized access requires an API Key with user authentication that utilizes Basic Authentication. Clean Power Research builds services for energy transformation with cloud software to engage customers, automate programs, integrate solar and more."], "Url": ["https://developers.cleanpower.com/application_process_automation/api-method-refe\u2026"], "Category": ["Weather", "Data", "Energy", "Environment", "Solar"], "Provider": ["Clean Power Research"], "ServiceType": ["Web/Internet"], "Documentation": ["https://developers.cleanpower.com/application_process_automation"], "Architectural Style": ["REST"], "Endpoint Url": ["https://api.powerclerk.com/Services.svc/v1"], "Support SSL": ["Yes"], "Logo": ["https://www.programmableweb.com/sites/all/modules/contrib/lazyloader/image_placeholder.gif"]}