{"API name": ["Cloverly REST API v1.0"], "Description": [" Cloverly is an API for consuming carbon offsets. Additionally, it does have some endpoints for calculating carbon impact, but the primary function is the consumption of the carbon offsets."], "Url": ["https://cloverly.com/for-developers"], "Category": ["Environment", "Sustainability"], "Provider": ["Cloverly"], "ServiceType": ["Standard"], "Documentation": ["https://cloverly.com/documentation"], "Architectural Style": ["REST"], "Endpoint Url": ["https://api.cloverly.app"], "Support SSL": ["Yes"], "Logo": ["https://www.programmableweb.com/sites/all/modules/contrib/lazyloader/image_placeholder.gif"]}