{"API name": ["CNGnow REST API"], "Description": [" CNGnow.com is a website dedicated to spreading information about natural gas vehicles and the benefits of Compressed Natural Gas (CNG). The CNGnow Station Data API exposes crowdsourced station data. The free API delivers station information such as name, address, payment options, PSI, operating hours, last reported price, and phone number. Calls can specify a particular station, or search by location or keyword."], "Url": ["http://www.cngnow.com/stations/pages/api.aspx"], "Category": ["Environment", "Transportation", "Transportation"], "Provider": [], "ServiceType": [], "Documentation": ["http://www.cngnow.com/stations/pages/api.aspx"], "Architectural Style": ["REST"], "Endpoint Url": ["http://services.cngnow.com/V1/"], "Support SSL": ["No"], "Logo": ["https://www.programmableweb.com/sites/all/modules/contrib/lazyloader/image_placeholder.gif"]}