{"API name": ["ColoradoWaterSMS RPC API"], "Description": [" The service from the state\u00e2\u20ac\u2122s Division of Water Resources (DWR) provides measurements of surface water resources, including stream flow and climate effects, from watersheds statewide. The data is available to cooperating agencies, environmental researchers, developers, and other interested parties.\nAPI methods support retrieval of current conditions in streams and reservoirs across Colorado along with rating tables and shift curves indicating their susceptibility to contamination and variance in flow. Methods also document measuring stations and water districts administering state water resources."], "Url": ["http://water.state.co.us/DataMaps/WebServices/Pages/WebServices.aspx"], "Category": ["Government", "Environment", "Environment"], "Provider": [], "ServiceType": [], "Documentation": ["http://water.state.co.us/DataMaps/WebServices/Pages/WebServices.aspx"], "Architectural Style": ["RPC"], "Endpoint Url": [], "Support SSL": ["No"], "Logo": ["https://www.programmableweb.com/sites/all/modules/contrib/lazyloader/image_placeholder.gif"]}