{"API name": ["CoolClimate Calculator REST API"], "Description": [" The CoolClimate Network, a division of UC Berkeley\u00e2\u20ac\u2122s Renewable and Appropriate Energy Laboratory, researches greenhouse gas emission and reduction, develops carbon management tools, and advocates voluntary carbon reduction for businesses and individuals.\nThe CoolClimate Calculator is a tool allowing U.S. households to calculate their carbon footprints, compare results, and receive personalized advice on reducing their carbon impact. The calculator is exposed through an API allowing 3rd party applications to compute carbon footprints given user-specified parameters."], "Url": ["http://coolclimate.berkeley.edu/api"], "Category": ["Science", "Sustainability", "Environment"], "Provider": [], "ServiceType": [], "Documentation": ["http://coolclimate.berkeley.edu/api"], "Architectural Style": ["REST"], "Endpoint Url": ["https://apis-dev.berkeley.edu/coolclimate/"], "Support SSL": ["Yes"], "Logo": ["https://www.programmableweb.com/sites/all/modules/contrib/lazyloader/image_placeholder.gif"]}