{"API name": ["CUAHSI WaterOneFlow RPC API"], "Description": [" The service handles exchanges of hydrologic data between servers, databases, and applications for data sharing and analysis. It provides a specialized flavor of XML known as WaterML. Provided by a consortium of university hydrology programs, it is part of a Hydrology Information Service (HIS) that documents and supports research in water supplies and environmental activities within many watersheds studied by affiliated researchers.\nAPI methods support retrieval of a list of sites studied with information objects and metadata summarizing location and conditions. The API also returns variables tracked and values logged."], "Url": ["http://his.cuahsi.org/wofws.html"], "Category": ["Science", "Environment", "Environment"], "Provider": [], "ServiceType": [], "Documentation": ["http://his.cuahsi.org/wofws.html"], "Architectural Style": ["RPC"], "Endpoint Url": ["http://water.sdsc.edu/waterOneFlow/NWIS/"], "Support SSL": ["No"], "Logo": ["https://www.programmableweb.com/sites/all/modules/contrib/lazyloader/image_placeholder.gif"]}