{"API name": ["CubeSensors REST API"], "Description": [" CubeSensors are small devices that contain seven different sensors for detecting environmental conditions. They are capable of monitoring air quality, temperature, humidity, noise, light, barometric pressure, and sensor motion. CubeSensors glow different colors to reflect the health of indoor environments. The CubeSensors API enables developers to access CubeSensors sensor data programmatically."], "Url": ["http://api.cubesensors.com/docs"], "Category": ["Internet of Things", "Environment", "Hardware", "Health", "Home Automation"], "Provider": ["CubeSensors"], "ServiceType": [], "Documentation": ["http://api.cubesensors.com/docs"], "Architectural Style": ["REST"], "Endpoint Url": ["http://api.cubesensors.com/"], "Support SSL": ["No"], "Logo": ["https://www.programmableweb.com/sites/all/modules/contrib/lazyloader/image_placeholder.gif"]}