{"API name": ["DataFed WCS RPC API"], "Description": [" The DataFed Web Coverage Service (WCS) is a SOAP-based API that describes, requests, and delivers \"coverages\" \u00e2\u20ac\u201c that is, information representing space-time variances in air quality. The current version of the WCS API (1.0) supports grid and image data types."], "Url": ["http://datafedwiki.wustl.edu/index.php/DataFedEngine"], "Category": ["Science", "Environment", "Visualizations"], "Provider": [], "ServiceType": [], "Documentation": ["http://datafedwiki.wustl.edu/index.php/DataFedEngine"], "Architectural Style": ["RPC"], "Endpoint Url": ["http://datafed.net/xs/wcs"], "Support SSL": [], "Logo": ["https://www.programmableweb.com/sites/all/modules/contrib/lazyloader/image_placeholder.gif"]}