{"API name": ["Degree Days REST API"], "Description": [" API providing degree days for locations worldwide. It calculates heating degree days and cooling degree days in Celsius or Fahrenheit, to any base temperature, and in a range of breakdowns such as daily, weekly, monthly, yearly, and multi-year average. Data can be fetched by weather station ID or by postal/zip code or longitude/latitude position anywhere in the world."], "Url": ["https://www.degreedays.net/api/"], "Category": ["Weather", "Climate", "Data", "Energy", "Environment", "Sustainability"], "Provider": [], "ServiceType": ["Web/Internet"], "Documentation": ["https://www.degreedays.net/api/integration"], "Architectural Style": ["REST"], "Endpoint Url": [], "Support SSL": ["Yes"], "Logo": ["https://www.programmableweb.com/sites/all/modules/contrib/lazyloader/image_placeholder.gif"]}