{"API name": ["DicksonOne REST API"], "Description": [" The DicksonOne API returns JSON data about environmental monitoring. Methods are available for device monitoring for temperature, unit readings, events about device settings, and other sensor data. The API uses standard HTTP response codes and authentication. It is cloud-based and it provides alarm notification methods. DicksonOne is a cloud-based environmental monitoring system."], "Url": ["https://www.dicksonone.com/api/rest/docs#api-reference"], "Category": ["Environment", "Cloud", "Internet of Things", "Monitoring", "Reporting"], "Provider": ["DicksonOne"], "ServiceType": ["Web/Internet"], "Documentation": ["https://www.dicksonone.com/api/v2/docs"], "Architectural Style": ["REST"], "Endpoint Url": ["https://www.dicksonone.com "], "Support SSL": ["Yes"], "Logo": ["https://www.programmableweb.com/sites/all/modules/contrib/lazyloader/image_placeholder.gif"]}