{"API name": ["Dorsal REST API"], "Description": [" The Dorsal API allows developers to access media, reports, and other information from Dorsal, a community-based shark alert system. Dorsal allows users to instantly alert others to shark sightings or attacks in their area. Users can submit reports using the Dorsal website, iPhone app, Android app, Facebook, and Twitter. Dorsal is currently only available for Australia."], "Url": ["https://www.dorsalapp.com/apidocs/"], "Category": ["Emergency", "Australian", "Environment", "Marine", "Notifications", "Safety", "Social"], "Provider": ["Dorsal"], "ServiceType": [], "Documentation": ["https://www.dorsalapp.com/apidocs/"], "Architectural Style": ["REST"], "Endpoint Url": ["http://uat.api.dorsalapp.com/"], "Support SSL": ["No"], "Logo": ["https://www.programmableweb.com/sites/all/modules/contrib/lazyloader/image_placeholder.gif"]}