{"API name": ["Earth arctic sea ice extent REST API v1.0"], "Description": [" This API provides the average monthly Arctic sea ice extent each September since 1979, derived from satellite observations."], "Url": ["https://global-warming.org"], "Category": ["Climate", "Environment", "Marine", "Science", "Sustainability"], "Provider": ["Independent Developer"], "ServiceType": ["Web/Internet"], "Documentation": ["https://global-warming.org"], "Architectural Style": ["REST"], "Endpoint Url": ["https://global-warming.org/api/arctic-api"], "Support SSL": ["Yes"], "Logo": ["https://www.programmableweb.com/sites/all/modules/contrib/lazyloader/image_placeholder.gif"]}