{"API name": ["Earth911 Search REST API v1"], "Description": [" Earth911 specializes in providing people across the country with useful and accessible recycling information. Among other site features, they also boast the largest and most accurate recycling directory in the U.S. The Earth911 Search API enables developers to add the ability to search this directory to any website, mobile application, or phone number. The API uses REST calls issued in JSON format."], "Url": ["http://api.earth911.com/"], "Category": ["Search", "Environment", "Sustainability"], "Provider": ["Earth911"], "ServiceType": ["Web/Internet"], "Documentation": ["http://api.earth911.com/"], "Architectural Style": ["REST"], "Endpoint Url": ["http://api.earth911.com/"], "Support SSL": ["Yes"], "Logo": ["https://www.programmableweb.com/sites/all/modules/contrib/lazyloader/image_placeholder.gif"]}