{"API name": ["Ecolabel Index REST API"], "Description": [" Ecolabel Index is a global directory of ecolabels (such as Audubon International or Energy Star). Ecolabel Index also provides a RESTful API allowing developers to access the Ecolabel Index database. Available methods allow developers to list all published ecolabels or to get details about a particular label."], "Url": ["http://www.ecolabelindex.com/developers/api/"], "Category": ["Reference", "Environment", "Sustainability"], "Provider": [], "ServiceType": [], "Documentation": ["http://www.ecolabelindex.com/developers/api/"], "Architectural Style": ["REST"], "Endpoint Url": ["http://www.ecolabelindex.com/services/rest/"], "Support SSL": [], "Logo": ["https://www.programmableweb.com/sites/all/modules/contrib/lazyloader/image_placeholder.gif"]}