{"API name": ["Ecometrica Our Impacts REST API"], "Description": [" Ecometrica provides carbon and sustainability tools with the goal of making environmental accounting accessible to all organizations through web based services. The Ecometrica Our Impacts API allows developers to integrate internal and web based systems with Ecometrica\u00e2\u20ac\u2122s emission factors database."], "Url": ["http://ecometrica.com/products/our-impacts/"], "Category": ["Tools", "Environment", "Science"], "Provider": [], "ServiceType": [], "Documentation": ["http://ecometrica.com/products/our-impacts/"], "Architectural Style": ["REST"], "Endpoint Url": [], "Support SSL": [], "Logo": ["https://www.programmableweb.com/sites/all/modules/contrib/lazyloader/image_placeholder.gif"]}