{"API name": ["EcoSCADA RPC API"], "Description": [" EcoSCADA is a web-based energy savings service that is used to monitor energy consumption and identify wasteful energy use. EcoSCADA is useful for establishing benchmarks for energy usage across multiple buildings and monitoring their performance against those benchmarks. The service records data on gas, electricity, and water consumption as well as other relevant factors. This data is stored in EcoSCADA's online database where it can be accessed by users directly or via API."], "Url": ["http://portacapena.com/EN/Home/Products---Services/EcoSCADA.aspx"], "Category": ["Energy", "Environment", "Sustainability", "Monitoring"], "Provider": [], "ServiceType": [], "Documentation": ["http://portacapena.com/EN/Home/Products---Services/EcoSCADA.aspx"], "Architectural Style": ["RPC"], "Endpoint Url": [], "Support SSL": [], "Logo": ["https://www.programmableweb.com/sites/all/modules/contrib/lazyloader/image_placeholder.gif"]}