{"API name": ["EEA Discomap REST API"], "Description": [" The European Environment Agency (EEA) provides the public with GIS APIs to get a wide range of environmental data for Europe and helps you create your own map-services. As of today EEA covers the thematic areas such as Air, Water, Biodiversity, Land and Noise. More topics will be added. Services exposed from discomap.eea.europa.eu are allowed to be re-used by anybody. EEA content can be integrated in many different ways by developers or by any end-user who might find an interest in combining EEA's information with their own or other public map-services (mashups).\nAs of today EEA covers the thematic areas such as Air, Water, Biodiversity, Land and Noise. We support access of these service to as many possible ways EEA can handle. All these map-services have meta data and a simple interface that allows you to discovered.\nThese map-services are exposed in many other portals such as the INSPIRE portal, ArcGis.com, GEOS and many other. EEA gives anybody the rights to re-link these services into there own web-site or portals. EEA however only maintains it's meta data from the services hosted in this infrastructure."], "Url": ["Discomap"], "Category": ["Mapping", "Environment"], "Provider": [], "ServiceType": [], "Documentation": ["http://www.eea.europa.eu/code/gis"], "Architectural Style": ["REST"], "Endpoint Url": ["http://discomap.eea.europa.eu/"], "Support SSL": ["Yes"], "Logo": ["https://www.programmableweb.com/sites/all/modules/contrib/lazyloader/image_placeholder.gif"]}