{"API name": ["eHabitat WPS RPC API"], "Description": [" The eHabitat Web Processing Service (WPS) is a web-based tool for assessing potential environmental changes due to anthropogenic activities, especially changes affecting protected areas. In particular, eHabitat's modeling services allow users to assess the likelihood of finding equivalent habitats either presently or in the future. Programmatic access to eHabitat WPS is available in the form of a SOAP-based API."], "Url": ["http://ehabitat-wps.jrc.ec.europa.eu/"], "Category": ["Science", "Environment"], "Provider": [], "ServiceType": [], "Documentation": [], "Architectural Style": ["RPC"], "Endpoint Url": [], "Support SSL": [], "Logo": ["https://www.programmableweb.com/sites/all/modules/contrib/lazyloader/image_placeholder.gif"]}