{"API name": ["EnergyStar Third-Party Certification RPC API"], "Description": [" The free service from the U.S. Environmental Protection Agency (EPA) establishes a qualified product exchange (QPX) system to accept requests for EnergyStar certification and facilitate processing of those requests by certification bodies (CBs). The service augments prior systems, which were based on submission of spreadsheets listing all currently certified products. It handles XML submissions for individual products, including capabilities to modify certification requests after submission.\nAPI methods support submission of EnergyStar certification requests for products like boilers, air conditioners and heat pumps, dehumidifiers, commercial fryers and griddles, and electronic equipment. Methods also support modifying, withdrawing, and re-submitting existing certifications."], "Url": ["http://www.energystar.gov/index.cfm?c=third_party_certification.tpc_xml_forms"], "Category": ["Government", "Reference", "Energy", "Environment"], "Provider": [], "ServiceType": [], "Documentation": ["http://www.energystar.gov/index.cfm"], "Architectural Style": ["RPC"], "Endpoint Url": [], "Support SSL": ["Yes"], "Logo": ["https://www.programmableweb.com/sites/all/modules/contrib/lazyloader/image_placeholder.gif"]}