{"API name": ["EnergyStar ABS RPC API"], "Description": [" The free web service from the U.S. Environmental Protection Agency (EPA) promotes sharing of data on energy use and facility energy-consumption information. It interacts with EPA's Portfolio Manager software tool to help applications provide energy and building data as part of the Energy Star energy performance rating. This benchmarking supports development of environmental performance metrics.\nAPI methods support management of Energy Star rating status, updating of building and energy meter information, and retrieval of benchmarking data for local comparisons. Methods also support management of ABS program user account information."], "Url": ["http://portfoliomanager.energystar.gov/webservices/home/api;jsessionid=B3D50EAD3\u2026"], "Category": ["Government", "Reference", "Energy", "Environment"], "Provider": [], "ServiceType": [], "Documentation": ["http://portfoliomanager.energystar.gov/webservices/home/api;jsessionid=B3D50EAD3F0FCB10143381C506842912.beta-esws-dist-3"], "Architectural Style": ["RPC"], "Endpoint Url": [], "Support SSL": ["No"], "Logo": ["https://www.programmableweb.com/sites/all/modules/contrib/lazyloader/image_placeholder.gif"]}