{"API name": ["Environment Agency Water Quality Archive REST API"], "Description": [" The Environment Agency Water Quality Archive API returns JSON, CSV, and RDF formats with UK water quality data. Water samples are taken from the country and analyzed by laboratories. Data has been measured since the year 2000 until the present day, containing 4 million samples from 58,000 sample points."], "Url": ["https://environment.data.gov.uk/water-quality/view/doc/reference"], "Category": ["Environment", "England", "Water"], "Provider": ["Crown"], "ServiceType": ["Web/Internet"], "Documentation": ["https://environment.data.gov.uk/water-quality/view/doc/reference"], "Architectural Style": ["REST"], "Endpoint Url": ["http://environment.data.gov.uk/water-quality"], "Support SSL": ["Yes"], "Logo": ["https://www.programmableweb.com/sites/all/modules/contrib/lazyloader/image_placeholder.gif"]}