{"API name": ["Environment Agency Real Time Flood-Monitoring REST API v0.8"], "Description": [" The Environment Agency Real Time Flood-Monitoring API displays information related to U.K. flood warnings and flood alerts, flood areas which to which warnings or alerts apply, measurements of water levels and flows, and information on the monitoring stations providing those measurements.\nThe API provides a REST-style access to the data via simple HTTP GET requests which return data in JSON format. Some data is also available in RDF and XML formats."], "Url": ["https://environment.data.gov.uk/flood-monitoring/doc/reference"], "Category": ["Environment", "England"], "Provider": ["Crown"], "ServiceType": ["Web/Internet"], "Documentation": ["https://environment.data.gov.uk/flood-monitoring/doc/reference"], "Architectural Style": ["REST"], "Endpoint Url": ["http://environment.data.gov.uk/flood-monitoring"], "Support SSL": ["Yes"], "Logo": ["https://www.programmableweb.com/sites/all/modules/contrib/lazyloader/image_placeholder.gif"]}