{"API name": ["EPA Station RPC API"], "Description": [" The EPA Station API provides information for all monitoring locations within a user-determined geographic bounding box. The API allows users to quickly pull station locations for mapping, return station counts for a given geographic area, or obtain detailed station information."], "Url": ["http://www.epa.gov/storet/web_services.html"], "Category": ["Science", "Government", "Environment", "Mapping"], "Provider": [], "ServiceType": [], "Documentation": ["http://www.epa.gov/storet/web_services.html"], "Architectural Style": ["RPC"], "Endpoint Url": ["http://gov.epa.storet.stationservice/StationService.wsdl"], "Support SSL": [], "Logo": ["https://www.programmableweb.com/sites/all/modules/contrib/lazyloader/image_placeholder.gif"]}