{"API name": ["EPA Watershed Summary RPC API"], "Description": [" The EPA's Watershed Summary API provides a summary of information for the types of data available within a given watershed, which is identified by an 8-digit HUC (Hydrologic Unit Code). This data includes which organizations have data, the number of stations, and result counts by characteristic type."], "Url": ["http://www.epa.gov/storet/web_services.html"], "Category": ["Science", "Government", "Environment", "Water"], "Provider": [], "ServiceType": [], "Documentation": ["http://www.epa.gov/storet/web_services.html"], "Architectural Style": ["RPC"], "Endpoint Url": ["http://gov.epa.storet.watershedsummary/WatershedSummaryService.wsdl"], "Support SSL": [], "Logo": ["https://www.programmableweb.com/sites/all/modules/contrib/lazyloader/image_placeholder.gif"]}