{"API name": ["EPA Envirofacts RPC API"], "Description": [" Envirofacts is a service of the U.S. Environmental Protection Agency. It provides search access to multiple environmental databases which may include data on such things as toxic chemical releases, water discharge permit compliance, hazardous waste handling processes, Superfund status, and air emission estimates, among others.\nThe Envirofacts API uses the REST and SOAP protocols and returns responses in XML, CSV, and Excel formats."], "Url": ["http://www.epa.gov/enviro/facts/services.html"], "Category": ["Science", "Government", "Environment"], "Provider": [], "ServiceType": [], "Documentation": ["http://www.epa.gov/enviro/facts/services.html"], "Architectural Style": ["RPC"], "Endpoint Url": [], "Support SSL": [], "Logo": ["https://www.programmableweb.com/sites/all/modules/contrib/lazyloader/image_placeholder.gif"]}