{"API name": ["EPA Station Catalog RPC API"], "Description": [" The EPA's Station Catalog API provides a summary of information on water quality monitoring stations such as the station's name, period of record, and result counts by characteristic type. This API operates over both SOAP and HTTP GET protocols."], "Url": ["http://www.epa.gov/storet/web_services.html"], "Category": ["Science", "Environment", "Water", "Government"], "Provider": [], "ServiceType": [], "Documentation": ["http://www.epa.gov/storet/web_services.html"], "Architectural Style": ["RPC"], "Endpoint Url": ["http://gov.epa.storet.stationcatalogservice/StationCatalogService.wsdl"], "Support SSL": [], "Logo": ["https://www.programmableweb.com/sites/all/modules/contrib/lazyloader/image_placeholder.gif"]}