{"API name": ["EPA Project Catalog RPC API"], "Description": [" The EPA's Project Catalog API provides summary information on research projects such as the period of record, characteristics monitored, and the names of stations used. Users can search for projects by Organization ID, Project ID, Station ID, or Hydrologic Unit Code (HUC)."], "Url": ["http://www.epa.gov/storet/web_services.html"], "Category": ["Science", "Environment", "Government"], "Provider": [], "ServiceType": [], "Documentation": ["http://www.epa.gov/storet/web_services.html"], "Architectural Style": ["RPC"], "Endpoint Url": ["http://gov.epa.storet.projectcatalogservice/ProjectCatalogService.wsdl"], "Support SSL": [], "Logo": ["https://www.programmableweb.com/sites/all/modules/contrib/lazyloader/image_placeholder.gif"]}