{"API name": ["EPA Environmental Dataset Gateway REST API"], "Description": [" The service provides access to a number of datasets containing recorded levels of environmental variables measured and tracked by the U.S. Environmental Protection Agency. A number of datasets document various monitoring programs over time tracking pollutants and environmental conditions affecting air quality, water quality, and land-borne contaminants. EPA staff and contractors can access both current and historical data via the service, built as an instance of ESRI Geoportal Server.\nAPI methods support listing of available datasets and selection of desired data based on location and conditions of interest to a researcher. Methods also support retrieval of desired datasets in formats suitable for further analysis."], "Url": ["http://iaspub.epa.gov/sor_internet/registry/reusereg/searchandretrieve/details.d\u2026"], "Category": ["Science", "Environment"], "Provider": [], "ServiceType": [], "Documentation": [], "Architectural Style": ["REST"], "Endpoint Url": ["https://edg.epa.gov/metadata/catalog/components/components.page#"], "Support SSL": ["Yes"], "Logo": ["https://www.programmableweb.com/sites/all/modules/contrib/lazyloader/image_placeholder.gif"]}