{"API name": ["ESG Enterprise Data REST API v1.3"], "Description": [" The ESG Enterprise Data API allows you to query and search Environmental, Social, and Governance (ESG) risk ratings with the company name and stock symbols. ESG Enterprise database maintains over 40000 company ratings worldwide. This REST API supports data searches for ESG risk scores that are formatted in JSON with HTTP GET Requests authenticate via Token."], "Url": ["https://www.esgenterprise.com/esg-analytics/esg-api-developer/"], "Category": ["Financial", "Environment", "Stocks", "Sustainability"], "Provider": ["ESG Enterprise"], "ServiceType": ["Web/Internet"], "Documentation": ["https://www.esgenterprise.com/esg-analytics/esg-api-developer/"], "Architectural Style": ["REST"], "Endpoint Url": [], "Support SSL": ["Yes"], "Logo": ["https://www.programmableweb.com/sites/all/modules/contrib/lazyloader/image_placeholder.gif"]}