{"API name": ["ETwater Unity REST API v1.0"], "Description": [" This API is a scalable open platform for water management and other environmental services. It is a set of data from many different sources used to transform and analyze this information using a set of REST APIs to directly gain access to the platform\u2019s services and insights for easy integration. Some features include profiles and details about soil types and characteristics, plant type and growth factors specifically related to UV, watering needs and more. The Smart Sprinkler Service allows you to water only and precisely when your lawn, garden or yard needs it."], "Url": ["http://etwater.com/developer/specification/"], "Category": ["Water", "Environment", "Management"], "Provider": ["ETwater"], "ServiceType": ["Web/Internet"], "Documentation": ["http://etwater.com/developer/specification/"], "Architectural Style": ["REST"], "Endpoint Url": ["https://developer-api.etwater.com/api/v1/hello-unity"], "Support SSL": ["Yes"], "Logo": ["https://www.programmableweb.com/sites/all/modules/contrib/lazyloader/image_placeholder.gif"]}