{"API name": ["Evergreen REST API"], "Description": [" Evergreen is a asset-backed digital currency that allows users to exchange euros for evergreens, and use them as payment. The evergreens are exchanged at a 6:1 ratio with Euros, and are backed by a basket of currencies and environmental investments. The Evergreen API uses REST calls and returns JSON. Users can make calls to interface between mobile apps and websites to manipulates wallets containing evergreens. An account is required with service."], "Url": ["http://evrgr.github.io"], "Category": ["Payments", "Merchants", "Bitcoin", "Environment"], "Provider": [], "ServiceType": [], "Documentation": ["http://evrgr.github.io"], "Architectural Style": ["REST"], "Endpoint Url": [], "Support SSL": [], "Logo": ["https://www.programmableweb.com/sites/all/modules/contrib/lazyloader/image_placeholder.gif"]}