{"API name": ["FengShui REST API"], "Description": [" The Free FengShui REST API allows to integrate compatibility properties into own applications. Intuition and ancient life wisdom can be part of development practices, because it aims to benefit humans and situations as much as possible. FengShui Calculators: KUA Number, Chineese Sign, Astrological Allies, Astrological Enemy, Peach Blossom Animal, Love Compatibility, Bussiness Compatibility, Element of the Hour, Day, Month, Year, Lucky Dimension, Child Gender, Eight Mansions, Flying Star and Four Pillars.\nSamples available at https://github.com/fengshui-api/restApi"], "Url": ["Free FengShui REST API"], "Category": ["Tools", "Astrology", "Chinese", "Design", "Environment", "Religion"], "Provider": ["fengshui-api.com"], "ServiceType": [], "Documentation": [], "Architectural Style": ["REST"], "Endpoint Url": ["https://fengshui-api.com"], "Support SSL": ["Yes"], "Logo": ["https://www.programmableweb.com/sites/all/modules/contrib/lazyloader/image_placeholder.gif"]}