{"API name": ["FishWatch REST API v1"], "Description": [" The FishWatch API provides access to information on seafood sustainability. For a given fish species, the FishWatch API can return information on population, fishing rate, habitat impacts, bycatch, availability, source, taste, texture, and more.\nThis service and its content are provided by NOAA Fisheries to help spread information about the science behind U.S. sustainable seafood."], "Url": ["https://www.fishwatch.gov/resources"], "Category": ["Marine", "Animals", "Environment", "Fishing", "Food", "Nature", "Sustainability"], "Provider": ["NOAA"], "ServiceType": ["Web/Internet"], "Documentation": ["https://www.fishwatch.gov/resources"], "Architectural Style": ["REST"], "Endpoint Url": ["https://www.fishwatch.gov/api/species"], "Support SSL": ["Yes"], "Logo": ["https://www.programmableweb.com/sites/all/modules/contrib/lazyloader/image_placeholder.gif"]}