{"API name": ["Foobot REST API"], "Description": [" The Foobot REST API allows developers to access and integrate the functionality of Foobot with other applications. Some example API methods include retrieving device details, searching data points, and retrieving data points. Foobot is an air quality monitor that allows people to monitor the air around them and control air freshness."], "Url": ["https://api.foobot.io/apidoc/index.html"], "Category": ["Environment", "Climate", "Home Automation", "Internet of Things"], "Provider": ["Foobot"], "ServiceType": ["Web/Internet"], "Documentation": [], "Architectural Style": ["REST"], "Endpoint Url": [], "Support SSL": ["Yes"], "Logo": ["https://www.programmableweb.com/sites/all/modules/contrib/lazyloader/image_placeholder.gif"]}