{"API name": ["Fruitmap REST API"], "Description": [" Fruitmap is a user generated map of various types of fruit trees around the world. Anyone can easily mark the location of a tree on the site's map. Fruitmap exposes its data through a simple API. The API is able to deliver general data on all of the site's trees by type, as well as the location of all trees of a given type."], "Url": ["http://www.fruitmap.sk/api"], "Category": ["Mapping", "Science", "Environment", "Classification"], "Provider": [], "ServiceType": [], "Documentation": ["http://www.fruitmap.sk/api"], "Architectural Style": ["REST"], "Endpoint Url": ["http://fruitmap.sk/api/"], "Support SSL": ["No"], "Logo": ["https://www.programmableweb.com/sites/all/modules/contrib/lazyloader/image_placeholder.gif"]}