{"API name": ["FuelEconomy.gov REST API"], "Description": [" FuelEconomy.gov is the official U.S. government source for fuel economy information. The site features an API that enables developers to programmatically query vehicle fuel efficiency data for a given make, model, and year. This RESTful API is able to deliver emission records, MPG data, and much more."], "Url": ["http://www.fueleconomy.gov/feg/ws/"], "Category": ["Transportation", "Environment"], "Provider": [], "ServiceType": [], "Documentation": ["http://www.fueleconomy.gov/feg/ws/"], "Architectural Style": ["REST"], "Endpoint Url": ["http://www.fueleconomy.gov/ws/rest/"], "Support SSL": ["No"], "Logo": ["https://www.programmableweb.com/sites/all/modules/contrib/lazyloader/image_placeholder.gif"]}