{"API name": ["GardenKit REST API"], "Description": [" GreenIQ's GardenKit API provides access to their product, Smart Garden Hub. Smart Garden Hub is an application that aims to cut down water consumption in gardens and landscapes. The GardenKit API allows developers to access all the components that are required to build full or partial applications based on the GardenKit API's functionality. Some example API methods include retrieving valve settings, configuring valve settings, and accessing light settings."], "Url": ["GardenKit API"], "Category": ["Internet of Things", "Environment", "Home Automation"], "Provider": ["GreenIQ"], "ServiceType": [], "Documentation": ["https://docs.google.com/document/d/16irr_OQ_cuxmZVxaUts4lzFzXOst3IFDRDp3eTYtwrg/edit"], "Architectural Style": ["REST"], "Endpoint Url": ["https://greeniq.net/php/api"], "Support SSL": ["No"], "Logo": ["https://www.programmableweb.com/sites/all/modules/contrib/lazyloader/image_placeholder.gif"]}