{"API name": ["GEMStat RPC API"], "Description": [" The Global Environment Monitoring System (GEMS) is a multi-faceted water science center created by the United Nations Environment Programme. GEMS' goals are to improve global water quality monitoring and assessment abilities and to determine the status and trends of regional and global water quality. GEMStat is a global water quality database designed to provide access to surface and groundwater quality data and statistics collected by GEMS.\nGEMStat provides two online services for accessing its data: the Web Feature Service and the Web Map Service. The Web Feature Service returns information on GEMS stations and the measurements they've taken. The Web Map Service provides maps of GEMS station locations. Both of these services are accessible programmatically using either SOAP or REST calls."], "Url": ["http://www.gemstat.org/webservices.aspx"], "Category": ["Science", "Environment"], "Provider": [], "ServiceType": [], "Documentation": [], "Architectural Style": ["RPC"], "Endpoint Url": ["http://www.gemstat.org/WS/"], "Support SSL": [], "Logo": ["https://www.programmableweb.com/sites/all/modules/contrib/lazyloader/image_placeholder.gif"]}