{"API name": ["Global warming methane atmosphere concentration REST API v1.0"], "Description": [" This API provides on a monthly basis, the amount of methane in the atmosphere from 1983 to the present. Expressed as a mole fraction in dry air, parts per million (ppm)."], "Url": ["https://global-warming.org/"], "Category": ["Environment", "Climate", "Science", "Sustainability"], "Provider": ["Independent Developer"], "ServiceType": ["Web/Internet"], "Documentation": ["https://global-warming.org/"], "Architectural Style": ["REST"], "Endpoint Url": ["ttps://global-warming.org/api/methane-api"], "Support SSL": ["Yes"], "Logo": ["https://www.programmableweb.com/sites/all/modules/contrib/lazyloader/image_placeholder.gif"]}