{"API name": ["Global temperature anomalies REST API v1.0"], "Description": [" This API provides on a monthly basis, the global mean surface temperature anomaly from 1880.04 to present (in celsius)."], "Url": ["https://global-warming.org"], "Category": ["Climate", "Environment", "Science", "Sustainability"], "Provider": ["Independent Developer"], "ServiceType": ["Web/Internet"], "Documentation": ["https://global-warming.org"], "Architectural Style": ["REST"], "Endpoint Url": ["https://global-warming.org/api/temperature-api"], "Support SSL": ["Yes"], "Logo": ["https://www.programmableweb.com/sites/all/modules/contrib/lazyloader/image_placeholder.gif"]}