{"API name": ["Global Forest Watch REST API v1"], "Description": [" The Global Forest Watch API allows developers to retrieve information on forest change measures, including cover loss, tree cover gain, and disturbances. Specific data that developers can retrieve includes University of Maryland tree cover loss & gain, FORMA (FORest Monitoring for Action) alerts, IMAZON SAD (Deforestation Alert System) alerts, QUICC (Quarterly Indicator of Cover Change) alerts, and NASA active fires."], "Url": ["https://data.globalforestwatch.org/"], "Category": ["Environment", "Climate", "Fire", "Nature", "Sustainability"], "Provider": ["World Resources Institute"], "ServiceType": ["Web/Internet"], "Documentation": ["https://data.globalforestwatch.org/"], "Architectural Style": ["REST"], "Endpoint Url": ["http://ec2-50-18-182-188.us-west-1.compute.amazonaws.com:6080/arcgis/rest/services/ForestGain_2000_2012/ImageServer/query?where=1%3D1&amp;outFields=*&amp;outSR=4326&amp;f=json"], "Support SSL": ["No"], "Logo": ["https://www.programmableweb.com/sites/all/modules/contrib/lazyloader/image_placeholder.gif"]}