{"API name": ["Global Warming carbon dioxide (CO2) atmosphere concentration REST API v1.0"], "Description": [" This API provides on a quasi-daily basis, the amount of carbon dioxide (CO2) in the atmosphere from 2010.01.01 to present. It is expressed as a mole fraction in dry air, parts per million (ppm)."], "Url": ["https://global-warming.org"], "Category": ["Environment", "Climate", "Predictions", "Science", "Sustainability"], "Provider": ["Independent Developer"], "ServiceType": ["Web/Internet"], "Documentation": ["https://global-warming.org"], "Architectural Style": ["REST"], "Endpoint Url": ["https://global-warming.org/api/co2-api"], "Support SSL": ["Yes"], "Logo": ["https://www.programmableweb.com/sites/all/modules/contrib/lazyloader/image_placeholder.gif"]}