{"API name": ["GoodGuide REST API"], "Description": [" The GoodGuide API enables developers to access GoodGuide.com data through a REST-based interface. Version 1.0 of the GoodGuide API currently supports one operation, search, that returns information and GoodGuide ratings about entities. An entity as defined by the GoodGuide API is a product, company, brand, or product category for which there is a GoodGuide rating. Through the API, you can find information about any entity currently available on GoodGuide.com.\nGoodGuide provides information about the health, environmental and social performance of products and companies.\u00ef\u00bf\u00bd"], "Url": ["http://developer.goodguide.com/docs"], "Category": ["Recommendations", "Environment", "Health", "Sustainability", "Ratings"], "Provider": [], "ServiceType": [], "Documentation": [], "Architectural Style": ["REST"], "Endpoint Url": ["http://api.goodguide.com"], "Support SSL": [], "Logo": ["https://www.programmableweb.com/sites/all/modules/contrib/lazyloader/image_placeholder.gif"]}