{"API name": ["Greencheck REST API"], "Description": [" Cleanbits is a website that allows companies to see how much pollution their internet infrastructure and activities account for as well as gives them the opportunity to offset it through wind energy or tree planting. The site offers the Greencheck API service makes it possible to check if any website is \"green\" or not. The service is also available as a Firefox plug-in."], "Url": ["http://api.thegreenwebfoundation.org/"], "Category": ["Tools", "Sustainability", "Environment", "Web Site Management"], "Provider": [], "ServiceType": [], "Documentation": ["http://api.thegreenwebfoundation.org/"], "Architectural Style": ["REST"], "Endpoint Url": ["http://api.cleanbits.net/json.php"], "Support SSL": ["No"], "Logo": ["https://www.programmableweb.com/sites/all/modules/contrib/lazyloader/image_placeholder.gif"]}