{"API name": ["The Green Web Foundation REST API v1.0"], "Description": [" The Green Web Foundation API returns domain data indicating if a website runs on renewable energy. The Green Web Apps show in a browser the source of energy of every visited site. To date, Internet users have performed well over half a billion checks with the apps, monitoring the emergence of The Green Web."], "Url": ["https://www.thegreenwebfoundation.org/green-web-feed/"], "Category": ["Sustainability", "Domains", "Energy", "Environment", "Search", "Solar"], "Provider": ["The Green Web Foundation"], "ServiceType": ["Web/Internet"], "Documentation": ["https://api.thegreenwebfoundation.org/"], "Architectural Style": ["REST"], "Endpoint Url": ["https://api.thegreenwebfoundation.org/"], "Support SSL": ["Yes"], "Logo": ["https://www.programmableweb.com/sites/all/modules/contrib/lazyloader/image_placeholder.gif"]}