{"API name": ["HQCasanova Weekly CO2 REST API"], "Description": [" The Weekly CO2 API is a JSONP service providing the latest weekly atmospheric CO2 average as measured at NOAA's Mauna Loa Observatory in Hawaii. The data is sourced from MLO's RSS feed. The averages recorded for the same week 1 and 10 years ago can also be retrieved. Responses are formatted in plain text."], "Url": ["http://www.hqcasanova.com/en/projects/co2.php"], "Category": ["Science", "Environment", "Weather"], "Provider": [], "ServiceType": ["Web/Internet"], "Documentation": ["http://www.hqcasanova.com/en/projects/co2.php"], "Architectural Style": ["REST"], "Endpoint Url": ["http://www.hqcasanova.com/co2"], "Support SSL": ["No"], "Logo": ["https://www.programmableweb.com/sites/all/modules/contrib/lazyloader/image_placeholder.gif"]}