{"API name": ["IIAP Servicio Glosario RPC API"], "Description": [" The Instituto de Investigaciones de la Amazon\u00c3\u00ada Peruana (IIAP), or Research Institute of the Peruvian Amazon, is an institution of scientific research and technological development, specializing in the sustainable use of biodiversity in the Amazon region.\nIIAP Servicio Glosario is the IIAP's glossary service. It returns the contextual definitions of words relevant to the IIAP's work. This service is available as a SOAP API. The IIAP website and API documentation are provided solely in Spanish."], "Url": ["http://www.iiap.org.pe/WSGlosario/ServicioGlosario.asmx"], "Category": ["Reference", "Science", "Environment"], "Provider": [], "ServiceType": [], "Documentation": ["http://www.iiap.org.pe/WSGlosario/ServicioGlosario.asmx"], "Architectural Style": ["RPC"], "Endpoint Url": [], "Support SSL": [], "Logo": ["https://www.programmableweb.com/sites/all/modules/contrib/lazyloader/image_placeholder.gif"]}