{"API name": ["iNaturalist REST API"], "Description": [" The iNaturalist API allows developers to integrate wildlife sighting data into their applications. iNaturalist.org is a website that allows naturalists, scientists, and citizens to record, share, and discuss their wildlife observations with others. iNaturalist hosts more than 28 million observations of more than 80,000 species around the world. iNaturalist is a joint initiative of the California Academy of Sciences and the National Geographic Society."], "Url": ["http://api.inaturalist.org/v1/docs/"], "Category": ["Environment", "Animals", "Marine", "Science"], "Provider": ["iNaturalist"], "ServiceType": [], "Documentation": ["http://api.inaturalist.org/v1/docs/"], "Architectural Style": ["REST"], "Endpoint Url": [], "Support SSL": ["No"], "Logo": ["https://www.programmableweb.com/sites/all/modules/contrib/lazyloader/image_placeholder.gif"]}