{"API name": ["Iowa Environmental Mesonet RadMap REST API"], "Description": [" The Iowa Environmental Mesonet (IEM) collects and makes available environmental data from a network of independent members. The IEM produces several products to display their data, including the RadMap API. The RadMap dynamically generates a PNG image based on a given set of HTTP parameters."], "Url": ["http://mesonet.agron.iastate.edu/GIS/radmap_api.phtml"], "Category": ["Weather", "Mapping", "Environment"], "Provider": [], "ServiceType": [], "Documentation": ["http://mesonet.agron.iastate.edu/GIS/radmap_api.phtml"], "Architectural Style": ["REST"], "Endpoint Url": ["http://mesonet.agron.iastate.edu/GIS/"], "Support SSL": [], "Logo": ["https://www.programmableweb.com/sites/all/modules/contrib/lazyloader/image_placeholder.gif"]}