{"API name": ["MapFruition Demographic Inquiry REST API"], "Description": [" The MapFruition Demographic Inquiry API is available in JSON format with an API Key. The API allows users to integrate demographic features such as population summaries, income, consumer expenditures, and educational level into applications. MapFruition provides GIS and GPS services to the government and the state. It also serves commercial clients."], "Url": ["Demographic Inquiry "], "Category": ["Mapping", "Business", "Demographics", "Environment", "Government"], "Provider": ["MapFruition"], "ServiceType": [], "Documentation": ["https://market.mashape.com/mapfruition/demographicinquiry"], "Architectural Style": ["REST"], "Endpoint Url": ["https://market.mashape.com/mapfruition/demographicinquiry "], "Support SSL": ["Yes"], "Logo": ["https://www.programmableweb.com/sites/all/modules/contrib/lazyloader/image_placeholder.gif"]}