{"API name": ["MapFruition Spatial Operations REST API"], "Description": [" The MapFruition Spatial Operations API is available in JSON format and accessible with an API Key. The API allows developers to integrate GIS features into web services and web applications. With the API, developers can geocode a point location, analyze travel time from point to point, and generate travel time polygons useful to predict drive time. MapFruition provides GIS and GPS services to the government and the state. It also serves commercial clients."], "Url": ["Spatial Operations "], "Category": ["Mapping", "Business", "Environment", "Government", "Location"], "Provider": ["MapFruition"], "ServiceType": [], "Documentation": ["https://market.mashape.com/mapfruition/spatialoperations"], "Architectural Style": ["REST"], "Endpoint Url": ["https://mapfruition-spatialops.p.mashape.com"], "Support SSL": ["Yes"], "Logo": ["https://www.programmableweb.com/sites/all/modules/contrib/lazyloader/image_placeholder.gif"]}