{"API name": ["Meniscus Analytics Platform (MAP) REST API"], "Description": [" The Meniscus Analytics Platform (MAP) RESTful API easily allows users to fully integrate complex analytics directly into their own applications and dashboards.\nThe platform is a generic platform for delivering real-time analytics solutions. MAP provides the complete back-end solution to turning raw data into calculated metrics. The Meniscus Analytics Platform was initially developed in 2014 to overcome inherent scaling issues and the rigid database structure in Meniscus Calculation Engine (MCE) whilst also delivering several orders of magnitude improvements in calculation speed. MAP is built on top of MongoDB.\nMAP uses OAuth for authorization and a username/password combination for Authentication. The API calls can either use the OAuth username/password combination or they can use a Read Only API key that will be provided by Meniscus."], "Url": ["http://www.meniscus.co.uk/integrate-meniscus-api-into-your-applications/"], "Category": ["Software-as-a-Service", "Analytics", "Data", "Environment", "Weather"], "Provider": ["Meniscus"], "ServiceType": ["Web/Internet"], "Documentation": ["http://www.meniscus.co.uk/integrate-meniscus-api-into-your-applications/map-api-documentation/"], "Architectural Style": ["REST"], "Endpoint Url": ["https://map-rainuk.meniscus.co.uk/MAP/ReadData/"], "Support SSL": ["Yes"], "Logo": ["https://www.programmableweb.com/sites/all/modules/contrib/lazyloader/image_placeholder.gif"]}