{"API name": ["Meteotest Data Exchange REST API v1.0"], "Description": [" The Meteotest Data Exchange API provides data and weather forecasts. Available in German language, Meteotest offers measurements of the past and forecasts of the future, in addition to information about temperature, sunshine, rain showers, snow and wind and fog and thunder and lightning calculated by Meteonorm software. Protocols include JSON, JSONP, XML, YAML, CSV, and Text. Accessible with Key."], "Url": ["https://meteotest.ch/produkt/webservices"], "Category": ["Weather", "Climate", "Environment", "European", "Measurements", "Predictions", "Solar"], "Provider": ["Meteotest"], "ServiceType": ["Web/Internet"], "Documentation": ["https://mdx.meteotest.ch"], "Architectural Style": ["REST"], "Endpoint Url": ["https://mdx.meteotest.ch/api_v1"], "Support SSL": ["No"], "Logo": ["https://www.programmableweb.com/sites/all/modules/contrib/lazyloader/image_placeholder.gif"]}