{"API name": ["Meteomatics Weather REST API v3.0"], "Description": [" The Meteomatics Weather API provides access to historical, current, and forecast weather data for locations around the world, including model data and observational data in both time series and areal formats. Historical data goes back as far as 1979. Many response formats are supported, including CSV, JSON, XML, and GeoTIFF.\nDevelopers can try the API free for two weeks before applying for paid access."], "Url": ["https://api.meteomatics.com"], "Category": ["Weather", "Environment", "Geography"], "Provider": ["Meteomatics"], "ServiceType": ["Web/Internet"], "Documentation": ["https://api.meteomatics.com"], "Architectural Style": ["REST"], "Endpoint Url": ["https://api.meteomatics.com"], "Support SSL": ["Yes"], "Logo": ["https://www.programmableweb.com/sites/all/modules/contrib/lazyloader/image_placeholder.gif"]}