{"API name": ["MyRadar Weather and Nowcasting REST API v0.99"], "Description": [" The MyRadar Weather and Nowcasting API offers its in-house industry-leading nowcasting support, including up-to-the-minute rain prediction using our patent-pending algorithms. It is also a drop-in replacement for the former Dark Sky API.\nInterested developers should contact "], "Url": ["http://myradar.com"], "Category": ["Weather", "Environment"], "Provider": ["Acme Atron-o-matic"], "ServiceType": ["Web/Internet"], "Documentation": ["https://myradar.com/"], "Architectural Style": ["REST"], "Endpoint Url": ["http://myradar.com"], "Support SSL": ["Yes"], "Logo": ["https://www.programmableweb.com/sites/all/modules/contrib/lazyloader/image_placeholder.gif"]}