{"API name": ["National Renewable Energy Lab REST API"], "Description": [" The service provides access to authoritative information on uses of alternative energy technologies from the U.S. National Renewable Energy Laboratory (NREL). It provides energy usage and rate data to enable development of renewable energy installations and use of alternative fuels. Resources emphasize electricity generation, solar-power installations in general, and transportation solutions.\nAPI methods support access to utilities serving specific locations and electricity rates charged, energy generation and cost savings from photovoltaic (PV) energy systems, and locations of alternative fuel stations."], "Url": ["http://developer.nrel.gov/"], "Category": ["Education", "Energy", "Environment"], "Provider": [], "ServiceType": [], "Documentation": ["http://developer.nrel.gov/"], "Architectural Style": ["REST"], "Endpoint Url": ["http://developer.nrel.gov/api/"], "Support SSL": ["No"], "Logo": ["https://www.programmableweb.com/sites/all/modules/contrib/lazyloader/image_placeholder.gif"]}