{"API name": ["Natural Resources Wales River Levels REST API v1.0"], "Description": [" The Natural Resources Wales River Levels API allows developers to retrieve readings on river levels taken at measurement stations across Wales. Developers can retrieve all river levels or just river levels for a given location or with a given status. Results are returned as a single GeoJSON data structure."], "Url": ["https://api-portal.naturalresources.wales/docs/services/"], "Category": ["Water", "Environment", "Nature"], "Provider": ["Natural Resources Wales"], "ServiceType": ["Web/Internet"], "Documentation": ["https://api-portal.naturalresources.wales/docs/services/577521aed81b570928363e10/operations/577521e0d81b570928363e11"], "Architectural Style": ["REST"], "Endpoint Url": ["https://api.naturalresources.wales/riverlevels/v1/"], "Support SSL": ["Yes"], "Logo": ["https://www.programmableweb.com/sites/all/modules/contrib/lazyloader/image_placeholder.gif"]}