{"API name": ["NEA Datasets REST API"], "Description": [" The NEA Datasets API offers updated weather, and environmental information by Singapore's National Environment Agency. It provides an application with ultraviolet information, forecasts, and earthquake information. Developers need to register and receive an API key before using this API. The National Environment Agency is responsible for preserving a clean environment in Singapore."], "Url": ["https://www.nea.gov.sg/api"], "Category": ["Data", "Asia", "Climate", "Environment", "Weather"], "Provider": ["Government of Singapore"], "ServiceType": [], "Documentation": ["https://www.nea.gov.sg/api"], "Architectural Style": ["REST"], "Endpoint Url": ["http://www.nea.gov.sg/home"], "Support SSL": ["No"], "Logo": ["https://www.programmableweb.com/sites/all/modules/contrib/lazyloader/image_placeholder.gif"]}