{"API name": ["NSW Motor Vehicle Reporting App RPC API"], "Description": [" The government of New South Wales (NSW) in Australia is developing an application for reporting various types of vehicular pollution. These include littering, excessive noise, and smoke emission. The Motor Vehicle Reporting App API provides programmatic access to the app's functions via SOAP calls."], "Url": ["http://www.environment.nsw.gov.au/pollution/ReportToEPA.htm"], "Category": ["Government", "Auto", "Environment", "Environment"], "Provider": [], "ServiceType": [], "Documentation": ["http://www.environment.nsw.gov.au/pollution/ReportToEPA.htm"], "Architectural Style": ["RPC"], "Endpoint Url": [], "Support SSL": [], "Logo": ["https://www.programmableweb.com/sites/all/modules/contrib/lazyloader/image_placeholder.gif"]}