{"API name": ["NWCC Air-Water Database RPC API"], "Description": [" The NWCC (National Water and Climate Center) is a US government organization created to develop information and technology resources on snow, water, climate, and hydrology. The NWCC provides the Air-Water Database (AWDB) API, which allows users to retrieve data, metadata, 30-year normals, and water availability forecasts via SOAP calls."], "Url": ["http://www.wcc.nrcs.usda.gov/web_service/awdb_web_service_landing.htm"], "Category": ["Science", "Weather", "Government", "Environment"], "Provider": [], "ServiceType": [], "Documentation": ["http://www.wcc.nrcs.usda.gov/web_service/awdb_web_service_landing.htm"], "Architectural Style": ["RPC"], "Endpoint Url": ["http://www.wcc.nrcs.usda.gov/awdbWebService/services?WSDL"], "Support SSL": [], "Logo": ["https://www.programmableweb.com/sites/all/modules/contrib/lazyloader/image_placeholder.gif"]}