{"API name": ["Open AQ REST API v1.0"], "Description": [" OpenAQ uses a combination of open data and open source tools as well as a global, grassroots community to fight air inequality in different locations across the world. Use the Open AQ API to build apps that power a variety of air quality measurement tools. The API convey responses in JSON format."], "Url": ["https://docs.openaq.org"], "Category": ["Data", "Climate", "Countries", "Environment", "Localization", "Open Source"], "Provider": ["OpenAQ"], "ServiceType": ["Web/Internet"], "Documentation": ["https://docs.openaq.org"], "Architectural Style": ["REST"], "Endpoint Url": ["https://api.openaq.org/v1"], "Support SSL": ["Yes"], "Logo": ["https://www.programmableweb.com/sites/all/modules/contrib/lazyloader/image_placeholder.gif"]}