{"API name": ["Open Charge Map REST API v2"], "Description": [" The Open Charge Map project provides an open, publically accessible database of consolidated electric vehicle charging point information. The API allows data consumers to access the latest charging point information which can then be used in apps, databases or websites. The API uses RESTful calls and responses can be formatted in JSON, XML, CSV, KML or RSS."], "Url": ["http://openchargemap.org/site/develop"], "Category": ["Mapping", "Auto", "Environment", "Sustainability", "Transportation"], "Provider": [], "ServiceType": ["Web/Internet"], "Documentation": ["https://openchargemap.org/site/develop/api"], "Architectural Style": ["REST"], "Endpoint Url": ["https://api.openchargemap.io/v2/"], "Support SSL": ["No"], "Logo": ["https://www.programmableweb.com/sites/all/modules/contrib/lazyloader/image_placeholder.gif"]}