{"API name": ["OpenEco REST API"], "Description": [" The OpenEco API allows you to track your greenhouse gas production."], "Url": ["https://www.openeco.org/developer"], "Category": ["Other", "Environment", "Sustainability"], "Provider": [], "ServiceType": [], "Documentation": [], "Architectural Style": ["REST"], "Endpoint Url": ["https://openeco.org/module/object/id/xml/"], "Support SSL": ["Yes"], "Logo": ["https://www.programmableweb.com/sites/all/modules/contrib/lazyloader/image_placeholder.gif"]}