{"API name": ["PaperCut REST API"], "Description": [" PaperCut is a print optimization service that aims to help organizations reduce print costs and their environmental impact. The PaperCut API allows access to the functionality of the PaperCut system using SOAP, REST, or XML-RPC protocols. The service can track printing, check the environmental impact, manage wireless printing, set print limitations, set quotas by group or individual, and generate reports. The API uses IP level security, Authentication Tokens, and SSL for security."], "Url": ["http://www.papercut.com/products/ng/manual/apdx-tools-web-services.html"], "Category": ["Office", "Management", "Environment", "Printing"], "Provider": [], "ServiceType": [], "Documentation": ["http://www.papercut.com/products/ng/manual/apdx-tools-web-services.html"], "Architectural Style": ["REST"], "Endpoint Url": [], "Support SSL": ["Yes"], "Logo": ["https://www.programmableweb.com/sites/all/modules/contrib/lazyloader/image_placeholder.gif"]}