{"API name": ["Parrot Flower Power User Indirect API v4.0"], "Description": [" This API provides access to user data using the Flower Power Cloud and returns, Get profile and Obtain version info. The Parrot Pot is a smart flowerpot that helps your plants with a self-watering system and four built-in sensors that monitor light, temperature, soil moisture and fertilizer levels in real time. It sends out customized recommendations and alerts, to help you better care for your plants."], "Url": ["http://developer.parrot.com/docs/FlowerPower/?shell#user-api"], "Category": ["Internet of Things", "Agriculture", "Environment", "Gadgets", "Water"], "Provider": ["Parrot SA\u200b"], "ServiceType": ["Product"], "Documentation": ["http://developer.parrot.com/products.html"], "Architectural Style": ["Indirect"], "Endpoint Url": ["https://api-flower-power-pot.parrot.com/user/v4/profile"], "Support SSL": ["Yes"], "Logo": ["https://www.programmableweb.com/sites/all/modules/contrib/lazyloader/image_placeholder.gif"]}