{"API name": ["Parrot Flower Power Cloud Indirect API v1.0"], "Description": [" This API provides access to connect to the Flower Power Cloud, and retrieve your sensors\u2019 data from it. The Parrot Pot is a smart flowerpot that helps your plants with a self-watering system and four built-in sensors that monitor light, temperature, soil moisture and fertilizer levels in real time. It sends out customized recommendations and alerts to help you better care for your plants."], "Url": ["http://developer.parrot.com/docs/FlowerPower/#flower-power-cloud-api"], "Category": ["Internet of Things", "Agriculture", "Environment", "Gadgets", "Water"], "Provider": ["Parrot SA\u200b"], "ServiceType": ["Product"], "Documentation": ["http://developer.parrot.com/products.html"], "Architectural Style": ["Indirect"], "Endpoint Url": ["https://api-flower-power-pot.parrot.com/user/v1/authenticate"], "Support SSL": ["Yes"], "Logo": ["https://www.programmableweb.com/sites/all/modules/contrib/lazyloader/image_placeholder.gif"]}