{"API name": ["Planet OS REST API"], "Description": [" The Planet OS API provides access to a growing catalog of Earth data from the world's most respected providers. Developers, researchers, and climate specialists can integrate environmental data into applications, analyses, and other data-driven solutions. The RESTful API requires an API key to make requests and is accessible for free with a basic account. Planet OS focuses on collecting earth, environment, weather and climate data through IoT sensors."], "Url": ["Planet OS"], "Category": ["Weather", "Climate", "Data-as-a-Service", "Environment", "Internet of Things"], "Provider": ["Planet OS"], "ServiceType": [], "Documentation": ["http://data.planetos.com"], "Architectural Style": ["REST"], "Endpoint Url": ["http://api.planetos.com/"], "Support SSL": ["No"], "Logo": ["https://www.programmableweb.com/sites/all/modules/contrib/lazyloader/image_placeholder.gif"]}