{"API name": ["Plume REST API v1.0"], "Description": [" The Plume API is a machine learning and atmospheric science that provides air quality data and hourly forecasts. The AI powered platform for live and forecast pollution data includes; get/pollution/forecast and get/uv/forecast. Plume Labs provides air quality data for businesses, researchers and organizations to build solutions that help people breathe better air."], "Url": ["https://plume.io/en/"], "Category": ["Environment", "Artificial Intelligence", "Health", "Open Data", "Platform-as-a-Service", "Predictions", "Reporting", "Science"], "Provider": ["Plume Labs"], "ServiceType": ["Web/Internet"], "Documentation": ["https://plume.readme.io/docs"], "Architectural Style": ["REST"], "Endpoint Url": ["https://api.plume.io/1.0"], "Support SSL": ["Yes"], "Logo": ["https://www.programmableweb.com/sites/all/modules/contrib/lazyloader/image_placeholder.gif"]}