{"API name": ["Powershop REST API"], "Description": [" The service provides information about electrical power consumption and access to electrical service from multiple providers within New Zealand, in areas where options are available to consumers. Information supplied helps users monitor their power use and understand provider options for both residential and business customers. In this way, the service promotes conservation and conscious choice among electricity suppliers.\nAPI methods support retrieval of customer account information, including electrical meter readings. Provider service information is also available, with offer pricing for available service providers."], "Url": ["http://www.powershop.co.nz/developers-api/"], "Category": ["Other", "Energy", "Environment"], "Provider": [], "ServiceType": [], "Documentation": [], "Architectural Style": ["REST"], "Endpoint Url": ["https://secure.powershop.co.nz/external_api/v1/"], "Support SSL": ["Yes"], "Logo": ["https://www.programmableweb.com/sites/all/modules/contrib/lazyloader/image_placeholder.gif"]}