{"API name": ["Predix Traffic Planning REST API v1"], "Description": [" The Traffic Planning API offers metadata obtained from lighting sensors along public roadways. Information such as speed, and direction is available for historical and real-time development purposes. This REST API returns data in JSON format, and uses OAuth 2 and Tokens for authentication. Predix is an industrial software platform developed by General Electric Digital which aims to improve asset performance management (APM), operations, and business."], "Url": ["https://www.predix.io/services/service.html?id=1763"], "Category": ["Internet of Things", "Cities", "Environment"], "Provider": ["General Electric"], "ServiceType": ["Web/Internet"], "Documentation": ["http://currentbyge.github.io/GE_Current_Documentation/"], "Architectural Style": ["REST"], "Endpoint Url": ["https://ie-traffic.run.aws-usw02-pr.ice.predix.io"], "Support SSL": ["Yes"], "Logo": ["https://www.programmableweb.com/sites/all/modules/contrib/lazyloader/image_placeholder.gif"]}