{"API name": ["Predix Public Safety REST API v1"], "Description": [" The Public Safety API offers media obtained from intelligent lighting sensors located along public roadways and in parking lots. This information provides local businesses and city officials with insight with the purpose of improving environment awareness. This REST API returns data in JSON format, and uses OAuth 2 and Tokens for authentication. Predix is an industrial software platform developed by General Electric Digital which aims to improve asset performance management (APM), operations, and business."], "Url": ["https://www.predix.io/services/service.html?id=1767"], "Category": ["Cities", "Environment", "Safety"], "Provider": ["General Electric"], "ServiceType": ["Web/Internet"], "Documentation": ["http://currentbyge.github.io/GE_Current_Documentation/"], "Architectural Style": ["REST"], "Endpoint Url": ["https://ie-public-safety.run.aws-usw02-pr.ice.predix.io"], "Support SSL": ["Yes"], "Logo": ["https://www.programmableweb.com/sites/all/modules/contrib/lazyloader/image_placeholder.gif"]}