{"API name": ["Predix Pedestrian Planning REST API v1"], "Description": [" The Pedestrian Planning API offers metadata obtained from intelligent lighting sensors located along public roadways, and parking lots. Information returned by this API includes volume counts by region. This REST API returns data in JSON format, and uses OAuth 2 and Tokens for authentication. Predix is an industrial software platform developed by General Electric Digital which aims to improve asset performance management (APM), operations, and business."], "Url": ["https://www.predix.io/services/service.html?id=1766"], "Category": ["Cities", "Environment", "Parking"], "Provider": ["General Electric"], "ServiceType": ["Web/Internet"], "Documentation": ["http://currentbyge.github.io/GE_Current_Documentation/"], "Architectural Style": ["REST"], "Endpoint Url": ["https://ie-pedestrian.run.aws-usw02-pr.ice.predix.io"], "Support SSL": ["Yes"], "Logo": ["https://www.programmableweb.com/sites/all/modules/contrib/lazyloader/image_placeholder.gif"]}