{"API name": ["Protected Planet REST API"], "Description": [" The Protected Planet API integrates biodiversity and environmental data of the world areas. It is available with HTTP requests and JSON responses. Authentication is required with token."], "Url": ["http://api.protectedplanet.net/documentation"], "Category": ["Countries", "Data", "Database", "Environment", "Science", "Statistics"], "Provider": ["Protected Planet"], "ServiceType": ["Web/Internet"], "Documentation": ["http://api.protectedplanet.net/documentation"], "Architectural Style": ["REST"], "Endpoint Url": ["http://api.protectedplanet.net/"], "Support SSL": ["No"], "Logo": ["https://www.programmableweb.com/sites/all/modules/contrib/lazyloader/image_placeholder.gif"]}