{"API name": ["Safecast REST API"], "Description": [" Safecast is an international open citizen science organization that specializes in sharing information about environmental radiation and other pollutants. Safecast maintains the largest dataset of background radiation measurements, and is currently developing a network of sensors that monitor PM1.0, PM2.5, Carbon Monoxide, Nitrogen Dioxide, Ozone and Methane. The Safecast API is used to query and add information to the Safecast dataset. This API uses HTTP for requests, and JSON for responses."], "Url": ["https://api.safecast.org/en-US/home"], "Category": ["Environment", "Climate", "Data", "Health", "Internet of Things"], "Provider": ["Safecast"], "ServiceType": ["Web/Internet"], "Documentation": [], "Architectural Style": ["REST"], "Endpoint Url": ["https://api.safecast.org/.json"], "Support SSL": ["Yes"], "Logo": ["https://www.programmableweb.com/sites/all/modules/contrib/lazyloader/image_placeholder.gif"]}