{"API name": ["Sensorist REST API"], "Description": [" The Sensorist API allows developers to access information from environmental sensor systems programmatically. Sensorist builds and sells wireless sensor systems that can measure an environment's temperature, humidity, CO2 levels, and more. Users can explore their sensors' measurements using Sensorist's website or app, or they can build custom integrations with the API."], "Url": ["https://api.sensorist.com/"], "Category": ["Home Automation", "Environment", "Internet of Things"], "Provider": ["Sensorist"], "ServiceType": [], "Documentation": ["https://api.sensorist.com/"], "Architectural Style": ["REST"], "Endpoint Url": ["https://api.sensorist.com/v1"], "Support SSL": ["Yes"], "Logo": ["https://www.programmableweb.com/sites/all/modules/contrib/lazyloader/image_placeholder.gif"]}