{"API name": ["SmartData IoT BDE REST API v1.3"], "Description": [" The GSMA SmartData IoT BDE API by Orange allows you access to the data translation FIWARE data model NGSIv2. This includes AirQualityObserved, WeatherObserved, Vehicle, PointOfInterest and OnStreetParking. GSMA represents the interests of mobile operators worldwide, uniting nearly 800 operators with almost 300 companies in the broader mobile ecosystem."], "Url": ["http://fiware-datamodels.readthedocs.io/en/latest/index.html"], "Category": ["Transportation", "Environment", "Internet of Things", "Parking", "Travel", "Weather"], "Provider": ["GSMA", "Orange"], "ServiceType": ["Web/Internet"], "Documentation": ["http://122.160.86.105:8088/SmartDataIoTBDE.docx"], "Architectural Style": ["REST"], "Endpoint Url": [], "Support SSL": ["No"], "Logo": ["https://www.programmableweb.com/sites/all/modules/contrib/lazyloader/image_placeholder.gif"]}