{"API name": ["Smart Citizen REST API"], "Description": [" The Smart Citizen API provides public access to the Smart Citizen platform for application development and experimentation. The Smart Citizen platform is designed to connect data, people, and knowledge regarding the living conditions in various cities. The Smart Citizen Kit is a sensor that measures air composition, temperature, humidity, light intensity, and sound levels. Data collected by the sensor is streamed to the platform over wi-fi."], "Url": ["http://developer.smartcitizen.me/"], "Category": ["Environment", "Cities", "Internet of Things", "Weather"], "Provider": ["Smart Citizen"], "ServiceType": ["Browser"], "Documentation": ["http://developer.smartcitizen.me/"], "Architectural Style": ["REST"], "Endpoint Url": ["https://api.smartcitizen.me/"], "Support SSL": ["Yes"], "Logo": ["https://www.programmableweb.com/sites/all/modules/contrib/lazyloader/image_placeholder.gif"]}