{"API name": ["SOBOS Water levels worldwide FloodAlert REST API v1.1"], "Description": [" Our REST API provides programmatic access to read and write historic, current, forecast waterlevel data, station meta data and several related."], "Url": ["http://waterlevelapi.com"], "Category": ["Water", "Environment"], "Provider": ["SOBOS"], "ServiceType": ["Web/Internet"], "Documentation": ["https://github.com/SOBOS-GmbH/pegelalarm_public_pas_doc/wiki"], "Architectural Style": ["REST"], "Endpoint Url": ["https://api.pegelalarm.at/api/"], "Support SSL": ["Yes"], "Logo": ["https://www.programmableweb.com/sites/all/modules/contrib/lazyloader/image_placeholder.gif"]}