{"API name": ["TheRainery REST API v1"], "Description": [" TheRainery API provides access to raw weather forecasts from trusted Meteorological Institutes including NOAA, M\u00e9t\u00e9o France, DWD. The API offers methods to retrieve atmospheric forecasts, marine forecasts, and astronomical data."], "Url": ["https://therainery.com/"], "Category": ["Weather", "Agriculture", "Astronomy", "Data-as-a-Service", "Environment", "Marine"], "Provider": ["TheRainery"], "ServiceType": ["Web/Internet"], "Documentation": ["https://therainery.com/documentation/"], "Architectural Style": ["REST"], "Endpoint Url": ["https://api.therainery.com/forecast/astmospheric?model=GFS_13&amp;latitude=48.8582&amp;longitude=2.2945"], "Support SSL": ["Yes"], "Logo": ["https://www.programmableweb.com/sites/all/modules/contrib/lazyloader/image_placeholder.gif"]}