{"API name": ["ThinkEco Unspecified API"], "Description": [" ThinkEco is a green technology company that creates cost-effective energy efficiency solutions. They have a modlet, self-installable solution that enables device-level energy management to the home and office. Their cloud based software, that is accessed through the modlet, allows users to view energy use, costs, and savings. Additionally, the have a SmartAC dashboard to control electronics from any computer.\nThe ThinkEco API allows developers to integrate the modlet data with a building or energy management system. The API also allows for pulling of energy data and controlling modlets from your own system."], "Url": ["http://www.thinkecoinc.com/"], "Category": ["Science", "Energy", "Environment", "Internet of Things"], "Provider": [], "ServiceType": ["Unspecified"], "Documentation": [], "Architectural Style": ["Unspecified"], "Endpoint Url": [], "Support SSL": ["No"], "Logo": ["https://www.programmableweb.com/sites/all/modules/contrib/lazyloader/image_placeholder.gif"]}