{"API name": ["Thinking Things REST API"], "Description": [" Telefonica's new IoT product line, Thinking Things, are small stackable white blocks that intercept environment data to interface with home automation systems. The modular sensor hardware comes integrated with global connectivity potential, built with Telefonica M2M SIMs. The sensors may be monitored and behaviors automated or with set triggers, all remotely controllable from web or mobile interfaces. Telefonica's Thinking Things API expands the potential to create new applications that interface with these devices. The API, currently in beta, the API can be used to construct home automation apps or connect to logistics systems."], "Url": ["Api Rest Documentation"], "Category": ["Internet of Things", "Environment", "Home Automation", "Logistics", "Machine-to-Machine", "Monitoring"], "Provider": ["Telefonica"], "ServiceType": [], "Documentation": ["http://www.thinkingthings.telefonica.com/support/"], "Architectural Style": ["REST"], "Endpoint Url": ["http://thinkingthings.telefonica.com/Api/v1/"], "Support SSL": ["No"], "Logo": ["https://www.programmableweb.com/sites/all/modules/contrib/lazyloader/image_placeholder.gif"]}