{"API name": ["trash nothing! REST API v1.0"], "Description": [" The trash nothing! API connects third-party applications with the trash nothing! platform which people can use to freecycle unwanted items. The API is used to retrieve user data, posts, group functionalities, upload photos, and more. This API responds in JSON format."], "Url": ["https://trashnothing.com/developer"], "Category": ["Community", "Environment", "Marketplace", "Social", "Sustainability"], "Provider": ["trash nothing"], "ServiceType": ["Web/Internet"], "Documentation": ["https://editor.swagger.io/"], "Architectural Style": ["REST"], "Endpoint Url": ["https://trashnothing.com/api/v1.0/"], "Support SSL": ["Yes"], "Logo": ["https://www.programmableweb.com/sites/all/modules/contrib/lazyloader/image_placeholder.gif"]}