{"API name": ["U.K. Department for Environment Hydrology Data REST API v0.2.0"], "Description": [" The Hydrology API provides access to historic water flow information in the U.K. Get data about monitoring stations, flood-monitoring, measures, readings, and more with the API."], "Url": ["http://environment.data.gov.uk/hydrology/doc/reference#introduction"], "Category": ["Water", "England", "Environment"], "Provider": ["Crown"], "ServiceType": ["Web/Internet"], "Documentation": ["http://environment.data.gov.uk/hydrology/doc/reference"], "Architectural Style": ["REST"], "Endpoint Url": ["http://environment.data.gov.uk/hydrology/id/stations.json"], "Support SSL": ["No"], "Logo": ["https://www.programmableweb.com/sites/all/modules/contrib/lazyloader/image_placeholder.gif"]}