{"API name": ["Unofficial AirVisual REST API v1"], "Description": [" The Unofficial AirVisual API enables weather information, air pollution data, and health recommendations in third-party applications. This API can be used to get information and measurements by city, real-time weather data, key pollutant concentration values, and station names with coordinates."], "Url": ["https://rapidapi.com/apidojo/api/airvisual1"], "Category": ["Health", "Environment", "Weather"], "Provider": ["APIDojo"], "ServiceType": ["Web/Internet"], "Documentation": ["https://rapidapi.com/apidojo/api/airvisual1/endpoints"], "Architectural Style": ["REST"], "Endpoint Url": ["https://rapidapi.com/apidojo/api/airvisual1/endpoints"], "Support SSL": ["Yes"], "Logo": ["https://www.programmableweb.com/sites/all/modules/contrib/lazyloader/image_placeholder.gif"]}