{"API name": ["US DOE Buildings Performance Database REST API"], "Description": [" The Office of Energy Efficiency and Renewable Energy of the United States Department of Energy provides this API to share aggregate statistical information about energy performance on hundreds of thousands of commercial and residential buildings in the U.S. This API can be used to create your own applications and visualizations, and to estimate EUI, or energy use intensity, for buildings. EUI is measured in energy use per square foot per year."], "Url": ["https://bpd.lbl.gov/developers/"], "Category": ["Government", "Design", "Energy", "Environment"], "Provider": [], "ServiceType": [], "Documentation": ["https://bpd.lbl.gov/developers/"], "Architectural Style": ["REST"], "Endpoint Url": ["https://bpd.lbl.gov/api/v1"], "Support SSL": ["Yes"], "Logo": ["https://www.programmableweb.com/sites/all/modules/contrib/lazyloader/image_placeholder.gif"]}