{"API name": ["USDA Economic Research Service REST API"], "Description": [" The Economic Research Service (ERS) is a branch of the USDA dedicated to informing and enhancing decision making on economic and policy issues related to agriculture, food, the environment, and rural development.\nThe USDA Economic Research Service API provides developer access to the primary content of the ERS website, including topical information, digital publications, and the ERS\u00e2\u20ac\u2122 online magazine Amber Waves. The RESTful API returns JSON or XML formatted responses."], "Url": ["http://ers.usda.gov/developer.aspx"], "Category": ["Government", "Agriculture", "Food", "Environment", "Application Development"], "Provider": [], "ServiceType": [], "Documentation": ["http://ers.usda.gov/developer.aspx"], "Architectural Style": ["REST"], "Endpoint Url": ["http://api.ers.usda.gov/REST/v1/"], "Support SSL": [], "Logo": ["https://www.programmableweb.com/sites/all/modules/contrib/lazyloader/image_placeholder.gif"]}