{"API name": ["USDA NASS Quick Stats REST API v1"], "Description": [" The National Agricultural Statistics Service (NASS) Quick Stats is an on-line database containing official published aggregate estimates related to U.S. agricultural production. NASS develops these estimates from data collected through:"], "Url": ["https://www.quickstats.nass.usda.gov/api"], "Category": ["Agriculture", "Animals", "Data", "Environment", "Food", "Government", "Statistics"], "Provider": ["USDA"], "ServiceType": ["Web/Internet"], "Documentation": ["https://www.quickstats.nass.usda.gov/api"], "Architectural Style": ["REST"], "Endpoint Url": ["http://quickstats.nass.usda.gov/api/"], "Support SSL": ["Yes"], "Logo": ["https://www.programmableweb.com/sites/all/modules/contrib/lazyloader/image_placeholder.gif"]}