{"API name": ["USGS National Water Information System RPC API"], "Description": [" The USGS National Water Information System (NWIS) provides a suite of APIs to facilitate the automated sharing of water monitoring data. The USGS NWIS APIs provide information on all monitoring locations within a given geographic area and can also retrieve water-quality measurements by site. All data is provided by the NWISWeb database."], "Url": ["http://qwwebservices.usgs.gov/"], "Category": ["Science", "Water", "Government", "Environment"], "Provider": [], "ServiceType": [], "Documentation": ["http://qwwebservices.usgs.gov/"], "Architectural Style": ["RPC"], "Endpoint Url": ["http://qwwebservices.usgs.gov/Station"], "Support SSL": [], "Logo": ["https://www.programmableweb.com/sites/all/modules/contrib/lazyloader/image_placeholder.gif"]}