{"API name": ["Weatherbit Historical Ag-Weather REST API v2.0"], "Description": [" This Weatherbit API returns historical weather data specific to the Agriculture industry. Users can retrieve forecasted soil temperature, soil moisture, evapotranspiration and more. The supported response format is JSON with an API Key required for authentication. Weatherbit.io is historical weather, current weather, and forecasts API's."], "Url": ["https://www.weatherbit.io/api/ag-weather-api"], "Category": ["Weather", "Agriculture", "Climate", "Environment"], "Provider": ["Weatherbit"], "ServiceType": ["Web/Internet"], "Documentation": ["https://www.weatherbit.io/api"], "Architectural Style": ["REST"], "Endpoint Url": ["https://api.weatherbit.io/v2.0/history/agweather"], "Support SSL": ["Yes"], "Logo": ["https://www.programmableweb.com/sites/all/modules/contrib/lazyloader/image_placeholder.gif"]}