{"API name": ["Weatherbit Air Quality Forecast REST API v2.0"], "Description": [" The Weatherbit Air Quality Forecast returns hourly forecasted air quality conditions and air quality index score. It includes data on the 6 major surface pollutants - PM 2.5, PM 10, CO, SO2, NO2, and O3."], "Url": ["https://www.weatherbit.io/api/airquality-forecast"], "Category": ["Weather", "Climate", "Environment", "Health"], "Provider": ["Weatherbit"], "ServiceType": ["Web/Internet"], "Documentation": ["https://www.weatherbit.io/api/airquality-forecast"], "Architectural Style": ["REST"], "Endpoint Url": ["https://api.weatherbit.io/v2.0/forecast/airquality"], "Support SSL": ["Yes"], "Logo": ["https://www.programmableweb.com/sites/all/modules/contrib/lazyloader/image_placeholder.gif"]}