{"API name": ["Weatherbit Ag-Weather Forecast REST API v2.0"], "Description": [" Weatherbit Ag-Weather Forecast API returns an 8-day forecast for weather data specific to the Agriculture industry. It allows you to retrieve predictions for soil temperature, soil moisture, evapotranspiration, and more. The supported response format is JSON with an API Key required for authentication.Weatherbit.io is historical weather, current weather, and forecasts APIs."], "Url": ["https://www.weatherbit.io/api/ag-weather-api-forecast"], "Category": ["Weather", "Agriculture", "Climate", "Environment", "Predictions"], "Provider": ["Weatherbit"], "ServiceType": ["Web/Internet"], "Documentation": ["https://www.weatherbit.io/api"], "Architectural Style": ["REST"], "Endpoint Url": ["https://api.weatherbit.io/v2.0/forecast/agweather"], "Support SSL": ["Yes"], "Logo": ["https://www.programmableweb.com/sites/all/modules/contrib/lazyloader/image_placeholder.gif"]}