{"API name": ["Weatherbit Bulk Download REST API v2.0"], "Description": [" The Weatherbit Bulk Download API provides current observations for many cities at once, or many stations at once and are accessible to Advanced plan users. Weatherbit.io provides historical weather, current weather, and forecast APIs."], "Url": ["https://www.weatherbit.io/api/bulk-datasets"], "Category": ["Weather", "Climate", "Environment"], "Provider": ["Weatherbit"], "ServiceType": ["Web/Internet"], "Documentation": ["https://www.weatherbit.io/api"], "Architectural Style": ["REST"], "Endpoint Url": ["https://api.weatherbit.io/v2.0/bulk/files"], "Support SSL": ["Yes"], "Logo": ["https://www.programmableweb.com/sites/all/modules/contrib/lazyloader/image_placeholder.gif"]}