{"API name": ["Weatherbit Severe Weather Alerts REST API v2.0"], "Description": [" This Weatherbit API provides severe weather alerts from local meteorological agencies for the US, EU member nations, and others. It is a Get request for severe weather alerts issued by meteorological agencies for provided parameters. The supported response format is JSON with an API Key required for authentication. Weatherbit.io is historical weather, current weather, and forecasts API's."], "Url": ["https://www.weatherbit.io/api/alerts"], "Category": ["Weather", "Climate", "Environment", "Health"], "Provider": ["Weatherbit"], "ServiceType": ["Web/Internet"], "Documentation": ["https://www.weatherbit.io/api"], "Architectural Style": ["REST"], "Endpoint Url": ["https://api.weatherbit.io/v2.0/alerts"], "Support SSL": ["Yes"], "Logo": ["https://www.programmableweb.com/sites/all/modules/contrib/lazyloader/image_placeholder.gif"]}