{"API name": ["Weatherbit Hourly Weather Forecast REST API v2.0"], "Description": [" This Weatherbit API returns a 2 to 5-day forecast in 1 hour intervals for any point on the planet. It is Get requests that returns an hourly forecast when each point represents a one hour period for; Date, City, Postal and more. The supported response format is JSON with an API Key required for authentication. Weatherbit.io is historical weather, current weather, and forecasts API's."], "Url": ["https://www.weatherbit.io/api/weather-forecast-120-hour"], "Category": ["Weather", "Climate", "Environment", "Health"], "Provider": ["Weatherbit"], "ServiceType": ["Web/Internet"], "Documentation": ["https://www.weatherbit.io/api"], "Architectural Style": ["REST"], "Endpoint Url": ["https://api.weatherbit.io/v2.0/forecast/hourly"], "Support SSL": ["Yes"], "Logo": ["https://www.programmableweb.com/sites/all/modules/contrib/lazyloader/image_placeholder.gif"]}