{"API name": ["Weatherbit Live Air Quality REST API v2.0"], "Description": [" The Weatherbit current Air Quality API returns live air quality conditions, and air quality index scores for any point in the world. It also returns data on the 6 major surface pollutants - PM 2.5, PM 10, CO, SO2, NO2, and O3."], "Url": ["https://www.weatherbit.io/api/airquality-current"], "Category": ["Weather", "Climate", "Environment", "Health"], "Provider": ["Weatherbit"], "ServiceType": ["Web/Internet"], "Documentation": ["https://www.weatherbit.io/api"], "Architectural Style": ["REST"], "Endpoint Url": ["https://api.weatherbit.io/v2.0/current/airquality"], "Support SSL": ["Yes"], "Logo": ["https://www.programmableweb.com/sites/all/modules/contrib/lazyloader/image_placeholder.gif"]}