{"API name": ["WiserEarth REST API"], "Description": [" WiserEarth is a free online community space connecting people working toward a just and sustainable world. WiserEarth includes the largest international directory of NGOs (110,000 records). Organizations and communities worldwide are using WiserEarth groups to coordinate their efforts. The API offers access to organizations (except email addresses), solutions, groups (only the About Page metadata), resources, jobs, and events. Currently only Read access is available. Inquire about Write access."], "Url": ["http://www.wiser.org/group/API"], "Category": ["Other", "Environment", "Non-Profit", "Social"], "Provider": [], "ServiceType": [], "Documentation": ["http://www.wiser.org/group/API"], "Architectural Style": ["REST"], "Endpoint Url": ["http://www.wiserearth.org"], "Support SSL": ["No"], "Logo": ["https://www.programmableweb.com/sites/all/modules/contrib/lazyloader/image_placeholder.gif"]}