{"API name": ["World Air Quality Index REST API"], "Description": [" The World Air Quality Index REST API allows developers to access and integrate the functionality of the index with other applications and websites. Some example API methods include geo-based queries, retrieving air quality data for cities and regions, and retrieving current weather conditions. The World Air Quality Index project is a social enterprise project started in 2007. The mission is to promote air pollution awareness and provide a unified air quality information for places around the world. The project is providing air quality information for more than 70 countries, covering more than 9000 stations in 600 major cities, via those two websites: aqicn.org and waqi.info."], "Url": ["http://aqicn.org/api/"], "Category": ["Environment", "Cities", "Climate", "Health", "Weather"], "Provider": ["World Air Quality"], "ServiceType": ["Web/Internet"], "Documentation": ["http://aqicn.org/json-api/doc/"], "Architectural Style": ["REST"], "Endpoint Url": ["http://api.waqi.info/"], "Support SSL": ["Yes"], "Logo": ["https://www.programmableweb.com/sites/all/modules/contrib/lazyloader/image_placeholder.gif"]}