{"url": "https://www.academictransfer.com/en/309385/phd-scholarship-innovative-business-models-in-agriculture-10-fte/", "title": "PhD Scholarship Innovative Business Models in Agriculture (1.0 FTE)", "publish_date": "2022-02-11", "deadline": "2022-03-14", "location": "Broerstraat 5, 9712 CP, Groningen ", "city": "Groningen", "country": "Netherlands", "position": "PhD", "field": "Agriculture; Economics", "salary": "max. \u00e2\u0082\u00ac2249 per month", "max_working_hours": "38", "employer": "University of Groningen", "job_description": "Scholarship opportunity<br> Campus Frysl\u00e2n invites applications for a four-year PhD scholarship candidate to complete a dissertation on the topic of innovative business models in agriculture. Within Campus Frysl\u00e2n, you will be joining the Sustainable Entrepreneurship in a Circular Economy department in which senior scholars and PhD researchers develop a wide variety of research lines and projects including leadership, business models, innovation, and societal impact (http://www.rug.nl/cf/cse). <br> <br> Agriculture is important for the Northern region of the Netherlands. However, the financial forecasts of farmers is challenging and the social appreciation of current business models has declined. The efficiency farming business models is at the end stage of its life cycle among others because of the large-scale negative ecological effects. As a result, niche farmers in the region innovate and develop new business models based on the opportunities and limitations of nature. These new business models have systemic implications for value chain partners, government policies and consumer behaviour. The new business models directly contribute to the triple bottom-line performance of farmers and their context. <br> <br> The PhD research enables farmers to identify farm-specific quick wins and systemic new ecological and social added value (including water quality, nitrogen and biodiversity). The farmers will learn how to capture these new added value propositions derived from their stand-alone firms or in collaboration with regional co-stakeholders and colleague farmers. The PhD research will analyse the success factors of the design, implementation, management and regional dissemination of new farming business models.<br> Broad topics of interest of the doctoral research include (but are not limited to):<br> <br> \u2022 What are the barriers and the success factors of innovative business models?<br> \u2022 What is the added value of innovative business models for farmers and the region?<br> \u2022 How can new value chains for innovative business models successfully be developed and implemented? <br> \u2022 How can regions develop ecosystems for innovative business models? <br> <br> You will benefit from the large business networks with regional and national innovative farmers and existing programs on new business models (https://uvhn.maglr.com/inspiratieboek/universiteit-van-het-noorden). You will be enrolled in the Graduate School of Campus Frysl\u00e2n. You will be co-supervised by Prof. Gjalt de Jong (promotor) and Dr Niels Faber (co-promotor).<br> <br> The PhD candidate will be enrolled in the Graduate School Campus Frysl\u00e2n (GSCF). If interested, the PhD candidate could also have a role to play in the Master program Sustainable Entrepreneurship.<br>", "requirements_description": "<div class=\"_Section_Section_26Kh4ZAK\">\n<h2 class=\"_Section_title_2lZ2dR7H\">\n<span>Requirements</span>\n</h2>\n<div class=\"_Section_body_1yeeKPXy\">\n    The candidate should meet the following requirements:<br/>\n<br/>\n\u00e2\u0080\u00a2 Required is a Master\u00e2\u0080\u0099s or a Research Master\u00e2\u0080\u0099s degree in (Sustainable) Entrepreneurship or (Sustainable) Agriculture or a similar degree<br/>\n\u00e2\u0080\u00a2 For a general (Research) Master\u00e2\u0080\u0099s degree in Economics, Business or Management, proven expertise or affinity with sustainability and/or agriculture is a requirement<br/>\n\u00e2\u0080\u00a2 Required is qualitative research experience<br/>\n\u00e2\u0080\u00a2 Required is native Dutch and/or Frisian language<br/>\n\u00e2\u0080\u00a2 Very good individual and collaborative working skills<br/>\n\u00e2\u0080\u00a2 Demonstrated organisational and planning skills<br/>\n\u00e2\u0080\u00a2 A strong motivation to complete a PhD dissertation in four years.<br/>\n<br/>\nWe consider the following qualifications as additional assets:<br/>\n<br/>\n\u00e2\u0080\u00a2 Regional and/or agricultural experience<br/>\n\u00e2\u0080\u00a2 Very good command of spoken and written English.<br/>\n</div>\n</div>", "conditions_description": "<div class=\"_Section_Section_26Kh4ZAK\">\n<h2 class=\"_Section_title_2lZ2dR7H\">\n<span>Conditions of employment</span>\n</h2>\n<div class=\"_Section_body_1yeeKPXy\">\n<p><strong>Fixed-term</strong> contract: 48 months.</p>\n            \n            The PhD Scholarship student will be enrolled in the PhD Scholarship Programme and receives a scholarship of \u00e2\u0082\u00ac 2,249 per month (gross) from the University of Groningen. For more information on the RUG PhD scholarship programme and its benefits please check the website at https://www.rug.nl/education/phd-programmes/phd-scholarship-programme/conditions-application/<br/>\n<br/>\nThe PhD Scholarship contract is offered for four years. Prolongation of the contract after year 1 is contingent on sufficient progress in the first year to indicate that a successful completion of the PhD thesis within the contract period is to be expected.<br/>\n<br/>\nA PhD training programme is part of the agreement and the successful candidate will be enrolled in the Graduate School of the Faculty. As part of the programme, the PhD student will take part in the Career Perspectives Series, which provides a thorough preparation on the career after the PhD, inside or outside academia. During the course of the doctorate, the student will develop research and teaching competencies as well as leadership skills. For this, the PhD students will receive a tailor-made programme from the GSCF.<br/>\n<br/>\nThe intended starting date is 1 September 2022. An earlier start is possible by mutual consent.<br/>\n</div>\n</div>", "employer_description": "N/A", "department_description": "N/A", "additional_information": "<div class=\"_Section_Section_26Kh4ZAK\">\n<h2 class=\"_Section_title_2lZ2dR7H\">\n<span>Additional information</span>\n</h2>\n<div class=\"_Section_body_1yeeKPXy\">\n    Dr Niels Faber, Assistant Professor in circular entrepreneurship<br/>\nn.r.faber@rug.nl<br/>\n<br/>\nDr J. Houtman, Coordinator of the Graduate School Campus Frysl\u00c3\u00a2n<br/>\nj.houtman@rug.nl<br/>\n<br/>\n<a href=\"www.rug.nl\">Information about the University of Groningen</a><br/>\n<a href=\"www.rug.nl/cf\">Faculty Campus Frysl\u00c3\u00a2n</a>\n</div>\n</div>", "apply_link": "N/A", "employer_link": "http://www.rug.nl/", "job_type": "TEMPORARY", "logo": "https://www.academictransfer.com/media/derivatives/logos/rug-en-wide/fce0dfff95a30233a4210a238918791e.gif"}