{"url": "http://www.academictransfer.com/en/309589/science-analysis-pipeline-developer-for-multi-messenger-data-analysis-tools/apply/", "title": "Science Analysis Pipeline Developer for Multi-Messenger Data Analysis Tools", "publish_date": "2022-02-17", "deadline": "2022-03-15", "location": "Science Park 904, 1098 XH, Amsterdam ", "city": "Amsterdam", "country": "Netherlands", "position": "Engineer/Technician", "field": "Natural sciences", "salary": "\u00e2\u0082\u00ac2846\u00e2\u0080\u0094\u00e2\u0082\u00ac4490 per month", "max_working_hours": "38", "employer": "University of Amsterdam (UvA)", "job_description": "<p>We seek a creative developer to build an innovative science prototype pipeline to combine data from multiple astronomical/astroparticle observatories with advanced theoretical models, for the first time, into a fully integrated and statistically correct treatment. &nbsp;</p><p>The project will be carried out within the context of the European project&nbsp;<a href=\"https://projectescape.eu/\">ESCAPE</a>&nbsp;(European Science Cluster of Astronomy &amp; Particle Physics ESFRI research infrastructures)&nbsp;that brings together the communities of astronomy, astroparticle and particle physics with the goal to develop open-science platforms and multi-messenger big data infrastructure that is open and&nbsp;<a href=\"https://eur04.safelinks.protection.outlook.com/?url=https%3A%2F%2Fwww.go-fair.org%2Ffair-principles%2F&amp;data=04%7C01%7CM.Hoekstra%40uva.nl%7Cb2571086e40c476032ab08d9eb089e68%7Ca0f1cacd618c4403b94576fb3d6874e5%7C0%7C0%7C637799244505732704%7CUnknown%7CTWFpbGZsb3d8eyJWIjoiMC4wLjAwMDAiLCJQIjoiV2luMzIiLCJBTiI6Ik1haWwiLCJXVCI6Mn0%3D%7C3000&amp;sdata=j%2F%2FcuBXmQLr5%2F6Yg6K1lHwE2Iffu2zqyeSFCB9kz1HA%3D&amp;reserved=0\">FAIR</a>, and to make software interoperable and open source. As part of this effort, another goal is to build a domain-specific European Open Science Cloud (EOSC). &nbsp;</p><p><strong>What are you going to do</strong></p><p>This position is part of the European research project UE H2020 &#39;EOSC Future&#39;, specifically to develop a prototype scientific analysis pipeline for the &#39;<a href=\"https://eur04.safelinks.protection.outlook.com/?url=https%3A%2F%2Feoscfuture.eu%2Fdata%2Fthe-extreme-universe-and-gravitational-waves%2F&amp;data=04%7C01%7CM.Hoekstra%40uva.nl%7Cb2571086e40c476032ab08d9eb089e68%7Ca0f1cacd618c4403b94576fb3d6874e5%7C0%7C0%7C637799244505732704%7CUnknown%7CTWFpbGZsb3d8eyJWIjoiMC4wLjAwMDAiLCJQIjoiV2luMzIiLCJBTiI6Ik1haWwiLCJXVCI6Mn0%3D%7C3000&amp;sdata=MQUIof3NGBPuDvNGcpTzoPO4gNlL%2FaBnmzbCITkEDR8%3D&amp;reserved=0\">Extreme Universe</a>&#39;&nbsp;test science projects. Theoretical models of astrophysics sources produce predictions of radio through gamma-ray fluxes as well as neutrino fluxes, however there is currently no tool that can statistically assess goodness of fit to all data types simultaneously.&nbsp;The goal of the project is to develop a prototype pipeline for model comparison to photon and neutrino flux data simultaneously, accounting for the various instrument responses.</p><p>The selected candidate will work together with teams involved in EOSC Future and ESCAPE Future, primarily within the science data teams of the&nbsp;<a href=\"https://eur04.safelinks.protection.outlook.com/?url=https%3A%2F%2Fwww.cta-observatory.org%2F&amp;data=04%7C01%7CM.Hoekstra%40uva.nl%7Cb2571086e40c476032ab08d9eb089e68%7Ca0f1cacd618c4403b94576fb3d6874e5%7C0%7C0%7C637799244505732704%7CUnknown%7CTWFpbGZsb3d8eyJWIjoiMC4wLjAwMDAiLCJQIjoiV2luMzIiLCJBTiI6Ik1haWwiLCJXVCI6Mn0%3D%7C3000&amp;sdata=NLfzMyRjkoFGIVm%2BTdaXC1SlCU%2Fdhsm82Ukpc2ScXeY%3D&amp;reserved=0\">Cherenkov Telescope Array</a>&nbsp;(CTA) next generation very-high-energy gamma-ray facility, and&nbsp;<a href=\"https://eur04.safelinks.protection.outlook.com/?url=https%3A%2F%2Fwww.km3net.org%2F&amp;data=04%7C01%7CM.Hoekstra%40uva.nl%7Cb2571086e40c476032ab08d9eb089e68%7Ca0f1cacd618c4403b94576fb3d6874e5%7C0%7C0%7C637799244505732704%7CUnknown%7CTWFpbGZsb3d8eyJWIjoiMC4wLjAwMDAiLCJQIjoiV2luMzIiLCJBTiI6Ik1haWwiLCJXVCI6Mn0%3D%7C3000&amp;sdata=Xz1Qy3YwwCjCwJdWnrqmBTftpkGjHxYwEO1uGQfGp2I%3D&amp;reserved=0\">KM3NeT</a>, the next generation ocean-based neutrino detector. &nbsp;</p>", "requirements_description": "<div class=\"_Section_Section_26Kh4ZAK\">\n<h2 class=\"_Section_title_2lZ2dR7H\">\n<span>Requirements</span>\n</h2>\n<div class=\"_Section_body_1yeeKPXy\">\n<p><strong>What do we require</strong></p>\n<p>A completed a MSc in computer science, information technology, mathematics, physics or astronomy.\u00a0</p>\n<p>Key competences sought:\u00a0</p>\n<ul>\n<li>experienced in collaborative software development, Python programming and notebooks;</li>\n<li>knowledge of standard software development practices such as version control, code review, continuous integration, and clear documentation.</li>\n<li>knowledge of software engineering principles and tools for configuration management, bug reporting, etc.</li>\n<li>good communication in English (written &amp; oral) and interpersonal skills.\u00a0</li>\n<li>ability to work both independently and within teams in an international environment.\u00a0</li>\n</ul>\n<p>Additional competences a plus:</p>\n<ul>\n<li>experience with the Scientific Python Stack (e.g. Numpy/SciPy/Pandas/Jupyter) and domain-specific tools like\u00a0<a href=\"https://eur04.safelinks.protection.outlook.com/?url=https%3A%2F%2Fgammapy.org%2F&amp;data=04%7C01%7CM.Hoekstra%40uva.nl%7Cb2571086e40c476032ab08d9eb089e68%7Ca0f1cacd618c4403b94576fb3d6874e5%7C0%7C0%7C637799244505732704%7CUnknown%7CTWFpbGZsb3d8eyJWIjoiMC4wLjAwMDAiLCJQIjoiV2luMzIiLCJBTiI6Ik1haWwiLCJXVCI6Mn0%3D%7C3000&amp;sdata=%2FIP4bykB6uQH1nV8dXzq4iFQ6eseZwkYuw6Y2jTQS54%3D&amp;reserved=0\">gammapy</a>,\u00a0<a href=\"https://eur04.safelinks.protection.outlook.com/?url=https%3A%2F%2Fwww.astropy.org%2F&amp;data=04%7C01%7CM.Hoekstra%40uva.nl%7Cb2571086e40c476032ab08d9eb089e68%7Ca0f1cacd618c4403b94576fb3d6874e5%7C0%7C0%7C637799244505732704%7CUnknown%7CTWFpbGZsb3d8eyJWIjoiMC4wLjAwMDAiLCJQIjoiV2luMzIiLCJBTiI6Ik1haWwiLCJXVCI6Mn0%3D%7C3000&amp;sdata=6ZrKQL7b8Xd87s1Gx3fp2YzrCDWnVZNtLorUQcuLJSo%3D&amp;reserved=0\">astropy</a>\u00a0and/or\u00a0<a href=\"https://eur04.safelinks.protection.outlook.com/?url=https%3A%2F%2Fthreeml.readthedocs.io%2Fen%2Fstable%2F&amp;data=04%7C01%7CM.Hoekstra%40uva.nl%7Cb2571086e40c476032ab08d9eb089e68%7Ca0f1cacd618c4403b94576fb3d6874e5%7C0%7C0%7C637799244505732704%7CUnknown%7CTWFpbGZsb3d8eyJWIjoiMC4wLjAwMDAiLCJQIjoiV2luMzIiLCJBTiI6Ik1haWwiLCJXVCI6Mn0%3D%7C3000&amp;sdata=ViRqGrR6ECJPsjZshSYXgmyaeadwegaWrUK5oDcMQng%3D&amp;reserved=0\">3ML</a>.</li>\n<li>experience with astroparticle, X-ray and/or high-energy physics data.</li>\n<li>interest in professional-quality software design and data modelling.</li>\n</ul>\n</div>\n</div>", "conditions_description": "<div class=\"_Section_Section_26Kh4ZAK\">\n<h2 class=\"_Section_title_2lZ2dR7H\">\n<span>Conditions of employment</span>\n</h2>\n<div class=\"_Section_body_1yeeKPXy\">\n<p>The position is for 12 months, with mandatory end date of contract no later than 30 Sept 2023. The salary, depending on relevant experience before the beginning of the employment contract, will be\u00a0\u20ac2,846 to \u20ac4,490 (scale 10) gross per month, based on a full-time contract (38 hours a week). This does not include 8% holiday allowance and 8.3% end-of-year bonus. A favourable tax agreement, the \u201830% ruling\u2019, may apply to non-Dutch applicants. The\u00a0<a href=\"https://www.universiteitenvannederland.nl/en_GB/cao-universiteiten.html\">Collective Labour Agreement of Dutch Universities\u00a0</a>is applicable. \u00a0</p>\n<p>The candidate will ideally be based at the University of Amsterdam\u2019s Science Park campus, embedded within the Anton Pannekoek Institute for Astronomy (API) and the\u00a0<a href=\"https://eur04.safelinks.protection.outlook.com/?url=https%3A%2F%2Fgrappa.amsterdam%2F&amp;data=04%7C01%7CM.Hoekstra%40uva.nl%7Cb2571086e40c476032ab08d9eb089e68%7Ca0f1cacd618c4403b94576fb3d6874e5%7C0%7C0%7C637799244505732704%7CUnknown%7CTWFpbGZsb3d8eyJWIjoiMC4wLjAwMDAiLCJQIjoiV2luMzIiLCJBTiI6Ik1haWwiLCJXVCI6Mn0%3D%7C3000&amp;sdata=T1mywcn1YC7VGbdm7ph7zgj3JYyCpcJTkobshKTGhoc%3D&amp;reserved=0\">GRAPPA Centre of Excellence</a>,\u00a0but will be expected to travel to other participating teams. If no suitable candidate can be found to work locally, the possibility of more remote work may be possible. API/GRAPPA are world-renowned research institutes in Amsterdam, where English is the second language as well as the lingua franca in the Science Faculty.\u00a0The Science Park Campus is a 20 minute bicycle ride or 10 minute train ride from Amsterdam Central train station.\u00a0</p>\n</div>\n</div>", "employer_description": "<div class=\"_Section_Section_26Kh4ZAK\">\n<h2 class=\"_Section_title_2lZ2dR7H\">\n<span>Employer</span>\n</h2>\n<div class=\"_Section_body_1yeeKPXy\">\n<h4>University of Amsterdam</h4>\n<p>With over 6,000 employees, 30,000 students and a budget of more than 600 million euros, the <a href=\"http://www.uva.nl/en\">University of Amsterdam (UvA)</a> is an intellectual hub within the Netherlands. Teaching and research at the UvA are conducted within seven faculties: Humanities, Social and Behavioural Sciences, Economics and Business, Law, Science, Medicine and Dentistry.\u00a0Housed on four city campuses in\u00a0or near the heart of Amsterdam, where disciplines come together and interact, the faculties have close links with thousands of researchers and hundreds of institutions at home and abroad. \u00a0</p>\n<p>The UvA\u2019s students and employees are independent thinkers, competent rebels who dare to question dogmas and aren\u2019t satisfied with easy answers and standard solutions. To work at the UvA is to work in an independent, creative, innovative and international climate characterised by an open atmosphere and a genuine engagement with the city of Amsterdam and society.</p>\n</div>\n</div>", "department_description": "N/A", "additional_information": "<div class=\"_Section_Section_26Kh4ZAK\">\n<h2 class=\"_Section_title_2lZ2dR7H\">\n<span>Additional information</span>\n</h2>\n<div class=\"_Section_body_1yeeKPXy\">\n<p>Do you have questions about this vacancy? Or do you want to know more about our organisation? Please contact:</p>\n<ul>\n<li><a href=\"mailto:S.B.Markoff@uva.nl\">Sera Markoff</a></li>\n</ul>\n</div>\n</div>", "apply_link": "N/A", "employer_link": "http://www.uva.nl/", "job_type": "TEMPORARY", "logo": "https://www.academictransfer.com/media/derivatives/logos/uva-en-wide/22e1319f66e44f07d56047b996668aa9.png"}