{"url": "http://www.academictransfer.com/en/309616/quality-coordinator-qa-officer/", "title": "Quality Coordinator/ QA Officer", "publish_date": "2022-02-17", "deadline": "2022-03-07", "location": "Heidelberglaan 100, 3584 CX, Utrecht ", "city": "Utrecht", "country": "Netherlands", "position": "Management", "field": "Health", "salary": "max. \u00e2\u0082\u00ac5483 per month", "max_working_hours": "32\u201436", "employer": "University Medical Center Utrecht (UMC Utrecht)", "job_description": "<p>As quality coordinator/QA Officer you will be responsible a.o. for:</p><ul> <li>Ensuring that the clinical research work is conducted in accordance with ICH-GCP guidelines and the new European Clinical Trial Regulation</li> <li>Keeping Up-to-date of all relevant procedures in the Quality Management System (QMS)</li> <li>Organizing, conducting and or supporting internal and external audits and inspections</li> <li>Reporting of deviations and Corrective And Preventive Actions (CAPA&#39;s)</li> <li>Writing and maintenance of Standard Operating Procedures (SOP&#39;s) of the EUPG group.</li> <li>Set up and maintenance of all quality related documentation.</li> </ul><p>Quality is of key importance at EUPG (&lsquo;&rsquo;audit ready at all times&rsquo;&rsquo;). Projects are completed within the set timelines and budgets. These projects are financed from both public and private funds.</p><p>You report to one of the programme managers and you are responsible for the upkeep and maintenance of the Quality Management System (QMS). To this end you work closely with the clinical study teams of project managers, clinical trial assistants, scientists and data management employees.&nbsp;</p>", "requirements_description": "<div class=\"_Section_Section_26Kh4ZAK\">\n<h2 class=\"_Section_title_2lZ2dR7H\">\n<span>Requirements</span>\n</h2>\n<div class=\"_Section_body_1yeeKPXy\">\n<p>You have a minimum experience as quality coordinator/QA officer within a clinical research setting. You know your way around an academic research organization and have experience in working with international organisations. Incidental travel within Europ is no problem. You have a sound knowledge of and experience with clinical research/studies, the ICH-GCP guidelines, the European Clinical Trial Regulation and national and international law applicable to clinical research. You are capable of setting up internal and external audits of international clinical research within an academic setting and from a sponsor role perspective. As quality coordinator/QA officer you have good oversight at all times. You conduct your work smart and effective, are skilled in communication to your colleagues and professionals and you are getting things done whilst keeping all parties on board. You are decisive, strong willed and when necessary can indicate clear boundaries. Because EUPG projects are focussed on studies in the area of infectious diseases it is a plus if you have affinity with this medical indication. Furthermore the EUPG group is a growing organisation with many new employees. So the Quality Management System is growing with the organisation and the new employees need support to ensure high quality conduct of the clinical studies in hand. A vision on Quality Assurance and the ambition to build quality into our organisation are important aspects to this role.</p>\n<p>We believe in the power of a diverse team in which there is room for different skills, expertise, and social and cultural backgrounds. We invite you to respond to this vacancy.</p>\n</div>\n</div>", "conditions_description": "<div class=\"_Section_Section_26Kh4ZAK\">\n<h2 class=\"_Section_title_2lZ2dR7H\">\n<span>Conditions of employment</span>\n</h2>\n<div class=\"_Section_body_1yeeKPXy\">\n<p>The maximum salary for this position (32 - 36 hours) is \u20ac 5.483,00 gross per month based on full-time employment.\u00a0This is a temporary appointment for one year with the possibility of extension.</p>\n<p>In addition, we offer an annual benefit of 8.3%, holiday allowance, travel expenses and career opportunities. The\u00a0<a href=\"https://edit.werkenbijumcutrecht.nl/international/Pages/Terms-of-employment.aspx\">terms of employment</a>\u00a0are in accordance with the Cao University Medical Centers (UMC).</p>\n</div>\n</div>", "employer_description": "N/A", "department_description": "N/A", "additional_information": "N/A", "apply_link": "N/A", "employer_link": "http://www.umcutrecht.nl/", "job_type": "TEMPORARY", "logo": "https://www.academictransfer.com/media/derivatives/logos/umcu-en-wide/f1d9713ec20398cd876d2922f45998d5.jpg"}