{"url": "https://www.academictransfer.com/en/309514/vertrouwenspersoon-06-fte-maastricht-university-office-muo/", "title": "Vertrouwenspersoon (0,6 fte), Maastricht University Office (MUO)", "publish_date": "2022-02-16", "deadline": "2022-03-01", "location": "Minderbroedersberg 4-6, 6211 LK, Maastricht ", "city": "Maastricht", "country": "Netherlands", "position": "Other Category", "field": "N/A", "salary": "N/A", "max_working_hours": "22.8\u201424", "employer": "Maastricht University (UM)", "job_description": "<p>Wat ga je doen?</p><p>De hoofdtaak van de vertrouwenspersoon ligt in de opvang, advisering, ondersteuning en doorverwijzing van medewerkers die ongewenste omgangsvormen op het werk ervaren. Als vertrouwenspersoon bied je in vertrouwen een luisterend oor. Je denkt mee over mogelijke oplossingen, zoals het aangaan van een gesprek, een klachtenprocedure, en/of een doorverwijzing naar interne of externe hulpverleners. Ook kan de vertrouwenspersoon benaderd worden bij kwesties omtrent integriteit (klokkenluidersregeling).</p><p>De vertrouwenspersoon heeft daarnaast een signalerende en adviserende rol waar het gaat over omgangsvormen en integriteit, geeft voorlichting aan management en medewerkers en is (mede) verantwoordelijk voor het initi&euml;ren van (nieuw) beleid op het terrein van gewenst gedrag, gelijke behandeling en het cre&euml;ren van een veilige werk- en leeromgeving waarin op gepaste wijze stiltes worden doorbroken. Meer complexe casu&iuml;stiek vraagt soms ook coaching en begeleiding van leidinggevenden. Je bent je als vertrouwenspersoon heel bewust van de gehele omgeving bij een melding.</p>", "requirements_description": "N/A", "conditions_description": "N/A", "employer_description": "N/A", "department_description": "N/A", "additional_information": "N/A", "apply_link": "N/A", "employer_link": "http://www.maastrichtuniversity.nl/", "job_type": "TEMPORARY", "logo": "https://www.academictransfer.com/media/derivatives/logos/um-en-wide/0c1dd83b22059d7ee90c38e0f0c254be.jpg"}