{"url": "http://www.academictransfer.com/en/309504/assistant-professor-in-computational-law-08-10-fte/", "title": "Assistant Professor in Computational Law (0.8-1.0 fte)", "publish_date": "2022-02-15", "deadline": "2022-03-06", "location": "Bouillonstraat 3, 6211 LH, Maastricht ", "city": "Maastricht", "country": "Netherlands", "position": "Assistant Professor", "field": "Law; Engineering; Natural sciences", "salary": "\u00e2\u0082\u00ac3821\u00e2\u0080\u0094\u00e2\u0082\u00ac5230 per month", "max_working_hours": "30.4\u201438", "employer": "Maastricht University (UM)", "job_description": "<p>You will be offered the opportunity to collaborate with data scientists and legal researchers, and to apply (and learn) data science methods and solutions in relation to the legal domain. The responsibilities are diverse. You will teach, conduct innovative and high-quality research, write research proposals, and participate in strategic and administrative activities. This set of responsibilities will, among other things, allow you to:</p><ul> <li>Grow in academia</li> <li>Be a pioneer in the field of law and data science</li> <li>Collaborate with experts from law as well as computer science</li> <li>Perform individually and collaboratively</li> <li>Build networks</li> <li>Participate and lead projects</li> <li>Pursue strategies to translate research results into innovation</li> <li>Develop and advance courses and educational programs at the intersection of law and data science.</li> </ul><p>The application of computational methods in the legal domain will revolutionize legal academia and practice. There is a growing need to develop data infrastructures for the legal domain and to test methodologies for legal analysis in order to answer empirical research questions. This position helps address this need by contributing to cutting-edge research that applies data science and artificial intelligence to a legal or regulatory context.</p><p>We invite applications for a position at the Maastricht Law and Tech Lab, which closely collaborates with the Institute of Data Science and the Department of Knowledge Engineering at Maastricht University. It is an exciting and vibrant community where legal scholars and data scientists meet and form interdisciplinary teams that work at the intersection of Data Science and Law.</p>", "requirements_description": "<div class=\"_Section_Section_26Kh4ZAK\">\n<h2 class=\"_Section_title_2lZ2dR7H\">\n<span>Requirements</span>\n</h2>\n<div class=\"_Section_body_1yeeKPXy\">\n<p>Applicants should fulfill the following main requirements:</p>\n<ul>\n<li>PhD degree in law, data science, artificial intelligence, computer science, mathematics, or a related field. Legal scholars with a doctrinal focus do not fit the profile;</li>\n<li>Experience in applying data science (individually and/or jointly);</li>\n<li>Excellence in research and, preferably, a track record of obtaining research funding;</li>\n<li>Experience in teaching;</li>\n<li>Experience in supervising Bachelor, Masters, or PhD students;</li>\n<li>A personality characterized by vision, ambition, and collaboration;</li>\n<li>Fluency in the English language.</li>\n<li>(optional) Geek-friendly.</li>\n</ul>\n</div>\n</div>", "conditions_description": "<div class=\"_Section_Section_26Kh4ZAK\">\n<h2 class=\"_Section_title_2lZ2dR7H\">\n<span>Conditions of employment</span>\n</h2>\n<div class=\"_Section_body_1yeeKPXy\">\n<p>You will be employed temporarily for 12 or 18 months (depending on your employment history) as assistant professor (level 2) and will co-develop and agree to specific development goals. Towards the end of this contract period the decision will be taken on whether or not to grant an employment contract for an indefinite period. Your development goals will also allow you to grow further to the position of assistant professor (level 1).</p>\n<p>The salary depends on academic qualifications and experience. The salary will be set between minimum gross month salary \u20ac 3,821 and maximum gross month salary of \u20ac 5,230 (according to assistant professor 2), based on a full-time employment, of the Collective Labour Agreement of the Dutch Universities. For people recruited from abroad a reduced income tax rate may apply. Maastricht University has attractive employment conditions, which include a pension scheme, holidays, holiday allowance and an end of year bonus.</p>\n<p>The preferred starting date is in spring / summer 2022.</p>\n<p>The terms of employment of Maastricht University are set out in the Collective Labour Agreement of Dutch Universities (CAO). Furthermore, local UM provisions also apply. For more information look at the website\u00a0<a href=\"http://www.maastrichtuniversity.nl/\">www.maastrichtuniversity.nl</a>\u00a0&gt; About UM &gt;\u00a0<a href=\"https://www.maastrichtuniversity.nl/about-um/working-um\">Working at UM</a>.</p>\n</div>\n</div>", "employer_description": "<div class=\"_Section_Section_26Kh4ZAK\">\n<h2 class=\"_Section_title_2lZ2dR7H\">\n<span>Employer</span>\n</h2>\n<div class=\"_Section_body_1yeeKPXy\">\n<h4>Maastricht University</h4>\n<p>The Faculty of Law of Maastricht University provides challenging and high-quality legal education for Bachelor's and Master's students. The faculty is a pioneer in small-scale and innovative education and trains lawyers for both the national and international labor market. The faculty is in the top 3 of law schools in the EU and, with 51% foreign students, is the most international law faculty in Europe. It has 3000 students and more than 300 employees. Maastricht University provides you a unique international experience in a Dutch city.</p>\n<p>The research within the faculty is conducted within one of the faculty research institutes and the Maastricht Graduate School of Law. The focus of the research is on European and international aspects of law, human rights, migration, and Law &amp; Technology. The faculty attaches great importance to both fundamental and more practical research and is known for its stimulating research and education climate.</p>\n<p>Maastricht University (UM) is the most international university in the Netherlands and is still growing with its more than 20,000 students and 4,700 employees. The university distinguishes itself through its innovative educational model, international character and multidisciplinary approach to research and education. Thanks to the high quality of its research and education, as well as a strong social orientation, the university has built a solid reputation in its short existence. It is considered one of the best young universities in the world. UM has six faculties: Faculty of Health, Medicine and Life Sciences, Faculty of Law, School of Business and Economics, Faculty of Science and Engineering, Faculty of Arts and Social Sciences and the Faculty of Psychology and Neuroscience.</p>\n<p>Maastricht University aims to be and remain an attractive employer. It is convinced that it can achieve this by challenging and encouraging staff and students to get the best out of themselves. By employing those staff members for the activities in which they can do their best work. And by hiring and retaining employees who fit the profile and ambition of UM.</p>\n</div>\n</div>", "department_description": "N/A", "additional_information": "<div class=\"_Section_Section_26Kh4ZAK\">\n<h2 class=\"_Section_title_2lZ2dR7H\">\n<span>Additional information</span>\n</h2>\n<div class=\"_Section_body_1yeeKPXy\">\n<p>More information can be obtained from prof. dr. Gijs van Dijck,\u00a0<a href=\"mailto:gijs.vandijck@maastrichtuniversity.nl\">gijs.vandijck@maastrichtuniversity.nl</a></p>\n<p>Applications should include:</p>\n<ul>\n<li>a letter of motivation</li>\n<li>a curriculum vitae</li>\n<li>representative academic work</li>\n</ul>\n<p>Applications should be addressed to: <a href=\"mailto:pzfdrvacatures@maastrichtuniversity.nl\">pzfdrvacatures@maastrichtuniversity.nl</a>.</p>\n<p>Please mention the vacancy number AT2022.79</p>\n<p>Interested applicants should submit before the deadline of 7\u00a0March 2022.</p>\n</div>\n</div>", "apply_link": "N/A", "employer_link": "http://www.maastrichtuniversity.nl/", "job_type": "TEMPORARY", "logo": "https://www.academictransfer.com/media/derivatives/logos/um-en-wide/0c1dd83b22059d7ee90c38e0f0c254be.jpg"}