{"url": "https://www.academictransfer.com/en/309544/onderwijsadviseur-toetsdeskundige/apply/", "title": "Onderwijsadviseur / Toetsdeskundige", "publish_date": "2022-02-16", "deadline": "2022-03-06", "location": "Mekelweg 2, 2628 CD, Delft ", "city": "Delft", "country": "Netherlands", "position": "Other Category", "field": "N/A", "salary": "N/A", "max_working_hours": "N/A", "employer": "Delft University of Technology (TU Delft)", "job_description": "<p>Binnen de afdeling O&amp;S-3mE is er een vacature voor een onderwijsadviseur, met toetsing als speciaal aandachtsgebied.</p> <p>Jouw belangrijkste verantwoordelijkheden zijn het uitvoering geven aan het toetsbeleid van de faculteit en het adviseren van docenten en opleidingsdirecteuren op het gebied van onderwijsontwikkeling en onderwijsinnovatie.</p> <p>Als toetsdeskundige evalueer je periodiek de toetsen van de opleidingen, ondersteun je docenten bij het ontwikkelen van hun toetsen en het analyseren van de resultaten en adviseer je de examencommissie. Je draagt bij aan de verdere implementatie van het toetsbeleid van de faculteit.\u00a0</p> <p>Als onderwijsadviseur adviseer je docenten van de faculteit over uitdagend, modern en innovatief academisch onderwijs. De faculteit zet in op meer gebruik van online en blended onderwijs en je adviseert docenten hierover. De faculteit is momenteel bezig met het herformuleren van een toekomstvisie met daarbij meer aandacht voor professional skills voor de ingenieur; je ondersteunt dit proces en helpt met de vertaling ervan. Tevens ondersteun je en adviseer je bij de curriculumherziening van de bacheloropleiding Werktuigbouwkunde.</p> <p>Je maakt deel uit van een nieuw en enthousiast team van momenteel vier onderwijsadviseurs, die ieder hun eigen aandachtsgebied hebben. Als je nog niet zoveel ervaring hebt, start je bij ons als junior.</p> <p>Dit team werkt nauw samen met de kwaliteitszorgmedewerkers van de faculteit. Je direct leidinggevende is het Hoofd Onderwijs- en Studentzaken van de Faculteit 3mE.\u00a0</p>", "requirements_description": "N/A", "conditions_description": "N/A", "employer_description": "N/A", "department_description": "N/A", "additional_information": "N/A", "apply_link": "N/A", "employer_link": "http://www.tudelft.nl/", "job_type": "TEMPORARY", "logo": "https://www.academictransfer.com/media/derivatives/logos/tud-en-wide/4f5fb7eb63ad62ee5a7d5dfdc5376f8f.gif"}