{"url": "https://www.academictransfer.com/en/309595/medewerker-website-support-analytics-en-testing/apply/", "title": "Medewerker Website Support, Analytics en Testing", "publish_date": "2022-02-17", "deadline": "2022-03-06", "location": "Warandelaan 2, 5037 AB, Tilburg ", "city": "Tilburg", "country": "Netherlands", "position": "Other Category", "field": "N/A", "salary": "N/A", "max_working_hours": "N/A", "employer": "Tilburg University", "job_description": "<p>Onze website tilburguniversity.edu wordt gemiddeld 18.000 keer per dag bezocht. Bezoekers vinden er alle informatie over onze opleidingen, onderzoek en als platform voor alle diensten voor studenten en medewerkers. De website is dus gericht op al onze doelgroepen en meer dan 400 medewerkers dragen eraan bij met informatie. Als team Web &amp; Marketing Technology hebben we dus contacten binnen de hele universiteit. Daarnaast werken we nauw samen met de andere teams van de divisie Marketing &amp; Communication (M&amp;C): External &amp; Campus Communicatie, Marketing, Alumni relaties en Studium Generale.</p><p>&nbsp;</p><p><strong>Jouw functie</strong></p><p>Je krijgt een afwisselend takenpakket met taken op het gebied van functioneel beheer en op het gebied van analytics. Je taken zijn o.a.:&nbsp;</p><ul> <li>Afhandeling van gebruikersvragen over de website, het Content Management Systeem, Google Analytics, en andere aanverwante applicaties.</li> <li>Afhandeling van storingen: je checkt de website op broken links, als er &lsquo;bugs&rsquo; worden gemeld probeer je te achterhalen wat de oorzaak kan zijn en meld je dat bij onze applicatiebeheerder.&nbsp;</li> <li>Je werkt mee aan de productie van webformulieren, het beheren van trefwoordenlijsten en het autoriseren van gebruikers&nbsp;</li> <li>Testen: bij het voorbereiden en opleveren van wijzigingen in het Content Management Systeem, test je of alles naar behoren werkt.&nbsp;</li> <li>Monitoring: je maakt eenvoudige rapportages in Google Analytics en richt in Data Studio eenvoudige dashboards in.&nbsp;</li> <li>Je zorgt dat de documentatie en ons planboard op orde blijven.&nbsp;</li> </ul><p>&nbsp;</p><p>In deze functie werk je vooral samen met andere teamleden die functioneel beheer in hun takenpakket hebben, met onze front office en met de adviseur online communicatie.&nbsp;&nbsp;</p>", "requirements_description": "N/A", "conditions_description": "N/A", "employer_description": "N/A", "department_description": "N/A", "additional_information": "N/A", "apply_link": "N/A", "employer_link": "http://www.uvt.nl/", "job_type": "TEMPORARY", "logo": "https://www.academictransfer.com/media/derivatives/logos/uvt-en-wide/8bbc452c034c71750be03f93fe602eca.png"}