{"url": "https://www.academictransfer.com/en/309391/clinical-study-manager/", "title": "Clinical study manager", "publish_date": "2022-02-11", "deadline": "2022-03-01", "location": "Gildstraat 91A, 3572 EL, Utrecht ", "city": "Utrecht", "country": "Netherlands", "position": "Management", "field": "Health; Law", "salary": "\u00e2\u0082\u00ac3000\u00e2\u0080\u0094\u00e2\u0082\u00ac4000 per month", "max_working_hours": "N/A", "employer": "MRIguidance", "job_description": "<p><em>As a clinical study manager at MRIguidance, a UMC Utrecht spin-off company, you will be responsible for the regulatory strategy and the setup, management and follow up of clinical studies, which are of utmost importance for the validation and certification of our product portfolio to facilitate market entry.</em></p><p>What you tell at birthdays about your job</p><p>&ldquo;The company I work for prevents cancer in patients that need to undergo a bone scan. Nowadays, if someone needs a bone scan, radiologists use an x-ray based CT scan which exposes the patient to harmful radiation. The BoneMRI technique we developed is a radiation-free alternative that provides both bone and soft tissue information using only one machine and one exam. This reduces patients&#39; burden, and saves time and money for hospitals. My job is to make sure our products are tested on patients in hospitals around the world and that our methods are safe and effective.&rdquo;</p><p>What you actually will be doing</p><p>At MRIguidance, the performance of clinical validation studies is a crucial part towards CE and FDA certification and clinical introduction of our medical products. Your task will be the planning, management and administration of these clinical research and validation studies. Utilising existing templates and standard operating procedures in line with ISO 14155 and the MDR as a guide, you will help in setting up, implementing and monitoring these studies. With your proactive attitude you will familiarise yourself with applicable guidelines, regulations and requirements for these studies. You will facilitate communication and interaction with participating medical centers, medical ethical and legal organisations in Europe and the USA. An important part of your work is ensuring the study is properly documented. You keep track of the planning and timelines. You will be part of the clinical team and will be supported by the current clinical study managers and the QA officer of MRIguidance and report to the Head of clinical affairs.</p><p>Your responsibilities:</p><ul> <li>Project management;</li> <li>Study administration;</li> <li>Design, write and review ethics approvals and regulatory submissions;</li> <li>Design, write and review study documents (clinical investigation plans and reports);</li> <li>Maintain contact with doctors and researchers from participating medical centers, both in the</li> <li>Netherlands and abroad;</li> <li>Monitor and stimulate patient inclusion.</li> </ul>", "requirements_description": "<div class=\"_Section_Section_26Kh4ZAK\">\n<h2 class=\"_Section_title_2lZ2dR7H\">\n<span>Requirements</span>\n</h2>\n<div class=\"_Section_body_1yeeKPXy\">\n<p>Minimum qualifications:</p>\n<ul>\n<li>Life Science or medical/technical MSc degree;</li>\n<li>Experience with clinical studies activities;</li>\n<li>Knowledge of and experience with ethical committee applications;</li>\n<li>Good administrative and organisational skills;</li>\n<li>Fluency in Dutch and English;</li>\n<li>Good knowledge of Microsoft Office tools;</li>\n<li>Able to work in (international) teams and independently;</li>\n<li>Ambitious, proactive and eager to learn;</li>\n<li>Passionate about making a difference;</li>\n<li>Ability to communicate and collaborate effectively with imaging researchers and clinical specialists</li>\n</ul>\n<p>Preferred qualifications:</p>\n<ul>\n<li>Knowledge of the ICH GCP, MDR and ISO14155;</li>\n<li>Knowledge of the USA FDA process;</li>\n<li>Experience with international (multi-center) clinical studies and industry-initiated studies.</li>\n</ul>\n</div>\n</div>", "conditions_description": "<div class=\"_Section_Section_26Kh4ZAK\">\n<h2 class=\"_Section_title_2lZ2dR7H\">\n<span>Conditions of employment</span>\n</h2>\n<div class=\"_Section_body_1yeeKPXy\">\n<p>This is what we offer you:</p>\n<ul>\n<li>A market conform salary between \u20ac3.000 - \u20ac4.000/month;</li>\n<li>A unique opportunity to, at an early stage, become part of a med-tech scale-up with vast growth</li>\n<li>potential;</li>\n<li>Work that has a positive impact on people\u2019s health and life;</li>\n<li>Work in a team of smart and ambitious people;</li>\n<li>Work with international partners;</li>\n<li>Work in a startup environment where you both get freedom and responsibility;</li>\n<li>Work at our beautiful office at Gildstraat 91a in Utrecht;</li>\n</ul>\n</div>\n</div>", "employer_description": "<div class=\"_Section_Section_26Kh4ZAK\">\n<h2 class=\"_Section_title_2lZ2dR7H\">\n<span>Employer</span>\n</h2>\n<div class=\"_Section_body_1yeeKPXy\">\n<h4>MRI guidance</h4>\n<p>About <a href=\"http://mriguidance.com/\">MRIguidance</a> BV</p>\n<p>During their research MR physicist Peter Seevinck and medical image scientist Marijn van Stralen identified great unused potential for MRI-based medical imaging technologies. Together with entrepreneur Roel Raatgever, they founded UMC Utrecht spin-off company MRIguidance\u00a0in 2016. The team of MRIguidance actively collaborates with hospitals in the Netherlands and abroad to acquire unique patient data sets and clinically validate and commercialise BoneMRI, the world's first imaging technique that visualises all human tissues from one imaging exam, without the use of harmful radiation. MRIguidance\u2019s BoneMRI software will improve diagnosis and is used for surgical planning and guidance. In July 2020, MRIguidance was selected as Europe's best-in-class innovation in healthcare by the European Institute of Innovation &amp; Technology.</p>\n<p>Our values</p>\n<p>MRI guidance is a small but growing company, where personal growth and development is stimulated such that your skills and capabilities grow with the needs of the company. We believe in the strength of a collaborative and trustworthy team motivated to disrupt and shape the future of medical imaging. We are a community of reliable and competent professionals with the drive to always improve ourselves, our work and our product. Everyone is encouraged to bring out the best in others!</p>\n</div>\n</div>", "department_description": "N/A", "additional_information": "<div class=\"_Section_Section_26Kh4ZAK\">\n<h2 class=\"_Section_title_2lZ2dR7H\">\n<span>Additional information</span>\n</h2>\n<div class=\"_Section_body_1yeeKPXy\">\n<p>We believe diversity is beneficial for the creativity and a good atmosphere of our company. However, Dutch regulation makes it very complicated for small companies to process a work visa for people from outsidethe EU . Therefore, all people are welcome to apply, as long as we do not have to arrange a work visa.</p>\n<p>For more information about this position please contact Carrie Wismans by email (<a href=\"mailto:apply@mriguidance.com\">apply@mriguidance.com</a>). To apply, please send a motivation letter and your CV via the application button below. Application closes on March 01, 2022.</p>\n<p><em>Acquisition regarding this vacancy is not appreciated.</em></p>\n</div>\n</div>", "apply_link": "N/A", "employer_link": "http://www.mriguidance.com", "job_type": "TEMPORARY", "logo": "https://www.academictransfer.com/media/derivatives/logos/mriguidance-en-wide/f4ebd33f2b58f3594c6d4e3041952911.png"}