{"url": "http://www.academictransfer.com/en/309553/onderzoeker-ai-in-het-veiligheidsdomein/apply/", "title": "Onderzoeker AI in het veiligheidsdomein", "publish_date": "2022-02-16", "deadline": "2022-03-06", "location": "Onderwijsboulevard 215, 5223 DE, 's-Hertogenbosch ", "city": "'s-Hertogenbosch", "country": "Netherlands", "position": "Researcher", "field": "Gedrag en maatschappij; Techniek", "salary": "N/A", "max_working_hours": "32\u201440", "employer": "Avans University of Applied Sciences", "job_description": "<p><em>Jij doet dit in co-creatie met het werkveld en onderwijs.</em></p><p><strong>Mooi werk</strong><br> Wij zijn op zoek naar twee onderzoekers AI in het veiligheidsdomein. Ben jij er &eacute;&eacute;n van?</p><p>Als ervaren onderzoeker weet je veel over onderzoek in jouw expertisedomein en wil je deze kennis graag delen met het onderwijs en het werkveld. Vanuit je inhoudelijke en methodologische expertise ben je sparringpartner voor de lectoren binnen het Avans-zwaartepunt Veilig en Veerkrachtige Stad en Omgeving. Jij zet samen met hen onderzoeksprojecten op en ontwikkelt het zwaartepunt zelf door. Als verbinder betrek je daar het werkveld, docenten en studenten bij en stimuleer je de samenwerking met onderzoekers van andere projecten. Net zo gemakkelijk zet je jouw netwerk in of zoek je naar mogelijkheden om je netwerk verder uit te breiden. Jij rust niet voordat de resultaten van je onderzoek zijn verwerkt in het onderwijs en in toepassingen voor het werkveld. Je deelt de ontwikkelde kennis graag met de wetenschap.</p><p>Ook de bedrijfsvoeringskant van de projecten behoort tot je taken, inclusief de verantwoording aan opdrachtgever of subsidieverstrekker. Dankzij de kwaliteit van je werk, volgen extern gefinancierde vervolgprojecten (bijna) als vanzelf.</p><p>Gezien de samenstelling van het team zoeken wij specifiek twee nieuwe collega&rsquo;s met twee specifieke kennis en ervaring: &eacute;&eacute;n voor de expertise over ethiek in relatie tot AI voor sociale en fysieke veiligheid in de stedelijke omgeving en &eacute;&eacute;n de expertise die zich toespitst op het vergroten van de handelingsperspectieven van professionals in het veiligheidsdomein voor het toepassen van AI in hun eigen werk en dat van burgercollectieven.</p>", "requirements_description": "N/A", "conditions_description": "N/A", "employer_description": "N/A", "department_description": "N/A", "additional_information": "N/A", "apply_link": "N/A", "employer_link": "http://www.avans.nl/", "job_type": "TEMPORARY", "logo": "https://www.academictransfer.com/media/derivatives/logos/avans-en-wide_wJjwKm8/83624b751bb93ee1c9f871c03df72e96.png"}