{"url": "http://www.academictransfer.com/en/309384/managementoffice-assistent-zernike-institute-for-advanced-materials-06-fte/apply/", "title": "Management/Office assistent Zernike Institute for Advanced Materials (0,6 fte)", "publish_date": "2022-02-11", "deadline": "2022-02-27", "location": "Broerstraat 5, 9712 CP, Groningen ", "city": "Groningen", "country": "Netherlands", "position": "Management", "field": "Natuurwetenschappen", "salary": "N/A", "max_working_hours": "23", "employer": "University of Groningen", "job_description": "In deze functie draagt u zorg voor:<br> <br> \u2022 informatieverstrekking aan medewerkers, studenten en externen<br> \u2022 ondersteunen van verzuim- en verlofadministratie<br> \u2022 administratieve ondersteuning aan docenten met betrekking tot het onderwijs<br> \u2022 de administratie en urenregistratie van projecten<br> \u2022 het beheer van de financi\u00ebn van projecten<br> \u2022 ontvangen nieuwe medewerkers/PhD studenten/gasten<br> \u2022 het telefoon-, e-mailverkeer, in- en uitgaande post, het (elektronisch) agendabeheer en de digitale archivering<br> \u2022 het onderhouden van interne contacten zoals Facilitair Bedrijf, inkoop, receptie, repro, Facilitaire Zaken, Graduate School of Science and Engineering (GSSE) en andere afdelingen<br> \u2022 het ondersteunen van binnen- en buitenlandse dienstreizen en afhandeling declaraties<br> \u2022 het organiseren/voorbereiden van bijeenkomsten, vergaderingen en evenementen <br> \u2022 co\u00f6rdinatie, verspreiding (website) en archivering van aankondigingen m.b.t., colloquia, seminars, e.d.,<br> \u2022 het contact onderhouden met colloquiumco\u00f6rdinatoren en sprekers<br> \u2022 email opstellen/beantwoorden (Nederlands/Engels), brieven opstellen aan de <br> hand van (on)volledig concept- (Nederlands/Engels), teksten en aankondigingen verzorgen<br> \u2022 werkzaamheden op het gebied van personeelszaken en financi\u00eble zaken, in samenwerking met de afdelingen HR en FSSC<br> \u2022 in voorkomende gevallen notuleren (in Nederlands/Engels) van vergaderingen<br> \u2022 up to date houden van de website van de onderzoeksgroep.<br> <br> Binnen het instituut werken mensen van vele verschillende nationaliteiten. In deze internationale werkomgeving is de voertaal dan ook veelal Engels.<br>", "requirements_description": "N/A", "conditions_description": "N/A", "employer_description": "N/A", "department_description": "N/A", "additional_information": "N/A", "apply_link": "N/A", "employer_link": "http://www.rug.nl/", "job_type": "TEMPORARY", "logo": "https://www.academictransfer.com/media/derivatives/logos/rug-en-wide/fce0dfff95a30233a4210a238918791e.gif"}