{"url": "https://www.academictransfer.com/en/309581/junior-lecturer-in-strategic-management-andor-entrepreneurship/apply/", "title": "(Junior) Lecturer in Strategic Management and/or Entrepreneurship", "publish_date": "2022-02-17", "deadline": "2022-03-24", "location": "Burgemeester Oudlaan 50, 3062PA, Rotterdam ", "city": "Rotterdam", "country": "Netherlands", "position": "Lecturer", "field": "Economics; Behaviour and society", "salary": "\u00e2\u0082\u00ac2846\u00e2\u0080\u0094\u00e2\u0082\u00ac5230 per month", "max_working_hours": "32\u201440", "employer": "Erasmus University Rotterdam (EUR)", "job_description": "RSM is embarking on a transformation of its two bachelor programmes; International Business Administration (in English), and Business Administration (in Dutch) in line with a new educational strategy of programmatic assessment. Your primary role is to support course coordinators in two key courses in these programmes as we start this innovation process: Introduction to Business, and Strategic Business Plan. We are therefore looking for an enthusiastic lecturer or junior lecturer to help strengthen our teaching of business administration generally, and strategy and entrepreneurship specifically.<br><br><strong>Your main tasks</strong><br>Depending on your experience and abilities, your role may focus on supporting the primary process of teaching, or on supporting innovation in our assessment practices. Your tasks may therefore include:<ul> <li>assisting and supporting faculty by setting up, coordinating and maintaining courses in our learning management system.</li> <li>teaching seminar sessions and lectures in existing courses in RSM's bachelor programmes</li> <li>coaching students so they can excel in their bachelor theses and internships</li> <li>coaching students so they can excel in their master theses</li> <li>developing and implementing new assessment practices in the context of programmatic assessment.</li> </ul> ", "requirements_description": "<div class=\"_Section_Section_26Kh4ZAK\">\n<h2 class=\"_Section_title_2lZ2dR7H\">\n<span>Requirements</span>\n</h2>\n<div class=\"_Section_body_1yeeKPXy\">\n    We welcome candidates with a Master or Ph.D. degree in Business Administration or a related field.<br/><br/><strong>Your required competences</strong><br/>You are an enthusiastic and committed teacher with a proven record of teaching and/or coordinating university-level courses. You either have your University Teaching Qualification or are in the process of completing it. Candidates with a more senior profile have been responsible for large-scale educational innovation and/or expertise in programmatic assessment. You strive to provide high-quality content and constructive feedback and are conscientious and have good organisational skills. You are co-operative, willing to work with colleagues from different courses and programmes.<br/><br/>Since the position may require teaching in either our Dutch-language or international programmes, proficiency in Dutch and English is required.\n  </div>\n</div>", "conditions_description": "<div class=\"_Section_Section_26Kh4ZAK\">\n<h2 class=\"_Section_title_2lZ2dR7H\">\n<span>Conditions of employment</span>\n</h2>\n<div class=\"_Section_body_1yeeKPXy\">\n<p><strong>Fixed-term</strong> contract: 3 years maximum.</p>\n            \n            The position should start in August or September 2022 (earlier is possible) and is initially funded for three years. The position is 0.8 - 1.0 FTE (30,4-38 hours).<br/><br/>The conditions of employment correspond with the collective labour agreement for Dutch Universities (CAO NU). <a href=\"https://www.universiteitenvannederland.nl/files/documenten/CAO/2021/CLA_Universities_Netherlands_2021_2022.pdf\">https://www.universiteitenvannederland.nl/files/documenten/CAO/2021/CLA_Universities_Netherlands_2021_2022.pdf</a><br/><br/>Salary is subject to training and experience and may vary from a minimum of \u00e2\u0082\u00ac 2,846 (scale 10 CAO NU) gross per month and up to a maximum of \u00e2\u0082\u00ac 5,230 gross per month (scale 11 CAO NU), based on a full-time contract of 38 hours.<br/><br/>Erasmus University has attractive employment conditions, which include a holiday allowance of 8 per cent, an end-of-year bonus of 8.3 per cent, and a considerate amount of vacation days. More information is available at <a href=\"https://www.eur.nl/en/working/our-employer-vision/employment-conditions\">https://www.eur.nl/en/working/our-employer-vision/employment-conditions</a><br/><br/>EUR offers all employees an annual personal career budget which can be used to advance your skills and competences. There are lots of <a href=\"https://www.eur.nl/en/working/training-eur/development-opportunities-eur\">training, development, and coaching opportunities</a> at EUR too.\n          \n  </div>\n</div>", "employer_description": "<div class=\"_Section_Section_26Kh4ZAK\">\n<h2 class=\"_Section_title_2lZ2dR7H\">\n<span>Employer</span>\n</h2>\n<div class=\"_Section_body_1yeeKPXy\">\n<h4>Rotterdam School of Management, Erasmus University</h4>\n              \n              Rotterdam School of Management, Erasmus University (RSM) is one of Europe's top-ranked business schools. RSM provides ground-breaking research and education furthering excellence in all aspects of management and is based in the international port city of Rotterdam - a vital nexus of business, logistics and trade. RSM's primary focus is on developing business leaders with international careers who can become a force for positive change by carrying their innovative mindset into a sustainable future. Our first-class range of bachelor, master, MBA, PhD and executive programmes encourage them to become critical, creative, caring and collaborative thinkers and doers. Study information and activities for future students, executives and alumni are also organised from the RSM office in Chengdu, China. <a href=\"https://eur03.safelinks.protection.outlook.com/?url=http%3A%2F%2Fwww.rsm.nl%2F&amp;data=04%7C01%7Crmittertreiner%40rsm.nl%7C2fa16f23c74c4559c45908d8d42d11a2%7C715902d6f63e4b8d929b4bb170bad492%7C0%7C0%7C637492637312726975%7CUnknown%7CTWFpbGZsb3d8eyJWIjoiMC4wLjAwMDAiLCJQIjoiV2luMzIiLCJBTiI6Ik1haWwiLCJXVCI6Mn0%3D%7C1000&amp;sdata=jVN3OGMT3Y0p%2BmfcqgUWvSMNKbeWqTK8XSGLO02atIM%3D&amp;reserved=0\">www.rsm.nl</a><br/><br/>RSM is a faculty of Erasmus University Rotterdam (EUR). EUR is an internationally oriented university with a strong social orientation in its education and research. Our scientists and students work in close collaboration with internal and external parties to solve global, social challenges, inspired by the always dynamic and cosmopolitan Rotterdam. Our mission is therefore \"Creating positive societal impact\". Our academic education is intensive, active and application-oriented. Our research increasingly takes place in multidisciplinary teams, which are strongly intertwined with international networks. With our research impact and thanks to the high quality of education, EUR can compete with the top European universities. The Erasmian values function as our internal compass and make Erasmus University recognizable to the outside world: engaged with society, world citizen, connecting, entrepreneurial and open-minded. <a href=\"http://www.eur.nl/\">www.eur.nl</a>\n</div>\n</div>", "department_description": "N/A", "additional_information": "<div class=\"_Section_Section_26Kh4ZAK\">\n<h2 class=\"_Section_title_2lZ2dR7H\">\n<span>Additional information</span>\n</h2>\n<div class=\"_Section_body_1yeeKPXy\">\n    Interested in this position? Please upload your cover letter with motivation and CV before Friday 25 March 2022. A first round of interviews is scheduled for the week starting 4 April. Shortlisted candidates will be invited to present a teaching statement (this meeting can on campus or online) and have short one-to-one meetings with various members of the department.<br/><br/>For more information about this job please contact Dr Jurriaan Nijholt, Senior Lecturer in the Department of Strategic Entrepreneurship, via <a href=\"mailto:jnijholt@rsm.nl\">jnijholt@rsm.nl</a>\n</div>\n</div>", "apply_link": "N/A", "employer_link": "http://www.eur.nl/", "job_type": "TEMPORARY", "logo": "https://www.academictransfer.com/media/derivatives/logos/eur-en-wide/ce33222703c7a0b148d3a935910a2f60.png"}