{"url": "http://www.academictransfer.com/en/309569/businesscontroller-fc-team-tls-08-10-fte/apply/", "title": "Businesscontroller F&C-team TLS (0,8 - 1,0 fte)", "publish_date": "2022-02-17", "deadline": "2022-03-06", "location": "Warandelaan 2, 5037 AB, Tilburg ", "city": "Tilburg", "country": "Netherlands", "position": "Other Category", "field": "N/A", "salary": "N/A", "max_working_hours": "32\u201440", "employer": "Tilburg University", "job_description": "<p>Als businesscontroller ben je verantwoordelijk voor de financi&euml;le planning &amp; control cyclus van de gehele faculteit. Je stelt samen met je team begrotingen, prognoses en managementrapportages op en je hebt als sparringpartner een adviserende rol voor de business. De functie is breed, uitdagend en inhoudelijk zeer afwisselend.&nbsp;</p><p>&nbsp;</p><p>De divisie F&amp;C is een van de zeven divisies binnen University Services en is verantwoordelijk voor financieel-economische beleidsadvisering, de planning en control cyclus en het beheer van de financieel-administratieve systemen en processen binnen de universiteit. F&amp;C bestaat uit vijf afdelingen: Policy Staff, de nieuwe afdeling Business Control, Finance Service Center, Project Administration en Internal Financial Control. Bij F&amp;C werken gedreven en deskundige professionals. De divisie wordt aangestuurd door de directeur F&amp;C. Het is de ambitie van F&amp;C om concreet aan de slag te gaan met de verdere ontwikkeling van Business Control en dit binnen de divisie te verankeren.&nbsp;</p><p>&nbsp;</p><p>Het F&amp;C-team van TLS is onderdeel van de afdeling Business Control en is verantwoordelijk voor financial control met bijbehorende werkzaamheden die in de P&amp;C-cyclus plaatsvinden binnen TLS, zoals het opstellen van de facultaire begroting, de jaarrekening en tussentijdse prognoses. Omdat financi&euml;le zaken niet op zichzelf staan maar zijn geworteld in de business adviseert de businesscontroller het management over de bedrijfsvoering en over strategische en tactische onderwerpen.&nbsp;</p><p>&nbsp;</p><p>Jouw werkzaamheden:</p><ul> <li>Verantwoordelijk voor de P&amp;C-cyclus binnen de faculteit, zoals de begroting, prognoses en managementrapportages met bijbehorende analyses;</li> <li>Je geeft leiding aan het F&amp;C-team van TLS, bestaande uit 3 assistent-controllers;</li> <li>Klantgericht adviseren en ondersteunen van het bestuur van de faculteit, opstellen van businesscases en het aanleveren van relevante managementinformatie;</li> <li>Toegevoegde waarde leveren door knelpunten en risico&rsquo;s te signaleren, zoeken naar oplossingen en adviseren over en uitvoeren van verbeteringen. Dit gaat van operationeel tot strategisch niveau;</li> <li>Binnen de afdeling Business Control en de divisie F&amp;C werk je mee aan het verder stroomlijnen en optimaliseren van de financi&euml;le processen.</li> </ul>", "requirements_description": "N/A", "conditions_description": "N/A", "employer_description": "N/A", "department_description": "N/A", "additional_information": "N/A", "apply_link": "N/A", "employer_link": "http://www.uvt.nl/", "job_type": "TEMPORARY", "logo": "https://www.academictransfer.com/media/derivatives/logos/uvt-en-wide/8bbc452c034c71750be03f93fe602eca.png"}