{"url": "http://www.academictransfer.com/en/309506/research-engineer-in-haptics/apply/", "title": "Research Engineer in Haptics", "publish_date": "2022-02-16", "deadline": "2022-03-12", "location": "Mekelweg 2, 2628 CD, Delft ", "city": "Delft", "country": "Netherlands", "position": "Engineer/Technician", "field": "Engineering", "salary": "\u00e2\u0082\u00ac2846\u00e2\u0080\u0094\u00e2\u0082\u00ac4490 per month", "max_working_hours": "N/A", "employer": "Delft University of Technology (TU Delft)", "job_description": "<p>Imagine you could feel the brush strokes of Van Gogh in his The Starry Night painting, the fabric of the clothes you consider purchasing online, or the fur of your beloved pet on a Zoom call.<br>Led by Yasemin Vardar, the Haptic Interface Technology Lab aim to create natural,<br>compelling, and customizable haptic interactions in virtual environments. For this aim, we investigate skin deformations that occur during interactions with natural surfaces or tactile interfaces and the resulting perceptual experiences and design new haptic interfaces and rendering algorithms.<br>In this research context, we are looking for a talented applicant who has a Master of Science degree in a subject relevant to mechatronics, robotics, mechanical engineering, systems and control, electronic engineering, or biomedical engineering to support our research as a research engineer. Possible tasks include:<br>- Design and evaluation of experimental setups or novel devices for delivering touch<br>feedback,<br>- Programming of an experimental setup for understanding touch interactions,<br>- Preparing and conducting research studies with human subjects,<br>- Collecting and analyzing sensor data (e.g., force sensor data, camera images),<br>- Assistance with organizing and using lab equipment among lab members.<br>The research engineer position will allow you to be involved in ongoing haptics research, as well as gain hands-on experience with software/ hardware systems and human-subject experiments. The concrete position and tasks are subject to discussion with interested candidates.\u00a0<br>You can start working as soon as you are hired.</p>", "requirements_description": "<div class=\"_Section_Section_26Kh4ZAK\">\n<h2 class=\"_Section_title_2lZ2dR7H\">\n<span>Requirements</span>\n</h2>\n<div class=\"_Section_body_1yeeKPXy\">\n<p>The applicants should have:</p>\n<ul>\n<li>high motivation</li>\n<li>M.Sc. degree* in a related subject (Mechatronics, Robotics, Mechanical Engineering, Electrical Engineering, Systems and Control, Biomedical Engineering or similar)</li>\n<li>strong academic performance in relevant bachelor's and master's courses</li>\n<li>good programming and data analysis skills</li>\n<li>interest in conducting academic research and publishing in peer-reviewed venues</li>\n<li>interest in pursuing a Ph.D. degree (if both parties agree during/end of the contract)</li>\n<li>strong motivation in working in an international and inter-disciplinary research group</li>\n<li>good oral and written communication skills in English.</li>\n</ul>\n<p>We are also interested in candidates who have:</p>\n<ul>\n<li>experience working with sensors and actuators</li>\n<li>experience with signal and image processing</li>\n<li>experience in conducting human-subject experiments</li>\n<li>familiarity with Simulink, LabView and/or a CAD drawing software</li>\n</ul>\n<p>* The students who are pursuing a M.Sc. degree with a planned graduation in a couple of months can also apply.</p>\n</div>\n</div>", "conditions_description": "<div class=\"_Section_Section_26Kh4ZAK\">\n<h2 class=\"_Section_title_2lZ2dR7H\">\n<span>Conditions of employment</span>\n</h2>\n<div class=\"_Section_body_1yeeKPXy\">\n<p>Salary and benefits are in accordance with the Collective Labour Agreement for Dutch Universities. The TU Delft offers a customisable compensation package, a discount on health insurance and sport memberships, and a monthly work costs contribution. Flexible work schedules can be arranged.</p>\n<p>For international applicants we offer the Coming to Delft Service and Partner Career Advice to assist you with your relocation. An International Children's Centre offers childcare and there is an international primary school.</p>\n<p>Contract duration:\u00c2\u00a0<em>Maximum</em> 1 year with a possibility to extension to a Ph.D. position.</p>\n</div>\n</div>", "employer_description": "<div class=\"_Section_Section_26Kh4ZAK\">\n<h2 class=\"_Section_title_2lZ2dR7H\">\n<span>Employer</span>\n</h2>\n<div class=\"_Section_body_1yeeKPXy\">\n<h4>Delft University of Technology</h4>\n<p>Delft University of Technology is built on strong foundations. As creators of the world-famous Dutch waterworks and pioneers in biotech, TU Delft is a top international university combining science, engineering and design. It delivers world class results in education, research and innovation to address challenges in the areas of energy, climate, mobility, health and digital society. For generations, our engineers have proven to be entrepreneurial problem-solvers, both in business and in a social context. At TU Delft we embrace diversity and aim to be as inclusive as possible (see our <a href=\"https://www.tudelft.nl/en/about-tu-delft/strategy/integrity-policy/tu-delft-code-of-conduct/\">Code of Conduct</a>). Together, we imagine, invent and create solutions using technology to have a positive impact on a global scale.</p>\n<p>Challenge. Change. Impact!\u00c2\u00a0</p>\n</div>\n</div>", "department_description": "N/A", "additional_information": "<div class=\"_Section_Section_26Kh4ZAK\">\n<h2 class=\"_Section_title_2lZ2dR7H\">\n<span>Additional information</span>\n</h2>\n<div class=\"_Section_body_1yeeKPXy\">\n<p>For additional information about this vacancy and selection procedure, please<br/>contact dr. Yasemin Vardar (<a href=\"mailto:y.vardar@tudelft.nl\">y.vardar@tudelft.nl</a>).</p>\n<p>\u00c2\u00a0</p>\n</div>\n</div>", "apply_link": "N/A", "employer_link": "http://www.tudelft.nl/", "job_type": "TEMPORARY", "logo": "https://www.academictransfer.com/media/derivatives/logos/tud-en-wide/4f5fb7eb63ad62ee5a7d5dfdc5376f8f.gif"}