{"url": "https://www.academictransfer.com/en/309503/onderwijskundige-bij-marketing-communicatie/apply/", "title": "Onderwijskundige bij Marketing & Communicatie", "publish_date": "2022-02-15", "deadline": "2022-03-06", "location": "Burgemeester Oudlaan 50, 3062PA, Rotterdam ", "city": "Rotterdam", "country": "Netherlands", "position": "Other Category", "field": "N/A", "salary": "N/A", "max_working_hours": "32\u201440", "employer": "Erasmus University Rotterdam (EUR)", "job_description": "<p>Wij zoeken een gedreven onderwijskundige die ons tijdelijk komt versterken voor het (door)ontwikkelen van onderwijsprogramma&rsquo;s. De doelstelling van deze programma&rsquo;s is om leerlingen kennis te laten maken met wetenschap en hen goed voor te bereiden op een academische studie.</p><p>Als onderwijskundige ben je verantwoordelijk voor het ontwerpen en ontwikkelen van leertrajecten voor leerlingen van het basis- en/of voortgezet onderwijs of het ontwikkelen van professionalisering voor docenten. Het doel van de leertrajecten of professionalisering die jij ontwerpt is om de onderwijskansen van leerlingen te vergroten door aandacht te besteden aan:</p><ul> <li>studievaardigheden: leerlingen nieuwe vaardigheden leren op gebied van leren leren,&nbsp; onderzoek doen (onderzoekend leren) en redeneren;</li> <li>studiehouding: de bereidheid tot leren vergroten;</li> <li>persoonlijke ontwikkeling: leerlingen vaardigheden leren die bijdragen aan persoonlijk leiderschap en talentontwikkeling;</li> <li>navigatie vaardigheden: leerlingen vaardigheden leren die eraan bijdragen om een eigen pad te kiezen, hen te laten kennismaken met de universiteit en hen te leren de regie te nemen over hun eigen loopbaan.</li> </ul><p>Door jouw academische kennis ben je in staat om vernieuwende onderwijsconcepten te introduceren aansluitend bij de doelgroep.</p><p><strong>Onze missie: Samen bouwen aan de wereld van morgen</strong></p><p>Als werkgever wil de Erasmus Universiteit Rotterdam een waardevolle bijdrage leveren aan maatschappelijke uitdagingen van deze tijd. Dat doen we samen met onze 3.500 academici en professionals en 30.000 studenten uit 140 landen. Met een open blik op de wereld en met aandacht voor diversiteit van achtergronden en opvattingen werken onze wetenschappers en onderzoekers, docenten, studenten en professionals nauw samen aan het oplossen van maatschappelijke vraagstukken. Dit doen we onder het motto&nbsp;<em>Making Minds Matter</em>, wat staat voor onze ambities, zowel wetenschappelijk als maatschappelijk.</p><p>Wat de Erasmus Universiteit Rotterdam onderscheidt is in de eerste plaats de manier waarop we dat doen: the Erasmian Way. Dit staat voor wereldburgerschap, maatschappelijke betrokkenheid, verbindend, ondernemend en ruimdenkend. Het zijn onze wetenschappers, docenten, professionals en studenten die deze kernwaarden belichamen en dagelijks positieve maatschappelijke impact hebben op de wereld om hen heen. Net als onze naamgever willen we een duurzame bijdrage leveren aan de oplossing van actuele maatschappelijke vraagstukken.&nbsp;</p><p>Je gaat werken in het team Brand &amp; Campaigns, &eacute;&eacute;n van de vier teams binnen de afdeling Marketing &amp; Communicatie. Dat team is inhoudelijk verantwoordelijk voor het Wetenschapsknooppunt en het verbeteren van de aansluiting tussen het voortgezet en het hoger onderwijs. In de uitvoering werk je nauw samen met collega&rsquo;s van andere teams binnen M&amp;C en met andere afdelingen binnen de universiteit.</p><p>Het wetenschapsknooppunt Erasmus Universiteit Rotterdam (WK|EUR) brengt Wetenschap en Onderzoekend Leren naar de klas in het primair en voortgezet onderwijs. Doel is om de relatie tussen de Erasmus Universiteit en het basis- en voortgezet onderwijs te versterken door leerlingen, (aankomend) leerkrachten en wetenschappers samen te brengen rondom wetenschap en onderzoek. Om dit te bereiken ontwikkelt het WK|EUR ori&euml;nterende en verrijkende lesmodules voor leerlingen tussen de 8 en 18 jaar en professionaliseringsactiviteiten voor hun docenten. De wetenschappelijke onderzoekscyclus is het uitgangspunt in de lessen, waarin gewerkt wordt aan onderzoekend leren, academische vaardigheden, 21e-eeuwse vaardigheden en life skills. Het WK|EUR bestaat uit drie medewerkers: een projectmanager en twee event managers. Het WK|EUR werkt samen met onderzoekers van de universiteit en met EUR-studenten die lessen verzorgen op scholen.</p><p>De werkzaamheden op het gebied van aansluiting richten zich op het verbeteren van de aansluiting tussen het voortgezet onderwijs en de universiteit aan de hand van (vaardigheids)onderwijs, docentprofessionalisering en samenwerking met partners in de regio.</p><p><strong>Taken en verantwoordelijkheden</strong></p><p>Als onderwijskundige zijn dit jouw taken en verantwoordelijkheden:</p><ul> <li>Jij bent onderwijskundig ontwikkelaar en adviseur voor alle projecten van het wetenschapsknooppunt en aansluiting.</li> <li>Je ontwikkelt lesmaterialen waardoor leerlingen in het primair en voortgezet onderwijs kennismaken met en enthousiast worden over wetenschap.</li> <li>Je ontwikkelt vaardigheidsonderwijs voor vo-leerlingen en startende studenten op gebied van studievaardigheden en life skills die de transitie van het voortgezet onderwijs naar het hoger onderwijs faciliteert. Leerlingen rapporteren na het volgen van dit onderwijs dat zij het gevoel hebben dat zij beter zijn voorbereid op studeren in het hoger onderwijs.</li> <li>Je ontwikkelt docent-professionaliseringen voor leerkrachten uit het basisonderwijs en docenten uit het voortgezet onderwijs om hen bekend te maken met belangrijke academische vaardigheden en onderzoek doen.</li> <li>Je vernieuwd bestaand lesmateriaal en zorgt voor doorontwikkeling waar nodig en loopt daarbij vooruit op de trends in het onderwijs.</li> <li>Je bent medeverantwoordelijk voor het plannen en organiseren van onderwijsevenementen en professionaliseringen.</li> <li>Je onderhoud relaties met partners in de stad (musea, bedrijven, gemeente etc.) en zoekt actief partners om mee samen te werken.</li> <li>Je neemt zitting in diverse werkgroepen in de regionale samenwerkingsverbanden die werken aan een soepele overgang van het VO naar het HO, vanuit jouw onderwijskundige expertise ben je verantwoordelijk voor het ontwikkelen van producten, diensten en activiteiten die ondersteunend zijn aan die doelstelling. Dit doe je samen met andere onderwijsprofessionals van onze partners.</li> <li>Je brengt verschillende betrokken partijen samen: docenten van de deelnemende scholen, wetenschappers van de EUR, student-docenten van de EUR en partners in de stad (musea en bedrijven).</li> </ul>", "requirements_description": "N/A", "conditions_description": "N/A", "employer_description": "N/A", "department_description": "N/A", "additional_information": "N/A", "apply_link": "N/A", "employer_link": "http://www.eur.nl/", "job_type": "TEMPORARY", "logo": "https://www.academictransfer.com/media/derivatives/logos/eur-en-wide/ce33222703c7a0b148d3a935910a2f60.png"}