{"url": "https://www.academictransfer.com/en/309597/assistant-professor-in-ancient-history/", "title": "Assistant Professor in Ancient History", "publish_date": "2022-02-17", "deadline": "2022-04-03", "location": "Kloveniersburgwal 48, 1012 CX, Amsterdam ", "city": "Amsterdam", "country": "Netherlands", "position": "Assistant Professor", "field": "Language and culture", "salary": "\u00e2\u0082\u00ac3821\u00e2\u0080\u0094\u00e2\u0082\u00ac5943 per month", "max_working_hours": "38", "employer": "University of Amsterdam (UvA)", "job_description": "<p>We seek and Assistant Professor in Ancient History to&nbsp;provide education in a dynamic context with ample opportunities for the development of innovative teaching methods. Your research will be part of the&nbsp;<a href=\"https://ash.uva.nl/\">Amsterdam School of Historical Studies</a>&nbsp;(ASH), one&nbsp;of the five research schools of the&nbsp;ASH. ASH represents and fosters the study of the human past from Antiquity to the present day. It brings together more than 200 academics from Amsterdam&rsquo;s Faculty of Humanities, who participate in ca. 25&nbsp;research groups. Depending on your expertise, you will join one of the research groups within ASH, such as Environment &amp; Society or collaborate with colleagues to (re-)establish a group focused on public health.</p><p>The position will be embedded within the department of&nbsp;<a href=\"https://www.uva.nl/en/about-the-uva/organisation/faculties/faculty-of-humanities/about-us/departments/departments.html#History-European-Studies--Religious-Studies\">History, European Studies &amp; Religious Studies</a>&nbsp;in the capacity group&nbsp;<a href=\"https://www.uva.nl/en/discipline/history/history.html\">History</a>.&nbsp;Historians at the UvA explore history in all its breadth and complexity.</p><p><strong>What are you going to do?</strong></p><p><strong>Tasks and responsibilities</strong></p><ul> <li>Designing and conducting independent research in the field of Ancient History, especially from an interdisciplinary perspective, resulting in academic publications in peer-reviewed international journals and/or books.</li> <li>Actively pursuing external funding for research, notably funding from research councils, national as well as European.</li> <li>Actively contributing to and developing national and international research networks and other forms of cooperation.</li> <li>Actively contributing to the research activities of the Amsterdam School of Historical Studies (ASH) and the National Research School in Classical Studies in the Netherlands (OIKOS).</li> <li>Developing, coordinating and teaching courses, in Dutch and English, in the&nbsp;<a href=\"https://www.uva.nl/programmas/bachelors/geschiedenis/geschiedenis.html\">Bachelor</a>&nbsp;and (Research)&nbsp;<a href=\"https://www.uva.nl/discipline/geschiedenis/masters-geschiedenis/masters-geschiedenis.html\">Master</a>&nbsp;programmes in History.</li> <li>Supervising Bachelor and Master theses and tutoring students; co-supervising PhD theses.</li> <li>Actively contributing to the development and improvement of the broader teaching programmes in the Department.</li> <li>Taking part in committees and working groups and carrying out departmental administrative tasks.</li> </ul>", "requirements_description": "<div class=\"_Section_Section_26Kh4ZAK\">\n<h2 class=\"_Section_title_2lZ2dR7H\">\n<span>Requirements</span>\n</h2>\n<div class=\"_Section_body_1yeeKPXy\">\n<p><strong>What do you have to offer?</strong></p>\n<p>You are a dynamic and ambitious researcher with a strong profile, demonstrable by international publications and an international academic network. Your publications show broad knowledge of Ancient History and a strong affinity with Environmental History, especially research on the interactions between humans, their living conditions and the natural world in Antiquity. We also welcome a research focus on either migration, health or slavery. Your research matches the profile of the Amsterdam School of Historical Studies and is complementary to the existing expertise within the group of Ancient History at the UvA.</p>\n<p>You are able to develop and provide disciplinary and interdisciplinary modules on the ancient world in the Bachelor and Master programmes in History and in the programmes offered by the\u00a0<a href=\"https://acasa.uva.nl/\">Amsterdam Center for Ancient Studies and Archaeology</a>\u00a0(ACASA). You have a proven track record of teaching topics beyond your own research focus, a willingness to work in interdisciplinary teams and the ability to offer inspiring lectures and tutorials that attract a wide range of students.</p>\n<p><strong>Your experience and profile:</strong></p>\n<ul>\n<li>a PhD in Ancient History with a preferred research focus on environmental history. Affinity for interdisciplinary and transregional perspectives is considered a plus;</li>\n<li>an international academic network in the research area concerned;</li>\n<li>active and ambitious researcher with a strong publication record, commensurate with the level of the position;</li>\n<li>demonstrable ability and ambition to obtain external research grants;</li>\n<li>broad and relevant teaching experience, preferably at both the BA and MA level;</li>\n<li>excellent command of Dutch and English. If Dutch is not the mother tongue, an active and passive command must be acquired within two years of the employment contract and the state examination for Dutch as a Second Language programme II must be passed;</li>\n<li>experience with digital and audiovisual teaching facilities and affinity with IT in university teaching;</li>\n<li>willing to take an active part in the administrative and collegial life in the Department;</li>\n<li>excellent organisational experience and skills;</li>\n<li>acquired the Dutch Basic Teaching Qualification or is willing to acquire this within the first two years.</li>\n</ul>\n</div>\n</div>", "conditions_description": "<div class=\"_Section_Section_26Kh4ZAK\">\n<h2 class=\"_Section_title_2lZ2dR7H\">\n<span>Conditions of employment</span>\n</h2>\n<div class=\"_Section_body_1yeeKPXy\">\n<p>We offer permanent employment upon a satisfactory evaluation following a temporary employment contract of a maximum of 18 months with a probationary period of two months. If you already have an employment contract with the UvA, we offer permanent employment upon a satisfactory evaluation following a temporary employment contract of a maximum of 12 months.</p>\n<p>The employment contract is for 38 hours a week. Preferred starting date is between 1 August and 1 September 2022.</p>\n<p>The gross monthly salary, based on 38 hours per week, ranges between \u20ac3,821 (scale 11) to \u20ac5,943 (scale 12) dependent on relevant experience. This sum does not include the 8% holiday allowance and the 8,3% year-end allowance.\u00a0A favourable tax agreement, the \u201830% ruling\u2019, may apply to non-Dutch applicants.\u00a0The\u00a0<a href=\"https://www.vsnu.nl/en_GB/cao-universiteiten.html\">Collective Labour Agreement of Dutch Universities</a>\u00a0is applicable.</p>\n<p><strong>We additionally offer:</strong></p>\n<ul>\n<li>the opportunity to collaborate in interdisciplinary teams;</li>\n<li>excellent opportunities for study and personal development;</li>\n<li>an inspiring academic and international working environment in the heart of Amsterdam.</li>\n</ul>\n</div>\n</div>", "employer_description": "<div class=\"_Section_Section_26Kh4ZAK\">\n<h2 class=\"_Section_title_2lZ2dR7H\">\n<span>Employer</span>\n</h2>\n<div class=\"_Section_body_1yeeKPXy\">\n<h4>University of Amsterdam</h4>\n<p>The\u00a0<a href=\"https://www.uva.nl/en/about-the-uva/about-the-university/about-the-university.html\">University of Amsterdam</a>\u00a0is the Netherlands' largest university, offering the widest range of academic programmes. At the UvA, 30,000 students, 6,000 staff members and 3,000 PhD candidates study and work in a diverse range of fields, connected by a culture of curiosity.</p>\n</div>\n</div>", "department_description": "N/A", "additional_information": "<div class=\"_Section_Section_26Kh4ZAK\">\n<h2 class=\"_Section_title_2lZ2dR7H\">\n<span>Additional information</span>\n</h2>\n<div class=\"_Section_body_1yeeKPXy\">\n<p>Do you have any questions or do you require additional information? Please contact:</p>\n<ul>\n<li><a href=\"mailto:d.slootjes@uva.nl\">Dani\u00eblle Slootjes</a>, Professor of Ancient History</li>\n</ul>\n<p>\u00a0</p>\n</div>\n</div>", "apply_link": "N/A", "employer_link": "http://www.uva.nl/", "job_type": "TEMPORARY", "logo": "https://www.academictransfer.com/media/derivatives/logos/uva-en-wide/22e1319f66e44f07d56047b996668aa9.png"}