{"url": "https://www.academictransfer.com/en/309572/administratief-medewerker-project-control-06-fte-10-fte/apply/", "title": "Administratief medewerker Project Control (0,6 fte - 1.0 fte)", "publish_date": "2022-02-17", "deadline": "2022-03-08", "location": "Warandelaan 2, 5037 AB, Tilburg ", "city": "Tilburg", "country": "Netherlands", "position": "Other Category", "field": "N/A", "salary": "N/A", "max_working_hours": "24\u201440", "employer": "Tilburg University", "job_description": "<p>De divisie Finance &amp; Control is op zoek naar een administratief medewerker voor de afdeling Project Control. Je komt terecht in een team met projectcontrollers die onderzoeksprojecten beheren vari&euml;rend van nationale en internationale subsidieprojecten tot samenwerkingsverbanden met overheden, instellingen en het bedrijfsleven. De collega-teamleden zijn werkzaam bij diverse faculteiten. In deze functie ontzorg je de projectcontrollers door administratieve zaken uit handen te nemen.</p><ul> <li>Factureren, doorbelastingen, betaalopdrachten, declaraties en andere financi&euml;le boekingen;</li> <li>Tekenrondes begeleiden;</li> <li>Archiveren en projectdossiers samenstellen (voor accountantscontroles);</li> <li>Bestellingen goedkeuren;</li> <li>Deelnemen vergaderingen;</li> <li>Vergaderingen plannen &amp; enkele secretari&euml;le taken.</li> </ul>", "requirements_description": "N/A", "conditions_description": "N/A", "employer_description": "N/A", "department_description": "N/A", "additional_information": "N/A", "apply_link": "N/A", "employer_link": "http://www.uvt.nl/", "job_type": "TEMPORARY", "logo": "https://www.academictransfer.com/media/derivatives/logos/uvt-en-wide/8bbc452c034c71750be03f93fe602eca.png"}