{"url": "https://www.academictransfer.com/en/309326/phd-position-funerary-customs-in-the-roman-near-east-10-fte/apply/", "title": "PhD position funerary customs in the Roman Near East(1.0 FTE)", "publish_date": "2022-02-10", "deadline": "2022-03-27", "location": "Broerstraat 5, 9712 CP, Groningen ", "city": "Groningen", "country": "Netherlands", "position": "PhD", "field": "Language and culture", "salary": "max. \u00e2\u0082\u00ac3122 per month", "max_working_hours": "38", "employer": "University of Groningen", "job_description": "Applications are invited for a fully funded, four-year PhD position within the research project \u201cMortuary Archaeology of the Roman East - MARE\u201d, financed by the Dutch Research Council (NWO) and led by the PI, Dr Lidewijde de Jong.<br> <br> During the first centuries CE, new forms of funerary display emerged in the cemeteries of the Roman Near East. Memories of the deceased were prolonged after death through portraits and epitaphs, monumental stone coffins, and roadside tombs. This project investigates how these forms of displaying the dead were embedded in mortuary rituals. Bringing legacy dataset anddigital archives together, we interrogate how local communities reformulated their relationships with the dead by personalizing the funerary spaces.<br> <br> In collaboration with the other team members, you will work on your own project Rituals in Space: reconstructing funerary rituals through gifts and bones. This PhD project focuses on the activities that occurred in the space of the tomb, from the first burial and post-burial actions, to its closure or abandonment. Through the analysis of the spatial setting, grave gifts, and human remains, the different steps in funerary rituals are reconstructed. This will give insights into the shared beliefs that the communities drew on in the care for the dead. This research builds a framework in which the fragmented materials of the Roman Near East can be inserted. It addresses the project\u2019s main question by outlining how people interacted with the dead through ritual actions, and the extent to which the new tomb elements altered these practices. The sample comes from Coastal Lebanon and Pisidia (Turkey) and consist of legacy and new data on the spatial setting of human remains, coffins, epitaphs, and gravegoods. <br> <br> An outline of the complete project is available at: https://www.rug.nl/research/groningen-institute-of-archaeology/research/mare/<br> <br> This PhD project offers a unique opportunity to work in an international research environment as well as to acquire valuable teaching experience: the PhD candidate is expected to conduct 0.3 fte teaching during the second, third and fourth year of their appointment (0.1 fte yearly).<br> <br> You will be asked to:<br> <br> \u2022 complete a dissertation on funerary customs in Roman Lebanon and Pisidia<br> \u2022 collect legacy and new data together with the principal investigator and other team members<br> \u2022 assist other team members in developing the archaeological and spatial components of the project\u2019s digital database <br> \u2022 co-organize research meetings and an online exhibit<br> \u2022 contribute to the project\u2019s public outreach and social media activities <br> \u2022 participate in GIA, ARCHON, and other related events<br> \u2022 conduct a limited amount of teaching.", "requirements_description": "<div class=\"_Section_Section_26Kh4ZAK\">\n<h2 class=\"_Section_title_2lZ2dR7H\">\n<span>Requirements</span>\n</h2>\n<div class=\"_Section_body_1yeeKPXy\">\n    \u00e2\u0080\u00a2 research master\u00e2\u0080\u0099s or master\u00e2\u0080\u0099s degree in archaeology <br/>\n\u00e2\u0080\u00a2 demonstrated experience with mortuary studies<br/>\n\u00e2\u0080\u00a2 excellent command of English and good reading knowledge of French<br/>\n\u00e2\u0080\u00a2 good academic writing skills<br/>\n\u00e2\u0080\u00a2 interest in working with legacy datasets <br/>\n\u00e2\u0080\u00a2 a strong motivation to complete a PhD dissertation in 4 years<br/>\n\u00e2\u0080\u00a2 ability to work independently whilst also a team player<br/>\n\u00e2\u0080\u00a2 experience with research on the Roman Near East, and digital databases is an advantage, as is knowledge of modern Arabic and Turkish.\n  </div>\n</div>", "conditions_description": "<div class=\"_Section_Section_26Kh4ZAK\">\n<h2 class=\"_Section_title_2lZ2dR7H\">\n<span>Conditions of employment</span>\n</h2>\n<div class=\"_Section_body_1yeeKPXy\">\n<p><strong>Fixed-term</strong> contract: 48 months.</p>\n            \n            In accordance with the Collective Labour Agreement for Dutch Universities, the University of Groningen offers you:<br/>\n<br/>\n\u00e2\u0080\u00a2 a salary of \u00e2\u0082\u00ac 2,443 gross per month in the first year, up to a maximum of \u00e2\u0082\u00ac 3,122 gross per month in the final year, based on a full-time position;<br/>\n\u00e2\u0080\u00a2 a holiday allowance of 8% gross annual income; <br/>\n\u00e2\u0080\u00a2 an 8.3% end-of-the-year allowance.<br/>\n<br/>\nThis 1.0 fte appointment is temporary, for a specified period of four years. The candidate will first be appointed for twelve months. After six months, an assessment will take place of the candidate\u00e2\u0080\u0099s results and the progress of the PhD project, in order to decide whether employment will be continued.<br/>\n<br/>\nThe appointment will commence August 2022 at the latest.\n          \n  </div>\n</div>", "employer_description": "N/A", "department_description": "N/A", "additional_information": "<div class=\"_Section_Section_26Kh4ZAK\">\n<h2 class=\"_Section_title_2lZ2dR7H\">\n<span>Additional information</span>\n</h2>\n<div class=\"_Section_body_1yeeKPXy\">\n    Dr Lidewijde de Jong (for information about the project)<br/>\nlidewijde.de.jong@rug.nl<br/>\n<br/>\nFlip Kramer (for practical information regarding the application procedure)<br/>\ngia@rug.nl\n  </div>\n</div>", "apply_link": "N/A", "employer_link": "http://www.rug.nl/", "job_type": "TEMPORARY", "logo": "https://www.academictransfer.com/media/derivatives/logos/rug-en-wide/fce0dfff95a30233a4210a238918791e.gif"}