{"url": "https://www.academictransfer.com/en/309215/content-editor/", "title": "Content editor", "publish_date": "2022-02-08", "deadline": "2022-02-27", "location": "Lange Viestraat 6, 3511 BK, Utrecht ", "city": "Utrecht", "country": "Netherlands", "position": "Editor", "field": "N/A", "salary": "N/A", "max_working_hours": "16", "employer": "AcademicTransfer", "job_description": "<p>Op ons nieuwe carri&egrave;replatform <a href=\"http://www.academicsconnected.com\">AcademicsConnected</a> kunnen onderzoekers zich ori&euml;nteren op carri&egrave;repaden in verschillende sectoren. Met de <a href=\"https://www.academictransfer.com/en/career-navigator/\">Career Navigator</a> kunnen zij informatie vinden over verschillende functies in Nederland waarbij onderzoek een belangrijke rol heeft. Bij elke functie geven we facts &amp; figures, laten we een expert uit de sector aan het woord in een video en verzamelen we persoonlijke carri&egrave;reverhalen. Zo kun je je een duidelijker beeld vormen over de functie en kijken of deze bij jou past.&nbsp;</p><p>Wij zijn op zoek naar een&nbsp;content editor&nbsp;die ons helpt bij het verzamelen van alle informatie in de Career Navigator.&nbsp;</p><p><strong>Jouw taken</strong></p><p>Je hebt een groot aandeel in het vullen van onze <a href=\"https://www.academictransfer.com/en/career-navigator/\">Career Navigator</a>&nbsp;met Engelstalige content. Jouw&nbsp;belangrijkste taken zijn:</p><ul> <li>contact leggen met organisaties en onderzoekers en vragen of ze een bijdrage willen leveren aan ons carri&egrave;replatform</li> <li>duidelijke uitleg geven over de bedoeling van de Career Navigator &nbsp;</li> <li>afspraken inplannen met onderzoekers en hen enthousiast maken om een persoonlijk verhaal te schrijven of mee te werken aan een video-opname</li> <li>het verzamelen van&nbsp;de content (persoonlijke verhalen en informatievideo&rsquo;s)</li> <li>het editen van persoonlijke verhalen (Engels)</li> <li>het monteren van video&rsquo;s&nbsp;</li> <li>de website en/of social mediakanalen aanpassen/inzetten&nbsp;</li> </ul><p>Daarnaast ondersteun je de communicatieadviseur in veel voorkomende werkzaamheden.</p>", "requirements_description": "N/A", "conditions_description": "N/A", "employer_description": "N/A", "department_description": "N/A", "additional_information": "N/A", "apply_link": "N/A", "employer_link": "http://www.academictransfer.com", "job_type": "TEMPORARY", "logo": "https://www.academictransfer.com/media/derivatives/logos/academictransfer-en-wide_C6sSPAt/cfc6a58f348a7935190532022f7bb7c5.jpg"}