{"url": "https://www.academictransfer.com/en/309527/financieel-administratief-medewerker-08-fte/apply/", "title": "Financieel administratief medewerker (0,8 fte)", "publish_date": "2022-02-16", "deadline": "2022-03-06", "location": "Burgemeester Oudlaan 50, 3062 PA, Rotterdam ", "city": "Rotterdam", "country": "Netherlands", "position": "Other Category", "field": "N/A", "salary": "N/A", "max_working_hours": "32\u201440", "employer": "Erasmus University Rotterdam (EUR)", "job_description": "<p>De belangrijkste werkzaamheden zijn:</p><ul> <li>Het opstellen van conceptfacturen en verrekeningen met andere Erasmus organisatieonderdelen;</li> <li>Het bijhouden van het contractenregister;</li> <li>Het aanmaken van budgetnummers en projectnummers;</li> <li>Het inrichten en bijhouden van autorisatietabellen;</li> <li>Uitdraaien van urenoverzichten en zorgdragen voor controle van de werkelijk geschreven uren ten opzichte van de normuren;</li> <li>Controle van declaraties op juistheid en volledigheid;</li> <li>Genereren en controleren van financi&euml;le overzichten uit SAP;</li> <li>Ondersteunen bij het voorbereiden van accountantscontroles;</li> <li>Inrichten en afwikkelen van projectdossiers;</li> <li>Het beantwoorden van financi&euml;le vragen en het meedenken over het gebruik van regelingen en procedures.</li> <li>Het initi&euml;ren en opstellen van memo&rsquo;s ten behoeve van een juiste en volledige vastlegging;</li> <li>Opstellen en voorbereiden van realisatierapportages en prognoses van 1e GS projecten.</li> </ul><p>De financieel administratief medewerker&nbsp;werkt nauw samen met de projectcontroller. De projectcontroller ondersteunt projectleiders bij de verantwoording van in- en extern gefinancierde projecten en voert werkzaamheden uit met betrekking tot de voortgang en bewaking/control van deze projecten, zoals het opstellen van projectbegrotingen en projectbewaking/controlling.</p>", "requirements_description": "N/A", "conditions_description": "N/A", "employer_description": "N/A", "department_description": "N/A", "additional_information": "N/A", "apply_link": "N/A", "employer_link": "http://www.eur.nl/", "job_type": "TEMPORARY", "logo": "https://www.academictransfer.com/media/derivatives/logos/eur-en-wide/ce33222703c7a0b148d3a935910a2f60.png"}