{"url": "http://www.academictransfer.com/en/309221/arts-onderzoekerpromovendus-hartfalenonderzoek/apply/", "title": "Arts onderzoeker/promovendus hartfalenonderzoek", "publish_date": "2022-02-08", "deadline": "2022-03-07", "location": "'s-Gravendijkwal 230, 3015 CE, Rotterdam ", "city": "Rotterdam", "country": "Netherlands", "position": "Researcher", "field": "Gezondheid", "salary": "N/A", "max_working_hours": "36", "employer": "Erasmus MC (University Medical Center Rotterdam)", "job_description": "Binnen de afdeling Cardiologie is plaats voor 2 arts onderzoekers voor een project gericht op biomarkers en hun pathofysiologische rol bij pati\u00ebnten met hartfalen met behouden ejectie fractie. Een nieuw en enerverend onderzoeksveld waar nog veel te ontdekken valt.<br><br>Bij het project zijn meerdere ziekenhuizen en cardiologen betrokken. Het project houdt in dat een nieuw pati\u00ebntcohort en biobank wordt opgezet. De onderzoekers voeren het project gezamenlijk uit in het Erasmus MC alsmede in de andere deelnemende ziekenhuizen. E\u00e9n onderzoeker is gericht op de regio Rotterdam met 3 ziekenhuizen. De ander richt zich op de regio Amsterdam met 3 ziekenhuizen (en werkt ongeveer 3 dagen per week in de regio Amsterdam en 2 dagen per week in Rotterdam). Naast betrokkenheid bij de kliniek en pati\u00ebntzorg, wordt tegelijkertijd gewerkt aan data-analyse en rapportage van andere lopende onderzoeksprojecten. Het onderzoek moet leiden tot het schrijven van een proefschrift.", "requirements_description": "N/A", "conditions_description": "N/A", "employer_description": "N/A", "department_description": "N/A", "additional_information": "N/A", "apply_link": "N/A", "employer_link": "http://www.erasmusmc.nl/", "job_type": "TEMPORARY", "logo": "https://www.academictransfer.com/media/derivatives/logos/emc-en-wide/b36dde6a51ae5ce41bcb0544084319c5.png"}