{"url": "http://www.academictransfer.com/en/309534/projectleideronderzoeker-insectenketen/apply/", "title": "Projectleider/Onderzoeker Insectenketen", "publish_date": "2022-02-16", "deadline": "2022-03-09", "location": "Droevendaalsesteeg, 6708 PB, Wageningen ", "city": "Wageningen", "country": "Netherlands", "position": "Researcher", "field": "Landbouw", "salary": "N/A", "max_working_hours": "36", "employer": "Wageningen University & Research", "job_description": "<em><strong>Ben jij een deskundige op het gebied van de kweek van insecten voor \"feed &amp; food\"? Wil je graag bijdragen aan ontwikkeling en innovatie in de Nederlandse en internationale insectenketen? Ben je nieuwsgierig naar de rol van insecten in het sluiten van kringlopen? Werk je graag samen in de ontwikkeling en uitvoering van onderzoek naar bijvoorbeeld de voeding van insecten en opschaling van de insectenkweek? Dan zijn wij op zoek naar jou!</strong></em><br><br>Ons voedselproductie en -consumptie systeem is complex en er zijn veel uitdagingen om dit systeem te verduurzamen. We worden geconfronteerd met klimaatverandering, uitputting van natuurlijke hulpbronnen, vervuiling van onze leefomgeving en afnemende biodiversiteit. Tegelijkertijd zien we trends zoals urbanisatie, een steeds kritischer houding ten aanzien van de wijze waarop we ons voedsel produceren en een toenemende vraag naar eiwitrijk voedsel door een groeiende welvaart en wereldbevolking. Dit roept de vraag op hoe we op een duurzame en eerlijke manier voldoende gezond en veilig voedsel kunnen produceren. Bij Wageningen University &amp; Research (WUR) werken we dagelijks aan het beantwoorden van zulke vraagstukken. Wageningen Livestock Research is een van de onderzoeksinstituten binnen WUR, en kijkt in het bijzonder naar de rol van dieren in het voedselsysteem en onderzoekt vraagstukken op het gebied van duurzame en rendabele veehouderij, insectenkweek en aquacultuur.<br><br>De insectenketen is in opkomst en kan bijdragen om de voedselketen in balans te houden. Insecten zijn een natuurlijke en vitale schakel in het sluiten van kringlopen en bieden kansen voor de ontwikkeling van kringlooplandbouw: voedselproductie met minimale inzet van grondstoffen en hulpbronnen, waarbij reststromen beschikbaar komen die ingezet worden als grondstof voor een andere schakel in de keten. Reststromen en co-producten uit bijvoorbeeld de landbouw en voedingsindustrie kunnen ingezet worden als voedsel voor insecten. Die insecten zijn vervolgens inzetbaar als diervoeder of voor humane consumptie.<br><br><strong>Wij zoeken</strong><br>Een projectleider/onderzoeker insectenketen.<br>Je belangrijkste taak binnen deze functie is het (mede) opzetten en uitvoeren van projecten. Daarbij onderzoek je de rol van insecten in het voedselsysteem, en zoek je naar antwoorden op onderzoeksvragen op gebied van bijvoorbeeld de voeding van insecten, insectenkweek systemen, de opschaling van de insectenkweek en de duurzaamheid van de insectenkweek.<br><br>Je werk bestaat uit het volgende:<ul> <li>Je stelt onderzoeksvoorstellen op, zorgt voor het (laten) uitvoeren van metingen, het analyseren van data en het rapporteren van de uitkomsten.</li> <li>Je voert overleg met onder meer bedrijfsleven, overheden, partners en maatschappelijke organisaties.</li> <li>Je presenteert uitkomsten van het onderzoek.</li> <li>Je ontwikkelt scenario's en bekijkt welke trade-offs er kunnen optreden.</li> </ul> In deze functie heb je een grote mate van verantwoordelijkheid en zelfstandigheid, maar werk je ook nauw samen met collega's en partners. Je wordt uitgedaagd om over de grenzen van je eigen vakgebied heen te kijken.", "requirements_description": "N/A", "conditions_description": "N/A", "employer_description": "N/A", "department_description": "N/A", "additional_information": "N/A", "apply_link": "N/A", "employer_link": "http://www.wageningenur.nl", "job_type": "TEMPORARY", "logo": "https://www.academictransfer.com/media/derivatives/logos/wur-en-wide/31c47a792df1676c8caff07d40ee84ec.png"}