{"url": "http://www.academictransfer.com/en/309508/labtechnicus-medewerker-meetshop/apply/", "title": "Labtechnicus - Medewerker Meetshop", "publish_date": "2022-02-16", "deadline": "2022-03-01", "location": "Mekelweg 2, 2628 CD, Delft ", "city": "Delft", "country": "Netherlands", "position": "Other Category", "field": "N/A", "salary": "N/A", "max_working_hours": "N/A", "employer": "Delft University of Technology (TU Delft)", "job_description": "<p>Bij de faculteit 3mE zijn er meerdere werkplaatsen. In de werkplaatsen bevindt zich ook de Meetshop. De Meetshop verleent ondersteuning bij het opzetten en uitvoeren van metingen. Bijvoorbeeld het meten van krachten, verplaatsingen, druk en rekken. Deze ondersteuning omvat het beschikbaar stellen van apparatuur (balie functie), hulp bij de opzet van meetopstellingen en het geven van instructies. Gebruikers van de Meetshop zijn bachelor- en masterstudenten, PhD\u2019s en medewerkers van de faculteit. De Meetshop biedt ondersteuning op het brede vlak van ontwerpen, uitvoeren en meten. Bij de Meetshop staat dienstverlening centraal. Studenten en collega\u2019s kunnen een afspraak maken of inlopen voor advies en ondersteuning. Het is een plek waar actieve bedrijvigheid en rustige momenten elkaar afwisselen.</p> <p>Je bent het aanspreekpunt van de Meetshop. Je beantwoordt vragen van studenten, collega-technici en jonge onderzoekers die apparatuur willen lenen. Je geeft hen advies over metingen en het opzetten/uitvoeren van metingen. Het advies is bijvoorbeeld gericht op het maken van keuzes welke meetapparatuur en meetmethode te volgen. Advies geef je op basis van specificaties maar ook op basis van\u00a0 welk meetconcept de klant wil gebruiken. Je denkt proactief en kritisch mee met je klanten, je weet de juiste vragen te stellen en je komt tot adequate oplossingen.</p> <p>Naast advies en ondersteuning is een belangrijke taak toezicht houden op de veiligheid.</p> <p>Tenslotte zorg je voor het onderhoud van de apparatuur, gereedschappen, sensoren en beheer je de voorraden van de Meetshop. Je zorgt voor voldoende voorraad van sensors en andere meetsystemen.</p>", "requirements_description": "N/A", "conditions_description": "N/A", "employer_description": "N/A", "department_description": "N/A", "additional_information": "N/A", "apply_link": "N/A", "employer_link": "http://www.tudelft.nl/", "job_type": "TEMPORARY", "logo": "https://www.academictransfer.com/media/derivatives/logos/tud-en-wide/4f5fb7eb63ad62ee5a7d5dfdc5376f8f.gif"}