{"url": "https://www.academictransfer.com/en/309436/assistant-professor-of-biomedical-ethics-10fte-dept-health-ethics-society-faculty-of-health-medicine-and-life-sciences-maastricht-university-start-1-may-2022/", "title": "Assistant Professor of Biomedical Ethics (1.0FTE), Dept. Health, Ethics & Society, Faculty of Health, Medicine and Life Sciences, Maastricht University, start 1 May 2022", "publish_date": "2022-02-14", "deadline": "2022-03-01", "location": "P. Debyeplein 1, 6229 HA, Maastricht ", "city": "Maastricht", "country": "Netherlands", "position": "Assistant Professor", "field": "N/A", "salary": "\u00e2\u0082\u00ac3821\u00e2\u0080\u0094\u00e2\u0082\u00ac5230 per month", "max_working_hours": "38", "employer": "Maastricht University (UM)", "job_description": "<ul> <li>0.5 fte teaching, in the context of undergraduate and graduate courses in both the medical and the biomedical curricula;</li> <li>0.5 fte research, with a focus on the ethics of reproductive medicine, personalized medicine, prevention (incl. eHealth/mHealth), and AI. The relevant ethics research will be embedded in both the Care and Public Health Research Institute (CAPHRI) and GROW, the School for Oncology and Reproduction, at Maastricht University;</li> <li>varia, incl. membership METC/Ethics Advisory Board of the MUMC+, and some advisory work (tbd).</li> </ul>", "requirements_description": "<div class=\"_Section_Section_26Kh4ZAK\">\n<h2 class=\"_Section_title_2lZ2dR7H\">\n<span>Requirements</span>\n</h2>\n<div class=\"_Section_body_1yeeKPXy\">\n<p>Candidate profile:</p>\n<ul>\n<li>background in normative ethics (philosophy or theology);</li>\n<li>a PhD on a (biomedical) ethics topic;</li>\n<li>expertise regarding the ethics of reproductive and personalized medicine, mHealth/eHealth, and AI;</li>\n<li>a strong research profile and publication record;</li>\n<li>willingness to engage in qualitative empirical research;</li>\n<li>willingness to apply for research grants - a record of high quality teaching;</li>\n<li>a record of high quality teaching;</li>\n<li>willingness to develop and coordinate the ethics part of the curricula in medicine and biomedical sciences;</li>\n<li>an interdisciplinary attitude;</li>\n<li>a willingness and ability to professionally connect to national and international debates linked with relevant research domains;</li>\n<li>proficiency in Dutch and English, both oral and in writing.</li>\n</ul>\n</div>\n</div>", "conditions_description": "<div class=\"_Section_Section_26Kh4ZAK\">\n<h2 class=\"_Section_title_2lZ2dR7H\">\n<span>Conditions of employment</span>\n</h2>\n<div class=\"_Section_body_1yeeKPXy\">\n<p><strong>Fixed-term</strong> contract: 1 year, with the possibility for indefinite period of time.</p>\n<p>A permanent appointment, conditional on a positive performance review after 12 months.</p>\n<p>Depending on experience and qualification, the maximum gross monthly salary is<br/>\n\u20ac 5.230,-\u00a0in accordance with scale 11 of the Dutch university collective bargaining agreement.</p>\n<p>In order to empower you, support will be provided, such as training programs for the university teaching qualification (BKO) and for academic leadership.</p>\n<p>The terms of employment of Maastricht University are set out in the Collective Labour Agreement of Dutch Universities (CAO). Furthermore, local UM provisions also apply. For more information look at the website\u00a0<a href=\"http://www.maastrichtuniversity.nl/\">www.maastrichtuniversity.nl</a>\u00a0&gt; About UM &gt;\u00a0<a href=\"https://www.maastrichtuniversity.nl/about-um/working-um\">Working at UM</a>.</p>\n</div>\n</div>", "employer_description": "<div class=\"_Section_Section_26Kh4ZAK\">\n<h2 class=\"_Section_title_2lZ2dR7H\">\n<span>Employer</span>\n</h2>\n<div class=\"_Section_body_1yeeKPXy\">\n<h4>Maastricht University</h4>\n<p>Maastricht University is renowned for its unique, innovative, problem-based learning system, which is characterized by a small-scale and student-oriented approach. Research at UM is characterized by a multidisciplinary and thematic approach, and is concentrated in research institutes and schools. Maastricht University has around 20,000 students and 4,700 employees. Reflecting the university's strong international profile, a fair amount of both students and staff are from abroad. The university hosts 6 faculties: Faculty of Health, Medicine and Life Sciences, Faculty of Law, School of Business and Economics, Faculty of Science and Engineering, Faculty of Arts and Social Sciences, Faculty of Psychology and Neuroscience.\u00a0For more information, visit <a href=\"http://www.maastrichtuniversity.nl\">www.maastrichtuniversity.nl</a></p>\n</div>\n</div>", "department_description": "N/A", "additional_information": "<div class=\"_Section_Section_26Kh4ZAK\">\n<h2 class=\"_Section_title_2lZ2dR7H\">\n<span>Additional information</span>\n</h2>\n<div class=\"_Section_body_1yeeKPXy\">\n<p>Further information about the vacancy can be obtained from<br/>\nprof.dr. Guido de Wert at e-mail\u00a0<a href=\"mailto:g.dewert@maastrichtuniversity.nl\">g.dewert@maastrichtuniversity.nl</a></p>\n<p>To apply at this vacancy, press the button \u2018apply now\u2019 to see the application procedure.</p>\n</div>\n</div>", "apply_link": "N/A", "employer_link": "http://www.maastrichtuniversity.nl/", "job_type": "TEMPORARY", "logo": "https://www.academictransfer.com/media/derivatives/logos/um-en-wide/0c1dd83b22059d7ee90c38e0f0c254be.jpg"}