{"url": "http://www.academictransfer.com/en/309512/coordinator-sociale-veiligheid-04-05-fte-maastricht-university-office-muo/apply/", "title": "Co\u00f6rdinator sociale veiligheid (0,4 - 0,5 fte), Maastricht University Office (MUO)", "publish_date": "2022-02-16", "deadline": "2022-03-01", "location": "Minderbroedersberg 4-6, 6211 LK, Maastricht ", "city": "Maastricht", "country": "Netherlands", "position": "Other Category", "field": "N/A", "salary": "N/A", "max_working_hours": "15.2\u201420", "employer": "Maastricht University (UM)", "job_description": "<p><em>Wat ga je doen?</em><br> De hoofdtaak van de co&ouml;rdinator sociale veiligheid ligt in het cre&euml;ren van bewustzijn en het stimuleren en faciliteren van de dialoog binnen het brede thema van sociale veiligheid. Bewustzijn over onze eigen culturele kaders, onze vooroordelen, en ons gedrag. Dialoog als stimulering om stiltes te leren doorbreken op een gezonde en gepaste manier. Je werkt als onderdeel van een team van functionarissen die allemaal vanuit een eigen expertise en invalshoek met dit thema bezig zijn (denk aan de ombudsfunctionaris, de co&ouml;rdinator Concern and Complaints Point, de vertrouwenspersonen, de directeuren Diversity &amp; Inclusivity, HR en JZ). Je brengt met je wetenschappelijke kennis en kunde relevante informatie naar de organisatie. Je weet onderzoeksresultaten te vertalen naar de praktijk. Je geeft voorlichting, biedt hulp en training en faciliteert de dialoog over dit onderwerp op allerlei verschillende plekken in de organisatie. Je deelt bijvoorbeeld je kennis en expertise in training van leidinggevenden. Je bent (mede) verantwoordelijk voor beleidsontwikkeling op universitair niveau over dit thema.</p>", "requirements_description": "N/A", "conditions_description": "N/A", "employer_description": "N/A", "department_description": "N/A", "additional_information": "N/A", "apply_link": "N/A", "employer_link": "http://www.maastrichtuniversity.nl/", "job_type": "TEMPORARY", "logo": "https://www.academictransfer.com/media/derivatives/logos/um-en-wide/0c1dd83b22059d7ee90c38e0f0c254be.jpg"}