{"url": "http://www.academictransfer.com/en/309530/promovendi-belastingrecht/apply/", "title": "Promovendi Belastingrecht", "publish_date": "2022-02-16", "deadline": "2022-03-07", "location": "Rapenburg, 2311, Leiden ", "city": "Leiden", "country": "Netherlands", "position": "Other Category", "field": "N/A", "salary": "N/A", "max_working_hours": "N/A", "employer": "Leiden University", "job_description": "<p>Bij de afdeling Belastingrecht&nbsp;van het instituut Fiscale en Economische Vakken&nbsp;van de&nbsp;Faculteit der Rechtsgeleerdheid&nbsp;zijn&nbsp;vacatures voor<br> <br> <strong>Promovendi Belastingrecht</strong><strong>&nbsp;</strong><strong>(1,00</strong><strong>&nbsp;</strong><strong>fte)<br> Vacaturenummer 22-080</strong><strong>&nbsp;</strong><strong>10802</strong><strong>&nbsp;</strong></p><p><strong>Werkzaamheden</strong></p><p>De promovendus verricht wetenschappelijk&nbsp;onderzoek, dat aan het eind van de aanstellingsperiode moet uitmonden in een dissertatie over een onderwerp dat&nbsp;binnen het onderzoeksprogramma Grenzen van fiscale soevereiniteit&nbsp;betrekking heeft op het thema&nbsp;&lsquo;belastingontwijking door multinationals&rsquo;. Deelname aan de promovendi-opleiding maakt deel uit van de functie. De vraagstelling wordt in overleg vastgesteld binnen het thema &lsquo;belastingontwijking door multinationals&rsquo;.</p><p>Zie:&nbsp;<a href=\"https://www.universiteitleiden.nl/onderzoek/onderzoeksprojecten/rechtsgeleerdheid/grenzen-van-fiscale-soevereiniteit\">https://www.universiteitleiden.nl/onderzoek/onderzoeksprojecten/rechtsgeleerdheid/grenzen-van-fiscale-soevereiniteit</a>. Daarnaast vervult de promovendus enkele&nbsp;onderwijstaken.</p>", "requirements_description": "N/A", "conditions_description": "N/A", "employer_description": "N/A", "department_description": "N/A", "additional_information": "N/A", "apply_link": "N/A", "employer_link": "http://www.universiteitleiden.nl/", "job_type": "TEMPORARY", "logo": "https://www.academictransfer.com/media/derivatives/logos/lei-en-wide/f66e61a821cf3294ef5ce4fcaacbdedb.png"}