{"url": "http://www.academictransfer.com/en/309533/innovation-and-partnership-manager-convergence-10-fte/", "title": "Innovation and Partnership Manager Convergence (1.0 fte)", "publish_date": "2022-02-16", "deadline": "2022-03-06", "location": "Burgemeester Oudlaan 50, 3062PA, Rotterdam ", "city": "Rotterdam", "country": "Netherlands", "position": "Engineer/Technician", "field": "N/A", "salary": "N/A", "max_working_hours": "32\u201440", "employer": "Erasmus University Rotterdam (EUR)", "job_description": "<p>&nbsp;Als Innovation &amp; Partnership manager ben je verantwoordelijk voor het opbouwen en onderhouden van strategische relaties met regionale en nationale publieke partners op het terrein van onderzoek en innovatie. Je weet grootschalige onderzoek- en innovatie initiatieven op het vizier van deze stakeholders te krijgen en zorgt dat deze initiatieven gepositioneerd worden in de regionale en nationale agenda&rsquo;s. Je focus ligt daarbij op de initiatieven zoals deze momenteel ontwikkeld worden vanuit de convergentie samenwerking tussen Erasmus Universiteit Rotterdam, Erasmus Medisch Centrum en TU Delft (zie www.convergence.nl)</p><p>Je participeert in strategische netwerken met onder andere de gemeente Rotterdam, de provincie, de regio, NWO, topsectoren en UNL. Je verstevigt de vertegenwoordiging van de convergentiepartners in deze netwerken en borgt dat hun belangen meegenomen worden in de regionale en nationale onderzoek- en innovatieagenda&rsquo;s. Je signaleert vroegtijdig regionale en nationale financieringsmogelijkheden die interessant kunnen zijn voor de prioritaire thema&rsquo;s van de convergentie en jaagt aan dat daar actief op geanticipeerd wordt door wetenschappers en business developers.</p><p>Met je advies, scherpe analyse en netwerk, acteer je als strategisch adviseur van de Convergence Executive Board, CvB leden en topwetenschappers. Op deze wijze lever je een relevante bijdrage aan de realisatie van grote onderzoeks- en innovatie initiatieven van de Erasmus Universiteit Rotterdam en haar convergentiepartners.</p><p>We zijn op zoek naar twee Innovation &amp; Partnership Managers. Een persoon wordt aangesteld bij de Erasmus Universiteit Rotterdam. De andere persoon wordt aangesteld bij TU Delft. Als team werk je samen met de convergentie business developers, het convergence executive office en de directeuren valorisatie van de Erasmus Universiteit, de Technische Universiteit Delft en het Erasmus Medisch Centrum aan de public affairs en financieringsopgaven van de convergentie.</p>", "requirements_description": "N/A", "conditions_description": "N/A", "employer_description": "N/A", "department_description": "N/A", "additional_information": "N/A", "apply_link": "N/A", "employer_link": "http://www.eur.nl/", "job_type": "TEMPORARY", "logo": "https://www.academictransfer.com/media/derivatives/logos/eur-en-wide/ce33222703c7a0b148d3a935910a2f60.png"}