{"url": "https://www.academictransfer.com/en/309500/assistant-professor-of-strategic-management-and-corporate-sustainability/", "title": "Assistant Professor of Strategic Management and Corporate Sustainability", "publish_date": "2022-02-15", "deadline": "2022-03-20", "location": "Houtlaan 4, 6525 XZ, Nijmegen ", "city": "Nijmegen", "country": "Netherlands", "position": "Assistant Professor", "field": "Economics", "salary": "\u00e2\u0082\u00ac3821\u00e2\u0080\u0094\u00e2\u0082\u00ac5230 per month", "max_working_hours": "N/A", "employer": "Radboud University", "job_description": "The Department of Business Administration at the Nijmegen School of Management is looking for a new colleague at the Assistant Professor level for its Strategic Management group. As Assistant Professor of Strategic Management, you will be an active researcher in the field of strategic management and corporate social responsibility/corporate sustainability. You will be expected to contribute to the development and implementation of the research and teaching programme of Business Administration as it is directly linked to the Radboud Centre for Sustainability Challenges (RCSC). You will teach courses in the Bachelor's degree programme in Business Administration and the Master's specialisation in Strategic Management and the interfacultary master Science for Sustainability. You will supervise PhD candidates as well as Master's and Bachelor's students working on their theses. As an academic entrepreneur, you will contribute to the development of the Resorg Compass research center within Business Administration as well the faculty, the Science for Sustainability master, the Global PhD programme on Sustainability Challenges as these final two are parts of the RCSC.\u00a0<br>In addition, you will contribute to the development of research in line with the Department's Responsible Organization research programme. You will conduct disciplinary, interdisciplinary, and transdisciplinary research, publish in international high-quality journals, attract external funding for research projects, acquire and supervise PhD projects, build international networks with academics and societal partners, and contribute to general management and coordination tasks in the chair group, department and RCSC. Above all we are seeking a highly motivated, committed and collaborative candidate to further strengthen our department.", "requirements_description": "<div class=\"_Section_Section_26Kh4ZAK\">\n<h2 class=\"_Section_title_2lZ2dR7H\">\n<span>Requirements</span>\n</h2>\n<div class=\"_Section_body_1yeeKPXy\">\n<ul>\n<li>You are an ambitious and enthusiastic scientist, an entrepreneurial academic and a strong team player, passionate about the impact both research and education can have for society.</li>\n<li>You have a PhD degree in business administration or a related field.</li>\n<li>A pipeline of publications or an excellent reputation in the field of strategic management and corporate social responsibility or corporate sustainability, evidenced by a publication record in internationally recognised high-quality journals.</li>\n<li>Demonstrated thorough knowledge of recent theoretical and empirical developments in the field of strategic management and corporate social responsibility or corporate sustainability.</li>\n<li>The ambition and/or track record to attract research funding.</li>\n<li>Ample teaching experience, proven effective teaching skills, the capacity to develop and implement innovative teaching methods, and proven ability to supervise the development and implementation of academic study programmes.</li>\n<li>A Dutch university teaching qualification (BKO or UKO) or equivalent would be an advantage.</li>\n<li>Ability to inspire and supervise young scholars (i.e. PhD candidates).</li>\n<li>Proven ability to cooperate with and inspire a team of professionals.</li>\n<li>Entrepreneurial skills to contribute to the development of the Resorg Compass research center and the RCSC.</li>\n<li>Strong connections to organisational and business practice.</li>\n<li>Substantial international experience and network.</li>\n<li>Excellent English language skills and a willingness to learn Dutch (if applicable).</li>\n</ul>\n</div>\n</div>", "conditions_description": "<div class=\"_Section_Section_26Kh4ZAK\">\n<h2 class=\"_Section_title_2lZ2dR7H\">\n<span>Conditions of employment</span>\n</h2>\n<div class=\"_Section_body_1yeeKPXy\">\n<p><strong>Fixed-term</strong> contract: 4 years with the possibility of a permanent contract after positive evaluation.</p>\n<ul>\n<li>Employment:\u00c2\u00a00.8 - 1.0 FTE.</li>\n<li>The exact salary depends on your qualifications and amount of relevant professional experience. A gross monthly salary from a minimum of \u00e2\u0082\u00ac3,821 and a maximum of \u00e2\u0082\u00ac5,230 based on a 38-hour working week (<a href=\"https://www.ru.nl/english/working-at/working-at-radboud-university/employment-conditions/\">salary scale 11, scale 12 may be applicable</a>).</li>\n<li>In addition to the salary:\u00c2\u00a0an 8% holiday allowance and an\u00c2\u00a08.3% end-of-year bonus.</li>\n<li>Duration of the contract: 4 years with the possibility of a permanent contract after positive evaluation.</li>\n<li>The intended start date is 1 August 2022 or soon thereafter.</li>\n<li>You will be able to use our <a href=\"https://www.ru.nl/english/working-at/working-at-radboud-university/our-way-working-personal-approach/dual-career-family-support-service/\">Dual Career and Family Care Services</a>. Our Dual Career and Family Care Officer can assist you with family-related support, help your partner or spouse prepare for the local labour market, provide customized support in their search for employment\u00c2\u00a0 and help your family settle in Nijmegen.</li>\n<li>Working for us means getting extra days off. In case of full-time employment, you can choose <a href=\"https://www.ru.nl/english/working-at/working-at-radboud-university/employment-conditions/more-info-working/flexible-working-times/\">between 29 or 41</a> days of annual leave instead of the legally allotted 20.</li>\n</ul>\n<p><em>Additional employment conditions</em><br/>Work and science require good employment practices. This is reflected in Radboud University's primary and secondary <a href=\"https://www.ru.nl/english/working-at/working-at-radboud-university/employment-conditions/\">employment conditions</a>. You can make arrangements for the best possible work-life balance with flexible working hours, various leave arrangements and working from home. You are also able to compose part of your employment conditions yourself, for example, exchange income for extra leave days and receive a reimbursement for your sports subscription. And of course, we offer a good pension plan. You are given plenty of room and responsibility to develop your talents and realise your ambitions. Therefore, we provide various training and development schemes.</p>\n</div>\n</div>", "employer_description": "<div class=\"_Section_Section_26Kh4ZAK\">\n<h2 class=\"_Section_title_2lZ2dR7H\">\n<span>Employer</span>\n</h2>\n<div class=\"_Section_body_1yeeKPXy\">\n    \n              \n              The <a href=\"https://www.ru.nl/nsm/\">Nijmegen School of Management</a> (NSM) is an academic centre of research and higher education, focusing on institutional and managerial issues within complex organisations. There are seven disciplines within NSM: <a href=\"https://www.ru.nl/businessadministration/\">Business Administration</a>, Public Administration, Political Science, Economics and Business Economics, Social and Political Sciences of the Environment, Human Geography, and Spatial Planning. NSM strives for a multidisciplinary approach. The educational programme is characterised by small-scale teaching and provides a stimulating learning environment with an emphasis on the development of academic skills. NSM employs 330 FTEs, 75% of whom are academics. Currently, NSM has approximately 5,000 students. NSM's research activities fall under the responsibility of the interdisciplinary <a href=\"https://www.ru.nl/nsm/imr/about-imr/organisation/about-imr/\">Institute for Management Research</a> (IMR), whose motto is 'Responsible Governance for Sustainable Societies'.\u00c2\u00a0\n\n<br/>The Department of Business Administration is responsible for the BSc programmes in Business Administration (including a full track offered in English, and a track in International Business Administration) as well as eight specialisations within the MSc programme in Business Administration (all in English). The department consists of five Chairs: Strategic Management, Organisational Design and Development, Marketing, Methods, and Strategic Human Resource Management. Our interdisciplinary Responsible Organisation research programme addresses the multiple values underlying responsibility, the conditions required to realise those values, and the interventions geared to the transition of organisations towards responsible organisations. We co-create knowledge with multiple stakeholders in the wider community to ensure the impact of our scholarly work. <br/><br/>The Strategic Management group focuses on strategy processes in relation to the dynamic and complex environment that organisations are confronted with and the competencies and skills required to deal with the diversity and plurality of stakeholders and digitalisation and sustainability challenges to create multiple values for an organisation and its surroundings. Members of the Strategic Management department have published in high-impact journals such as the Academy of Management Journal, Strategic Management Journal, Global Strategy Journal, Journal of International Business Studies, Journal of Management Studies, Journal of World Business, Long Range Planning, Journal of Law and Economics, Organization Studies, and Research Policy.<br/><br/><em>Radboud University</em> <br/>We want to get the best out of science, others and ourselves. Why? Because this is what the world around us desperately needs. Leading research and education make an indispensable contribution to a healthy, free world with equal opportunities for all. This is what unites the more than 24,000 students and 5,600 employees at Radboud University. And this requires even more talent, collaboration and lifelong learning. You have a part to play!\n\n              \n            \n  </div>\n</div>", "department_description": "N/A", "additional_information": "<div class=\"_Section_Section_26Kh4ZAK\">\n<h2 class=\"_Section_title_2lZ2dR7H\">\n<span>Additional information</span>\n</h2>\n<div class=\"_Section_body_1yeeKPXy\">\n    For questions about the position, please contact Prof. Hans van Kranenburg, Chair of Strategic Management group at +31 (0)24 361 23 82 or <a href=\"mailto:hans.vankranenburg@ru.nl\">hans.vankranenburg@ru.nl.</a>\n</div>\n</div>", "apply_link": "N/A", "employer_link": "http://www.ru.nl/", "job_type": "TEMPORARY", "logo": "https://www.academictransfer.com/media/derivatives/logos/run-en-wide/13abf0bc0a611f32246d62b46488f997.jpg"}