{"url": "http://www.academictransfer.com/en/309481/research-technician-innate-immunity/", "title": "Research Technician \u201cInnate Immunity\u201d", "publish_date": "2022-02-15", "deadline": "2022-03-16", "location": "Meibergdreef 9, 1105 AZ, Amsterdam ", "city": "Amsterdam", "country": "Netherlands", "position": "Engineer/Technician", "field": "Gezondheid; Techniek", "salary": "N/A", "max_working_hours": "32\u201436", "employer": "Academic Medical Center (AMC)", "job_description": "<p>Wat&nbsp;<strong>ga</strong>&nbsp;je onderzoeken?</p><p>Ongoing projects on macrophage immunometabolism incorporate fundamental research questions as well as translational applications in&nbsp;<em>in vivo</em>&nbsp;models, human&nbsp;<em>in vitro</em>&nbsp;models and analysis of patient material with the ultimate goal to translate our findings to the clinic.</p><p>Wat&nbsp;<strong>ga</strong>&nbsp;je doen?</p><p>The successful applicant will join Jan Van den Bossche&rsquo;s young and enthusiastic research team that is strongly embedded in a department headed by Professor Yvette van Kooyk and collaborate with different local and international partners. &nbsp;Our group studies the metabolic characteristics and requirements of macrophages.</p><p>Your main tasks and responsibilities are:</p><ul> <li>collecting and analysing distinct samples;</li> <li>supporting PhD and postdoc projects during large experiments, including animal models;</li> <li>to start and maintain primary cell cultures;</li> <li>to carefully document technical procedures and results according to standard operating procedures;</li> <li>to contribute to (technical) discussions during lab meetings.</li> </ul>", "requirements_description": "N/A", "conditions_description": "N/A", "employer_description": "N/A", "department_description": "N/A", "additional_information": "N/A", "apply_link": "N/A", "employer_link": "http://www.amc.nl/", "job_type": "TEMPORARY", "logo": "https://www.academictransfer.com/media/derivatives/logos/amc-en-wide_TAjdij7/88544601f45a8bc71e9cc74b40c8c85d.png"}