{"url": "https://www.academictransfer.com/en/309442/arbo-en-milieudeskundige-faculteitsbureau-faculty-of-health-medicine-and-life-sciences-fhml-stralingsbeschermingseenheid-sbe/apply/", "title": "Arbo- en Milieudeskundige, Faculteitsbureau Faculty of Health, Medicine and Life Sciences (FHML) / Stralingsbeschermingseenheid (SBE)", "publish_date": "2022-02-14", "deadline": "2022-03-02", "location": "P. Debyelaan 25, 6229 HX, Maastricht ", "city": "Maastricht", "country": "Netherlands", "position": "Researcher", "field": "N/A", "salary": "N/A", "max_working_hours": "38", "employer": "Maastricht University (UM)", "job_description": "<p>De Stralingsbeschermingseenheid is werkzaam voor de instellingen op de campus Randwyck die bronnen van ioniserende straling toepassen, te weten Universiteit Maastricht, Maastricht UMC+, Maastro Clinic, Maastro Protonentherapie BV en Brightlands Maastricht Health Campus BV, aan wie gezamenlijk een Complexvergunning ex. Kernenergie wet is verleend. De eenheid houdt namens de besturen van deze instellingen onafhankelijk toezicht op de toepassingen van bronnen van ioniserende straling en de naleving van de wettelijke- en vergunningseisen op het gebied van de stralingsbescherming.</p><p>Als stralingsbeschermingsdeskundige ondersteunt u alle hieruit voortvloeiende werkzaamheden op het gebied van beleidsvoorbereiding, toezicht, advisering en stralingshygi&euml;nisch onderwijs, wetenschappelijk onderzoek en medische toepassingen. Het behalen van het diploma van de opleiding tot Algemeen Co&ouml;rdinerend Deskundige is een voorwaarde voor het vervullen van de functie.</p>", "requirements_description": "N/A", "conditions_description": "N/A", "employer_description": "N/A", "department_description": "N/A", "additional_information": "N/A", "apply_link": "N/A", "employer_link": "http://www.maastrichtuniversity.nl/", "job_type": "TEMPORARY", "logo": "https://www.academictransfer.com/media/derivatives/logos/um-en-wide/0c1dd83b22059d7ee90c38e0f0c254be.jpg"}