{"url": "http://www.academictransfer.com/en/309349/wetenschappelijk-onderzoeker/apply/", "title": "Wetenschappelijk onderzoeker", "publish_date": "2022-02-10", "deadline": "2022-02-28", "location": "L\u00c3\u00bcbeckweg 2, 9723 HE, Groningen ", "city": "Groningen", "country": "Netherlands", "position": "Researcher", "field": "Gedrag en maatschappij; Gezondheid; Natuurwetenschappen", "salary": "N/A", "max_working_hours": "32\u201436", "employer": "Accare", "job_description": "<p>Wij zijn op zoek naar een gedreven en enthousiaste wetenschappelijk onderzoeker voor 32-36 uur per week met expertise in analyseren van longitudinale datasets en interesse in praktijkrelevant en/of epidemiologisch onderzoek.</p><p><strong>Wat houdt de functie in?</strong><br> Voor ongeveer de helft van je aanstelling doe je werkzaamheden voor DREAMS (<a href=\"http://www.dreams-study.nl/\">www.dreams-study.nl</a>). DREAMS is een landelijk samenwerkingsverband tussen de vier grote, academische instellingen voor kinder- en jeugdpsychiatrie. Dit zijn Accare, LUMC Curium (Leiden), Karakter (Nijmegen) en Levvel (Amsterdam). Het doel van DREAMS is om de kinder- en jeugdpsychiatrische zorg en beloop van psychopathologie in Nederland beter in kaart te brengen en zo de zorg te verbeteren, bijvoorbeeld door voorspellers van behandelsucces te onderzoeken. Ook wordt er gekeken naar de impact van actuele maatschappelijke thema&rsquo;s, zoals de huidige Covid-19 crisis, op de kinderen en jeugdigen die bij de deelnemende instellingen in zorg zijn. Het DREAMS samenwerkingsverband is een nieuw wetenschappelijk consortium en biedt veel mogelijkheden om eigen interesses in de mentale zorg voor kinderen en jongeren om te zetten in concrete onderzoeksprojecten.</p><p>De andere helft van je aanstelling werk je met bestaande datasets met een focus op het schrijven van wetenschappelijke artikelen. Zo zijn er data beschikbaar van een onderzoek binnen Accare dat zich richt op de relatie tussen contextuele variabelen en succes van behandeling. Bovendien zijn er klinische en genetische gegevens beschikbaar van grote longitudinale cohorten zoals ALSPAC, EMTICS en TIC Genetics. De laatste twee hebben betrekking op kinderen met ticstoornissen. Een speerpunt van het onderzoek bij Accare is daarnaast het verminderen van onnodig medicatiegebruik bij kinderen en jongeren met ADHD of gedragsproblemen. Je helpt ons dit onderzoek verder vorm te geven en een brug te slaan met de klinische praktijk. Het betreft een veelzijdige en uitdagende functie met als doel het onderzoeksteam van het Child Study Center blijvend te versterken en het longitudinale onderzoek verder uit te bouwen.&nbsp; &nbsp;&nbsp;</p><p><strong>Je voornaamste taken en verantwoordelijkheden zijn:</strong></p><ul> <li>Je hebt een leidende rol en bent (samen met het team van wetenschappelijk onderzoekers) verantwoordelijk voor de inhoudelijke, organisatorische en logistieke aspecten van de onderzoeksprojecten;</li> <li>Je bent een verbindende factor tussen de afdeling onderzoek en de klinische praktijk;</li> <li>Je zorgt voor implementatie van processen ten behoeve van dataverzameling van gegevens uit de klinische praktijk;&nbsp; &nbsp;</li> <li>Je schrijft onderzoeksvoorstellen en neemt initiatief in het vormgeven van het onderzoek bij onze onderzoeksafdeling, met nadruk op klinisch relevante vraagstukken;</li> <li>Je rapporteert de onderzoeksbevindingen in publicaties in (inter)nationale vaktijdschriften; &nbsp;</li> <li>Je verspreidt vergaarde kennis binnen Nederland en op internationale congressen.</li> </ul>", "requirements_description": "N/A", "conditions_description": "N/A", "employer_description": "N/A", "department_description": "N/A", "additional_information": "N/A", "apply_link": "N/A", "employer_link": "https://www.accare.nl/", "job_type": "FULL_TIME", "logo": "https://www.academictransfer.com/media/derivatives/logos/accare-en-wide/16976bece4d1a1318ec6f9e62fd3ab47.png"}