{"url": "https://www.academictransfer.com/en/309459/ambtelijk-secretaris/", "title": "(ambtelijk) Secretaris", "publish_date": "2022-02-15", "deadline": "2022-03-03", "location": "Warandelaan 2, 5037 AB, Tilburg ", "city": "Tilburg", "country": "Netherlands", "position": "Other Category", "field": "N/A", "salary": "N/A", "max_working_hours": "20", "employer": "Tilburg University", "job_description": "<p>Je levert een belangrijke bijdrage aan goede medezeggenschap op universitair niveau. Je stelt agenda&rsquo;s op van vergaderingen, woont de vergaderingen bij en maakt verslagen, besluitenlijsten en adviezen van de overlegvergaderingen van de centrale medezeggenschap: de commissies van de Universiteitsraad, de Universiteitsraad zelf, en van het Lokaal Overleg. Je beantwoordt vragen van en geeft advies aan leden van de medezeggenschap met betrekking tot procedurele en administratieve medezeggenschaps-issues. Je verzorgt de administratieve ondersteuning van de medezeggenschap zoals o.a. het inrichten en bijwerken van de SharePoint-omgeving, organisatie van de scholingsdagen, catering-bestellingen, digitale verzending en verspreiding stukken. De administratieve ondersteuning van de jaarlijkse verkiezingen voor de medezeggenschap behoren ook tot je takenpakket. Tevens onderhoud je de (interne) websites van de medezeggenschap. Tot slot voer je het secretariaat van het University Forum (UF). Op basis van bovenstaande ben je de steun en toeverlaat van de griffier en voorzitter van de Universiteitsraad en vorm je samen met hen een goed team mede waardoor de medezeggenschap goed kan functioneren.</p>", "requirements_description": "N/A", "conditions_description": "N/A", "employer_description": "N/A", "department_description": "N/A", "additional_information": "N/A", "apply_link": "N/A", "employer_link": "http://www.uvt.nl/", "job_type": "TEMPORARY", "logo": "https://www.academictransfer.com/media/derivatives/logos/uvt-en-wide/8bbc452c034c71750be03f93fe602eca.png"}