{"url": "https://www.academictransfer.com/en/309528/postdoctoral-fellow-industrial-ecology-life-cycle-assessment-lca-of-electric-mobility-08-10-fte-2-3-years/apply/", "title": "Postdoctoral fellow Industrial Ecology | Life Cycle Assessment (LCA) of Electric Mobility (0.8-1.0 fte; 2-3 years)", "publish_date": "2022-02-16", "deadline": "2022-02-28", "location": "Rapenburg, 2311, Leiden ", "city": "Leiden", "country": "Netherlands", "position": "Postdoc", "field": "N/A", "salary": "N/A", "max_working_hours": "N/A", "employer": "Leiden University", "job_description": "<p><strong>The Faculty of Science and Institute of Environmental Sciences&nbsp; are looking for:</strong></p><p><strong>Postdoctoral fellow Industrial Ecology |</strong><strong>&nbsp;Life Cycle Assessment (LCA) of Electric Mobility (0.8-1.0 fte; 2-3 years)</strong></p><p><strong>Vacancy number: 22-078</strong></p><p><strong>Key responsibilities</strong></p><p>The electrification of road transportation using renewable energy to fuel electric vehicles (EV) is seen as an important contribution to meet climate targets. The postdoctoral researcher will take part in an upcoming EU Project called TranSensus, which aims at developing a European-wide harmonised transport-specific LCA approach. Through collaboration with the automotive, battery and other important industrial stakeholders as well as key research institutes on this topic, state-of-the-art methodological guidance will be developed in this project to provide fair sustainability assessments for electric vehicles and their supply chains. The focus at Leiden University will be on environmental Life Cycle Assessment (LCA), while social and economic aspects will be considered by partners. Within the project, a variety of mobility scenarios will be developed and assessed over their full life cycle to develop and test a harmonized approach to LCA and LCSA. The ideal starting date would be April-May 2022.</p>", "requirements_description": "<div class=\"_Section_Section_26Kh4ZAK\">\n<h2 class=\"_Section_title_2lZ2dR7H\">\n<span>Requirements</span>\n</h2>\n<div class=\"_Section_body_1yeeKPXy\">\n<p><strong>Key tasks:</strong></p>\n<ul>\n<li>Assessment of the state-of-the-art of LCA approaches used in the transport sector in close collaboration with industrial and academic partners</li>\n<li>Development of methodological guidance to harmonize the way LCA is performed in the automotive sector.</li>\n</ul>\n<p><strong>Selection criteria</strong></p>\n<ul>\n<li>Profound experience in LCA and good understanding of inventory modelling (including LCI databases) and impact assessment</li>\n<li>Good knowledge of the electric vehicles and batteries sectors (e.g. through a Ph.D. in related fields);</li>\n<li>Motivation to develop harmonized LCA approaches in collaboration with other partners; ability to work in a team</li>\n<li>Proficiency in spoken and written English and good communication skill.</li>\n</ul>\n</div>\n</div>", "conditions_description": "<div class=\"_Section_Section_26Kh4ZAK\">\n<h2 class=\"_Section_title_2lZ2dR7H\">\n<span>Conditions of employment</span>\n</h2>\n<div class=\"_Section_body_1yeeKPXy\">\n<p><strong>Terms and conditions</strong><strong>\u00a0</strong><br/>\nWe offer a one year term position with the possibility of renewal based on need, funding and performance. The salary range is from \u20ac 2.846,- to \u20ac 4.490,- gross per month (pay scale 10 in accordance with the Collective Labour Agreement for Dutch Universities).</p>\n<p>Leiden University offers an attractive benefits package with additional holiday (8%) and end-of-year bonuses (8.3 %), training and career development and sabbatical leave. Our individual choices model gives you some freedom to assemble your own set of terms and conditions. For international spouses we have set up a dual career programme. Candidates from outside the Netherlands may be eligible for a substantial tax break. \u00a0</p>\n</div>\n</div>", "employer_description": "<div class=\"_Section_Section_26Kh4ZAK\">\n<h2 class=\"_Section_title_2lZ2dR7H\">\n<span>Employer</span>\n</h2>\n<div class=\"_Section_body_1yeeKPXy\">\n<p><strong>Our organization</strong></p>\n<p>The Faculty of Science is a world-class faculty where staff and students work together in a dynamic international environment. It is a faculty where personal and academic development are top priorities. Our people are driven by curiosity to expand fundamental knowledge and to look beyond the borders of their own discipline; their aim is to benefit science, and to make a contribution to addressing the major societal challenges of the future.</p>\n<p>The research carried out at the Faculty of Science is very diverse, ranging from mathematics, information science, astronomy, physics, chemistry and bio-pharmaceutical sciences to biology and environmental sciences. The research activities are organized in eight institutes. These institutes offer eight bachelor\u2019s and twelve master\u2019s programmes. The faculty has grown strongly in recent years and now has more than 2,300 staff and almost 5,000 students. We are located at the heart of Leiden\u2019s Bio Science Park, one of Europe\u2019s biggest science parks, where university and business life come together.</p>\n<p>The Institute of Environmental Sciences (CML) is positioned in the Faculty of Sciences. The core focus of CML is to perform research and education in the interdisciplinary field of Environmental Sciences. CML has two Departments: Industrial Ecology (CML-IE) and Environmental Biology (CML-EB). Presently, about 125 fte (including postdocs and PhDs) are employed at CML. CML collaborates with the TU Delft and Erasmus University in the Leiden-Delft-Erasmus Centre for Sustainability (LDE-CfS), Naturalis Biodiversity Centre, and other partners.</p>\n<p>For more information, see\u00a0<a href=\"https://www.science.leidenuniv.nl/\">www.science.leidenuniv.nl</a>\u00a0and\u00a0<a href=\"https://workingat.leiden.edu/\">workingat.leiden.edu</a>. Information about CML can be found at\u00a0<a href=\"https://www.cml.leiden.edu/\">www.cml.leiden.edu</a></p>\n</div>\n</div>", "department_description": "N/A", "additional_information": "<div class=\"_Section_Section_26Kh4ZAK\">\n<h2 class=\"_Section_title_2lZ2dR7H\">\n<span>Additional information</span>\n</h2>\n<div class=\"_Section_body_1yeeKPXy\">\n<p><strong>Diversity</strong><strong>\u00a0</strong><br/>\nLeiden\u00a0University\u00a0is strongly committed to diversity within its community and especially welcomes applications from members of underrepresented groups.</p>\n<p><br/>\n<strong>Information</strong><strong>\u00a0</strong><br/>\nEnquiries can be made to Dr. Jeroen Guin\u00e9e (<a href=\"mailto:Guinee@cml.leidenuniv.nl\">Guinee@cml.leidenuniv.nl</a>), Dr. Bernhard Steubing (<a href=\"mailto:b.r.p.steubing@cml.leidenuniv.nl\">b.r.p.steubing@cml.leidenuniv.nl</a>), or Prof. Arnold Tukker (<a href=\"mailto:tukker@cml.leidenuniv.nl\">tukker@cml.leidenuniv.nl</a>).</p>\n</div>\n</div>", "apply_link": "N/A", "employer_link": "http://www.universiteitleiden.nl/", "job_type": "TEMPORARY", "logo": "https://www.academictransfer.com/media/derivatives/logos/lei-en-wide/f66e61a821cf3294ef5ce4fcaacbdedb.png"}