{"url": "http://www.academictransfer.com/en/309623/junior-grant-advisor/", "title": "Junior Grant Advisor", "publish_date": "2022-02-17", "deadline": "2022-03-20", "location": "Geert Grooteplein-Zuid 10, 6525 GA, Nijmegen ", "city": "Nijmegen", "country": "Netherlands", "position": "Other Category", "field": "Health", "salary": "\u00e2\u0082\u00ac2986\u00e2\u0080\u0094\u00e2\u0082\u00ac5483 per month", "max_working_hours": "28\u201436", "employer": "Radboud University Medical Center (Radboudumc)", "job_description": "<em><strong>For our Grant Support Office, part of the Valorisation Department, we are looking for a junior Grant Advisor to support research leaders in the Radboud university medical center. Support by the Grant Support Office targets most of the available regional, national, European and international grant programs and funding sources. Support and advice is primarily aimed at the acquisition and the pre-award phase of the project life cycle (proposal - or project development). In parallel, a vacancy for a senior Grant Advisor is open. Depending on match of candidates with profiles and complementary fit with current staff, a final division of tasks and responsibilities will be determined.</strong></em><br><br>The current team consists of the Head GSO, six Grant Advisors, one Personal Grants Advisor, a management assistant, and one Grant Advisor on detachment at OnePlanet Research Center, a multidisciplinary collaboration of Radboudumc, Wageningen University &amp; Research, Radboud University and imec.<br><br><strong>In this function you will:</strong><ul> <li>Identify, monitor and analyze external developments regarding availability of research funds in the Netherlands, Europe and beyond.</li> <li>Inform, advise and match researchers pro-actively with respect to funding opportunities.</li> <li>Advise, guide, co-write and support researchers with writing of the project proposal (e.g. development process, general proposal parts, budget) and the accompanying administrative preparations as appropriate.</li> <li>Consult with relevant staff members and project partners (project leader, financial controller, business developer, external parties involved) on the design of the proposal and monitoring of progress of the proposal development process.</li> <li>Identify opportunities for (knowledge) valorisation and initiate the necessary follow up steps.</li> <li>In the development dimension operational - tactical - strategic in the context of the focus areas for grant advising, the junior position is mainly at the operational - tactical level, contributions to defining policies and tools are expected at those levels.</li> </ul>", "requirements_description": "<div class=\"_Section_Section_26Kh4ZAK\">\n<h2 class=\"_Section_title_2lZ2dR7H\">\n<span>Requirements</span>\n</h2>\n<div class=\"_Section_body_1yeeKPXy\">\n<strong>The Junior Grant Advisor position might be right for you if you:</strong> <ul>\n<li>Have affinity with scientific research, innovation, entrepreneurship and creating societal impact.</li>\n<li>Like to show initiative and creativity.</li>\n<li>Have a great sense of responsibility and commitment.</li>\n<li>See yourself as a team-player, customer oriented, and result-driven.</li>\n<li>Do not hesitate to be involved in multiple tasks and projects at the same time.</li>\n</ul> <strong>Selection criteria</strong> <ul>\n<li>At least two years of postdoc experience in the field of health sciences.</li>\n<li>Proven experience with writing of grant applications.</li>\n<li>Preferably some relevant experience with grant advising, supporting grant acquisition and reviewing project proposals.</li>\n<li>Experience with project management of externally funded research projects is an advantage.</li>\n<li>Excellent writing and communication skills, preferably both in Dutch and English.</li>\n</ul>\n</div>\n</div>", "conditions_description": "<div class=\"_Section_Section_26Kh4ZAK\">\n<h2 class=\"_Section_title_2lZ2dR7H\">\n<span>Conditions of employment</span>\n</h2>\n<div class=\"_Section_body_1yeeKPXy\">\n<p><strong>Fixed-term</strong> contract: 1 year with the possibility for extension.</p>\n            \n            Salary depends on knowledge and experience. The scaling will be in scale 10 (maximum \u00e2\u0082\u00ac 4.707) or in scale 11 (maximum \u00e2\u0082\u00ac 5.483) gross per month on the basis of full employment.<br/><br/>Working at Radboud university medical center means that you are ahead of the curve and working together on the healthcare of the future. And there is more. Our secondary terms of employment are impressive. These are fully tailored to you thanks to our Employment Conditions Selection Model. At Radboud university medical center, you will be given trust, and you will take the responsibility to handle everything together. We provide annual courses, both professional and personal.<ul>\n<li>In addition to your monthly salary and an annual vacation allowance of 8%, you will receive an end-of-year bonus of 8.3%.</li>\n<li>If you work irregular hours, you will receive an allowance.</li>\n<li>As a full-time employee (36 hours per week), you are entitled to approximately 168 vacation hours (over 23 days) per year.</li>\n<li>Radboud university medical center pays 70% of the pension premium. You pay the rest of the premium with your gross salary.</li>\n<li>You get a discount on health insurance as well: you can take advantage of two group health insurance plans. UMC Zorgverzekering and CZ collectief.</li>\n</ul> In addition to our <a href=\"https://www.radboudumc.nl/werken-bij/wat-bieden-wij/arbeidsvoorwaarden\">terms of employment</a>, we also offer employees various other <a href=\"https://www.radboudumc.nl/werken-bij/wat-bieden-wij/faciliteiten\">attractive facilities,</a> such as childcare and sports facilities. Want to learn more? Take a look at the <a href=\"https://www.nfu.nl/voor-umc-medewerkers/cao-universitair-medische-centra\">CAO UMC</a>.\n          \n  </div>\n</div>", "employer_description": "<div class=\"_Section_Section_26Kh4ZAK\">\n<h2 class=\"_Section_title_2lZ2dR7H\">\n<span>Employer</span>\n</h2>\n<div class=\"_Section_body_1yeeKPXy\">\n<h4>Radboudumc</h4>\n              \n              The department of Valorisation consists of a group of around 20 dedicated professionals divided over 4 teams, Grant Support Office (GSO), Business Development, Legal Affairs and Regional Development. These teams advise and facilitate Radboudumc employees and partners in the field of (bio)medical fundamental, translational, preclinical and clinical research, biomedical technology and healthcare innovations.<br/><br/><strong>Research at Radboud university medical center</strong><br/>Currently, research at Radboudumc is performed in three KNAW accredited research institutes of the Radboudumc, Radboud Institute for Molecular Life Sciences, Radboud Institute for Health Sciences and Donders Center for Medical Neurosciences (part of Donders Institute for Brain, Cognition and Behavior). Science covers discovery science, innovation science, health science and med tech &amp; data science. Areas of specific focus are Artificial Intelligence for health; Prevention; Value-driven care; and Biomedical diagnostics and therapies for rare diseases. The research contributes to Radboudumc's mission 'to have a significant impact on healthcare'. Radboudumc intensively collaborates with Radboud University, with Radboudumc participating in various interfaculty, interdisciplinary initiatives. Furthermore, Radboudumc is an active and leading partner in the regional innovation ecosystem as well as in various relevant national, European and international research and innovation networks.<br/><br/><strong>Radboudumc</strong><br/>Radboud university medical center is a university medical center for patient care, scientific research, and education in Nijmegen. Radboud university medical center strives to be at the forefront of shaping the healthcare of the future. We do this in a person-centered and innovative way, and in close collaboration with our network. We want to have <em>a significant impact on healthcare</em>. We want to improve with each passing day, continuously working towards better healthcare, research, and education. And gaining a better understanding of how diseases arise and how we can prevent, treat, and cure them, day in and day out. This way, every patient always receives the best healthcare, now and in the future. Because that is why we do what we do.<br/><br/>Read more about our <a href=\"https://www.radboudumc.nl/en/about-radboudumc/our-strategy\">strategy</a> and what <a href=\"https://www.radboudumc.nl/en/working-at\">working at Radboud university medical center</a> means. <a href=\"https://www.radboudumc.nl/en/working-at/our-people-speaking\">Our colleagues</a> would be happy to tell you about it. <strong>#weareradboudumc</strong>\n</div>\n</div>", "department_description": "N/A", "additional_information": "<div class=\"_Section_Section_26Kh4ZAK\">\n<h2 class=\"_Section_title_2lZ2dR7H\">\n<span>Additional information</span>\n</h2>\n<div class=\"_Section_body_1yeeKPXy\">\n    All additional information about the vacancy can be obtained from <a href=\"mailto:martijn.gerretsen@radboudumc.nl\">Martijn Gerretsen PhD</a>, Senior Grant Advisor, via 06 16 60 32 24<strong>. </strong>Use the Apply button to submit your application.\n  </div>\n</div>", "apply_link": "N/A", "employer_link": "http://www.radboudumc.nl/", "job_type": "TEMPORARY", "logo": "https://www.academictransfer.com/media/derivatives/logos/umcr-en-wide/97d713b7978d980e8e69b0f8db97cabe.png"}