{"url": "https://www.academictransfer.com/en/309469/arts-onderzoeker-turn-covid/apply/", "title": "Arts onderzoeker TURN-COVID", "publish_date": "2022-02-15", "deadline": "2022-03-16", "location": "Meibergdreef 9, 1105 AZ, Amsterdam ", "city": "Amsterdam", "country": "Netherlands", "position": "Researcher", "field": "Gezondheid; Natuurwetenschappen; Techniek", "salary": "N/A", "max_working_hours": "36", "employer": "Academic Medical Center (AMC)", "job_description": "<p>Wat&nbsp;<strong>ga</strong>&nbsp;je onderzoeken?</p><p>Nieuwe antivirale middelen kunnen een mogelijk keerpunt zijn in de preventie en behandeling van pati&euml;nten met COVID-19.&nbsp;<strong>TURN-COVID</strong>&nbsp;is een nationale cohortstudie gericht op het gebruik van neutraliserende monoklonale antilichamen en andere antivirale SARS-CoV-2 middelen als therapie tegen COVID-19. Doel van de studie is om het gebruik, effectiviteit, veiligheid en kosten van de verschillende middelen in kaart te brengen in een Nederlandse setting. Ook onderzoeken we de virale kinetiek, het mogelijke ontstaan van nieuwe SARS-CoV-2 mutanten tijdens therapie en de antistofrespons. Bovendien cre&euml;ren we een landelijk platform om toekomstige nog niet geregistreerde behandelingen van COVID-19 te evalueren.</p><p>We verzamelen klinische gegevens en nemen vragenlijsten af bij pati&euml;nten die behandeld worden met monoklonale antilichamen en andere antivirale middelen tegen SARS-CoV-2. In een aantal centra verrichten we de biobank studie waarbij we neus-mond swabs en bloed verzamelen op verschillende tijdspunten om de virale kinetiek, het eventuele ontstaan van nieuwe virus varianten en de antistofrespons te onderzoeken.</p><p>Momenteel loopt de TURN-COVID studie in meer dan twintig Nederlandse ziekenhuizen.&nbsp;De TURN-COVID studie wordt geleid door hoofdonderzoekers Prof. Joost Wiersinga (internist-infectioloog) en Dr. Godelieve de Bree (internist-infectioloog) en projectleider Dr. Emma Birnie (postdoc en arts in opleiding tot internist). Je zal nauw samenwerken met verschillende promovendi, een onderzoeksverpleegkundige en medische studenten.&nbsp;Het initiatief is tot stand gekomen met steun van de&nbsp;SWAB, RIVM, Nederlandse Vereniging van Ziekenhuisapothekers,&nbsp;GGD, Stichting HIV monitoring, en verschillende wetenschappelijke- en pati&euml;ntenverenigingen en wordt gesubsidieerd door ZonMw.&nbsp;</p><p>Wat&nbsp;<strong>ga</strong>&nbsp;je doen?</p><p>Als promovendus op dit project zal je verantwoordelijk zijn voor het uitvoeren van de TURN-COVID studie. De werkzaamheden zijn zeer afwisselend.</p><p>Concreet houd jij je hierbij voornamelijk bezig met:</p><ul> <li>Co&ouml;rdineren&nbsp;van een multi-center studie</li> <li>Includeren van&nbsp;pati&euml;nten</li> <li>Gegevens verzamelen in de deelnemende centra</li> <li>Laboratorium analyses van verzamelde sampels</li> <li>Data analyse middels verschillende softwarepakketten (bv R)</li> <li>Beantwoorden en analyseren van welomschreven onderzoeksvragen</li> <li>Presenteren van resultaten op (internationale) congressen</li> <li>Schrijven van wetenschappelijke publicaties en een proefschrift</li> <li>Superviseren van studenten</li> </ul>", "requirements_description": "N/A", "conditions_description": "N/A", "employer_description": "N/A", "department_description": "N/A", "additional_information": "N/A", "apply_link": "N/A", "employer_link": "http://www.amc.nl/", "job_type": "TEMPORARY", "logo": "https://www.academictransfer.com/media/derivatives/logos/amc-en-wide_TAjdij7/88544601f45a8bc71e9cc74b40c8c85d.png"}