{"url": "http://www.academictransfer.com/en/309510/snijzaal-medewerker-vakgroep-anatomie-embryologie-faculty-of-health-medicine-and-life-sciences/apply/", "title": "Snijzaal medewerker, vakgroep Anatomie & Embryologie, Faculty of Health, Medicine and Life Sciences", "publish_date": "2022-02-16", "deadline": "2022-03-02", "location": "Universiteitssingel 50, 6229 ER, Maastricht ", "city": "Maastricht", "country": "Netherlands", "position": "Researcher", "field": "N/A", "salary": "N/A", "max_working_hours": "22.8\u201424", "employer": "Maastricht University (UM)", "job_description": "<p>Taakomschrijving:<br> Practica:</p><ul> <li>Opzetten van practica (klaarzetten van stoffelijke overschotten, preparaten en modellen volgens practicumplan);</li> <li>Opruimen na practica (verzorgen van stoffelijke overschotten en andere preparaten en modellen);</li> <li>Schoonmaak snijzaal en bijhorende ruimtes;</li> <li>Ondersteuning en toezicht tijdens (dissectie)-practica (BHVer);</li> <li>Goede Engelse taalvaardigheid (studentcontacten).</li> </ul><p>Stoffelijke overschotten:</p><ul> <li>Fixatie volgens protocol (aanmaken van oplossingen volgens protocol);</li> <li>Invriezen volgens protocol Voorprepareren voor dissectie practica;</li> <li>Maken van preparaten voor instructiepractica;</li> <li>Onderhoud van stoffelijke overschotten en preparaten;</li> <li>Mogelijk cursus plastinatie volgen.</li> </ul><p>Administratie:</p><ul> <li>Bestellen van chemicali&euml;n en snijzaalbenodigdheden;</li> <li>Beheer en onderhoud collectie;</li> <li>Onderhoud database collectie;</li> <li>Onderhouden van contacten met leveranciers van chemicali&euml;n en instrumentarium en begrafenisondernemers.</li> </ul><p>Bijzonderheden:</p><ul> <li>Bereikbaarheidsdiensten in verband met aanname van overledenen en calamiteiten apparatuur;</li> <li>Na afspraak weekenddiensten voor externe practica;</li> <li>Fixatie van lichamen van overledenen en prosecties;</li> <li>Flexibele werktijden;</li> <li>Bij voorkeur korte woon-werk afstand.</li> </ul><p>Werkomstandigheden:</p><p>Wij bieden een aangename werksfeer. De voertaal is Nederlands maar er zijn ook regelmatig contacten met internationale collega&rsquo;s en studenten. De leidinggevende is de vakgroepvoorzitter. De werktijd is variabel (overdag, geen nachtarbeid) en wordt normaliter ruim van tevoren in overleg vastgelegd.</p>", "requirements_description": "N/A", "conditions_description": "N/A", "employer_description": "N/A", "department_description": "N/A", "additional_information": "N/A", "apply_link": "N/A", "employer_link": "http://www.maastrichtuniversity.nl/", "job_type": "TEMPORARY", "logo": "https://www.academictransfer.com/media/derivatives/logos/um-en-wide/0c1dd83b22059d7ee90c38e0f0c254be.jpg"}