{"url": "https://www.academictransfer.com/en/309479/promovendus-marketing-conversational-experiences/apply/", "title": "Promovendus marketing & conversational experiences", "publish_date": "2022-02-15", "deadline": "2022-02-28", "location": "Heidelberglaan 15, 3584 CM, Utrecht ", "city": "Utrecht", "country": "Netherlands", "position": "Other Category", "field": "Natuurwetenschappen; Techniek", "salary": "N/A", "max_working_hours": "8\u201432", "employer": "HU University of Applied Sciences Utrecht", "job_description": "<p>De opkomst van digitale technologie&euml;n schept voor organisaties enorme kansen om de klantbeleving een boost te geven. Digitalisering kan voor bedrijven een enorme besparing in kosten opleveren en voor klanten leiden tot een groter gebruiksgemak. De toenemende beschikbaarheid en toepassing van data wordt gezien als de meest impactvolle digitale ontwikkeling voor de komende jaren. Intelligente AI-gedreven media, zoals adaptieve games, chatbots en dynamische formulieren beloven een flexibelere, meer naadloze interactie met organisaties en kunnen zorgen voor uniforme, gepersonaliseerde ervaringen en boodschappen. Wat de inzet van deze technologie&euml;n doet met de relatie tussen organisaties en klanten en met de betrokkenheid en het gedrag van klanten, is op dit moment echter nog onvoldoende duidelijk.&nbsp;</p>", "requirements_description": "N/A", "conditions_description": "N/A", "employer_description": "N/A", "department_description": "N/A", "additional_information": "N/A", "apply_link": "N/A", "employer_link": "http://www.hu.nl/", "job_type": "TEMPORARY", "logo": "https://www.academictransfer.com/media/derivatives/logos/hogeschool-utrecht-hu-en-wide/99e731f1b514e0e6fd70da429cb9a10d.png"}