{"url": "https://www.academictransfer.com/en/309598/phd-position-amsterdam-center-for-language-and-communication/apply/", "title": "PhD Position Amsterdam Center for Language and Communication", "publish_date": "2022-02-17", "deadline": "2022-03-31", "location": "Kloveniersburgwal 48, 1012 CX, Amsterdam ", "city": "Amsterdam", "country": "Netherlands", "position": "PhD", "field": "Language and culture", "salary": "\u00e2\u0082\u00ac2443\u00e2\u0080\u0094\u00e2\u0082\u00ac3122 per month", "max_working_hours": "38", "employer": "University of Amsterdam (UvA)", "job_description": "<p>The Amsterdam Center for Language and Communication (ACLC) invites applications for a PhD position at the Faculty of Humanities.</p><p>The&nbsp;<a href=\"http://aclc.uva.nl/\">Amsterdam Center for Language and Communication&nbsp;</a>(ACLC)&nbsp;is one of the six Research Schools/Institutes within the&nbsp;<a href=\"http://aihr.uva.nl/\">Amsterdam Institute for Humanities Research</a>. Each research school covers an important research area within the faculty and has its own research programme. Research schools are the home base for PhD candidates, who interact with each other and with senior members in the research groups that make up the research school. Read&nbsp;more about&nbsp;<a href=\"https://aclc.uva.nl/research/research-groups/research-groups.html\">ACLC&rsquo;s research groups</a>.</p><p>The ACLC is home to more than 50 researchers and 40 PhD candidates, representing an inclusive research environment in which linguists with different theoretical convictions collaborate in combining multiple sources of evidence.<br> &nbsp;</p><p><strong>What are you going to do</strong></p><p><strong>Tasks and responsibilities include:</strong></p><ul> <li>submission and defense of a PhD thesis within the period of appointment;</li> <li>presenting intermediate research results at workshops and conferences;</li> <li>participation in the Research School and Faculty of Humanities PhD training programmes;</li> <li>teaching courses at BA-level in the 2nd and 3rd year of the appointment (0.2 FTE per year).</li> </ul>", "requirements_description": "<div class=\"_Section_Section_26Kh4ZAK\">\n<h2 class=\"_Section_title_2lZ2dR7H\">\n<span>Requirements</span>\n</h2>\n<div class=\"_Section_body_1yeeKPXy\">\n<p><strong>What do we require of you</strong></p>\n<ul>\n<li>A completed Master's degree in a field of the study of language, communication, or cognition that is relevant to the proposed PhD project, and to the research areas of the ACLC. You may apply if you have not yet completed your Master's degree only if you provide a signed letter from your supervisor stating that you will graduate before 1 September 2022.</li>\n<li>Excellent research skills demonstrated by an outstanding Master's thesis and a demonstrable capacity to develop a track record of publishing in high-ranking journals and/or with leading presses.</li>\n<li>A strong cooperative attitude and willingness to engage in collaborative research.</li>\n<li>Enthusiasm for communicating academic research to non-academic audiences.</li>\n<li>Excellent command of English.</li>\n</ul>\n<p>Please note that if you already hold a doctorate/PhD or are working towards obtaining a similar degree elsewhere, you will not be admitted to a doctoral programme at the UvA.</p>\n</div>\n</div>", "conditions_description": "<div class=\"_Section_Section_26Kh4ZAK\">\n<h2 class=\"_Section_title_2lZ2dR7H\">\n<span>Conditions of employment</span>\n</h2>\n<div class=\"_Section_body_1yeeKPXy\">\n<p><strong>Our offer</strong></p>\n<p>We offer a temporary employment contract for the period of 48 months. The first contract will be for 16 months, with an extension for the following 32 months, contingent on a positive performance evaluation within the first 12 months. The employment contract is for 38 hours a week. The preferred starting date is 1 September 2022.</p>\n<p>The gross monthly salary, based on 38 hours per week and relevant experience, ranges from \u20ac2,443 up to a maximum of \u20ac3,122. This sum does not include the 8% holiday allowance and the 8,3% year-end allowance.\u00a0A favourable tax agreement, the \u201830% ruling\u2019, may apply to non-Dutch applicants.\u00a0The\u00a0<a href=\"https://www.vsnu.nl/en_GB/cao-universiteiten.html\">Collective Labour Agreement of Dutch Universities</a>\u00a0is applicable.</p>\n<p><strong>What else do we offer?</strong></p>\n<ul>\n<li>A tuition fee waiver.</li>\n<li>Free access to courses offered by the\u00a0<a href=\"https://gsh.uva.nl/\">Graduate School of Humanities</a>\u00a0and the Dutch\u00a0<a href=\"https://aihr.uva.nl/national-research-schools/research-schools.html\">National Research Schools</a>.</li>\n<li>Excellent possibilities for professional development and education.</li>\n<li>An enthusiastic, inspiring and professional academic team.</li>\n</ul>\n</div>\n</div>", "employer_description": "<div class=\"_Section_Section_26Kh4ZAK\">\n<h2 class=\"_Section_title_2lZ2dR7H\">\n<span>Employer</span>\n</h2>\n<div class=\"_Section_body_1yeeKPXy\">\n<h4>University of Amsterdam</h4>\n<p>The\u00a0<a href=\"https://www.uva.nl/en/about-the-uva/about-the-university/about-the-university.html\">University of Amsterdam</a>\u00a0is the Netherlands' largest university, offering the widest range of academic programmes. At the UvA, 30,000 students, 6,000 staff members and 3,000 PhD candidates study and work in a diverse range of fields, connected by a culture of curiosity.</p>\n</div>\n</div>", "department_description": "N/A", "additional_information": "<div class=\"_Section_Section_26Kh4ZAK\">\n<h2 class=\"_Section_title_2lZ2dR7H\">\n<span>Additional information</span>\n</h2>\n<div class=\"_Section_body_1yeeKPXy\">\n<p>Do you have any questions or do you require additional information? Please contact (during office hours):</p>\n<ul>\n<li><a href=\"mailto:aclc-fgw@uva.nl\">Brigit van der Pas</a>, ACLC coordinator</li>\n</ul>\n</div>\n</div>", "apply_link": "N/A", "employer_link": "http://www.uva.nl/", "job_type": "TEMPORARY", "logo": "https://www.academictransfer.com/media/derivatives/logos/uva-en-wide/22e1319f66e44f07d56047b996668aa9.png"}