{"url": "https://www.academictransfer.com/en/309570/corporate-business-controller/apply/", "title": "Corporate Business Controller", "publish_date": "2022-02-17", "deadline": "2022-03-10", "location": "Droevendaalsesteeg, 6708 PB, Wageningen ", "city": "Wageningen", "country": "Netherlands", "position": "Other Category", "field": "Economie", "salary": "N/A", "max_working_hours": "36", "employer": "Wageningen University & Research", "job_description": "<strong>Kun jij de verbinding leggen met de verschillende organisatieonderdelen? Ben je sterk in analyse, heb je oog voor details, terwijl je de focus op het grotere geheel kan vasthouden? Kan jij complexe materie snel doorgronden en bondige, toegankelijke adviezen opstellen?</strong><br><br>Wij zoeken een enthousiaste en gedreven collega voor ons team Corporate Business Control, die samen met vijf collega's, de Raad van Bestuur van Wageningen University &amp; Research voorziet van management informatie en advies.<br><br><strong>JOUW PLAATS IN DE ORGANISATIE</strong><br>De afdeling Corporate Finance &amp; Control (CF&amp;C) is op concernniveau verantwoordelijk voor het financieel beleid en de informatievoorziening van Wageningen UR. De afdeling CF&amp;C is opgedeeld in drie teams: Corporate Business Control, Financial Accounting &amp; Internal Control en Reporting &amp; Consolidation. Je komt te werken in het team Corporate Business Control. Dit team is verantwoordelijk voor de planning &amp; control cyclus van de WUR en informatievoorziening/ advisering aan de Raad van Bestuur en de Raad van Toezicht.<br><br><strong>Functiebeschrijving</strong><ul> <li>Businessplannen en businesscases voorzien van advies t.b.v. de besluitvorming in de Raad van Bestuur;</li> <li>Periodiek de Raad van Bestuur voorzien van management informatie;</li> <li>De Raad van Toezicht voorzien van kwartaalverslagen;</li> <li>Regie voeren op de planning &amp; control cyclus van de WUR;</li> <li>Het volgen/monitoren van een afgebakend stuk van de WUR zoals \u00e9\u00e9n van de divisies (Science Groups binnen WUR);</li> <li>Het zelfstandig verder brengen van inhoudelijk dossiers, zoals de stroomlijning van de financi\u00eble afwikkeling met grote opdrachtgevers als het ministerie van LNV, de vastgoedportefeuille of projecten;</li> <li>Helpen met het verder verbeteren van de control functie.</li> </ul>", "requirements_description": "N/A", "conditions_description": "N/A", "employer_description": "N/A", "department_description": "N/A", "additional_information": "N/A", "apply_link": "N/A", "employer_link": "http://www.wageningenur.nl", "job_type": "TEMPORARY", "logo": "https://www.academictransfer.com/media/derivatives/logos/wur-en-wide/31c47a792df1676c8caff07d40ee84ec.png"}