{"url": "http://www.academictransfer.com/en/309460/postdoc-how-do-microalgae-grow-and-move-within-porous-hydrogel-environments/apply/", "title": "Postdoc - How do microalgae grow and move within porous hydrogel environments?", "publish_date": "2022-02-15", "deadline": "2022-04-15", "location": "Mekelweg 2, 2628 CD, Delft ", "city": "Delft", "country": "Netherlands", "position": "Postdoc", "field": "Natural sciences", "salary": "\u00e2\u0082\u00ac2846\u00e2\u0080\u0094\u00e2\u0082\u00ac4490 per month", "max_working_hours": "N/A", "employer": "Delft University of Technology (TU Delft)", "job_description": "<p>Engineered living materials are hybrid structures composed of biological living cells, which are growing within a non-living matrix. The living cells within the matrix can endow the materials with a range of novel sense-and-respond functionalities.</p> <p>The aim of this project is to exploit the light response of microalgae to provide responsive properties to a microalgae-based living material. To achieve this, the postdoc will investigate how the microalgae C. reinhardtii grows and moves within a porous hydrogel environment and how it responds to light in the context of such a confined environment. The role of specific proteins involved in mechanosensing and in surface adhesion will be examined by visualizing C. reinhardtii motion with time-lapse microscopy. The insights that we will gain on mechanosensing within a porous structure will enable us to better control the algae\u2019s response by, for example, adjusting conditions affecting mechanosensing proteins or using genetic variants with altered mechanosensation.</p> <p>With the support of technicians and experts in the research team, the postdoc will identify the characteristics of the cell movement as a function of the environmental conditions, genetic variation, and materials\u2019 parameters. This will enable the rational design of strategies to control the living material response.</p>", "requirements_description": "<div class=\"_Section_Section_26Kh4ZAK\">\n<h2 class=\"_Section_title_2lZ2dR7H\">\n<span>Requirements</span>\n</h2>\n<div class=\"_Section_body_1yeeKPXy\">\n<p>Qualified candidates have a Ph.D. in either biophysics, cell biology, or a related field. They have a strong interest in multidisciplinary research that combines cell biology, biophysics and material science. Finally, successful candidates are motivated by a deep scientific curiosity, have good experimental and quantitative skills and possess a drive to learn new methods and concepts.</p>\n</div>\n</div>", "conditions_description": "<div class=\"_Section_Section_26Kh4ZAK\">\n<h2 class=\"_Section_title_2lZ2dR7H\">\n<span>Conditions of employment</span>\n</h2>\n<div class=\"_Section_body_1yeeKPXy\">\n<p>Salary and benefits are in accordance with the Collective Labour Agreement for Dutch Universities. The TU Delft offers a customisable compensation package, a discount on health insurance and sport memberships, and a monthly work costs contribution. Flexible work schedules can be arranged.</p>\n<p>For international applicants we offer the Coming to Delft Service and Partner Career Advice to assist you with your relocation. An International Children's Centre offers childcare and there is an international primary school.</p>\n</div>\n</div>", "employer_description": "<div class=\"_Section_Section_26Kh4ZAK\">\n<h2 class=\"_Section_title_2lZ2dR7H\">\n<span>Employer</span>\n</h2>\n<div class=\"_Section_body_1yeeKPXy\">\n<h4>Delft University of Technology</h4>\n<p>Delft University of Technology is built on strong foundations. As creators of the world-famous Dutch waterworks and pioneers in biotech, TU Delft is a top international university combining science, engineering and design. It delivers world class results in education, research and innovation to address challenges in the areas of energy, climate, mobility, health and digital society. For generations, our engineers have proven to be entrepreneurial problem-solvers, both in business and in a social context. At TU Delft we embrace diversity and aim to be as inclusive as possible (see our <a href=\"https://www.tudelft.nl/en/about-tu-delft/strategy/integrity-policy/tu-delft-code-of-conduct/\">Code of Conduct</a>). Together, we imagine, invent and create solutions using technology to have a positive impact on a global scale.</p>\n<p>Challenge. Change. Impact!\u00c2\u00a0</p>\n</div>\n</div>", "department_description": "N/A", "additional_information": "<div class=\"_Section_Section_26Kh4ZAK\">\n<h2 class=\"_Section_title_2lZ2dR7H\">\n<span>Additional information</span>\n</h2>\n<div class=\"_Section_body_1yeeKPXy\">\n<p>Department profile:</p>\n<p>Bionanoscience is a multidisciplinary department that is dedicated to the study of fundamental and applied biological questions with cutting-edge tools from biology, physics and nanotechnology. Research topics range from single molecule biophysics and cell biology to synthetic biology and artificial cells. The department offers excellent technical facilities, including an advanced microscopy suite and next-generation sequencing.</p>\n<p>Section profile:</p>\n<p>The Aubin-Tam group is a dynamic and multidisciplinary research group who specializes in using biophysical and bioengineering approaches to create bio-mimicking and bio-based living materials.</p>\n</div>\n</div>", "apply_link": "N/A", "employer_link": "http://www.tudelft.nl/", "job_type": "TEMPORARY", "logo": "https://www.academictransfer.com/media/derivatives/logos/tud-en-wide/4f5fb7eb63ad62ee5a7d5dfdc5376f8f.gif"}