{"url": "https://www.academictransfer.com/en/309385/phd-scholarship-innovative-business-models-in-agriculture-10-fte/apply/www.rug.nl", "title": "N/A", "publish_date": "N/A", "deadline": "N/A", "location": "N/A", "city": "N/A", "country": "N/A", "position": "N/A", "field": "N/A", "salary": "N/A", "max_working_hours": "N/A", "employer": "N/A", "job_description": "N/A", "requirements_description": "N/A", "conditions_description": "N/A", "employer_description": "N/A", "department_description": "N/A", "additional_information": "N/A", "apply_link": "N/A", "employer_link": "N/A", "job_type": "N/A", "logo": "N/A"}