{"url": "https://www.academictransfer.com/en/309441/lector-nature-based-river-management-08-10-fte/apply/", "title": "Lector Nature Based River Management (0,8 \u2013 1,0 fte)", "publish_date": "2022-02-14", "deadline": "2022-02-20", "location": "Larensteinselaan 26A, 6882 CT, Velp ", "city": "Velp", "country": "Netherlands", "position": "Management", "field": "Gedrag en maatschappij", "salary": "N/A", "max_working_hours": "32\u201440", "employer": "Van Hall Larenstein, University of Applied Sciences", "job_description": "<p>Inleiding:</p><p>Het lectoraat richt zich op de transitie in stroomgebieden van beken en rivieren naar natuurlijk en duurzaam functionerende systemen die kunnen inspelen op de effecten van wisselende en extreme klimaatomstandigheden (te veel, te weinig, te smerig). Focus is daarbij de ontwikkeling en engineering van &lsquo;nature-based solutions&rsquo; vanuit morfologisch en hydrologisch perspectief. Hierbij is ook oog voor de internationale context, zowel ten aanzien van grensoverschrijdende stroomgebieden als van delta&rsquo;s wereldwijd.</p><p>De extreme weerssituaties vragen om een maatschappelijke transitie waarbij invulling wordt gegeven aan de centrale en structurerende rol van het bodem- en watersysteem bij het versterken van ruimtelijke kwaliteit. Dit sluit aan op het advies van PBL &lsquo;Grote opgaven in een beperkte ruimte&rsquo; (2021). Belangrijke vraagstukken in stroomgebieden zijn de aanpak van droogte en het voorkomen van wateroverlast. Een ander vraagstuk betreft de erosie van rivierbodems met de daaraan gerelateerde gevolgen voor onder meer waterveiligheid, zoetwatervoorziening, scheepvaart en natuur. In het Deltaprogramma is aangegeven dat het treffen van maatregelen nodig is om te voorkomen dat een deel van de Waal, het Pannerdensch kanaal en de IJssel over 50 jaar tot wel een meter dieper liggen dan nu het geval is. Wat zijn mogelijke oplossingen om dit aan te pakken? Wat zijn de effecten daarvan? Wat is de effectiviteit en haalbaarheid.</p><p>In het lectoraat wordt onderzocht welke interventies toepasbaar zijn in stroomgebieden om deze op meer natuurlijke wijze te laten functioneren. Daarbij kan het onderzoek zich bijvoorbeeld richten op sedimentatieprocessen en stromingspatronen en invloeden van factoren zoals vegetatie daarop. Bij het onderzoek hoort uiteraard ook het verzamelen, analyseren en adequaat beheren van data en informatie. Dit kan ook gaan over de bijdrage die de interventies kunnen leveren aan bredere maatschappelijke doelen zoals het versterken van biodiversiteit en de energietransitie. Op deze wijze kan vanuit het lectoraat verbinding worden gelegd met de Omgevingswet waarmee duurzame ontwikkeling en bescherming van de kwaliteit van de leefomgeving wordt beoogd.</p><p>&nbsp;De functie omvat:&nbsp;</p><ul> <li>het ontwikkelen van nieuwe kennis, producten, processen en diensten leidend tot beroepsinnovatie, curriculumvernieuwing, verder onderzoek, publicaties, presentaties en strategische positionering;</li> <li>het leiding geven aan een te vormen kenniskring, het professionaliseren van beginnende docentonderzoekers en het begeleiden van docentonderzoekers, promovendi/postdocs;</li> <li>het verrichten van praktijkgericht onderzoek binnen de kaders die gesteld zijn in de Gedragscode Wetenschappelijke Integriteit;</li> <li>het leveren van een bijdrage aan de verbinding tussen onderwijs en onderzoek en actief bijdragen aan de inhoudelijke kwaliteit, de innovatie (curriculumvernieuwing) en de uitvoering van het onderwijs (bijvoorbeeld door het geven van colleges en het begeleiden van afstudeerders);</li> <li>het acquireren van onderzoeksopdrachten;</li> <li>het actief verspreiden van de uitkomsten en inzichten uit het lectoraatsonderzoek naar de beroepspraktijk en maatschappij;</li> <li>het onderhouden en uitbreiden van een relevant intern en extern netwerk in onderwijs, onderzoek en beroepspraktijk;</li> <li>het samenwerken over de grenzen van het eigen lectoraat met andere lectoren binnen en buiten Hogeschool Van Hall Larenstein;</li> <li>het meewerken aan processen en systemen t.b.v. de borging en verhoging van onderzoek- en onderwijskwaliteit;</li> <li>een spilfunctie binnen de driehoek onderzoek, onderwijs en (beroeps)praktijk.</li> </ul>", "requirements_description": "N/A", "conditions_description": "N/A", "employer_description": "N/A", "department_description": "N/A", "additional_information": "N/A", "apply_link": "N/A", "employer_link": "http://www.hogeschoolvhl.nl/", "job_type": "TEMPORARY", "logo": "https://www.academictransfer.com/media/derivatives/logos/hogeschool-van-hall-larenstein-en-wide/12e85d6de375854082b291a7c0edb9bc.png"}