{"url": "http://www.academictransfer.com/en/309626/senior-onderzoeker-meststoffen/apply/", "title": "Senior Onderzoeker meststoffen", "publish_date": "2022-02-17", "deadline": "2022-08-16", "location": "Droevendaalsesteeg, 6708 PB, Wageningen ", "city": "Wageningen", "country": "Netherlands", "position": "Researcher", "field": "Voeding", "salary": "N/A", "max_working_hours": "36", "employer": "Wageningen University & Research", "job_description": "Ben jij een ervaren onderzoeker met kennis van meststoffen? Heb jij interesse om via het mestonderzoek aan de volksgezondheid te werken? Heb je de ambitie om (inter)nationaal actief te zijn in verschillende netwerken? Dan zijn wij op zoek naar jou! Wij, Wageningen Food Safety Research (WFSR) hebben een vacature voor een senior onderzoeker naar meststoffen.<br><strong>WAT GA JE DOEN?</strong><br>In je dagelijkse werk als senior onderzoeker meststoffen, ben jij onder andere bezig met:<ul> <li>Het zelfstandig leiden van diverse projecten, met name binnen de wettelijke overheidstaken (WOT) in het thema Natuur&amp;Milieu en beleidsondersteunende taken binnen de missie Kringlooplandbouw. Voorbeelden van projecten vind je <a href=\"https://www.wur.nl/nl/Onderzoek-Resultaten/Topsectoren/Kennis-en-Innovatieagenda-2020-2023/Missie-A-Kringlooplandbouw/Verminderen-fossiele-nutrienten-water-en-stikstofdepositie.htm\">HIER</a>;</li> <li>Het bijhouden van de actualiteit op het gebied van meststoffen en daar proactief op inhaken middels nieuwe onderzoeksvoorstellen voor met name de Nederlandse overheid, maar ook mogelijkheden voor PPS-projecten onderzoeken;</li> <li>Het adviseren van overheden waar het gaat om vragen m.b.t. bemonstering en analyse van mestproducten;</li> </ul> Het opbouwen en onderhouden van een (inter)nationaal relatienetwerk met voor WFSR relevante personen en instanties en actieve deelname aan diverse relevante, (inter)nationale commissies waaronder NEN en CEN.<br><br>Het team waarin deze uitdagende onderzoeksfunctie beschikbaar komt, richt zich op de authenticiteit en nutri\u00ebntensamenstelling van levensmiddelen, diervoeder en mest(stoffen). Binnen het team werk je als senior onderzoeker meststoffen nauw samen met je directe collega's, maar ook met andere onderzoeksteams binnen WFSR, Wageningen University &amp; Research en daarbuiten. Een wezenlijke bijdrage leveren aan het verantwoord sluiten van nutri\u00ebnten kringlopen vormt het lange termijn uitgangspunt.", "requirements_description": "N/A", "conditions_description": "N/A", "employer_description": "N/A", "department_description": "N/A", "additional_information": "N/A", "apply_link": "N/A", "employer_link": "http://www.wageningenur.nl", "job_type": "TEMPORARY", "logo": "https://www.academictransfer.com/media/derivatives/logos/wur-en-wide/31c47a792df1676c8caff07d40ee84ec.png"}