{"url": "https://www.academictransfer.com/en/309609/management-assistent/apply/", "title": "Management assistent", "publish_date": "2022-02-17", "deadline": "2022-03-14", "location": "Mekelweg 2, 2628 CD, Delft ", "city": "Delft", "country": "Netherlands", "position": "Management", "field": "N/A", "salary": "N/A", "max_working_hours": "N/A", "employer": "Delft University of Technology (TU Delft)", "job_description": "<p>Je gaat werken als managementassistente op het secretariaat van de afdeling Urbanism, een centrale en dynamische plek binnen de afdeling. Het secretariaat bestaat uit 6 medewerkers, die secretari\u00eble en administratieve en organisatorische ondersteuning bieden aan de verschillende secties binnen de afdeling. Het secretariaat functioneert als een sterk team dat doelmatige en effici\u00ebnte ondersteuning biedt. Samen met je collega\u2019s ondersteun je de afdeling en de afdelingssecretaris.</p> <p>In deze functie zal jij het eerste aanspreekpunt zijn voor de medewerkers van de secties Landschapsarchitectuur en Environmental Technology Design. Je plant (complexe) vergaderingen, beheert agenda\u2019s, behandelt post, email en telefoongesprekken, organiseert regelmatig kleinere en grote bijeenkomsten en symposia, boekt dienstreizen, notuleert vergaderingen (ook Engelstalig) en verzorgt de afhandeling van financi\u00eble zaken (inkooporder aanmaken en factuur afhandeling). Daarnaast kan je ook gevraagd worden om mee te werken aan verschillende activiteiten van de afdeling. \u2002</p> <p>De afdeling Urbanism van de faculteit Bouwkunde omvat en combineert stedenbouw, ruimtelijke ordening, landschapsarchitectuur en omgevingsmodellering, die onderwijs en onderzoek verzorgt van een internationaal erkend excellent niveau op het gebied van stedenbouw. De afdeling bestaat uit 6 secties met ongeveer 90 FTE medewerkers en gastonderzoekers. De afdeling is verantwoordelijk voor de organisatie en co\u00f6rdinatie van het curriculum Stedenbouw en Landschapsarchitectuur in de bacheloropleidingen Bouwkunde, de masteropleidingen Stedenbouw, Landschapsarchitectuur, Geomatics en MADE.\u2002\u2002\u2002\u2002</p>", "requirements_description": "N/A", "conditions_description": "N/A", "employer_description": "N/A", "department_description": "N/A", "additional_information": "N/A", "apply_link": "N/A", "employer_link": "http://www.tudelft.nl/", "job_type": "TEMPORARY", "logo": "https://www.academictransfer.com/media/derivatives/logos/tud-en-wide/4f5fb7eb63ad62ee5a7d5dfdc5376f8f.gif"}