{"url": "https://www.academictransfer.com/en/309271/promovendus-klinische-vraagstukken-in-trans-femorale-amputaties/apply/", "title": "Promovendus: \u2018Klinische vraagstukkenin trans-femorale amputaties\u2019", "publish_date": "2022-02-09", "deadline": "2022-02-27", "location": "Hanzeplein 1, 9713 GZ, Groningen ", "city": "Groningen", "country": "Netherlands", "position": "Other Category", "field": "Gezondheid", "salary": "N/A", "max_working_hours": "28", "employer": "University Medical Centre Groningen (UMCG)", "job_description": "De afdeling Revalidatiegeneeskunde is onderdeel van het Centrum voor Revalidatie (CvR) van het Universitair Medisch Centrum Groningen (UMCG) en richt zich naast diagnostiek en behandeling van pati\u00ebnten op onderwijs en onderzoek op het gebied van de revalidatiegeneeskunde. De afdeling bestaat uit twee UMCG locaties: Beatrixoord in Haren en locatie Groningen. De afdeling Revalidatiegeneeskunde werkt voor dit project samen met de afdelingen Orthopedie en Bewegingswetenschappen, beide gesitueerd op locatie Groningen UMCG.<br>", "requirements_description": "N/A", "conditions_description": "N/A", "employer_description": "N/A", "department_description": "N/A", "additional_information": "N/A", "apply_link": "N/A", "employer_link": "http://www.werken.umcg.nl/", "job_type": "TEMPORARY", "logo": "https://www.academictransfer.com/media/derivatives/logos/umcg-en-wide/1d0c9d5460c3cf2a50991d26e7360108.jpg"}