{"url": "http://www.academictransfer.com/en/309619/chief-officer-operations-coo-ecraid-foundation/", "title": "Chief Officer Operations (COO) Ecraid foundation", "publish_date": "2022-02-17", "deadline": "2022-03-07", "location": "Heidelberglaan 100, 3584 CX, Utrecht ", "city": "Utrecht", "country": "Netherlands", "position": "Management", "field": "Health", "salary": "max. \u00e2\u0082\u00ac8141 per month", "max_working_hours": "36", "employer": "University Medical Center Utrecht (UMC Utrecht)", "job_description": "<p>As Chief Officer Operations you are responsible for the execution of the Ecraid strategy and operational planning to meet the ambitious objectives of this new organization. You will closely work with the Chief Executive Officer, the Chief Scientific Officer, Director of Strategy, Study Directors, the Board of Directors, the Trial Coordination Boards and Network Directors.</p><p>You will develop and manage the operations of the Ecraid foundation:&nbsp;</p><ul> <li>Business planning: <ul> <li>Assists in strategic business planning and efficient use of public&nbsp;&amp; private means.</li> <li>Makes sure budget, staff and priorities are aligned with Ecraid&rsquo;s &nbsp;strategic objectives.&nbsp;</li> <li>Develop and manages comprehensive study timelines and metrics</li> </ul> </li> <li>Operational execution: <ul> <li>Responsible for end-to-end delivery and execution of clinical research studies from protocol concept to the clinical study report</li> <li>Responsible for oversight of all clinical trial operations including lead, project, datasite management and monitoring, and regulatory services</li> <li>Works with the study team to design clinical trial protocols consistent with the clinical development plan, develops an ongoing data review plan to ensure appropriate patient recruitment and detection of data trends, to ensure study objectives are met and results are reported accordingly</li> </ul> </li> <li>Business control, quality, and risk management: <ul> <li>Ensures that all dimensions of clinical trial execution are GDPR compliant of the highest ethical standards</li> <li>Accountable for issue escalation/mitigation, identification of patients/clinical trial issues and service recoveries as well as collecting feedback in support of continuous process and service improvement</li> <li>Implements strong mechanisms for identifying and managing risks</li> </ul> </li> <li>Business support functions (HR, legal, tax, finance, admin, facilities, procurement etc.): <ul> <li>Oversees the supporting functions to manage the network including finance, office management, human resources, technology curriculum and training, procurement operations, research and evaluation, administrative activities, tax and legislation applied to clinical research</li> </ul> </li> <li>IT strategy and deployment: <ul> <li>Identifies develops and implements IT strategies &nbsp;(i.e. correlation studies platform, bio banking, electronic medical records and diagnostic tools) to facilitate the execution of clinical trials and reporting</li> <li>Develops productivity-based, performance-based and data-driven models for allocation of research and laboratory space and forecasts &nbsp;infrastructure needs</li> </ul> </li> <li>Other responsibilities: <ul> <li>Builds and sustains operational effective relations between the different partners in the Ecraid network (research institutions, sites, labs, CROs)</li> <li>Provides timely and informative reports to pertinent member of Ecraid (Chief Scientific Officer, Director of Strategy, Study Directors, the Board of Directors, the Trial Coordination Boards and the Network Directors) and to clinical trial managers on ongoing research activities</li> </ul> </li> </ul>", "requirements_description": "<div class=\"_Section_Section_26Kh4ZAK\">\n<h2 class=\"_Section_title_2lZ2dR7H\">\n<span>Requirements</span>\n</h2>\n<div class=\"_Section_body_1yeeKPXy\">\n<p>What do we ask of you?</p>\n<ul>\n<li>Relevant experience in execution of regulatory trials and industry trials</li>\n<li>Affinity with academic research and public health is a plus</li>\n<li>Innovative mind set and affinity with new types of trials, new technologies and data</li>\n<li>Minimum 5 years experience in clinical trial project and portfolio management with or within Clinical Research Organisations</li>\n<li>Must have knowledge in clinical research concepts, good clinical trial practices, regulations regarding drug development phases and data management methods (GDPR)</li>\n<li>Comfortable working within multidisciplinary teams in an international setting, result-driven leader, strong networking and stakeholder management skills</li>\n<li>Interested in working in an academic and commercial setting</li>\n<li>Be prepared to perform the role of COO and to make the transfer to the Ecraid foundation when the foundation is operational</li>\n</ul>\n<p>We believe in the power of a diverse team in which there is room for different skills, expertise, and social and cultural backgrounds. We invite you to respond to this vacancy.</p>\n</div>\n</div>", "conditions_description": "<div class=\"_Section_Section_26Kh4ZAK\">\n<h2 class=\"_Section_title_2lZ2dR7H\">\n<span>Conditions of employment</span>\n</h2>\n<div class=\"_Section_body_1yeeKPXy\">\n<p>The maximum salary for this position (36 - 36 hours) is \u20ac 8.141,00 gross per month based on full-time employment.</p>\n<p>In addition, we offer an annual benefit of 8.3%, holiday allowance, travel expenses and career opportunities. The\u00a0<a href=\"https://edit.werkenbijumcutrecht.nl/international/Pages/Terms-of-employment.aspx\">terms of employment</a>\u00a0are in accordance with the Cao University Medical Centers (UMC).</p>\n</div>\n</div>", "employer_description": "N/A", "department_description": "N/A", "additional_information": "N/A", "apply_link": "N/A", "employer_link": "http://www.umcutrecht.nl/", "job_type": "TEMPORARY", "logo": "https://www.academictransfer.com/media/derivatives/logos/umcu-en-wide/f1d9713ec20398cd876d2922f45998d5.jpg"}