{"url": "https://www.academictransfer.com/en/309584/research-data-management-supporter/apply/", "title": "Research data management supporter", "publish_date": "2022-02-17", "deadline": "2022-03-13", "location": "Droevendaalsesteeg, 6708 PB, Wageningen ", "city": "Wageningen", "country": "Netherlands", "position": "Researcher", "field": "Economics", "salary": "N/A", "max_working_hours": "30", "employer": "Wageningen University & Research", "job_description": "<strong><em>We are looking for a</em></strong><strong><em>Research data management supporter (RDM)</em></strong><br><br>Do you want to work in an academic environment where you can use your own research experience? Do you understand the support needs of researchers and are you eager to help them find answers to the world's challenges related to agriculture, healthy food and living environment? Please read further!<br><br>To strengthen our Research Support team at Wageningen University &amp; Research - Library we are looking for 28-30 hours a week for a new<br><br><strong>Research data management supporter </strong><br><br>As a research data management supporter you'll advise and support researchers on research data management (RDM) and the FAIR data principles. You'll facilitate and stimulate our researchers to bring RDM and FAIR data principles into practice. A perfect opportunity to start your career.<br><br><strong>You will be working on the following tasks</strong><ul> <li>advise and support researchers on research data management and the adoption of FAIR data principles;</li> <li>ensure proper information provision and stimulating optimal use of the tools and services on RDM;</li> <li>evaluate data management plans for individual researchers and chair groups;</li> <li>provide RDM training, demo's and presentations for small and large groups of researchers and/or PhD students;</li> <li>work in projects on new or extending support services for RDM.</li> </ul>", "requirements_description": "<div class=\"_Section_Section_26Kh4ZAK\">\n<h2 class=\"_Section_title_2lZ2dR7H\">\n<span>Requirements</span>\n</h2>\n<div class=\"_Section_body_1yeeKPXy\">\n    To be successful in this role we expect you to have the following qualifications:<ul>\n<li>an academic degree and working skills;</li>\n<li>experience in scientific research and research data management, preferably in the life sciences or social sciences;</li>\n<li>a customer-oriented, enterpreneurial attitude and excellent communication skills (written and orally) in both Dutch and English;</li>\n<li>experience working in projects;</li>\n<li>affinity with the disciplines within WUR.</li>\n</ul>\n</div>\n</div>", "conditions_description": "<div class=\"_Section_Section_26Kh4ZAK\">\n<h2 class=\"_Section_title_2lZ2dR7H\">\n<span>Conditions of employment</span>\n</h2>\n<div class=\"_Section_body_1yeeKPXy\">\n    \n            \n            \n            Wageningen University &amp; Research offers excellent <a href=\"https://www.wur.nl/en/Jobs/Tailor-made-conditions-of-employment.htm\">terms of employment</a>. A few highlights from our Collective Labour Agreement Wageningen Research include:<ul>\n<li>working hours that can be discussed and arranged so that they allow for the best possible work-life balance;</li>\n<li>the option to accrue additional compensation hours by working more, up to 40 hours per week;</li>\n<li>sabbatical leave, study leave, and partially paid parental leave;</li>\n<li>there is a strong focus on vitality and you can make use of the sports facilities available on campus for a small fee;</li>\n<li>a fixed December bonus of 4%;</li>\n<li>excellent pension scheme.</li>\n</ul> In addition to these first-rate employee benefits, you will of course receive a good salary. We offer, depending on your experience, a competitive gross salary of between \u00e2\u0082\u00ac 2.836,- and \u00e2\u0082\u00ac 4.624,- for a full-time working week of 36 hours, in accordance with the <a href=\"https://www.wur.nl/nl/show/CAO-Stichting-WR-1-april-2019-tot-en-met-31-maart-2021.htm\">CLA Wageningen Research</a> (scale 10). This rol is for 28 - 30 hours a week.<br/><br/>Wageningen University &amp; Research encourages internal advancement opportunities and mobility with an internal recruitment policy. There are plenty of options for personal initiative in a learning environment, and we provide excellent training opportunities. We are offering a multi-faceted position in an international environment with a pleasant and open working atmosphere.\n          \n  </div>\n</div>", "employer_description": "<div class=\"_Section_Section_26Kh4ZAK\">\n<h2 class=\"_Section_title_2lZ2dR7H\">\n<span>Employer</span>\n</h2>\n<div class=\"_Section_body_1yeeKPXy\">\n<h4>Wageningen University &amp; Research</h4>\n<strong>Wageningen University &amp; Research</strong><br/>The mission of Wageningen University and Research is \"To explore the potential of nature to improve the quality of life\". Under the banner Wageningen University &amp; Research, Wageningen University and the specialised research institutes of the Wageningen Research Foundation have joined forces in contributing to finding solutions to important questions in the domain of healthy food and living environment.<br/><br/>With its roughly 30 branches, 6.800 employees and 12.900 students, Wageningen University &amp; Research is one of the leading organisations in its domain. An integrated approach to problems and the cooperation between various disciplines are at the heart of Wageningen's unique approach. WUR has been named Best Employer in the Education category for 2019-2020.<br/><br/>Read the <a href=\"https://www.wur.nl/en/Jobs/Why-choose-WUR.htm\">5 reasons</a> why your future collaegues enjoy working at WUR and watch <a href=\"https://www.youtube.com/watch?v=ApLORCXXhm4\">this video</a> to get an idea of our green campus!<br/><br/><em>We will recruit for the vacancy ourselves, so no employment agencies please.</em> <em>However, sharing in your network is appreciated.</em>\n</div>\n</div>", "department_description": "N/A", "additional_information": "<div class=\"_Section_Section_26Kh4ZAK\">\n<h2 class=\"_Section_title_2lZ2dR7H\">\n<span>Additional information</span>\n</h2>\n<div class=\"_Section_body_1yeeKPXy\">\n    For more information about this position, please contact Simone Kortekaas, Head Research &amp; Education Support at +31 (0)317-483013.<br/>For more information about the procedure, please contact Adri\u00ed\u0086\u0091lle Bloemendaal, HR adviser, <a href=\"mailto:adrielle.bloemendaal@wur.nl\">adrielle.bloemendaal@wur.nl</a>.<br/><br/><strong>Do you want to apply?</strong><br/>This vacancy will be listed <strong>up to and including Sunday 13th of March 2022</strong><br/>The first job interviews are scheduled for Friday 18th of March 2022<br/><br/><strong>Equal opportunities</strong><br/>Wageningen University &amp; Research (WUR) employs a large number of people with very different backgrounds and qualities, who inspire and motivate each other. We want every talent to feel at home in our organisation and be offered the same career opportunities. We therefore especially welcome applications from people who are underrepresented at WUR. For more information please go to our <a href=\"https://www.wur.nl/en/Jobs/Why-choose-WUR/WUR-inclusive-employer.htm\">inclusivity page</a>. A good example of how WUR deals with inclusiveness can be read on the page working at WUR with a <a href=\"https://www.wur.nl/en/Jobs/Why-choose-WUR/Working-functional-impairment.htm\">functional impairment</a>.\n  </div>\n</div>", "apply_link": "N/A", "employer_link": "http://www.wageningenur.nl", "job_type": "TEMPORARY", "logo": "https://www.academictransfer.com/media/derivatives/logos/wur-en-wide/31c47a792df1676c8caff07d40ee84ec.png"}