{"url": "http://www.academictransfer.com/en/309571/diagnostiek-fytosanitair-expert/", "title": "Diagnostiek-Fytosanitair expert", "publish_date": "2022-02-17", "deadline": "2022-03-15", "location": "Droevendaalsesteeg, 6708 PB, Wageningen ", "city": "Wageningen", "country": "Netherlands", "position": "Engineer/Technician", "field": "Landbouw", "salary": "N/A", "max_working_hours": "36", "employer": "Wageningen University & Research", "job_description": "Ben jij de breed inzetbare expert op het gebied van diagnostiek en fytosanitair onderzoek met academische achtergrond? Zie jij het daarnaast als een uitdaging onderzoeksopdrachten te verwerven bij bedrijfsleven en overheden? Heb jij ervaring als projectleider en wil jij meerdere onderzoeksprojecten co\u00f6rdineren en onderzoeksteams aansturen?<br>Dan hebben wij bij Wageningen Plant Research een interessante positie voor jou!<br><br>Als Diagnostiek - Fytosanitair expert: <ul> <li>Heb je kennis van/affiniteit met diagnostiek en fytosanitair onderzoek;</li> <li>Ben je in staat meerdere onderzoeksprojecten op te zetten, uit te voeren en te co\u00f6rdineren en onderzoeksteams aan te sturen</li> <li>Vind je het een uitdaging om een spilfunctie te vervullen in de onderzoekssamenwerking met overheden, land- en tuinbouw sectoren en (biologische) gewasbeschermingsindustrie;</li> <li>Vertaal je kennisvragen van bedrijfsleven en overheden naar haalbare onderzoeksvragen, concrete adviezen, producten en toepassingen;</li> <li>Publiceer je onderzoeksresultaten in wetenschappelijke tijdschriften maar ook vertaal je resultaten naar een breed publiek;</li> <li>Zul je in eerste instantie samenwerken met onderzoekers aan projecten gericht op de diagnostiek van plantpathogene organismen, maar je zoekt ook WUR breed naar toepassingen.</li> </ul>", "requirements_description": "N/A", "conditions_description": "N/A", "employer_description": "N/A", "department_description": "N/A", "additional_information": "N/A", "apply_link": "N/A", "employer_link": "http://www.wageningenur.nl", "job_type": "TEMPORARY", "logo": "https://www.academictransfer.com/media/derivatives/logos/wur-en-wide/31c47a792df1676c8caff07d40ee84ec.png"}