{"url": "https://www.academictransfer.com/en/309565/postdoc-publieke-digitale-ruimte-08-10-fte/apply/", "title": "Postdoc Publieke Digitale Ruimte (0,8 - 1,0 fte)", "publish_date": "2022-02-17", "deadline": "2022-02-28", "location": "Domplein 29, 3512 JE, Utrecht ", "city": "Utrecht", "country": "Netherlands", "position": "Postdoc", "field": "N/A", "salary": "N/A", "max_working_hours": "32\u201440", "employer": "Utrecht University", "job_description": "<p>Het focusgebied Governing the Digital Society van de Universiteit Utrecht werkt met de iHub groep van de Radboud Universiteit Nijmegen aan enkele projecten binnen PublicSpaces, een coalitie van ongeveer veertig publieke instellingen op het gebied van media, cultuur en educatie die samenwerken aan een gezonde digitale ruimte, gebaseerd op publieke waarden.<br><br></p> <p>Projecten binnen PublicSpaces zijn gericht op het saneren van de digitale omgeving die publieke instellingen hebben ingericht (Digitale Spoelkeuken) en het ontwikkelen van alternatieve tools om sociale interactie op internet te faciliteren zonder winstoogmerk, op basis van publieke waarden (PubHubs).</p> <p><br>Voor het project PubHubs zijn we op zoek naar een postdoc Publieke Digitale Ruimte, die zich bezighoudt met de volgende onderzoeks- en ontwerpvragen:</p> <ol> <li>een vergelijkende studie van verschillende typen Decentralized Open Social Networks. Deze is specifiek gericht op de wisselwerking tussen de technische, moderatie- en beheersaspecten van deze alternatieve sociale netwerkomgevingen;</li> <li>een inventarisatie van de behoeften aan online sociale interactietools bij een aantal publieke organisaties (aangesloten bij PublicSpaces) die deelnemen aan de pilot van PubHubs, en een vertaling van die behoeften naar de technische ontwikkeling en moderatieprincipes van de te ontwerpen open source online omgeving;</li> <li>het mede ontwerpen van een governance structuur, op basis van publieke waarden, voor het beheer van de online omgeving die duurzaam ten dienste moet staan van de (nonprofit) organisatie van PubHubs en de aangesloten organisaties;</li> <li>het organiseren van kennisuitwisseling tussen de verschillende aangesloten publieke organisaties;</li> <li>het ontwerpen van pilotprojecten voor de praktische implementatie in het veld van zowel diverse aspecten als de totaliteit van deze alternatieve sociale netwerken.</li> </ol> <p><br>De postdoc zal betrokken worden bij het interdisciplinaire teamwerk in de verschillende fasen van het onderzoek en ontwerp van PubHubs. Het project wordt gefinancierd uit de Spinozapremie van prof. dr. Jos\u00e9 van Dijck en zal mede begeleid worden door Geert-Jan Bogaerts (PublicSpaces) en dr. Erna Ruijer (Universiteit Utrecht, bestuurskunde) en/of dr. Karin van Es (UU, media en cultuur).</p>", "requirements_description": "N/A", "conditions_description": "N/A", "employer_description": "N/A", "department_description": "N/A", "additional_information": "N/A", "apply_link": "N/A", "employer_link": "http://www.uu.nl/", "job_type": "TEMPORARY", "logo": "https://www.academictransfer.com/media/derivatives/logos/uu-en-wide/67674af2e9b77c72917924b654f37798.jpg"}