{"url": "http://www.academictransfer.com/en/309560/senior-project-manager-at-biss-job-description/apply/", "title": "(Senior) Project Manager at BISS Job description", "publish_date": "2022-02-16", "deadline": "2022-03-03", "location": "Smedestraat 2, 6411 CR, Heerlen ", "city": "Heerlen", "country": "Netherlands", "position": "Management", "field": "N/A", "salary": "max. \u00e2\u0082\u00ac5943 per month", "max_working_hours": "30.4\u201438", "employer": "Maastricht University (UM)", "job_description": "<p><strong>The role</strong></p><p><strong>&nbsp;</strong>As a project manager, it is your responsibility to bring our projects to a timely and successful end.</p><ul> <li>Acquisition:<br> You play an important role in connecting to our ecosystem on the Brightlands Smart Services Campus in Heerlen. This includes the active acquisition of new projects and identifying &amp; analyzing opportunities. You represent BISS in regular meetings to connect the different stakeholders. The acquisition is a shared responsibility between the project manager, BISS&rsquo; Principal Investigators (Professors from Maastricht University who are part of the BISS team), and BISS&rsquo; Managing Director.&nbsp;</li> <li>Project definition:<br> You support the BISS Principal Investigators in formulating draft project definitions and deliverables. The PI&rsquo;s act as Product Owners and are responsible for the content of the project definition, whereas you are responsible for making sure there are definitions and deliverables in place before the project commences, and that there is a realistic timeline in which milestones are defined.</li> <li>Project management:<br> The projects that you manage, are carefully planned, and progress is monitored. We currently use a SCRUM board, but you are explicitly welcome to make this role your own by implementing your preferred processes.</li> <li>Leading the project:<br> You select the right team members, based on expertise and availability. You motivate and coach the project members. You ensure that their roles are well-defined and that everyone&rsquo;s responsibilities are clear. You are their first point of contact regarding the project. You lead the team members, as well as the meetings with different stakeholders. You have the authority to decide on how to prioritize tasks within the project definition and within budget. In case of larger desired changes of scope or budget, you decide together with the Managing Director (MD).</li> <li>Project Reporting:<br> Not only do you ensure that customers and partners receive an end-report and evaluate the project with us, you pro-actively identify additional ways to give the project external visibility. You actively use your lessons learned to make the next project better, smoother, or more successful. You monitor the project budget, together with MD and PI.</li> <li>Developing the team:<br> You are the project manager for our most strategic, or larger projects. At the same time, you develop the project management skills of the researchers and developers in the BISS team, so that they can do project management for smaller projects themselves. You implement joint processes and approaches and share best practices, to support the team. You advise them when needed, without taking over.</li> </ul>", "requirements_description": "<div class=\"_Section_Section_26Kh4ZAK\">\n<h2 class=\"_Section_title_2lZ2dR7H\">\n<span>Requirements</span>\n</h2>\n<div class=\"_Section_body_1yeeKPXy\">\n<p><strong>We ask</strong></p>\n<ul>\n<li>5+ years experience in project management, demonstrable success in driving for results.</li>\n<li>An academic degree, Ph.D. is a plus but not necessary.</li>\n<li>Project management certification is a strong plus (SCRUM master, PRINCE, PMP, Agile, etc).</li>\n<li>Fluent in English and Dutch (at least IELTS 7, CEFR C1, or equivalent), or willing to learn quickly.</li>\n<li>You are a strong communicator, both verbally and in writing. You are persuasive and are skilled in presenting ideas and managing expectations.</li>\n<li>Your work is organized and structured, and you are able to keep the big picture in focus while zooming in to solve a specific issue. You will need to be creative and resourceful in overcoming challenges.</li>\n<li>We are looking for excellent interpersonal skills and a high degree of professionalism.</li>\n<li>It certainly helps if you have a broad interest in scientific research, innovation, and digital technologies.</li>\n</ul>\n</div>\n</div>", "conditions_description": "<div class=\"_Section_Section_26Kh4ZAK\">\n<h2 class=\"_Section_title_2lZ2dR7H\">\n<span>Conditions of employment</span>\n</h2>\n<div class=\"_Section_body_1yeeKPXy\">\n<p><strong>Fixed-term</strong> contract: 1 year.</p>\n<p><strong>We offer</strong></p>\n<ul>\n<li>We offer a varied and dynamic role, as part of a growing team, in a vibrant innovation community.</li>\n<li>You are appointed at Maastricht University, a young university in the heart of Europe, with a distinctly global perspective and a strong focus on innovative research and education.</li>\n<li>The terms of employment of Maastricht University are set out in the Collective Labour Agreement of Dutch Universities (CAO), supplemented with local UM provisions. For more information on terms of employment, please visit our website\u00a0<a href=\"http://www.maastrichtuniversity.nl/\">www.maastrichtuniversity.nl</a>\u00a0&gt;\u00a0About UM &gt; <a href=\"https://www.maastrichtuniversity.nl/about-um/working-um\">Working at UM</a></li>\n<li>The salary depends on qualifications and work experience, with a maximum of \u20ac 5943\u00a0per month, based on a full-time appointment (38 hours/week). On top of this, there is an 8% holiday allowance and an 8.3% end-of-the-year allowance.</li>\n<li>We offer an attractive package of benefits, such as substantial leave arrangements, parental leave packages, retirement benefits, and application for fiscal arrangements for employees from abroad;</li>\n<li>38 hours per week (less is a possibility with a minimum of 30,4 hours a week)</li>\n<li>We start with an appointment of 1 year, with the possibility for a permanent contract if the match is right.</li>\n</ul>\n</div>\n</div>", "employer_description": "<div class=\"_Section_Section_26Kh4ZAK\">\n<h2 class=\"_Section_title_2lZ2dR7H\">\n<span>Employer</span>\n</h2>\n<div class=\"_Section_body_1yeeKPXy\">\n<h4>Maastricht University</h4>\n<p><strong>Employer</strong></p>\n<p>Maastricht University is renowned for its unique, innovative, problem-based learning system, which is characterized by a small-scale and student-oriented approach. Research at UM is characterized by a multidisciplinary and thematic approach and is concentrated in research institutes and schools. Maastricht University has around 20,000 students and 4,700 employees. Reflecting the university's strong international profile, a fair amount of both students and staff are from abroad. The university hosts 6 faculties: Faculty of Health, Medicine and Life Sciences, Faculty of Law, School of Business and Economics, Faculty of Science and Engineering, Faculty of Arts and Social Sciences, Faculty of Psychology and Neuroscience.</p>\n<p><a href=\"https://www.biss-institute.com/\">https://www.biss-institute.com/</a></p>\n<p>BISS \u2013 Brightlands Institute for Smart Society is an interfaculty institute, designed as the UM platform for translational data-driven innovation, research &amp; education joining expertise and staff from all UM faculties, in the context of the Brightlands Smart Services Campus ecosystem. The institute is built around a team of researchers fostering interdisciplinary innovation on the edge of fundamental research and societal challenges. BISS enhances the collaborative application of academic knowledge and expertise from a variety of fields to address business and societal challenges accelerating innovation and creating societal impact in a digitizing world. BISS aims to empower people and organizations through the socially responsible application of digital technologies.</p>\n<p>BISS is located in Heerlen at the Brightlands Smart Services Campus (BSSC). The BSSC ecosystem combines science, entrepreneurship, talent, and state-of-the-art facilities in one place. The campus enables research institutes and companies to innovate faster and more efficiently and attracts innovative start-ups. The knowledge institutions collaborate closely with the campus organization in various programs.</p>\n</div>\n</div>", "department_description": "N/A", "additional_information": "<div class=\"_Section_Section_26Kh4ZAK\">\n<h2 class=\"_Section_title_2lZ2dR7H\">\n<span>Additional information</span>\n</h2>\n<div class=\"_Section_body_1yeeKPXy\">\n<p><strong>Diversity statement</strong></p>\n<p>Maastricht University is an international organization, embracing a diverse student and staff population. We strongly believe that diversity is our advantage and creating an inclusive working climate in which students and staff feel a valued member of the UM community is therefore a top strategic priority. UM values <a href=\"https://www.maastrichtuniversity.nl/about-um/diversity-inclusivity/your-di-vision-um\">diversity</a> within its community and encourages you to apply.</p>\n<p>Please apply via Academic Transfer.\u00a0We hope to fill this position as soon as possible. If you have any questions about BISS or the role, feel free to contact Judith Kamalski, BISS\u2019 Managing Director.</p>\n<p>You can send your application to this e-mail: <a href=\"mailto:RecruitmentFSE@maastrichtuniversity.nl\">RecruitmentFSE@maastrichtuniversity.nl</a></p>\n</div>\n</div>", "apply_link": "N/A", "employer_link": "http://www.maastrichtuniversity.nl/", "job_type": "TEMPORARY", "logo": "https://www.academictransfer.com/media/derivatives/logos/um-en-wide/0c1dd83b22059d7ee90c38e0f0c254be.jpg"}