{"url": "http://www.academictransfer.com/en/309494/team-leader-data-science-team/apply/", "title": "Team leader Data Science Team", "publish_date": "2022-02-15", "deadline": "2022-08-14", "location": "Droevendaalsesteeg, 6708 PB, Wageningen ", "city": "Wageningen", "country": "Netherlands", "position": "Researcher", "field": "Food", "salary": "N/A", "max_working_hours": "36", "employer": "Wageningen University & Research", "job_description": "Do you love to work with a highly skilled, enthusiastic and international team of data scientists? Are you keen about developing team members and the team? Are you just as passionate about creating more knowledge from data as we are? We have a vacancy for a team leader to lead the Data Science Team (16 fte) at Wageningen Food Safety Research (WFSR).<br><br><strong>WE ARE LOOKING FOR</strong><br>The use of data science is crucial to improve the safety of our food and feed. Within WFSR we have created a new data science team combining a broad range of skills and knowhow to apply data science in the domain of food safety. As team manager of the data science team, you are responsible for (developing) the team and the team members and also for the research and projects carried out by the team.<br><br>The team leader:<ul> <li>is part of the management team of the business unit and you contribute to the development and implementation of the strategic plans of the business unit with your colleague team leaders;</li> <li>is responsible for HR tasks such as implementing HR policy, absenteeism supervision, training and development plan, etc.</li> <li>is responsible for monitoring the scientific and technical quality of the research;</li> <li>builds and maintains valuable relationships with other teams, experts, research institutes, food authorities, and companies;</li> <li>acts as a motivated ambassador for data science and the WFSR data science team - within WFSR, WUR and beyond and by doing so acquires projects for the team;</li> <li>ensures that the projects placed within the data science team are implemented WFSR-wide where necessary/meaningful and plans the capacity of the team members in the projects.</li> </ul> In our projects we use machine learning and artificial intelligence, bioinformatics, (big) data analytics, programming, image processing, and data visualisation. For example, we develop emerging risk identification systems to identify (un)known hazards in the food supply chain. We have used artificial intelligence technologies for the identification of chemicals that may be used in food supplements that were not known to us yet. We develop bioinformatics methods to improve the discovery and characterization of microbial pathogens in the food chain.<br>The global food system faces many challenges with the changing climate, the need for sustainability, the changing societal demands, and the vulnerability of the integrity of the food system.", "requirements_description": "<div class=\"_Section_Section_26Kh4ZAK\">\n<h2 class=\"_Section_title_2lZ2dR7H\">\n<span>Requirements</span>\n</h2>\n<div class=\"_Section_body_1yeeKPXy\">\n    We are looking for a team leader:<ul>\n<li>Who has an Msc degree and a good understanding of doing research and working in a research organization.</li>\n<li>Who has a solid understanding of data science and the benefits of the different techniques and tools that are being used. Someone who is able to evaluate the merits of the work and has a vision of the future projects.</li>\n<li>Who has shown excellent people management skills and loves to coach and stimulate the further development of the professionals in the team.</li>\n<li>Someone with passion for research and a strong interest in the agrifood domain.</li>\n<li>Who has, preferably, a strong network relevant to the data science work being performed at WFSR.</li>\n<li>Who is fluent in English and speaking Dutch on conversation level is a must.</li>\n</ul>\n</div>\n</div>", "conditions_description": "<div class=\"_Section_Section_26Kh4ZAK\">\n<h2 class=\"_Section_title_2lZ2dR7H\">\n<span>Conditions of employment</span>\n</h2>\n<div class=\"_Section_body_1yeeKPXy\">\n    \n            \n            \n            Wageningen University &amp; Research offers excellent <a href=\"https://www.wur.nl/en/Jobs/Tailor-made-conditions-of-employment.htm\">terms of employment</a>. A few highlights from our Collective Labour Agreement include:<ul>\n<li>working hours that can be discussed and arranged so that they allow for the best possible work-life balance;</li>\n<li>the option to accrue additional compensation hours by working more, up to 40 hours per week;</li>\n<li>sabbatical leave, study leave, and partially paid parental leave;</li>\n<li>there is a strong focus on vitality and you can make use of the sports facilities available on campus for a small fee;</li>\n<li>a fixed December bonus of 4% ;</li>\n<li>excellent pension scheme.</li>\n</ul> In addition to these first-rate employee benefits, you will of course receive a good salary. We offer, depending on your experience, a competitive gross salary of between \u00e2\u0082\u00ac 4.465,- and \u00e2\u0082\u00ac 6.710,- for a full-time working week of 36 hours, in accordance with the <a href=\"https://www.wur.nl/nl/show/CAO-Stichting-WR-1-april-2019-tot-en-met-31-maart-2021.htm\">CLA Wageningen Research</a> (scale 13).<br/><br/>Wageningen University &amp; Research encourages internal advancement opportunities and mobility with an internal recruitment policy. There are plenty of options for personal initiative in a learning environment, and we provide excellent training opportunities. We are offering a multi-faceted position in an international environment with a pleasant and open working atmosphere.<br/>You are going to work at the greenest and most innovative campus in The Netherlands, and at a university that has been chosen as the \"<a></a><a href=\"https://www.wur.nl/en/newsarticle/Wageningen-maintains-leading-position-among-Dutch-universities.htm\">Best University</a>\" in the Netherlands for the 16th consecutive time.<br/><br/><strong>Coming from abroad</strong><br/>Wageningen University &amp; Research is the university and research centre for life sciences. The themes we deal with are relevant to everyone around the world and Wageningen, therefore, has a large international community and a lot to offer to international employees. Applicants from abroad moving to the Netherlands may qualify for a special <a href=\"https://www.wur.nl/en/Jobs/Moving-to-the-Netherlands.htm\">tax relief</a>, known as the 30% ruling. Our team of advisors on Dutch immigration procedures will help you with the visa application procedures for yourself and, if applicable, for your family.<br/><br/>Feeling welcome also has everything to do with being well informed. Wageningen University &amp; Research's <a href=\"https://www.wur.nl/en/International-staff.htm\">International Community</a> page contains practical information about what we can do to support international employees and students coming to Wageningen. Furthermore, we can assist you with any additional advice and information about helping your partner to find a job, housing, schooling, and other issues.\n          \n  </div>\n</div>", "employer_description": "<div class=\"_Section_Section_26Kh4ZAK\">\n<h2 class=\"_Section_title_2lZ2dR7H\">\n<span>Employer</span>\n</h2>\n<div class=\"_Section_body_1yeeKPXy\">\n<h4>Wageningen University &amp; Research</h4>\n              \n               Wageningen University &amp; Research<br/>The mission of Wageningen University and Research is \"To explore the potential of nature to improve the quality of life\". Under the banner Wageningen University &amp; Research, Wageningen University and the specialised research institutes of the Wageningen Research Foundation have joined forces in contributing to finding solutions to important questions in the domain of healthy food and living environment. With its roughly 30 branches, 6.800 employees and 12.900 students, Wageningen University &amp; Research is one of the leading organisations in its domain. An integrated approach to problems and the cooperation between various disciplines are at the heart of Wageningen's unique approach. WUR has been named Best Employer in the Education category for 2019-2020. Read the 5 reasons why your future colleagues enjoy working at WUR and watch this video to get an idea of our green campus! We will recruit for the vacancy ourselves, so no employment agencies please. However, sharing in your network is appreciated\n              \n            \n  </div>\n</div>", "department_description": "N/A", "additional_information": "<div class=\"_Section_Section_26Kh4ZAK\">\n<h2 class=\"_Section_title_2lZ2dR7H\">\n<span>Additional information</span>\n</h2>\n<div class=\"_Section_body_1yeeKPXy\">\n    For more information about this position, please contact:<br/>Ir. Marloes Groenewegen, interim team leader, 06 - 42514331 or by <a href=\"mailto:Marloes.groenewegen@wur.nl\">Marloes.groenewegen@wur.nl</a><br/><br/>For more information about the procedure, please contact:<br/>Talitha Bots, HR Advisor, 0317 - 48 63 17 of by <a href=\"mailto:talitha.bots@wur.nl\">talitha.bots@wur.nl</a><br/><br/><strong>Do you want to apply?</strong><br/>You can apply directly using the apply button on the vacancy page on our website which will allow us to process your personal information with your approval.<br/>Don't wait with your application. As soon as we have received your application and we see a match, we will invite you for an interview.<br/>The job interviews will be held in Dutch and English. An assessment can be part of the application procedure.<br/><br/><strong>Equal opportunities</strong><br/>Wageningen University &amp; Research (WUR) employs a large number of people with very different backgrounds and qualities, who inspire and motivate each other. We want every talent to feel at home in our organisation and be offered the same career opportunities. We therefore especially welcome applications from people who are underrepresented at WUR. For more information please go to our <a href=\"https://www.wur.nl/en/Jobs/Why-choose-WUR/WUR-inclusive-employer.htm\">inclusivity page</a>. A good example of how WUR deals with inclusiveness can be read on the page working at WUR with a <a href=\"https://www.wur.nl/en/Jobs/Why-choose-WUR/Working-functional-impairment.htm\">functional impairment</a>.\n  </div>\n</div>", "apply_link": "N/A", "employer_link": "http://www.wageningenur.nl", "job_type": "TEMPORARY", "logo": "https://www.academictransfer.com/media/derivatives/logos/wur-en-wide/31c47a792df1676c8caff07d40ee84ec.png"}