{"url": "https://www.academictransfer.com/en/309568/promovendus-kwaliteit-van-routine-zorgdata-10-fte-voor-4-jaar/apply/", "title": "Promovendus \"kwaliteit van routine zorgdata\" 1,0 fte voor 4 jaar", "publish_date": "2022-02-17", "deadline": "2022-03-06", "location": "Warandelaan 2, 5037 AB, Tilburg ", "city": "Tilburg", "country": "Netherlands", "position": "Other Category", "field": "Gedrag en maatschappij", "salary": "N/A", "max_working_hours": "40", "employer": "Tilburg University", "job_description": "<p><strong>Functie&nbsp;</strong><br> Binnen de academische werkplaats &lsquo;kwaliteit van huisartsen en ziekenhuiszorg&rsquo; zoeken wij een promovendus voor het project &lsquo;kwaliteit van routine zorgdata&rsquo;. Het project wordt uitgevoerd vanuit Tranzo, onderdeel van de Tilburg School of Social and Behavioral Sciences van Tilburg University.&nbsp;</p><p>&nbsp;</p><p><strong>Achtergrond</strong><br> Ons zorgstelsel brengt een groeiende hoeveelheid gegevens voort. Declaraties, elektronische pati&euml;ntendossiers, gezondheids-apps. Die gegevens worden gebruikt in het zorgproces zelf, maar steeds vaker ook voor onderzoek en statistiek. Maar zijn die gegevens daar eigenlijk wel voor geschikt? En hoe kom je daar achter? Welke factoren bevorderen of belemmeren de kwaliteit van gegevens? En hoe kun je de kwaliteit van gegevens verbeteren? Dit zijn vragen waarmee je je gaat bezig houden als promovendus.&nbsp;</p><p>&nbsp;</p><p><strong>Wat ga je doen?&nbsp;</strong><br> De invulling van je promotietraject ligt nog niet vast. De eerste taak is dan ook het uitwerken van de idee&euml;n die daarover bestaan bij jou en je begeleiders. Je werk bestaat uit desk-research, literatuuronderzoek, analyse van grote gegevensbestanden, praten met zorgverleners, pati&euml;nten en beleidsmakers. Zo kun je bijvoorbeeld gebruik maken van declaratiebestanden en gegevens uit elektronische pati&euml;ntendossiers van zorgverleners. Je werkt samen met onderzoekers bij het Nivel en bij het Zorginstituut en je onderhoudt betrekkingen met andere relevante partijen. Een deel van het werk zal betrekking hebben op gegevens die verzameld worden in Nivel Zorgregistraties eerste lijn en gegevens uit zorgdeclaraties. &nbsp;</p>", "requirements_description": "N/A", "conditions_description": "N/A", "employer_description": "N/A", "department_description": "N/A", "additional_information": "N/A", "apply_link": "N/A", "employer_link": "http://www.uvt.nl/", "job_type": "TEMPORARY", "logo": "https://www.academictransfer.com/media/derivatives/logos/uvt-en-wide/8bbc452c034c71750be03f93fe602eca.png"}