{"url": "https://www.academictransfer.com/en/309398/docent-verpleegkunde-06-10-fte/apply/", "title": "docent Verpleegkunde (0,6 - 1,0 fte)", "publish_date": "2022-02-11", "deadline": "2022-03-06", "location": "Weesperzijde 190, 1097 DZ, Amsterdam ", "city": "Amsterdam", "country": "Netherlands", "position": "Lecturer", "field": "Gezondheid", "salary": "N/A", "max_working_hours": "24\u201440", "employer": "Amsterdam University of Applied Sciences (AUAS/HvA))", "job_description": "<p>Wil jij zorgen voor een nieuwe generatie verpleegkundigen?</p><p>Ben jij op een punt in je carri&egrave;re aangekomen dat je jouw kennis en ervaring wilt overbrengen op een nieuwe generatie? Vanwege een toename van studenten bij onze opleiding, zijn wij zijn op zoek naar iemand uit de praktijk of het zorgonderwijs die er energie van krijgt om voor de (soms virtuele) klas te staan en jonge mensen te ontwikkelen tot betrokken zorgprofessionals. Deze functie is ook goed te combineren met een baan in de praktijk.</p><p>.. en zorgen voor toekomstbestendig onderwijs?</p><p>Uiteraard besteed je de grootste zorg aan je lessen en toets je de leerresultaten van de studenten die je bovendien begeleidt bij hun studieloopbaan, projecten en stages. Daarnaast kijk je samen met collega&rsquo;s naar innovatiemogelijkheden en ben je in deze functie medeverantwoordelijk voor de ontwikkeling van verschillende onderwijsonderdelen van het curriculum. Verder heb je aantoonbare ervaring met het aansturen van grote projecten.</p>", "requirements_description": "N/A", "conditions_description": "N/A", "employer_description": "N/A", "department_description": "N/A", "additional_information": "N/A", "apply_link": "N/A", "employer_link": "http://www.hva.nl/", "job_type": "TEMPORARY", "logo": "https://www.academictransfer.com/media/derivatives/logos/hogeschool-van-amsterdam-hva-en-wide/cb2f10b1b9a156c6b64d5f60fcfe5ef5.png"}