{"url": "http://www.academictransfer.com/en/309480/docent-onderzoekers-toekomstbestendig-bedrijfsleven/", "title": "Docent-onderzoekers Toekomstbestendig Bedrijfsleven", "publish_date": "2022-02-15", "deadline": "2022-02-20", "location": "Ligne 1, 6131 MT, Sittard ", "city": "Sittard", "country": "Netherlands", "position": "Lecturer", "field": "Economie", "salary": "N/A", "max_working_hours": "24", "employer": "Zuyd University", "job_description": "<p>Het cluster laat zich voor zijn onderzoek leiden door vraagstukken rond economische innovatie van bedrijven en organisaties uit het regionale MKB en door inhoudelijke innovatie van het hoger economisch beroepsonderwijs. Het onderzoekscluster stelt twee onderzoeks&shy;lijnen centraal: digitale economie en meervoudige waardecreatie.</p><p>Onder de onderzoekslijn digitale economie wordt praktijkgericht onderzoek verricht naar geautomatiseerde dataverwerving, dataverwerking en naar de ontwikkeling en toepassing van geautomatiseerde redeneersystemen ten behoeve van een breed scala aan praktijkgerichte vraagstukken van bedrijven en organisaties. Vraagstukken rondom bijvoorbeeld toekomstige employability en competenties, arbeids&shy;marktonderzoek worden met regionale partners op een innovatieve wijze aangepakt.</p><p>Onder de onderzoekslijn meervoudige waardecreatie wordt onderzoek verricht naar economisch handelen dat een bijdrage kan leveren aan andere waarden dan alleen financi&euml;le waarde (financial capital): human capital, intellectual capital, manufactured capital, social capital en natural capital.</p><p><strong>Tot je werkzaamheden behoren:</strong></p><ul> <li>Het begeleiden en het samen leiden met het bedrijfsleven van relevante onderzoeksprojecten gericht op praktische toepassingen;</li> <li>projectmatig (kan ook tijdelijk bijvoorbeeld gedurende een semester) uitvoeren van lectoraatswerkzaamheden, zoals het doen van literatuuronderzoek, ontwikkelen van onderzoeksinstrument en/of ontwikkelen van boekje, mini-seminar of andere uiting over onderzoeksresultaten (valorisatie);</li> <li>(mede)acquireren en begeleiden van onderzoeksprojecten en het bewaken van de voortgang en de kwaliteit;</li> <li>het betrekken en ondersteunen van studenten, docenten en het bedrijfsleven bij onderzoeksprojecten binnen het onderzoekscluster;</li> <li>leveren van een bijdrage aan het onderwijs van Zuyd Hogeschool en aan de verbinding tussen onderwijs, onderzoek en leven lang leren;</li> <li>vormen van een (Limburgs) netwerk door de ori&euml;ntatie op en duurzame samenwerking met regionale kennisinstellingen, overheden, zorgorganisaties, bedrijven en overige instanties die relevant zijn voor het kennisdomein van het onderzoekscluster;</li> <li>(mede)publiceren in relevante nationale en internationale tijdschriften en presenteren op conferenties.</li> </ul>", "requirements_description": "N/A", "conditions_description": "N/A", "employer_description": "N/A", "department_description": "N/A", "additional_information": "N/A", "apply_link": "N/A", "employer_link": "http://www.zuyd.nl/", "job_type": "TEMPORARY", "logo": "https://www.academictransfer.com/media/derivatives/logos/hogeschool-zuyd-hz-en-wide/57ad74daae8a961c74da266af4fbac43.png"}