{"url": "https://www.academictransfer.com/en/309580/associate-professor-global-performance-history/apply/", "title": "Associate Professor Global Performance History", "publish_date": "2022-02-17", "deadline": "2022-03-31", "location": "Kloveniersburgwal 48, 1012 CX, Amsterdam ", "city": "Amsterdam", "country": "Netherlands", "position": "Associate Professor", "field": "Language and culture", "salary": "\u00e2\u0082\u00ac5294\u00e2\u0080\u0094\u00e2\u0082\u00ac7079 per month", "max_working_hours": "38", "employer": "University of Amsterdam (UvA)", "job_description": "<p>Do you enjoy working in an interdisciplinary research setting and do you want to be active in a variety of educational programmes? The&nbsp;<a href=\"http://ash.uva.nl/\">Amsterdam School of Historical Studies</a>&nbsp;is looking for a dynamic and ambitious associate professor Global Performance History. ASH is one of the five Research Schools within the&nbsp;<a href=\"https://aihr.uva.nl/\">Amsterdam Institute for Humanities Research</a>.&nbsp;ASH represents and fosters the study of the human past from Antiquity to the present day. It brings together more than 200 academics from Amsterdam&rsquo;s Faculty of Humanities, who participate in ca. 25&nbsp;research groups.</p><p>You will be based in the department&nbsp;<a href=\"https://www.uva.nl/over-de-uva/organisatie/faculteiten/faculteit-der-geesteswetenschappen/de-faculteit/afdelingen/afdelingen.html\">Art and Culture Studies</a>,&nbsp;in the Theatre Studies group. Art and Culture Studies is a large academic department that connects research and teaching in Art History, Heritage and Memory Studies, Museum Studies, Cultural Studies, Book Studies, Music Studies, and Theatre Studies and appreciates interdisciplinary collaborations. Theatre Studies includes a BA and a MA programme, a Dual Master International Dramaturgy and is part of the Research Master Art and Performance Studies.</p><p>To strengthen its senior staff, the department of Art and Culture Studies invites applications for an associate professor Global Performance History.</p><p><strong>What are you going to do</strong></p><p>You will provide teaching in a dynamic context with ample opportunities for the development of innovative teaching methods.&nbsp;You will contribute to ASH with research activities related to the historical dimensions of performance cultures, including theatre, dance, rituals and everyday life performances, departing from global, transnational and transcultural historical perspectives. We are particularly looking for candidates with&nbsp;expertise in historical performance practices in its various facets (textual, embodied, spatial, etc.), preferably with respect to colonial encounters and the ways these encounters shaped the West and Non-West alike. &nbsp;</p><p>You are expected to take a leading role in the ASH research group&nbsp;<strong>Historical Theatre Research: Text, Performance, and Production of Knowledge</strong><strong>,&nbsp;</strong>developing new terrains of research and envisioning an inspiring and relevant future research agenda. Moreover,&nbsp;you will be actively involved in inter- and transdisciplinary historical research at the UvA, establishing and seeking out co-operations with scholars in the history of religion, art history, architecture, musicology and cultural studies. You will collaborate with archival and artistic institutions in The Netherlands and abroad.&nbsp;</p><p>The successful candidate will teach and develop innovative teaching activities both as part of and outside the programme of the Theatre Studies group, which includes the Bachelor and Master programmes Theatre Studies, the Dual MA Program International Dramaturgy and the Research Master program Art and Performance Studies. Preferably, you will contribute to develop interdisciplinary reaching activities together with staff members from other groups in the Art and Culture Studies department. He or she will supervise both bachelor and master students, as well as PhD&rsquo;s.</p><p>The candidate will independently conduct research in the areas mentioned, resulting in contributions to leading international publications. The candidate will be expected to raise funds for and be involved in (international) research projects. You will also take an active role in other research activities, ranging from research seminars to board memberships and grant applications. Finally, the candidate will expected play a role in the departmental organization, taking responsibility, together with the professor holding the Chair of Theatre Studies, for a administrative and managerial duties within and outside the department of Art and Culture Studies.</p><p><strong>Tasks and responsibilities:</strong></p><ul> <li>conducting independent research in historical performance studies from a global perspective, resulting in academic publications in peer-reviewed international journals and/or books;</li> <li>actively pursuing external funding for research, notably funding from research councils, national as well as international;</li> <li>actively contributing to and developing national and international research networks and other forms of cooperation;</li> <li>actively contributing to the research activities of ASH;</li> <li>developing, coordinating and teaching courses in both Dutch and English, in the bachelor and master programmes;</li> <li>supervising Bachelor and Master theses and tutoring students; co-supervising PhD theses;</li> <li>actively contributing to the development and improvement of the broader teaching programmes in the department;</li> <li>taking part in committees and working groups and carrying out departmental administrative tasks as directed.</li> </ul>", "requirements_description": "<div class=\"_Section_Section_26Kh4ZAK\">\n<h2 class=\"_Section_title_2lZ2dR7H\">\n<span>Requirements</span>\n</h2>\n<div class=\"_Section_body_1yeeKPXy\">\n<p><strong>What do we require</strong></p>\n<p>You are a renowned, dynamic, collegial and motivated researcher\u00a0with expertise in the historical research of theatre and performance in all its facets.\u00a0You have developed innovative research with a broad and interdisciplinary scope, and have a track record in applications for considerable funds, and experience in organizing large research projects.\u00a0The candidate is keenly involved in current historical debates in the arts and humanities. You are able to position your research in comparative and transhistorical studies of performance, and can develop (new) historiographic approaches, especially out of a global perspective, with a\u00a0critical attitude towards Western epistemic systems.\u00a0An interest in theories and practices of archiving and curating intangible heritage as well as an openness towards new avenues of research in historical digital humanities is expected.</p>\n<p><strong>Your experience and profile</strong></p>\n<ul>\n<li>PhD in in Performance and/ or Theatre Studies; or in History with a focus on performative practices;</li>\n<li>international teaching experience, preferably at various levels of university education;</li>\n<li>verifiably broadly deployable and prepared to contribute to the teaching in other curricula;</li>\n<li>outstanding research skills, demonstrated by publications in international refereed academic journals and academic publishers;</li>\n<li>fundraising experience, e.g. acquisition of research projects through government agencies or the private sector;</li>\n<li>proven experience in supervising PhD research;</li>\n<li>proven leadership qualities; experience in administration, organisation and coordination of university education and research;</li>\n<li>flexible, readiness to participate in interdisciplinary cooperation and multidisciplinary development (verifiably focused on collaboration with other disciplines);</li>\n<li>excellent command of English. If Dutch is not the mother tongue, an active and passive command must be acquired within two years of the employment contract and the state examination for Dutch as a Second Language programme II must be passed;</li>\n<li>amenable to personal and professional development that focuses on broad deployment within the department;</li>\n<li>University Teaching Qualification, or is willing to obtain this within two years after employment.</li>\n</ul>\n</div>\n</div>", "conditions_description": "<div class=\"_Section_Section_26Kh4ZAK\">\n<h2 class=\"_Section_title_2lZ2dR7H\">\n<span>Conditions of employment</span>\n</h2>\n<div class=\"_Section_body_1yeeKPXy\">\n<p><strong>Our offer</strong></p>\n<p>We offer permanent employment upon a satisfactory evaluation following a temporary employment contract of a maximum of 18 months with a probationary period of two months. If you already have an employment contract with the UvA, we offer permanent employment upon a satisfactory evaluation following a temporary employment contract of a maximum of 12 months. The employment is for 38 hours per week. Preferred starting date is between 1 September 2022 and 1 February 2023.</p>\n<p>The gross monthly salary, based on 38 hours per week, ranges between \u20ac 5,294 (scale 13) to \u20ac 7,079 (scale 14) dependent on relevant experience. This sum does not include the 8% holiday allowance and the 8,3% year-end allowance. A favourable tax agreement, the \u201830% ruling\u2019, may apply to non-Dutch applicants. The\u00a0<a href=\"https://www.universiteitenvannederland.nl/en_GB/cao-universiteiten.html\">Collective Labour Agreement of Dutch Universities</a>\u00a0is applicable.</p>\n<p><strong>What else do we offer?</strong></p>\n<ul>\n<li>excellent possibilities for further professional development and education;</li>\n<li>an enthusiastic, inspiring and professional academic team;</li>\n<li>the opportunity to collaborate with leading researchers at research institutes that - partly as a result of their interdisciplinary approach - are world renowned.</li>\n</ul>\n</div>\n</div>", "employer_description": "<div class=\"_Section_Section_26Kh4ZAK\">\n<h2 class=\"_Section_title_2lZ2dR7H\">\n<span>Employer</span>\n</h2>\n<div class=\"_Section_body_1yeeKPXy\">\n<h4>University of Amsterdam</h4>\n<p>The\u00a0<a href=\"https://www.uva.nl/en/about-the-uva/about-the-university/about-the-university.html\">University of Amsterdam</a>\u00a0is the Netherlands' largest university, offering the widest range of academic programmes. At the UvA, 30,000 students, 6,000 staff members and 3,000 PhD candidates study and work in a diverse range of fields, connected by a culture of curiosity.</p>\n</div>\n</div>", "department_description": "N/A", "additional_information": "<div class=\"_Section_Section_26Kh4ZAK\">\n<h2 class=\"_Section_title_2lZ2dR7H\">\n<span>Additional information</span>\n</h2>\n<div class=\"_Section_body_1yeeKPXy\">\n<p><strong>Questions</strong></p>\n<p>Do you have any questions or do you require additional information? Please contact (during office hours):</p>\n<ul>\n<li><a href=\"mailto:K.E.Rottger@uva.nl\">Prof. K.E. R\u00f6ttger</a>\u00a0(search committee chair)</li>\n</ul>\n</div>\n</div>", "apply_link": "N/A", "employer_link": "http://www.uva.nl/", "job_type": "TEMPORARY", "logo": "https://www.academictransfer.com/media/derivatives/logos/uva-en-wide/22e1319f66e44f07d56047b996668aa9.png"}