{"url": "http://www.academictransfer.com/en/309558/lecturer-in-strategy-at-the-department-of-organisation-strategy-and-entrepreneurship-maastricht-university-school-of-business-and-economics/apply/", "title": "Lecturer in Strategy at the Department of Organisation, Strategy and Entrepreneurship, Maastricht University School of Business and Economics", "publish_date": "2022-02-16", "deadline": "2022-03-31", "location": "Tongersestraat 53, 6211 LM, Maastricht ", "city": "Maastricht", "country": "Netherlands", "position": "Lecturer", "field": "Economics; Behaviour and society", "salary": "\u00e2\u0082\u00ac2846\u00e2\u0080\u0094\u00e2\u0082\u00ac4490 per month", "max_working_hours": "38", "employer": "Maastricht University (UM)", "job_description": "<p>The Department of Organisation, Strategy and Entrepreneurship at the School of Business and Economics of Maastricht University, is looking for an ambitious Lecturer in Strategy who&nbsp; is passionate about teaching. We combine research-based education with a strong focus on societal impact. Our graduates contribute to society by applying problem-solving skills and state of the art knowledge. With Problem-Based Learning, we offer a student-centered learning approach that is different from traditional university education.</p><p>As a lecturer you will have a wide variety of tasks and responsibilities in the realm of teaching. These include the execution, development and coordination of courses in the curriculum of the department, tutoring of student groups, grading of exercises and examinations, and thesis supervision. The job offers involvement in different courses on a regular basis, therefore flexibility and self-reliance are highly appreciated.</p>", "requirements_description": "<div class=\"_Section_Section_26Kh4ZAK\">\n<h2 class=\"_Section_title_2lZ2dR7H\">\n<span>Requirements</span>\n</h2>\n<div class=\"_Section_body_1yeeKPXy\">\n<p><strong>You have:</strong></p>\n<ul>\n<li>A masters or PhD degree;</li>\n<li>A background in strategy, for instance strategic management, strategic innovation, corporate strategy, international business;</li>\n<li>A powerful drive to further your career and the success of Maastricht University in your role as a lecturer;</li>\n<li>A passion for working in a collaborative learning environment;</li>\n<li>Demonstrated experience in teaching and the ambition to make a positive impact on the students of SBE;</li>\n<li>Fluent English language skills, both orally and in writing;</li>\n<li>Knowledge of R is an advantage.</li>\n</ul>\n</div>\n</div>", "conditions_description": "<div class=\"_Section_Section_26Kh4ZAK\">\n<h2 class=\"_Section_title_2lZ2dR7H\">\n<span>Conditions of employment</span>\n</h2>\n<div class=\"_Section_body_1yeeKPXy\">\n<p><strong>Fixed-term</strong> contract: Temporary, 24 months.</p>\n<p><strong>We offer:</strong></p>\n<ul>\n<li>A fulltime position (max. 38 hours per week) as lecturer in a highly international environment with an inclusive culture;</li>\n<li>A position at one of the best young business schools in the world;</li>\n<li>Salary scale 10 based on our Collective Labour Agreement (CAO-NU) and your experinces. This implies a gross monthly salary between \u20ac 2.846,- and \u20ac 4.490,- gross per month (based on a full-time appointment);</li>\n<li>Relocation allowances when moving into the Maastricht area (the entire area within 80 km driving distance from the School);</li>\n<li>Attractive benefits package, such as substantial leave arrangements and allowances;</li>\n<li>A temporary contract of two years, with the possibility of extension;</li>\n</ul>\n<p>The terms of employment of Maastricht University are set out in the Collective Labour Agreement of Dutch Universities (CAO), supplemented with local UM provisions. For more information on terms of employment, please visit our website http://www.maastrichtuniversity.nl &gt; About UM &gt; Working at UM</p>\n</div>\n</div>", "employer_description": "<div class=\"_Section_Section_26Kh4ZAK\">\n<h2 class=\"_Section_title_2lZ2dR7H\">\n<span>Employer</span>\n</h2>\n<div class=\"_Section_body_1yeeKPXy\">\n<h4>Maastricht University</h4>\n<p>Maastricht University is renowned for its unique, innovative, problem-based learning system, which is characterized by a small-scale and student-oriented approach. Research at UM is characterized by a multidisciplinary and thematic approach, and is concentrated in research institutes and schools. Maastricht University has around 20.000\u00a0students and 4.700 employees. Reflecting the university's strong international profile, a fair amount of both students and staff are from abroad. The university hosts six faculties: Faculty of Health, Medicine and Life Sciences, Faculty of Law, School of Business and Economics,\u00a0Faculty of Science and Engineering, Faculty of Arts and Social Sciences, Faculty of Psychology and Neuroscience. For more information, see\u00a0<a href=\"http://www.maastrichtuniversity.nl/\">http://www.maastrichtuniversity.nl/</a></p>\n<p><strong>School of Business and Economics</strong><br/>\nSBE is the youngest economics and business faculty in the Netherlands with a distinctively international profile. It belongs to the 1% of business schools worldwide to be triple-crown accredited (EQUIS, AACSB and AMBA). SBE strongly believes in close connections with its academic partners and societal stakeholders, with its students and alumni, and with businesses and organisations in the Limburg Euregion, the Netherlands, Europe and the rest of the world. SBE is committed to increasing the gender diversity of its academic community and wants to stimulate the creation of a more diverse and inclusive community. For more information see: <a href=\"https://www.maastrichtuniversity.nl/about-um/faculties/school-business-and-economics\">https://www.maastrichtuniversity.nl/about-um/faculties/school-business-and-economics</a></p>\n</div>\n</div>", "department_description": "N/A", "additional_information": "<div class=\"_Section_Section_26Kh4ZAK\">\n<h2 class=\"_Section_title_2lZ2dR7H\">\n<span>Additional information</span>\n</h2>\n<div class=\"_Section_body_1yeeKPXy\">\n<p>For more information with respect to the position please contact prof. dr. Juliette Koning, Professor of Business in Society and Head of Department (<a href=\"mailto:j.koning@maastrichtuniversity.nl\">j.koning@maastrichtuniversity.nl</a>)</p>\n</div>\n</div>", "apply_link": "N/A", "employer_link": "http://www.maastrichtuniversity.nl/", "job_type": "TEMPORARY", "logo": "https://www.academictransfer.com/media/derivatives/logos/um-en-wide/0c1dd83b22059d7ee90c38e0f0c254be.jpg"}