{"url": "http://www.academictransfer.com/en/309549/lector-ondermijning/apply/", "title": "Lector Ondermijning", "publish_date": "2022-02-16", "deadline": "2022-03-06", "location": "Onderwijsboulevard 215, 5223 DE, 's-Hertogenbosch ", "city": "'s-Hertogenbosch", "country": "Netherlands", "position": "Other Category", "field": "Gedrag en maatschappij; Recht", "salary": "N/A", "max_working_hours": "24", "employer": "Avans University of Applied Sciences", "job_description": "<p><em>U stelt een onderzoeksplan op, werft opdrachten, onderhoudt contacten met de beroepspraktijk en wetenschap en begeleidt docenten en studenten in hun ontwikkeling.</em></p><p><strong>Mooi werk</strong><br> U werkt voor een vernieuwd lectoraat van het oude Expertisecentrum Veiligheid (EV). U wilt binnen dit thema kennis ontwikkelen door het (laten) verrichten van praktijkgericht onderzoek, waarbij u ervoor zorgt dat de inhoudelijke en methodologische kwaliteit van het onderzoek goed is en de wisselwerking tussen onderzoek, onderwijs en werkveld optimaal. Dit doet u door kenniskringen met docent-onderzoekers in te richten en hen te coachen. Door studenten en professionals een leeromgeving aan te bieden. En door in- en extern op te treden als expert en kwaliteitsdrager van allerlei onderzoeksgerelateerde zaken. U werft extern gefinancierde projecten die passen in de context van het onderwijs en het onderzoeksthema.</p><p>De kern van het onderzoek van het lectoraat is het inzichtelijk maken hoe processen en mechanismen van ondermijning werken, welke rol burgers, professionals en hun organisaties daarbij spelen en hoe deze weerbaarder gemaakt kunnen worden tegen deze ontwikkelingen. Ondermijning wordt gedefinieerd als de ontwrichting van maatschappelijke structuren en fundamenten en aantasting van de rechtstaat, door verwevenheid van onderwereld en bovenwereld, als gevolg van of verbonden met georganiseerde criminaliteit. Ondermijnende criminaliteit is vooral een economisch gedreven maatschappelijk fenomeen.</p><p>Bij de aanpak van ondermijnende criminaliteit zijn veel partijen betrokken op verschillende niveaus. De insteek van de aanpak is al even divers en hangt samen met de vari&euml;teit aan partijen. Belangrijke spelers zijn de opsporingsdiensten en het openbaar ministerie, de belastingdienst en lokale overheden, maar ook professionals in het sociaal domein, de zorg en bijvoorbeeld woningcorporaties. Elk van de betrokken partijen heeft zijn eigen instrumentarium, gekoppeld aan bevoegdheden en expertise. De sleutel tot een effectieve aanpak ligt in samenwerking tussen partijen en de uitwisseling van informatie en expertise.</p><p>En hierin ligt dan ook de kern van de onderzoeksopgave van dit lectoraat:</p><ul> <li>Het vergroten van de weerbaarheid van professionals, dienstverleners en branches. Door zelf weerbaar te zijn tegen directe ondermijnende activiteiten, maar ook door het signaleren van ondermijnende activiteiten en hiertegen in actie te komen</li> <li>Het vergroten van de weerbaarheid van burgers: welke factoren stimuleren en belemmeren de meldingsbereidheid aan de overheid en hoe zijn deze te be&iuml;nvloeden.</li> <li>Het versterken van de samenwerking tussen betrokken organisaties voor het cre&euml;ren van meer impact dan alleen voldoen aan de eisen van ieders eigen organisatie: hoe om te gaan met de effectiviteit van het instrumentarium van elke partner t.o.v. elkaar? Hoe te komen tot &lsquo;ons&rsquo; instrumentarium? Wat vereist dat van de professionals en de organisaties van de toekomst?</li> </ul><p>In de eerste termijn van het lectoraat zijn drie onderzoekslijnen ontwikkeld, samen met de beroepspraktijk en het onderwijs: Indicatoren ten behoeve van vroegsignalering van ondermijning met gebruik van data, Weerbaarheid van het openbaar bestuur en Burgerparticipatie.</p><p>Voor de komende lectoraatsperiode is met de stakeholders nagegaan waar de grootste kennisbehoefte uit bestaat: de huidige thema&rsquo;s zijn nog steeds actueel. Daarnaast blijkt er behoefte aan een meer systeemgerichte benadering van het thema ondermijning, is er ruimte voor de bestudering van fysieke aspecten van ondermijning en is verdergaande aansluiting bij de nationale en internationale beleidsagenda&rsquo;s gewenst, waarbij de huidige en nieuw op te zetten onderzoekslijnen worden ge&iuml;ntegreerd.</p>", "requirements_description": "N/A", "conditions_description": "N/A", "employer_description": "N/A", "department_description": "N/A", "additional_information": "N/A", "apply_link": "N/A", "employer_link": "http://www.avans.nl/", "job_type": "TEMPORARY", "logo": "https://www.academictransfer.com/media/derivatives/logos/avans-en-wide_wJjwKm8/83624b751bb93ee1c9f871c03df72e96.png"}