{"url": "https://www.academictransfer.com/en/309073/opleidingsmanager-accountancy/apply/", "title": "Opleidingsmanager Accountancy", "publish_date": "2022-02-03", "deadline": "2022-03-06", "location": "Heidelberglaan 15, 3584 CM, Utrecht ", "city": "Utrecht", "country": "Netherlands", "position": "Management", "field": "Gedrag en maatschappij; Economie", "salary": "N/A", "max_working_hours": "32\u201440", "employer": "HU University of Applied Sciences Utrecht", "job_description": "<p>Heb jij visie op het financi&euml;le werkveld &eacute;n affiniteit met het onderwijs? Ben je werkzaam of werkzaam geweest in de financi&euml;le wereld of heb je kennis van actuele ontwikkelingen? Heb je het vermogen om een team aan je te binden en weet je zowel studenten als docenten te inspireren?&nbsp;<br> Dan gaan we graag met je in gesprek!</p><p><strong>Instituut Finance &amp; Accounting</strong>&nbsp;is volop in beweging. Samen met het bedrijfsleven werken we aan actuele vraagstukken. Binnen de HU werken we samen met andere instituten en Kenniscentra vanuit een multidisciplinaire benadering van onderwijs en onderzoek. In die ontwikkelingen staat het docententeam centraal. Om die ontwikkelingen mee vorm te geven zijn we op zoek naar versterking van ons managementteam en zoeken we een enthousiaste en ambitieuze opleidingsmanager. Als mensgerichte opleidingsmanager ben je in staat om complexe veranderingsprocessen aan te sturen en ben je (mede) verantwoordelijk voor de totstandbrenging en uitvoering van het jaarplan van het instituut. Meer info zie hier de&nbsp;<a href=\"https://www.hu.nl/voltijd-opleidingen/accountancy\">link.</a></p><p><strong>Wat ga je doen?</strong><br> Als Opleidingsmanager ben je verantwoordelijk voor de opleiding Accountancy binnen het instituut en voor een team van docenten. Daarnaast ben je verantwoordelijk voor onderdelen van het generieke curriculum en voor een aantal instituut-brede portefeuilles, afhankelijk van jouw profiel en ambities, maar in ieder geval voor de portefeuille onderwijslogistiek. Je levert bijdragen aan het algemeen beleid van het instituut, de ontwikkeling en inrichting van het assortiment en de ontwikkeling, inrichting en uitvoering van het onderwijs. Van de Opleidingsmanager wordt verwacht dat deze proactief, zelfstandig en in samenwerking met de collega&rsquo;s sturing geeft aan de kwaliteit, het rendement, de onderwijsvernieuwing, de versterking van onderzoek en de binding met het werkveld. De Opleidingsmanagers en de Instituutsdirecteur vormen het managementteam van het instituut (MT).<strong>&nbsp;</strong></p>", "requirements_description": "N/A", "conditions_description": "N/A", "employer_description": "N/A", "department_description": "N/A", "additional_information": "N/A", "apply_link": "N/A", "employer_link": "http://www.hu.nl/", "job_type": "TEMPORARY", "logo": "https://www.academictransfer.com/media/derivatives/logos/hogeschool-utrecht-hu-en-wide/99e731f1b514e0e6fd70da429cb9a10d.png"}