{"url": "https://www.academictransfer.com/en/309511/junior-admissions-officer-26-fte/", "title": "(Junior) Admissions Officer (2.6 FTE)", "publish_date": "2022-02-16", "deadline": "2022-03-01", "location": "Broerstraat 5, 9712 CP, Groningen ", "city": "Groningen", "country": "Netherlands", "position": "Management", "field": "Economics", "salary": "max. \u00e2\u0082\u00ac3208 per month", "max_working_hours": "30", "employer": "University of Groningen", "job_description": "The unit Student Information &amp; Administration has vacancies for the function of junior Admissions Officer.<br> <br> As a junior Admissions Officer you are responsible for the admission procedure for international and other (non-standard) applicants of a selected number of Bachelor and/or Master programmes of the University of Groningen.<br> <br> Your role in the admissions process for candidates of the programmes includes a variety of administrative tasks, including:<br> <br> \u2022 collecting and completing application files<br> \u2022 assessing and verifying candidates' educational credentials both with regard to level and (in some cases) content<br> \u2022 advising the Admissions Board on admission of candidates<br> \u2022 executing the Admissions Board's decision (making offer letters)<br> \u2022 formalizing the offer (collecting all official documents for full registration as a student)<br> \u2022 communicating with and supporting candidates before and during their admissions process.", "requirements_description": "<div class=\"_Section_Section_26Kh4ZAK\">\n<h2 class=\"_Section_title_2lZ2dR7H\">\n<span>Requirements</span>\n</h2>\n<div class=\"_Section_body_1yeeKPXy\">\n    You have:<br/>\n<br/>\n\u00e2\u0080\u00a2 a relevant professional degree (at least a secondary vocational education level 4 diploma (MBO4) for a junior position<br/>\n\u00e2\u0080\u00a2 relevant work experience (e.g. at a higher education institution or (semi) governmental body); experience with admissions processes is an advantage<br/>\n\u00e2\u0080\u00a2 proven strength in administrative processes and good computer skills/thorough knowledge of automated data files/databases; knowledge of UG systems Progress.NET, and/or Online Application System is an advantage<br/>\n\u00e2\u0080\u00a2 proven ability to work under pressure<br/>\n\u00e2\u0080\u00a2 accuracy as well as flexibility<br/>\n\u00e2\u0080\u00a2 ability to work within a team whilst also able to work independently for sustained periods<br/>\n\u00e2\u0080\u00a2 an excellent command of the English language (minimum level C1 in the Common European Framework of Reference (CEFR)); knowledge of Dutch is highly preferred<br/>\n\u00e2\u0080\u00a2 excellent communicative and interpersonal skills and experience in dealing with persons who have different and diverse cultural backgrounds<br/>\n\u00e2\u0080\u00a2 a result and service-oriented attitude and quick learner.\n  </div>\n</div>", "conditions_description": "<div class=\"_Section_Section_26Kh4ZAK\">\n<h2 class=\"_Section_title_2lZ2dR7H\">\n<span>Conditions of employment</span>\n</h2>\n<div class=\"_Section_body_1yeeKPXy\">\n<p><strong>Fixed-term</strong> contract: 12 months.</p>\n            \n            We offer you in accordance with the Collective Labour Agreement for Dutch Universities (http://www.vsnu.nl):<br/>\n<br/>\n\u00e2\u0080\u00a2 a minimum salary of \u00e2\u0082\u00ac 2,376 and a maximum salary of \u00e2\u0082\u00ac 3,208 (salary scale 7) gross per month for a full-time position based on qualifications and experience<br/>\n\u00e2\u0080\u00a2 a holiday allowance of 8% gross annual income and an 8.3% end-of-the-year allowance<br/>\n\u00e2\u0080\u00a2 a position availability of at least 24 hours (0.6 FTE) a week, but availability of 32 hours (0.8 FTE) is preferred\u00e2\u0080\u0099<br/>\n\u00e2\u0080\u00a2 a position of junior Admissions Officer on a temporary basis, for the period of one year<br/>\n\u00e2\u0080\u00a2 an evaluation will take place within that year to assess whether the prospect of extending the contract for an indefinite period is possible, The position is ranked as Student Affairs Officer in the University Job Ranking System (UFO).<br/>\n<br/>\nStarting date: 1 April 2022\n          \n  </div>\n</div>", "employer_description": "N/A", "department_description": "N/A", "additional_information": "<div class=\"_Section_Section_26Kh4ZAK\">\n<h2 class=\"_Section_title_2lZ2dR7H\">\n<span>Additional information</span>\n</h2>\n<div class=\"_Section_body_1yeeKPXy\">\n    Siebrand Boerema<br/>\ns.w.boerema@rug.nl<br/>\n<br/>\nNiek Kanter<br/>\nn.kanter@rug.nl\n  </div>\n</div>", "apply_link": "N/A", "employer_link": "http://www.rug.nl/", "job_type": "TEMPORARY", "logo": "https://www.academictransfer.com/media/derivatives/logos/rug-en-wide/fce0dfff95a30233a4210a238918791e.gif"}