{"url": "https://www.academictransfer.com/en/309536/managing-editor-of-common-market-law-review/", "title": "Managing editor of Common Market Law Review", "publish_date": "2022-02-16", "deadline": "2022-03-31", "location": "Rapenburg, 2311, Leiden ", "city": "Leiden", "country": "Netherlands", "position": "Editor", "field": "N/A", "salary": "N/A", "max_working_hours": "N/A", "employer": "Leiden University", "job_description": "<p>In cooperation with Wolters Kluwer, the Europa Institute of Leiden Law School publishes the Common Market Law Review, an eminent bi-monthly, peer-reviewed law journal designed to function as a medium for the understanding and analysis of European Union Law, and for the dissemination of legal thinking on all matters of European Union Law.</p><p>The Europa Institute has a vacancy for:<br> <strong>Managing editor of Common Market Law Review</strong><strong>&nbsp;</strong><strong>(0,60</strong><strong>&nbsp;</strong><strong>- 1,0 FTE)</strong>&nbsp;<strong>&nbsp;</strong><br> <strong>Vacancy number 22-085</strong><strong>&nbsp;</strong><strong>10949</strong></p><p><strong>Tasks</strong></p><ul> <li>Ensuring a smooth publication process of the journal, 6 times a year;</li> <li>Reading and editing texts at various stages of the process;</li> <li>Maintaining contacts with the publisher;</li> <li>Managing contacts with the editorial board;</li> <li>Organising editorial board meeting;</li> <li>Managing contacts with authors;</li> <li>Supervising of student assistants;</li> <li>Organising events such as&nbsp;<em>CMLRev. On Tour and Leiden &ndash; London conferences.</em></li> </ul>", "requirements_description": "<div class=\"_Section_Section_26Kh4ZAK\">\n<h2 class=\"_Section_title_2lZ2dR7H\">\n<span>Requirements</span>\n</h2>\n<div class=\"_Section_body_1yeeKPXy\">\n<p><strong>Selection Criteria</strong></p>\n<ul>\n<li>University degree, preferably in law or related field;</li>\n<li>Affinity with the law and functioning of the European Union;</li>\n<li>Specific research interests in the field of European Union law or related field, for example demonstrated by (international) publications, are an asset;</li>\n<li>Experience in journal editing, or experience and skills relevant to journal editing;</li>\n<li>Excellent English, spoken and written; command of the Dutch language is an advantage;</li>\n<li>Excellent communication skills, verbal and in writing;</li>\n<li>Excellent management skills;</li>\n<li>Knowledge of recent developments in publishing, such as open access, publishing processes, reader engagement, outreach;</li>\n<li>In the event of equal suitability, preference is for a female candidate.</li>\n</ul>\n</div>\n</div>", "conditions_description": "<div class=\"_Section_Section_26Kh4ZAK\">\n<h2 class=\"_Section_title_2lZ2dR7H\">\n<span>Conditions of employment</span>\n</h2>\n<div class=\"_Section_body_1yeeKPXy\">\n<p><strong>Terms and conditions</strong></p>\n<p>We offer a position for 0.6 - 1.0 fte. This concerns a position for one year, which may be converted into a permanent position. Starting date preferably in September 2022.</p>\n<p>Salary range from\u00a0\u20ac\u00a03.821,- and maximum\u00a0\u20ac\u00a05.943,-\u00a0gross monthly\u00a0for a full-time position (pay scale 11 or 12), in accordance with the Collective Labour Agreement for Dutch Universities).</p>\n<p>Leiden University offers an attractive benefits package with additional holiday (8%) and end-of-year bonuses (8.3 %), training and career development and sabbatical leave. Our individual choices model gives you some freedom to assemble your own set of terms and conditions. For international spouses we have set up a dual career programme.\u00a0Candidates from outside the Netherlands may be eligible for a substantial tax break.\u00a0More at\u00a0<a href=\"https://www.universiteitleiden.nl/en/working-at/job-application-procedure-and-employment-conditions\">https://www.universiteitleiden.nl/en/working-at/job-application-procedure-and-employment-conditions</a>.<br/>\n\u00a0</p>\n<p>Depending on the candidate\u2019s qualifications and expertise, the role of managing editor may be combined with other activities and responsibilities at the Europa Institute, e.g. as part-time assistant professor. This will be a matter for discussion at the interview stage.</p>\n</div>\n</div>", "employer_description": "<div class=\"_Section_Section_26Kh4ZAK\">\n<h2 class=\"_Section_title_2lZ2dR7H\">\n<span>Employer</span>\n</h2>\n<div class=\"_Section_body_1yeeKPXy\">\n<p><strong>Our organisation</strong><br/>\nWith over 5,000 students and 450 members of staff, Leiden Law School is one of the largest faculties in the Netherlands. Yet, in all its diversity, it is still known for its ability to provide education on a small scale. The Faculty focuses on multi-faceted high-level teaching and research, both nationally and internationally. It does so by working with talented people and stimulating and supporting them in their professional and personal ambitions. The Faculty is housed in the beautifully restored Kamerlingh Onnes Building on the Steenschuur in Leiden. Working for the Leiden Law School means working in an inspiring scientific environment. For more information, see\u00a0<a href=\"https://www.universiteitleiden.nl/en/law\">https://www.universiteitleiden.nl/en/law</a>.</p>\n</div>\n</div>", "department_description": "N/A", "additional_information": "<div class=\"_Section_Section_26Kh4ZAK\">\n<h2 class=\"_Section_title_2lZ2dR7H\">\n<span>Additional information</span>\n</h2>\n<div class=\"_Section_body_1yeeKPXy\">\n<p><strong>Diversity and inclusion</strong><br/>\nFostering an inclusive community is a central element of the values and vision of Leiden University. Leiden University is committed to becoming an inclusive community which enables all students and staff to feel valued and respected and to develop their full potential. Diversity in experiences and perspectives enriches our teaching and strengthens our research. High quality teaching and research is inclusive.<br/>\n<br/>\n<strong>Information</strong><br/>\nEnquiries can be made to Prof. Jorrit Rijpma, email\u00a0<a href=\"https://www.universiteitleiden.nl/vacatures/2022/kwartaal-1/22-08510949managing-editor-of-common-market-law-review\">j.j.rijpma@law.leidenuniv.nl</a>.</p>\n</div>\n</div>", "apply_link": "N/A", "employer_link": "http://www.universiteitleiden.nl/", "job_type": "TEMPORARY", "logo": "https://www.academictransfer.com/media/derivatives/logos/lei-en-wide/f66e61a821cf3294ef5ce4fcaacbdedb.png"}