{"url": "https://www.academictransfer.com/en/309539/projectcoordinator-student-op-school/apply/", "title": "Projectco\u00f6rdinator: Student Op School", "publish_date": "2022-02-16", "deadline": "2022-03-06", "location": "Houtlaan 4, 6525 XZ, Nijmegen ", "city": "Nijmegen", "country": "Netherlands", "position": "Other Category", "field": "N/A", "salary": "N/A", "max_working_hours": "24", "employer": "Radboud University", "job_description": "<p><em>Wil jij graag invloed hebben op de inzet van studenten in het voortgezet onderwijs? Dan ben je nodig als projectco\u00f6rdinator student op school. Jij koppelt onze studenten aan verschillende scholen, zorgt voor goede begeleiding en waakt voor hun welzijn en ontwikkeling. Zo lever je een bijdrage aan de \u2018w\u2019 binnen het vwo en worden vakdocenten (iets) ontlast. Een impactvolle baan waarin je direct invloed hebt op de ontwikkeling van studenten \u00e9n het voortgezet onderwijs.<br><br></em>Als projectco\u00f6rdinator \u2018Student Op School\u2019 ben je de verbindingsschakel tussen het voortgezet en het wetenschappelijk onderwijs. Je onderhoudt contacten met de scholen en met de eigen studenten. Je bent verantwoordelijk voor de matching van studenten met school en de financi\u00eble afhandeling. Deze financi\u00eble afhandeling bestaat uit het opstellen en uitbrengen van offertes, opstellen van facturen, aanstellen van studenten en het goedkeuren van ingediende declaraties.</p> <p>Daarnaast werf je actief scholen en studenten. Een ander belangrijk onderdeel van de functie is dat je verantwoordelijk bent voor het intern begeleiden van de studenten, het welzijn en de ontwikkeling van de studenten als deze op een school geplaatst zijn en het regelen van trainingen in samenwerking met de docentenacademie. Student Op School maakt deel uit van het landelijke initiatief <a href=\"https://studentinzetopschool.nl/\">StudenteninzetopSchool</a>. Je levert een actieve deelname aan de landelijke overleggen. Tot slot communiceer je intern en extern over de projectvoortgang in onder andere (interne) nieuwsplatforms en social media.</p>", "requirements_description": "N/A", "conditions_description": "N/A", "employer_description": "N/A", "department_description": "N/A", "additional_information": "N/A", "apply_link": "N/A", "employer_link": "http://www.ru.nl/", "job_type": "TEMPORARY", "logo": "https://www.academictransfer.com/media/derivatives/logos/run-en-wide/13abf0bc0a611f32246d62b46488f997.jpg"}