{"url": "https://www.academictransfer.com/en/309476/technician-in-advanced-in-vitro-bone-modelling-10-fte/apply/", "title": "Technician in advanced in vitro bone modelling (1.0 FTE)", "publish_date": "2022-02-15", "deadline": "2022-03-08", "location": "Domplein 29, 3512 JE, Utrecht ", "city": "Utrecht", "country": "Netherlands", "position": "Engineer/Technician", "field": "Natural sciences", "salary": "\u00e2\u0082\u00ac2376\u00e2\u0080\u0094\u00e2\u0082\u00ac3208 per month", "max_working_hours": "38\u201440", "employer": "Utrecht University", "job_description": "<p>As a Technician in the Division of Pharmacology in the <a href=\"https://www.uu.nl/en/research/utrecht-institute-for-pharmaceutical-sciences-uips\">Utrecht Institute for Pharmaceutical Sciences</a>, you will be responsible for the development of a 3D <em>in vitro</em> model of bone disease. Osteocytes, the major cells residing in bone, govern the rate at which old bone breaks down and new bone is being built. In certain diseases, such as chronic kidney disease (CKD), bone activity is disturbed, resulting in weak and brittle bones. However, little is known on why and how osteocytes are affected by the disease. In this project we aim to develop an <em>in vitro </em>model of osteocytes activity in CKD-specific conditions to better understand the biomolecular changes inflicted by the disease. The project involves the use of stem cells, cultured in 3D hydrogels that will be differentiated into osteocytes. Using biomolecular analysis (qPCR, ELISA, immunostainings) and mechanical testing (DMA), you will evaluate the activity of the osteocytes, cultured in healthy and diseased (plasma from CKD patients) conditions.<br><br>We believe this model will provide insights in osteocytes biology in CKD and will aid in the development of potential therapeutic targets. You will also evaluate the effect of emerging therapies on rescuing the cells from injury. The knowledge that we will acquire within this project will be at the base of several grant applications and collaborations with nephrologists and biomaterials engineers. This position is partially funded by NWO-XS (package 21-4).<br><br>The objectives for this position are:</p> <ul> <li>establish the 3D cultures of osteocytes (from stem cells and commercial cell line);</li> <li>analyse the biomolecular signature of differentiated osteocytes (under exposure to uremic stimuli);</li> <li>evaluate bone formation (matrix and mineralization).</li> </ul> <p><br>Additionally, you will be integrated within the technical cluster and provide support in the cell culture facility.</p>", "requirements_description": "<div class=\"_Section_Section_26Kh4ZAK\">\n<h2 class=\"_Section_title_2lZ2dR7H\">\n<span>Requirements</span>\n</h2>\n<div class=\"_Section_body_1yeeKPXy\">\n<p>We are looking for an enthusiastic candidate who is eager to learn new techniques and does not shy away from challenges. You are a team player and eager to contribute to this new line of research. We would also like you to bring the following:</p>\n<ul>\n<li>You hold a degree from the University of Applied Sciences.</li>\n<li>Preferably you already have work experience (0-2 years). But if you have recently graduated and are motivated and willing to challenge yourself in learning new techniques, we also encourage you to apply.</li>\n<li>You have experience in cell culture and biomolecular analysis techniques (e.g., qPCR, ELISA, immunohistochemistry).</li>\n<li>You are greatly interested in performing accurate experimental work using advanced equipment, experimental design as well as data processing methods.</li>\n<li>You are quality-oriented, conscientious, creative, and cooperative, with a taste for scientific rigor.</li>\n<li>You can communicate to different audiences and have high level of verbal and written communication skills in English.</li>\n</ul>\n</div>\n</div>", "conditions_description": "<div class=\"_Section_Section_26Kh4ZAK\">\n<h2 class=\"_Section_title_2lZ2dR7H\">\n<span>Conditions of employment</span>\n</h2>\n<div class=\"_Section_body_1yeeKPXy\">\n<ul>\n<li>a position for one year, with the possibility for an extension;</li>\n<li>a full-time gross salary, depending on previous qualifications and experience, ranging from \u00e2\u0082\u00ac2,376 to \u00e2\u0082\u00ac3,208 (scale 7 Collective Labour Agreement of Dutch Universities);</li>\n<li>8% holiday bonus and 8.3% end-of-year bonus;</li>\n<li>a pension scheme, partially paid parental leave, and <a href=\"https://www.uu.nl/en/organisation/working-at-utrecht-university/terms-of-employment\">flexible employment conditions</a> based on the Collective Labour Agreement Dutch Universities;</li>\n<li>training in all the techniques that you are not familiar with.</li>\n</ul>\n<p><br/>In addition to the employment conditions laid down in the cao for Dutch Universities, Utrecht University has a number of its own arrangements. For example, there are agreements on professional development, leave arrangements and sports. We also give you the opportunity to expand your terms of employment yourself via the Employment Conditions Selection Model. This is how we like to encourage you to continue to grow.<br/><br/>More information about working at the Faculty of Science can be found <a href=\"https://www.uu.nl/en/organisation/working-at-the-faculty-of-science?utm_source=fundamental-connections&amp;utm_medium=printuitingen\">here</a>.</p>\n</div>\n</div>", "employer_description": "<div class=\"_Section_Section_26Kh4ZAK\">\n<h2 class=\"_Section_title_2lZ2dR7H\">\n<span>Employer</span>\n</h2>\n<div class=\"_Section_body_1yeeKPXy\">\n    \n              \n              You will be working in the Experimental Pharmacology group within the <a href=\"https://www.uu.nl/en/research/pharmacology\">Pharmacology division</a>, led by <a href=\"https://www.uu.nl/medewerkers/RMasereeuw?t=d9d8be2835164de9b05591c707ad8b86\">Prof.dr. Roos Masereeuw</a>. Research in this group is focused on understanding the pathways that can be pharmacologically triggered to enhance repair and regeneration processes after organ injury, aiming at elucidating novel bio-inspired therapeutic strategies. Your direct supervisor will be <a href=\"https://www.uu.nl/en/research/utrecht-young-academy/dr-silvia-mihaila\">Dr Silvia Mih\u00c4\u0083il\u00c4\u0083</a>. She is currently setting up a research line on <em>in vitro </em>bone in CKD by using 3D printing, advanced cell cultures and organ-on-chip technology.<br/><br/>At the <a href=\"https://www.uu.nl/en/organisation/faculty-of-science\">Faculty of Science</a> there are 6 departments to make a fundamental connection with: Biology, Chemistry, Information and Computing Sciences, Mathematics, Pharmaceutical Sciences and Physics. Each of these is made up of distinct institutes that work together to focus on answering some of humanity\u00e2\u0080\u0099s most pressing problems. More fundamental still are the individual research groups \u00e2\u0080\u0093 the building blocks of our ambitious scientific projects. Find out <a href=\"https://youtu.be/jhszp4b2ukI\">more about us</a>.<br/><br/><a href=\"https://www.uu.nl/en\">Utrecht University</a> is a friendly and ambitious university at the heart of an ancient city. We love to welcome new scientists to our city \u00e2\u0080\u0093 a thriving cultural hub that is consistently rated as one of the world\u00e2\u0080\u0099s happiest cities. We are renowned for our innovative interdisciplinary research and our emphasis on inspirational research and excellent education. We are equally well-known for our familiar atmosphere and the can-do attitude of our people. This fundamental connection attracts researchers, professors and PhD candidates from all over the globe, making both the university and the Faculty of Science a vibrant international and wonderfully diverse community.\n              \n            \n  </div>\n</div>", "department_description": "N/A", "additional_information": "<div class=\"_Section_Section_26Kh4ZAK\">\n<h2 class=\"_Section_title_2lZ2dR7H\">\n<span>Additional information</span>\n</h2>\n<div class=\"_Section_body_1yeeKPXy\">\n<p>If you have any questions regarding the position, please contact: <br/><a href=\"https://www.uu.nl/staff/SMihaila\">Silvia Mih\u00c4\u0083il\u00c4\u0083</a> via <a href=\"mailto:s.mihaila@uu.nl\">s.mihaila@uu.nl</a>.</p>\n<p><br/>Do you have a question about the application procedure? Please send an email to <a href=\"mailto:science.recruitment@uu.nl\">science.recruitment@uu.nl</a>.</p>\n</div>\n</div>", "apply_link": "N/A", "employer_link": "http://www.uu.nl/", "job_type": "TEMPORARY", "logo": "https://www.academictransfer.com/media/derivatives/logos/uu-en-wide/67674af2e9b77c72917924b654f37798.jpg"}