{"url": "http://www.academictransfer.com/en/309532/assistant-professor-of-digitalisation-and-artificial-intelligence-ai-in-the-public-sector/", "title": "Assistant Professor of Digitalisation and Artificial Intelligence (AI) in the Public Sector", "publish_date": "2022-02-16", "deadline": "2022-08-01", "location": "Anna van Buerenplein, 2595 DE, Den Haag ", "city": "Den Haag", "country": "Netherlands", "position": "Assistant Professor", "field": "N/A", "salary": "N/A", "max_working_hours": "N/A", "employer": "Leiden University", "job_description": "<p>We are hiring an&nbsp;<strong>Assistant Professor of</strong><strong>&nbsp;</strong><strong>Digitalisation and Artificial Intelligence (AI) in the Public Sector!</strong></p><p>Do you have a background in public administration, public policy, digital government or a comparable field? Please join us at the&nbsp;<a href=\"https://www.universiteitleiden.nl/en/governance-and-global-affairs/institute-of-public-administration/the-hague-centre-for-digital-governance\">Digitalisation and Public Policy group</a>&nbsp;of the Institute of Public Administration.&nbsp;&nbsp;We are a creative and ambitious team committed to team-based science and education in the field of digitalization, data and AI in public policy and governance. We work closely with other groups, are an active member of&nbsp;<a href=\"https://www.universiteitleiden.nl/en/sails\">SAILS</a>&nbsp;(the interdisciplinary AI network at Leiden University) and collaborate with the public sector practice.<br> <strong>Vacancy number</strong><strong>&nbsp;</strong><strong>10944</strong><strong>&nbsp;</strong></p><p><strong>Key responsibilities</strong></p><p>In this position you will</p><ul> <li>build and expand your own line of research on the intersection of policy, governance, data and AI;</li> <li>teach and develop courses in the institute&#39;s bachelor and master programmes, specifically on digital technologies in the public sector;</li> <li>contribute to interdisciplinary projects and interfaculty initiatives on AI, for instance with colleagues from the Faculty of Law and the department of computer science (LIACS);</li> <li>participate in national and international academic research networks and publish in international scientific journals;</li> <li>contribute to the improvement and continuation of the education and research programs of the Institute;</li> <li>play an active role in linking scientific research and education to the practice of policy and management on your topic;</li> <li>supervise bachelor and master theses;</li> <li>contribute&nbsp;to the acquisition of research grants.</li> </ul>", "requirements_description": "<div class=\"_Section_Section_26Kh4ZAK\">\n<h2 class=\"_Section_title_2lZ2dR7H\">\n<span>Requirements</span>\n</h2>\n<div class=\"_Section_body_1yeeKPXy\">\n<p><strong>Requirements</strong></p>\n<p>Please apply if you</p>\n<ul>\n<li>hold a doctorate in public administration, political science, organizational sciences, sociology or another relevant field in the social sciences, with a research agenda that fits this position\u2019s focus on data, AI and digitalisation in public administration and policy;</li>\n<li>have demonstratable affinity with and knowledge\u00a0on\u00a0public governance,\u00a0specifically regarding\u00a0digitalisation, data, and AI;</li>\n<li>have publications in national and international scientific journals or demonstrable potential to realise them;</li>\n<li>are enthusiastic about teaching, have experience with university teaching and are open to\u00a0innovative and activating teaching methods;</li>\n<li>have experience or affinity with collaborating with societal partners within the public sector (local, national or international) and with developing and maintaining external networks;</li>\n<li>have a Dutch University Teaching Qualification (UTQ, or BKO in Dutch) or would like to obtain this qualification within two years;</li>\n<li>have good verbal and written communication skills, in Dutch and English, or are willing to learn Dutch at a professional level within the foreseeable future;</li>\n<li>You are a team player and like to work with colleagues, who are partly employed at other institutes and faculties.</li>\n</ul>\n</div>\n</div>", "conditions_description": "<div class=\"_Section_Section_26Kh4ZAK\">\n<h2 class=\"_Section_title_2lZ2dR7H\">\n<span>Conditions of employment</span>\n</h2>\n<div class=\"_Section_body_1yeeKPXy\">\n<p><strong>Terms and conditions</strong></p>\n<p>The University Lecturer to be recruited is part of an ambitious and dynamic team of colleagues that wants to further expand the successes of recent years. There is a lot of collaboration across the boundaries of disciplines.</p>\n<p>The appointment will be under the terms of the Collective Labour Agreement (CAO) of Dutch Universities.\u00a0You will be offered a temporary appointment for 18 months. Depending upon funding and performance, the position can be extended to a permanent position.<br/>\nThe salary varies, depending on qualifications and experience, from\u00a0\u20ac\u00a03,821,-\u00a0to\u00a0\u00a0\u20ac\u00a05,230,-\u00a0gross per month\u00a0based on full-time employment (scale 11 for Assistant professor).</p>\n<p><br/>\nLeiden University offers an attractive package of employment conditions with additional holiday (8%) and end-of-year bonus (8.3%), training and career development and sabbatical leave.\u00a0Our terms of employment selection model gives you some freedom to compose your own set of terms and conditions.</p>\n</div>\n</div>", "employer_description": "<div class=\"_Section_Section_26Kh4ZAK\">\n<h2 class=\"_Section_title_2lZ2dR7H\">\n<span>Employer</span>\n</h2>\n<div class=\"_Section_body_1yeeKPXy\">\n<p><strong>Our faculty and institute</strong></p>\n<p>The Faculty of Governance and Global Affairs is one of the seven faculties of Leiden University. The faculty has an international profile, is developing strongly and consists of various institutes and centers such as the Institute of Public Administration, the Leiden University College, the Institute of Security and Global Affairs and the Center for Professional Learning at various locations in The Hague.<br/>\n<br/>\nThe Institute of Public Administration in The Hague is one of the largest and oldest institutions for scientific research and education in public administration in the Netherlands. It combines a strong international academic reputation with a central position among international, national, regional and local government institutions, including those in The Hague.\u00a0The institute has received various national and international research grants including several VENI and VIDI grants from the Dutch National Science Organization, and grants for collaborative work from the EU (including ERC grants). In addition, the staff is also active in contract-research and teaching, which involves local and national government but also other public organizations from within Europe.</p>\n<p>The Institute of Public Administration consistently receives high ratings in peer reviews for both its teaching and research programmes. The institute offers a Dutch-taught bachelor's program with two tracks, a Dutch-taught master's program in Management of the public sector, an English-taught master's program in Public Administration and participates in various programs with other faculties, including the master's\u00a0programme\u00a0Governance of Sustainability and master's programs in digitization and Population Health Management.</p>\n<p>More information about the Institute of Public Administration can be found at\u00a0<a href=\"https://www.universiteitleiden.nl/en/governance-and-global-affairs/institute-of-public-administration\">https://www.universiteitleiden.nl/en/governance-and-global-affairs/institute-of-public-administration</a>\u00a0and about Leiden University at\u00a0<a href=\"https://www.leiden.edu/\">www.leiden.edu</a>.</p>\n</div>\n</div>", "department_description": "N/A", "additional_information": "<div class=\"_Section_Section_26Kh4ZAK\">\n<h2 class=\"_Section_title_2lZ2dR7H\">\n<span>Additional information</span>\n</h2>\n<div class=\"_Section_body_1yeeKPXy\">\n<p><strong>Diversity</strong><br/>\nLeiden university is strongly committed to diversity within its community and especially welcomes applications from members of underrepresented groups.</p>\n<p><strong>Information</strong><br/>\nFor general information about the content of this position, please contact Prof. Bram Klievink, e-mail via\u00a0<a href=\"https://www.universiteitleiden.nl/vacatures/2022/kwartaal-1/22-08410944assistant-professor-of-digitalisation-and-artificial-intelligence-ai-in-the-public-sector\">a.j.klievink@fgga.leidenuniv.nl</a></p>\n</div>\n</div>", "apply_link": "N/A", "employer_link": "http://www.universiteitleiden.nl/", "job_type": "TEMPORARY", "logo": "https://www.academictransfer.com/media/derivatives/logos/lei-en-wide/f66e61a821cf3294ef5ce4fcaacbdedb.png"}