{"url": "http://www.academictransfer.com/en/309585/tenure-track-assistant-professor-astronomy-and-astrophysics-10-fte/", "title": "Tenure Track Assistant Professor Astronomy and Astrophysics (1.0 FTE)", "publish_date": "2022-02-17", "deadline": "2022-03-30", "location": "Broerstraat 5, 9712 CP, Groningen ", "city": "Groningen", "country": "Netherlands", "position": "Assistant Professor", "field": "Natural sciences", "salary": "max. \u00e2\u0082\u00ac5943 per month", "max_working_hours": "38", "employer": "University of Groningen", "job_description": "The ideal candidate has a strong background in Planetary Sciences. We are looking for an Assistant Professor who will strengthen further our position in the field of exoplanets. New instrumentation (JWST, ARIEL, PLATO, METIS) will provide the data to map out the diversity of exoplanetary systems and to characterize exoplanets. It is clear that the evolution of a planet and its interior composition plays a crucial role in the understanding and interpretation of exoplanet atmosphere data. We are particularly interested in a candidate who strengthens research into the physical and chemical characterization of exoplanets. This type of research will connect to two key themes of the Dutch Origins Centre (https://www.originscenter.nl): \u201cThe formation and early evolution of Earth-like planets and moons\u201d and \u201cThe emergence of the right conditions for the origin of life\u201d. In this context, the candidate is also expected to engage in collaborations with other institutes at the Faculty of Science and Engineering (e.g. GBB, GELIFES, Stratingh, Zernike) and with SRON and universities across the Netherlands, such as Leiden, Utrecht, Amsterdam, Nijmegen, and Delft.<br> <br> As Assistant Professor you will:<br> <br> \u2022 set up and develop your own research line and research group<br> \u2022 supervise PhD students<br> \u2022 acquire external funding<br> \u2022 promote the societal relevance of your research<br> \u2022 teach in and contribute to the development of the degree programs of Astronomy<br> \u2022 contribute to the organization of the faculty, for example by participating in working groups and committees, in the domains of teaching, research and management.<br> <br> At the stage of Assistant Professor 60% of your time is for research, 30% for teaching activities and 10% for organizational tasks.", "requirements_description": "<div class=\"_Section_Section_26Kh4ZAK\">\n<h2 class=\"_Section_title_2lZ2dR7H\">\n<span>Requirements</span>\n</h2>\n<div class=\"_Section_body_1yeeKPXy\">\n    We encourage you to apply if you have:<br/>\n<br/>\n\u00e2\u0080\u00a2 a PhD degree in Astronomy or a closely aligned field (such as Physics, Planetary Sciences or Geosciences)<br/>\n\u00e2\u0080\u00a2 at least two years of postdoctoral experience and a relevant international network<br/>\n\u00e2\u0080\u00a2 excellent research qualities, as shown by a publication record in international peer-reviewed journals and proceedings of renowned conferences<br/>\n\u00e2\u0080\u00a2 a good track record in teaching, appropriate to your career stage<br/>\n\u00e2\u0080\u00a2 demonstrable organizational competences<br/>\n\u00e2\u0080\u00a2 cross-cultural sensitivity<br/>\n\u00e2\u0080\u00a2 good command of spoken and written English.<br/>\n<br/>\nAnd you are:<br/>\n<br/>\n\u00e2\u0080\u00a2 a team player with good communication skills<br/>\n\u00e2\u0080\u00a2 able to acquire substantial research grants from external sources<br/>\n\u00e2\u0080\u00a2 willing to obtain a University Teaching Qualification (Dutch: BKO) within three years<br/>\n\u00e2\u0080\u00a2 able to speak the Dutch language or motivated to speak it within five years.\n  </div>\n</div>", "conditions_description": "<div class=\"_Section_Section_26Kh4ZAK\">\n<h2 class=\"_Section_title_2lZ2dR7H\">\n<span>Conditions of employment</span>\n</h2>\n<div class=\"_Section_body_1yeeKPXy\">\n<p><strong>Fixed-term</strong> contract: 84 months.</p>\n            \n            We offer you in accordance with the Collective Labour Agreement for Dutch Universities a full-time position as Assistant Professor in our faculty\u00e2\u0080\u0099s tenure track system Career Paths in Science and:<br/>\n<br/>\n\u00e2\u0080\u00a2 a salary, depending on qualifications and work experience, from \u00e2\u0082\u00ac 3,821 (salary scale 11) up to a maximum of \u00e2\u0082\u00ac 5,943 gross per month (salary scale 12) depending on your career stage) for a full-time position<br/>\n\u00e2\u0080\u00a2 holiday allowance and end-of-year bonus of respectively 8% and 8.3% of your yearly salary<br/>\n\u00e2\u0080\u00a2 a pension scheme<br/>\n\u00e2\u0080\u00a2 paid maternity and parental leave<br/>\n\u00e2\u0080\u00a2 the possibility to work part-time (0.9 or 0.8 FTE)<br/>\n\u00e2\u0080\u00a2 a mentor program and a broad range of opportunities for personal development<br/>\n\u00e2\u0080\u00a2 dual career support for partners of new faculty members moving to Groningen.<br/>\n<br/>\nAs Assistant Professor you will enter a tenure track that, if followed successfully, will lead to a Full Professorship in approximately 10 years. In case of a full-time contract, you will initially be appointed for 7 years and your performance will be assessed after no more than 5 years. This moment may be extended with at most one year in case of a life event (e.g. prolonged illness or maternity leave). If your assessment is positive, you will get a tenured appointment as an Associate Professor. After another 4 to 7 years you will be assessed for promotion to the position of Full Professor. Please consider Career Paths in Science for a complete description of our tenure track system as well as the criteria for promotion: https://www.rug.nl/fse/organization/vacatures/vacatures/career-paths-in-science-edition-4?lang=en<br/>\n<br/>\nIn exceptional cases candidates can be offered a position as Associate or Full Professor.<br/>\n<br/>\nConsider our website for more information about the working conditions at the University of Groningen: https://www.rug.nl/about-us/work-with-us/that-is-why/\n          \n  </div>\n</div>", "employer_description": "N/A", "department_description": "N/A", "additional_information": "<div class=\"_Section_Section_26Kh4ZAK\">\n<h2 class=\"_Section_title_2lZ2dR7H\">\n<span>Additional information</span>\n</h2>\n<div class=\"_Section_body_1yeeKPXy\">\n    Prof. L.V.E. Koopmans, Scientific Director<br/>\nVacancyKapteyn@astro.rug.nl<br/>\n<br/>\nProf. Inga Kamp<br/>\nVacancyKapteyn@astro.rug.nl<br/>\n<br/>\n<a href=\"https://www.rug.nl/research/kapteyn/\">More information about the research institute</a>\n</div>\n</div>", "apply_link": "N/A", "employer_link": "http://www.rug.nl/", "job_type": "TEMPORARY", "logo": "https://www.academictransfer.com/media/derivatives/logos/rug-en-wide/fce0dfff95a30233a4210a238918791e.gif"}