{"url": "https://www.academictransfer.com/en/309622/projectmedewerker-onderzoek/apply/", "title": "Projectmedewerker Onderzoek", "publish_date": "2022-02-17", "deadline": "2022-03-20", "location": "Onderwijsboulevard 215, 5223 DE, 's-Hertogenbosch ", "city": "'s-Hertogenbosch", "country": "Netherlands", "position": "Researcher", "field": "Gedrag en maatschappij; Recht", "salary": "N/A", "max_working_hours": "32\u201440", "employer": "Avans University of Applied Sciences", "job_description": "<p><strong>Mooi werk</strong><br> Dit is een functie met impact. Wij doen onderzoek op het gebied van maatschappelijke veiligheid, waarbij we antwoorden zoeken op complexe veiligheidsvraagstukken. We kijken daarnaar vanuit juridisch, sociaal-agogisch en bestuurlijk-organisatorisch perspectief. Want veiligheid is belangrijk; we willen ons veilig voelen op straat, in ons werk, in relaties, enz.<br> En jij draagt hier in belangrijke mate aan bij, zowel in de voorbereiding als de uitvoering van de projecten door onder andere:</p><ul> <li>Randvoorwaarden/uitgangspunten af te stemmen.</li> <li>Mee te helpen met het opzetten van het projectplan (subsidieaanvraag of offerte).</li> <li>De projectorganisatie te adviseren.</li> <li>Het projectplan up to date te houden, inclusief de planning.</li> <li>Het projectarchief te onderhouden.</li> </ul><p>Ook de financi&euml;le verslaglegging en het budgetbeheer zijn tot in de puntjes verzorgd. Je houdt de resultaten goed in de gaten en communiceert daaromheen ook duidelijk. Van projectstart tot en met implementatie en evaluatie: jij zorgt voor scherpe plannen, procedures, richtlijnen.</p><p>Je bent de rechterhand van de Projectleider bij zaken rondom de externe onderzoeksprojecten, waar het niet om de inhoud van het onderzoek gaat.</p><p><strong>Jouw plek als Projectmedewerker Onderzoek binnen Avans.</strong><br> Bereid je maar voor op een dynamisch team met flexibele collega&rsquo;s, die allemaal heel nauwkeurig werken. We werken hard en we lachen ook veel. We helpen elkaar graag verder, dus zetten een stapje extra als de situatie daarom vraagt. We waarderen je initiatieven en idee&euml;n en staan allemaal open om meer te leren.</p><p>Het Expertisecentrum Veiligheid is een kenniscentrum van Avans Hogeschool. We doen praktijkgericht onderzoek naar sociaalmaatschappelijke veiligheid. Ons Expertisecentrum bestaat uit zes lectoraten, die elkaar versterken en verbreden. Elk lectoraat heeft een eigen benadering van veiligheid, vanuit juridisch, sociaal-agogisch en bestuurlijk perspectief. Het onderzoek draagt bij aan de inhoudelijke kwaliteit van de opleidingen en geeft antwoord op vragen uit het werkveld. Tegelijk vergroot het de deskundigheid van docenten en studenten die deelnemen. Onze interessante projecten raken het hart van de samenleving.</p>", "requirements_description": "N/A", "conditions_description": "N/A", "employer_description": "N/A", "department_description": "N/A", "additional_information": "N/A", "apply_link": "N/A", "employer_link": "http://www.avans.nl/", "job_type": "TEMPORARY", "logo": "https://www.academictransfer.com/media/derivatives/logos/avans-en-wide_wJjwKm8/83624b751bb93ee1c9f871c03df72e96.png"}