{"url": "http://www.academictransfer.com/en/309522/phd-long-term-interactions-between-river-dynamics-vegetation-groundwater-land-use-and-animals-in-bardia-national-park-nepal/apply/", "title": "PhD Long-term interactions between river dynamics, vegetation, groundwater, land-use, and animals in Bardia National Park, Nepal", "publish_date": "2022-02-16", "deadline": "2022-03-15", "location": "Droevendaalsesteeg, 6708 PB, Wageningen ", "city": "Wageningen", "country": "Netherlands", "position": "PhD", "field": "Natural sciences", "salary": "N/A", "max_working_hours": "38", "employer": "Wageningen University & Research", "job_description": "<em><strong>Are you an environmental scientist with experience in field and laboratory methods and quantitative data analysis? Are you interested in wild life conservation and the Holocene evolution of river systems? Do you want to work in an interdisciplinary team of researchers, and with stakeholders under adventurous, sometimes challenging conditions in a stunning landscape in Asia? Then you could be the ideal PhD candidate to join our team!</strong></em><br><br>We are hiring a PhD candidate for a 4-year project that aims to better understand the interaction between humans, animals, river-floodplain and mega fan dynamics. You will collide and collect palaeo-environmental data to shed light into the natural, pre-human river dynamics, and how humans have changed the rivers and alluvial fans in time. This information is crucial for landscape regeneration, and supports habitat restoration required for successful Tiger conservation. You will use a wide range of methods to gain quantitative understanding in past landscape functioning, including luminescence dating of fluvial deposits, vegetation reconstruction (based on palynology and ancient sedimentary DNA), remote sensing, and landscape reconstructions using state-of-the-art landscape evolution models.<br><br>This PhD position is part of the transdisciplinary research project <strong>Save the tiger, Save the grasslands,</strong> <strong>Save the water</strong>!, financed by the National Science Agenda program of the Dutch Research Council NWO, The project is a collaboration of 25 partners ranging from Dutch and Nepali universities, NGO's and companies, working in the field of hydrology, ecology, nature conservation and stakeholder participation and communication. The overall objective is to understand and model the spatio-temporal dynamics of the grasslands as crucial landscape elements for the tiger habitat in Nepalese and Indian nature reserves at the foot of the Himalayas.<br><br>You will be part of the <a href=\"https://www.wur.nl/en/research-results/chair-groups/environmental-sciences/soil-geography-and-landscape-group.htm\">Soil Geography &amp; Landscape group</a> of Wageningen University, and will join the PhD program of the PE&amp;RC graduate school. This environment, in combination with the embedding in a large transdisciplinary project and co-creating knowledge with local stakeholders in Nepal, gives you all opportunities to develop new skills and kick-start your academic career.<br>Preferred starting date is June 1st 2022.", "requirements_description": "<div class=\"_Section_Section_26Kh4ZAK\">\n<h2 class=\"_Section_title_2lZ2dR7H\">\n<span>Requirements</span>\n</h2>\n<div class=\"_Section_body_1yeeKPXy\">\n<ul>\n<li>A completed (or about to be completed) MSc degree in environmental science, physical geography, soil science, earth science, (palaeo-)ecology, or a related field;</li>\n<li>Affinity with generating and analysing earth and environmental data using field, laboratory-based, and statistical methods;</li>\n<li>Ability to work independently under sometimes challenging field-work conditions;</li>\n<li>Preferably experience with geo-information software and programming languages, such as QGIS and the R language for statistical computing;</li>\n<li>Analytical capabilities and a sense for scientific novelty;</li>\n<li>Excellent English language proficiency (a minimum of CEFR C2 level). For more information about this proficiency level, please visit our special <a href=\"http://www.wur.nl/upload_mm/d/7/b/fa964c14-bf33-4148-8722-002cb3b1bef9_Common%20European%20Framework.pdf\">language page</a>;</li>\n<li>You are a creative, communicative and intrinsically motivated colleague who takes initiative.</li>\n</ul>\n</div>\n</div>", "conditions_description": "<div class=\"_Section_Section_26Kh4ZAK\">\n<h2 class=\"_Section_title_2lZ2dR7H\">\n<span>Conditions of employment</span>\n</h2>\n<div class=\"_Section_body_1yeeKPXy\">\n    \n            \n            \n            Wageningen University &amp; Research offers excellent <a href=\"https://www.wur.nl/en/Jobs/Tailor-made-conditions-of-employment.htm\">terms of employment</a>. A few highlights from our Collective Labour Agreement include:<ul>\n<li>study leave and partially paid parental leave;</li>\n<li>working hours that can be discussed and arranged so that they allow for the best possible work-life balance;</li>\n<li>the option to accrue additional compensation / holiday hours by working more, up to 40 hours per week;</li>\n<li>there is a strong focus on vitality and you can make use of the sports facilities available on campus for a small fee;</li>\n<li>a fixed December bonus of 8.3%;</li>\n<li>excellent pension scheme.</li>\n</ul> In addition to these first-rate employee benefits, you will receive a fully funded PhD position and you will be offered a course program tailored to your needs and the research team.<br/><br/>The gross salary for the first year is \u00e2\u0082\u00ac 2.443,- per month rising to \u00e2\u0082\u00ac 3.122,- in the fourth year in according to the <a href=\"https://www.vsnu.nl/en_GB/cao-universiteiten.html\">Collective Labour Agreements for Dutch Universities (CAO-NU)</a> (scale P). This is based on a full-time working week of 38 hours. We offer a temporary contract for 18 months which will be extended for the duration of the project if you perform well.<br/><br/>There are plenty of options for personal initiative in a learning environment, and we provide excellent training opportunities. We are offering a unique position in an international environment with a pleasant and open working atmosphere.<br/><br/>You are going to work at the greenest and most innovative campus in Holland, and at a university that has been chosen as the \" <a href=\"https://www.wur.nl/en/wageningen-university/rankings.htm\">Best University</a> \" in the Netherlands for the 17th consecutive time.<br/><br/><strong>Coming from abroad</strong><br/>Wageningen University &amp; Research is the university and research centre for life sciences. The themes we deal with are relevant to everyone around the world and Wageningen, therefore, has a large international community and a lot to offer to international employees. Applicants from abroad moving to the Netherlands may qualify for a special tax relief, known as the 30% ruling. Our team of advisors on Dutch immigration procedures will help you with the visa application procedures for yourself and, if applicable, for your family. Feeling welcome also has everything to do with being well informed. Wageningen University &amp; Research's International Community page contains practical information about what we can do to support international employees and students coming to Wageningen. Furthermore, we can assist you with any additional advice and information about helping your partner to find a job, housing, schooling, and other issues.\n          \n  </div>\n</div>", "employer_description": "<div class=\"_Section_Section_26Kh4ZAK\">\n<h2 class=\"_Section_title_2lZ2dR7H\">\n<span>Employer</span>\n</h2>\n<div class=\"_Section_body_1yeeKPXy\">\n<h4>Wageningen University &amp; Research</h4>\n              \n              The mission of Wageningen University and Research is \"To explore the potential of nature to improve the quality of life\". Under the banner Wageningen University &amp; Research, Wageningen University and the specialised research institutes of the Wageningen Research Foundation have joined forces in contributing to finding solutions to important questions in the domain of healthy food and living environment.<br/><br/>With its roughly 30 branches, 6.800 employees and 12.900 students, Wageningen University &amp; Research is one of the leading organisations in its domain. An integrated approach to problems and the cooperation between various disciplines are at the heart of Wageningen's unique approach. WUR has been named the best university of the Netherlands by students for the 17th time in a row.<br/><br/>Read the <a href=\"https://www.wur.nl/en/Jobs/Why-choose-WUR.htm\">5 reasons</a> why your future colleagues enjoy working at WUR and watch <a href=\"https://www.youtube.com/watch?v=ApLORCXXhm4\">this video</a> to get an idea of our green campus!<br/><br/><a href=\"https://www.wur.nl/en/Research-Results/Chair-groups/Environmental-Sciences/Soil-Geography-and-Landscape-Group.htm\">Soil Geography and Landscape group</a> (SGL) has the mission to improve and share understanding of soil patterns and landscape dynamics. We take an integrative approach that combines biophysical and human elements to gain insight in past, present and future system dynamics, and to support sustainable land management.\n              \n            \n  </div>\n</div>", "department_description": "N/A", "additional_information": "<div class=\"_Section_Section_26Kh4ZAK\">\n<h2 class=\"_Section_title_2lZ2dR7H\">\n<span>Additional information</span>\n</h2>\n<div class=\"_Section_body_1yeeKPXy\">\n    For more information about this position please contact Prof. Jakob Wallinga (<a href=\"mailto:jakob.wallinga@wur.nl\">jakob.wallinga@wur.nl</a>), or Dr. Jeroen Schoorl (<a href=\"mailto:jeroen.schoorl@wur.nl\">jeroen.schoorl@wur.nl</a>).<br/><br/>For more information about the procedure please contact Edgar Tijhuis, corporate recruiter, <a href=\"mailto:edgar.tijhuis@wur.nl%A0\">edgar.tijhuis@wur.nl </a><br/><br/><strong>Do you want to apply?</strong><br/>You can apply directly using the apply button on the vacancy page on our website which will allow us to process your personal information with your approval. To <strong>apply</strong> you have to upload a cover letter (max 1 page A4) outlining both your motivation and your suitability for the project, and your CV (max 2 pages A4) including names and contact details of two potential references.<br/>This vacancy will be listed up to and including <strong>March 15th 2022</strong> Interviews will be scheduled on March 30th; if you are unavailable these days, please indicate this in your cover letter.<br/><br/><strong>Equal opportunities</strong><br/>Wageningen University &amp; Research (WUR) employs a large number of people with very different backgrounds and qualities, who inspire and motivate each other. We want every talent to feel at home in our organisation and be offered the same career opportunities. We therefore especially welcome applications from people who are underrepresented at WUR. For more information please go to our <a href=\"https://www.wur.nl/en/Jobs/Why-choose-WUR/WUR-inclusive-employer.htm\">inclusivity page</a>. A good example of how WUR deals with inclusiveness can be read on the page working at WUR with a <a href=\"https://www.wur.nl/en/Jobs/Why-choose-WUR/Working-functional-impairment.htm\">functional impairment</a>.\n  </div>\n</div>", "apply_link": "N/A", "employer_link": "http://www.wageningenur.nl", "job_type": "TEMPORARY", "logo": "https://www.academictransfer.com/media/derivatives/logos/wur-en-wide/31c47a792df1676c8caff07d40ee84ec.png"}