{"url": "https://www.academictransfer.com/en/309458/postdoc-researcher-on-theory-and-quantitative-economic-modelling-for-a-circular-economy/apply/", "title": "Postdoc researcher on theory and quantitative economic modelling for a circular economy", "publish_date": "2022-02-15", "deadline": "2022-03-31", "location": "Warandelaan 2, 5037 AB, Tilburg ", "city": "Tilburg", "country": "Netherlands", "position": "Postdoc", "field": "Economics", "salary": "N/A", "max_working_hours": "40", "employer": "Tilburg University", "job_description": "<p>The postdoctoral researcher/teacher will work on the Horizon Europe project &ldquo;CircoMod - Circular economy modelling for climate change mitigation&rdquo;. Its aim is to model how circular economy (CE) strategies impact GHG emissions and resource efficiency. The researcher will contribute to the project by extending existing economic theories and models with circular economy features. Extensions include the representation of secondary markets and material balances, including a vintage structure in the resource use block, and linking material physical flows to trade patterns, sector value-added, primary and secondary material use, regional competitiveness, and resource (in)dependence. Through the project the researcher collaborates with a diverse group of European researchers on economics, climate, material flows, and policy making.</p><p>&nbsp;</p><p>The new researcher will work with prof. Reyer Gerlagh on the economic modelling activities and with Dr Asel Doranova on policy dialogues and work with stakeholders. The project is expected to lead to publications in top field journals.</p><p>&nbsp;</p><p>The job includes a 25% teaching task consisting of thesis supervision and teaching in Python-related programming courses and environmental economics courses.&nbsp;</p>", "requirements_description": "<div class=\"_Section_Section_26Kh4ZAK\">\n<h2 class=\"_Section_title_2lZ2dR7H\">\n<span>Requirements</span>\n</h2>\n<div class=\"_Section_body_1yeeKPXy\">\n<p>Tilburg University believes that academic excellence is achieved through the combination of outstanding research and education, in which social impact is made by sharing knowledge. In doing so, we recognize that excellence is not only achieved through individual performance, but mostly through team effort in which each team member acts as a leader connecting people.\u00a0<br/>\n\u00a0<br/>\nMore specifically, we are looking for a candidate who has:</p>\n<ul>\n<li>Completed a PhD in Economics</li>\n<li>Demonstrated skills in economic theory</li>\n<li>Experience with quantitative macro-economic models (e.g., CGEs, IAMs)</li>\n<li>Knowledge of, or demonstrable interest in the topic of circular economy and sustainability</li>\n<li>Excellent communication skills in English, orally and in writing</li>\n<li>The ability to independently carry out research, and co-work in a team</li>\n</ul>\n<p>\u00a0</p>\n<p>We value\u00a0</p>\n<ul>\n<li>Teaching and thesis supervision experience</li>\n<li>Open source software skills such as python and R</li>\n</ul>\n<p>\u00a0<br/>\nThe successful candidate will also perform some teaching tasks and other duties, occasionally, which will be consistent with the role of Postdoc. Preferences for teaching are discussed at the interview and can be part of a balanced job offer.</p>\n</div>\n</div>", "conditions_description": "<div class=\"_Section_Section_26Kh4ZAK\">\n<h2 class=\"_Section_title_2lZ2dR7H\">\n<span>Conditions of employment</span>\n</h2>\n<div class=\"_Section_body_1yeeKPXy\">\n<p><strong>Fixed-term</strong> contract: 4 years.</p>\n<p>Tilburg University offers excellent terms of employment. We believe flexibility, development, and good employee benefits are very important. We make clear agreements on career paths and offer all kinds of facilities and schemes to maintain an optimum balance between work and private life. Tilburg University stimulates scientific integrity and supports inclusive teams where diverse talents can flourish.<br/>\n\u00a0<br/>\nThe starting gross salary varies between \u20ac 3,821 and \u20ac 5,230 gross per month (full time) based on scale 11 of the\u00a0<a href=\"https://www.universiteitenvannederland.nl/files/documenten/CAO/2021/CLA_Universities_Netherlands_2021_2022.pdf\">Collective Labor Agreement Dutch Universities</a>. Tilburg University actively promotes equal and transparent salary between men and women by strictly applying predetermined parameters based on the candidate\u2019s experience. Employees recruited from abroad may be eligible for the 30% tax facility- this means that 30% of your salary will be paid as a tax-free reimbursement.</p>\n<p>\u00a0</p>\n<p>Tilburg University offers you an employment agreement for a fixed period of 48 months (75% research and 25% teaching) and 1.0 FTE (40 hours per week) or an equivalent part-time contract for longer period.</p>\n<p>\u00a0</p>\n<p>You are entitled to a holiday allowance amounting to 8% and a year-end bonus of 8.3% of your gross yearly income. If you work 40 hours per week, you receive 41 days of paid recreational leave per year.</p>\n<p>\u00a0</p>\n<p>Please visit\u00a0Working at Tilburg University\u00a0for more information on our employment conditions.\u00a0</p>\n</div>\n</div>", "employer_description": "<div class=\"_Section_Section_26Kh4ZAK\">\n<h2 class=\"_Section_title_2lZ2dR7H\">\n<span>Employer</span>\n</h2>\n<div class=\"_Section_body_1yeeKPXy\">\n<h4>Tilburg University</h4>\n<p>Under the motto of \u2018Understanding society\u2019,\u00a0<a href=\"https://www.tilburguniversity.edu/\"><strong>Tilburg University</strong></a>\u2019s more than 1,500 employees develop knowledge, transfer it to others, and bring people from various disciplines and organizations together. In this way, we want to contribute to solving complex social issues. Our focus areas are economics, business and entrepreneurship, social and behavioral sciences, law and public administration, the humanities and digital sciences, and theology. Tilburg University is internationally known for its high standards in education and scientific research, as well as its good support facilities. The Tilburg University campus offers both quietness and connectivity as it is located in a wooded park, ten minutes away from the city center, main highways, railways, one-and-a-quarter hour from Schiphol and close to Eindhoven Airport.</p>\n</div>\n</div>", "department_description": "N/A", "additional_information": "<div class=\"_Section_Section_26Kh4ZAK\">\n<h2 class=\"_Section_title_2lZ2dR7H\">\n<span>Additional information</span>\n</h2>\n<div class=\"_Section_body_1yeeKPXy\">\n<p>More information on the vacated position can be obtained from Prof. Reyer Gerlagh (R.Gerlagh@tilburguniversity.edu ) and Asel Doranova (A.A.Doranova@tilburguniversity.edu)\u00a0</p>\n</div>\n</div>", "apply_link": "N/A", "employer_link": "http://www.uvt.nl/", "job_type": "TEMPORARY", "logo": "https://www.academictransfer.com/media/derivatives/logos/uvt-en-wide/8bbc452c034c71750be03f93fe602eca.png"}