{"url": "http://www.academictransfer.com/en/309611/twee-projectmanagers-voor-de-community-for-learning-innovation-08-10-fte/apply/", "title": "Twee projectmanagers voor de Community for Learning & Innovation (0,8 - 1,0 fte)", "publish_date": "2022-02-17", "deadline": "2022-03-06", "location": "Burgemeester Oudlaan 50, 3062PA, Rotterdam ", "city": "Rotterdam", "country": "Netherlands", "position": "Engineer/Technician", "field": "N/A", "salary": "N/A", "max_working_hours": "32\u201438", "employer": "Erasmus University Rotterdam (EUR)", "job_description": "<p>Projecten die (bijna) klaarliggen om opgepakt te worden zijn:</p><ul> <li>Het realiseren van online onderwijsprogramma&rsquo;s voor doelgroepen die niet naar de campus kunnen of willen komen. Deze programma&rsquo;s worden toegespitst op de leerbehoeften van deze doelgroepen. De projectleider zorgt voor realisatie van de projecten en werkt onder meer samen met opleidingsmanagers, docententeams, onderwijskundigen, studio-personeel en technici.</li> <li>Het organiseren en introduceren van EduBadges voor het erkennen en waarderen van extra activiteiten van studenten en medewerkers. Er heeft reeds een verkenning plaatsgevonden en er is een plan voor een projectmatige, iteratieve aanpak geschreven. Onder leiding van de projectmanager wordt samen met facultaire medewerkers en centrale beleidsafdelingen gewerkt aan de implementatie van dit plan.</li> <li>Het verwerven van een of meer e-portfoliosystemen ter ondersteuning van programmatisch toetsen, het monitoren en showcasen van de studievoortgang van studenten. Dit gebeurt in vervolg op een pilotproject waarin met diverse e-portfoliosystemen is ge&euml;xperimenteerd.</li> <li>Het onderzoeken van de toepassingsmogelijkheden van chatbots waardoor studenten sneller op weg worden geholpen bij vragen of problemen.</li> <li>Het bruikbaar maken van studiedata voor ondersteuning van docenten en studenten en het toepassen van Artificial Intelligence. De projectmanager ondersteunt bij het inventariseren van de behoefte en het ontwerpen van oplossingsmogelijkheden.&nbsp;</li> </ul><p>Als projectmanager zorg je voor het initi&euml;ren, uitvoeren, bewaken en opleveren van projecten. In nauwe afstemming met faculteiten en diensten worden projectidee&euml;n uitgewerkt in projectplannen die op brede steun kunnen rekenen. Bij de uitvoering van de projecten werk je samen in multidisciplinaire teams. Als projectmanager bewaak je de grote lijnen en de voortgang en werk je actief mee aan het realiseren van de projectdoelstellingen. Het is belangrijk om in het project te zorgen voor een positieve sfeer waarin constructief en plezierig wordt samengewerkt. Flexibel inspelen op verschillende belangen zonder het projectdoel uit het oog te verliezen, is noodzakelijk om effectief te zijn als projectmanager aan de EUR.</p><p>Binnen het CLI-kernteam zijn momenteel drie projectmanagers actief die met elkaar en andere leden van het team samenwerken. Vanwege de aanwas van innovatie- en digitaliseringsprojecten breiden wij het kernteam uit met twee projectmanagers. Er zijn ook twee projectmanagement officers actief die helpen bij de inrichting, uitvoering, bewaking, samenhang, documentatie en rapportage van projecten.</p><p><em>Werkzaamheden projectmanager:</em></p><ul> <li>Schrijven en presenteren van projectvoorstellen en deze bespreken met opdrachtgevers</li> <li>Opstellen van projectdoelstellingen en programma van eisen in samenspraak met stakeholders</li> <li>Opstellen van een projectplan met specificaties ten aanzien van tijd, bemensing, budget ne kwaliteit</li> <li>Realiseren van de uitvoering van een projectplan en zorgen voor periodieke rapportages</li> <li>(Mede) uitvoeren van (delen van) het project</li> <li>Toetsen van de opgeleverde projectresultaten aan het projectplan en overdragen van relevante kennis en documenten aan de instelling</li> <li>Doen van voorstellen tot proces- en productverbetering</li> <li>Bewaken en bevorderen van de samenhang tussen verschillende met elkaar verbonden projecten</li> <li>Zorgdragen voor de adequate aansturing van het projectteam</li> <li>Aangaan en onderhouden van interpersoonlijke relaties ten behoeve van het cre&euml;ren van draagvlak</li> <li>Het verwerven van nieuwe of aanvullende opdrachten</li> </ul>", "requirements_description": "N/A", "conditions_description": "N/A", "employer_description": "N/A", "department_description": "N/A", "additional_information": "N/A", "apply_link": "N/A", "employer_link": "http://www.eur.nl/", "job_type": "TEMPORARY", "logo": "https://www.academictransfer.com/media/derivatives/logos/eur-en-wide/ce33222703c7a0b148d3a935910a2f60.png"}