{"url": "https://www.academictransfer.com/en/309620/promovendus-phd-candidate/", "title": "Promovendus / PhD Candidate", "publish_date": "2022-02-17", "deadline": "2022-03-07", "location": "L\u00c3\u00bcbeckweg 2, 9723 HE, Groningen ", "city": "Groningen", "country": "Netherlands", "position": "PhD", "field": "Gedrag en maatschappij; Gezondheid; Natuurwetenschappen", "salary": "N/A", "max_working_hours": "28.8\u201436", "employer": "Accare", "job_description": "<p>Wij zijn op zoek naar een gedreven en enthousiaste promovendus voor onderzoek naar de effectiviteit van een nieuwe interventie voor ouders van kinderen met gedragsproblemen voor 28,8 uur per week (0,8 FTE), gedurende 5 jaar.</p><p><strong>Wat houdt de functie in?</strong><br> Je doet door middel van een gerandomiseerde gecontroleerde trial onderzoek naar de (kosten)effectiviteit van een korte, flexibele training-op-maat voor ouders van kinderen met gedragsproblemen, met eventuele vervolgbehandeling om terugval te voorkomen. Het onderzoek maakt deel uit van de PAINT-studies (zie&nbsp;<a href=\"http://www.paint-studies.nl/\">www.paint-studies.nl</a>), waarin nauw wordt samengewerkt met de Vrije Universiteit, de Universiteit van Amsterdam en de KU Leuven. De oudertraining is ontwikkeld op basis van eerdere resultaten van de PAINT-studies. De training zal aan ouders worden gegeven door behandelaren in verschillende Nederlandse instellingen voor jeugd-GGZ.</p><p><strong>Je voornaamste taken en verantwoordelijkheden zijn:</strong></p><ul> <li>Je bent (samen met een team van begeleiders) verantwoordelijk voor de inhoudelijke, organisatorische en logistieke aspecten van het onderzoeksproject;</li> <li>Je neemt deel aan het trainingsprogramma voor PhD kandidaten van de <a href=\"https://www.rug.nl/research/behavioural-cognitive-neurosciences/?lang=en\">Research School of Behavioural and Cognitive Neurosciences</a> (BCN) Groningen;&nbsp;</li> <li>Je rapporteert de onderzoeksbevindingen in publicaties in internationale vaktijdschriften en rondt het project af met een proefschrift;</li> <li>Je verspreidt vergaarde kennis binnen Nederland en op internationale congressen.</li> </ul>", "requirements_description": "N/A", "conditions_description": "N/A", "employer_description": "N/A", "department_description": "N/A", "additional_information": "N/A", "apply_link": "N/A", "employer_link": "https://www.accare.nl/", "job_type": "TEMPORARY", "logo": "https://www.academictransfer.com/media/derivatives/logos/accare-en-wide/16976bece4d1a1318ec6f9e62fd3ab47.png"}