{"url": "http://www.academictransfer.com/en/309517/teamleider-student-administratie-08-10-fte/", "title": "Teamleider Student Administratie (0,8 - 1,0 fte)", "publish_date": "2022-02-16", "deadline": "2022-03-07", "location": "Warandelaan 2, 5037 AB, Tilburg ", "city": "Tilburg", "country": "Netherlands", "position": "Other Category", "field": "N/A", "salary": "N/A", "max_working_hours": "32\u201440", "employer": "Tilburg University", "job_description": "<p><strong>Positionering van de functie</strong><br> Het team Student Administratie inschrijf en volg bestaat uit 9 medewerkers, die samen verantwoordelijk zijn voor het in- en uitschrijven van studenten (inschrijf) en faciliteren van de studievoortgang (volg). Dit team vormt een onderdeel van de afdeling Student Administratie (SA), wat weer onderdeel van de divisie Academic Services (AS) en bestaat uit 58 medewerkers. Student Administration is verantwoordelijk voor de volgende zaken:&nbsp;</p><ul> <li>het in- en uitschrijven van studenten;</li> <li>de centrale registratie van de studieresultaten;</li> <li>de diplomering van studenten;</li> <li>het roosteren van de colleges en (her)tentamens;</li> <li>de afname van de tentamens;</li> <li>de eerstelijns vragen van studenten via de Student Desk.</li> </ul><p>&nbsp;</p><p>Voor het team Student administratie &ldquo;inschrijf en volg&rdquo;, is per direct een vacature van &eacute;&eacute;n jaar (met uitzicht op verlenging) voor een Teamleider Student Administratie (0,8 &ndash; 1,0 fte). Wij zijn op zoek naar een young professional, die de mensen in het team begeleid in hun doorontwikkeling.</p><p>&nbsp;</p><p>Het team bestaat uit een groep medewerkers, die sinds lange periode met elkaar samen werken en zelfstandig functioneren. Vanwege de Coronaperiode hebben de medewerkers de afgelopen jaren de aandacht gelegd op het uitvoeren van het reguliere werk. Hierdoor is minder tijd geweest voor verbeter- en verandertrajecten. De teamleider zal met name gevraagd worden om samen met het team de processen en werkinstructies te optimaliseren en veranderingen in o.a. implementeren van wijzigingen in applicaties, beleid en wetgeving in de dagelijkse werkzaamheden te realiseren.&nbsp;</p><p>&nbsp;</p><p>In de aard van de werkzaamheden van het team moet o.a. gedacht worden aan het in- en uitschrijfproces, inclusief collegegeld heffingen zo optimaal mogelijk te laten verlopen, het opvoeren van studieresultaten en vrijstellingen in Osiris, het ervoor zorgen dat de student een compleet overzicht heeft van zijn studievoortgang, het controleren van de studievoortgang van de bachelor en masterstudenten en als aan alle onderdelen van de opleiding is voldaan en het vervaardigen van diplomastukken.</p><p>&nbsp;</p><p><strong>Verantwoordelijkheden en taken teamleider&nbsp;</strong></p><ul> <li>Samen opstellen van een toekomstplan voor het team administratie en bijdragen aan de realisatie ervan</li> <li>Uitvoeren van het HR beleid in het eigen team</li> <li>Leiding en sturing geven aan medewerkers en werkzaamheden binnen het team i.s.m de co&ouml;rdinator van de medewerkers &ldquo;volg&rdquo; en de medewerkers &ldquo;inschrijf&rdquo;</li> <li>Structureel overleg met afdelingshoofd Student Administration en de andere teamleiders van Student Administration;</li> <li>Structureel overleg met teams zoals Informatie Management (functioneel beheer en consultants Osiris) en Finance Services en Controle over o.a. de openstaande issues en planning komende periode.&nbsp;</li> <li>Afhandelen van klachten van studenten en hierin adviseren van het afdelingshoofd;</li> <li>Bijdrage leveren aan verbeter- en verandertrajecten in relatie tot inschrijving en volg (bijv. wijzigingen in toepassen van Osiris, verbetering van processen);</li> <li>Bijdragen aan beleidsontwikkeling in relatie tot nieuwe wetgeving en meewerken aan de implementatie ervan</li> </ul><p>&nbsp;</p><p>Er zijn diverse periodes in relatie tot inschrijving en diplomering per jaar en je bent bereid om je vakantie hierop aan te passen.&nbsp;</p>", "requirements_description": "N/A", "conditions_description": "N/A", "employer_description": "N/A", "department_description": "N/A", "additional_information": "N/A", "apply_link": "N/A", "employer_link": "http://www.uvt.nl/", "job_type": "TEMPORARY", "logo": "https://www.academictransfer.com/media/derivatives/logos/uvt-en-wide/8bbc452c034c71750be03f93fe602eca.png"}