{"url": "https://www.academictransfer.com/en/309613/bijzonder-hoogleraar-middeneuropese-studien/apply/", "title": "Bijzonder hoogleraar Middeneuropese Studi\u00ebn", "publish_date": "2022-02-17", "deadline": "2022-04-01", "location": "Rapenburg, 2311, Leiden ", "city": "Leiden", "country": "Netherlands", "position": "Other Category", "field": "N/A", "salary": "N/A", "max_working_hours": "N/A", "employer": "Leiden University", "job_description": "<p><strong><em>Universiteit Leiden, Faculteit der Geesteswetenschappen, Instituut voor Geschiedenis</em></strong></p><p>De Stichting<em>&nbsp;Oostenrijkse Studi&euml;n&nbsp;</em>en de Faculteit der Geesteswetenschappen, Universiteit Leiden, zoeken een</p><p><strong>Bijzonder hoogleraar Middeneuropese Studi&euml;n,</strong>&nbsp;0,2fte (1 dag in de week)</p><p>De nieuw te benoemen hoogleraar zal worden benoemd door de Stichting&nbsp;<em>Oostenrijkse Studi&euml;n&nbsp;</em>en voor 0,2 fte te werk worden gesteld bij het Instituut voor Geschiedenis van de Universiteit Leiden.</p><p><strong>Werkzaamheden:</strong></p><ul> <li>Het verzorgen van academisch onderwijs (in zowel de Bachelor als de Master) op het terrein van de geschiedenis van Midden-Europa.</li> <li>Het begeleiden van scriptiestudenten (BA en MA) en promovendi.</li> <li>Het vormgeven van een curriculum op dit terrein in samenwerking met gastdocenten die jaarlijks in het tweede semester onderwijs verzorgen.</li> <li>Het ondersteunen van deze gastdocenten; het werven van gastdocenten in samenwerking met de Stichting<em>&nbsp;Oostenrijkse Studi&euml;n.</em></li> <li>Het verrichten van academisch onderzoek op het terrein van de geschiedenis van Midden-Europa.</li> <li>Het verkennen van mogelijkheden voor onderzoeksaanvragen op het terrein van de geschiedenis van Midden-Europa.</li> <li>Leidinggeven aan het Leiden Austria Center in samenwerking met de Stichting&nbsp;<em>Oostenrijkse Studi&euml;n</em></li> <li>Vormgeven aan de&nbsp;samenwerking met de andere Austria Centers, onder andere door de jaarlijkse&nbsp;<em>Annual Convention</em></li> <li>Het ondersteunen van samenwerkingsverbanden rond de geschiedenis en politiek van Midden- en Oost Europa binnen de Leidse, Nederlandse, en Europese context, waaronder in het bijzonder het Leidse Central and East European Studies Centre (CEES:&nbsp;<a href=\"https://www.universiteitleiden.nl/en/cees\">https://www.universiteitleiden.nl/en/cees</a>)</li> </ul>", "requirements_description": "N/A", "conditions_description": "N/A", "employer_description": "N/A", "department_description": "N/A", "additional_information": "N/A", "apply_link": "N/A", "employer_link": "http://www.universiteitleiden.nl/", "job_type": "TEMPORARY", "logo": "https://www.academictransfer.com/media/derivatives/logos/lei-en-wide/f66e61a821cf3294ef5ce4fcaacbdedb.png"}