{"url": "https://www.academictransfer.com/en/309541/hr-medewerker/apply/", "title": "HR-medewerker", "publish_date": "2022-02-16", "deadline": "2022-03-07", "location": "Houtlaan 4, 6525 XZ, Nijmegen ", "city": "Nijmegen", "country": "Netherlands", "position": "Other Category", "field": "N/A", "salary": "N/A", "max_working_hours": "N/A", "employer": "Radboud University", "job_description": "<p><em>Haal jij energie uit het beantwoorden van alle soorten HR-vragen van collega's? Ondersteun je graag in het HR-proces en heb je administratief altijd alles tot in de puntjes verzorgd? Dan ben jij nodig!<br><br></em>Als HR-medewerker ben je het eerste belangrijke aanspreekpunt voor medewerkers bij vragen over arbeidsvoorwaarden, regelingen en procedures en ben je verantwoordelijk voor de personeelsadministratie. Je hebt in deze rol dagelijks contact met leidinggevenden en medewerkers over HR-gerelateerde zaken en bent daardoor goed op de hoogte van wat er binnen de docentenacademie speelt. Je voorziet hen van informatie en adviseert over het gebruik van bestaande, actuele HR-regelingen en -procedures.<br><br>In de rol van HR-medewerker ben je verantwoordelijk voor het registreren, actualiseren en beheren van personeelsgegevens in het personeelsinformatiesysteem (BASS HRM/Oracle). Accuratesse zit jou dan ook in het bloed en je krijgt energie van het zorgen voor een up-to-date administratie.<br><br>Je verzorgt de correspondentie en informatie rond in, door- en uitstroom en zorgt voor managementinformatie rond verzuim en verlof. In jouw rol bewaak je afspraken en termijnen van contracten en ben je betrokken bij de uitvoering van het verzuimbeleid. Ook adviseer je over de primaire arbeidsvoorwaarden en voer je arbeidsvoorwaardengesprekken. Tenslotte doe je voorstellen rond verbetering van werkprocessen en procedures.</p>", "requirements_description": "N/A", "conditions_description": "N/A", "employer_description": "N/A", "department_description": "N/A", "additional_information": "N/A", "apply_link": "N/A", "employer_link": "http://www.ru.nl/", "job_type": "TEMPORARY", "logo": "https://www.academictransfer.com/media/derivatives/logos/run-en-wide/13abf0bc0a611f32246d62b46488f997.jpg"}