{"url": "http://www.academictransfer.com/en/309502/assistant-professor-law-and-technology-10-fte/", "title": "Assistant Professor Law and Technology (1.0 FTE)", "publish_date": "2022-02-15", "deadline": "2022-03-18", "location": "Domplein 29, 3512 JE, Utrecht ", "city": "Utrecht", "country": "Netherlands", "position": "Assistant Professor", "field": "Law", "salary": "\u00e2\u0082\u00ac3821\u00e2\u0080\u0094\u00e2\u0082\u00ac5230 per month", "max_working_hours": "36\u201440", "employer": "Utrecht University", "job_description": "The <a href=\"https://www.uu.nl/en/organisation/utrecht-university-school-of-law/international-and-european-law-ier\">Department of International and European Law</a> at the Utrecht University School of Law is looking for an Assistant Professor who will be involved in teaching in the field of European law and technology. The prospective Assistant Professor will be involved in both Bachelor's and Master's programmes, in particular the UU Master's programme Law and Technology in Europe. As the Assistant Professor you will also supervise Bachelor's and Master's theses and you may be assigned coordination and tutoring tasks. Although the emphasis will be on academic teaching, the position includes 0.3 FTE research.", "requirements_description": "<div class=\"_Section_Section_26Kh4ZAK\">\n<h2 class=\"_Section_title_2lZ2dR7H\">\n<span>Requirements</span>\n</h2>\n<div class=\"_Section_body_1yeeKPXy\">\n    We are looking for a candidate with a broad knowledge of international and European law, with a particular focus on law and technology.\u00c2\u00a0\n\n<br/>In particular the following requirements apply:<br/>\n<ul>\n<li>You have a PhD, preferably in European law, empirical legal studies or public international law with a focus on law and technology.</li>\n<li>Research experience and/or an interest in the domains of European administrative law and digital enforcement or internet governance is particularly welcome.</li>\n<li>You have experience and strong skills in academic teaching.</li>\n<li>Experience in developing and coordinating courses is an asset.</li>\n<li>You have an excellent command of written and spoken English. A working knowledge of Dutch is an asset. Non-Dutch speaking candidates should be prepared to acquire a good passive knowledge of the Dutch language.</li>\n<li>You have a Basic Teaching Qualification (BKO) or are willing to acquire one soon.</li>\n<li>You are a team player and have strong interpersonal skills in establishing and maintaining contact with colleagues and students in a diverse and international environment.</li>\n</ul>\n</div>\n</div>", "conditions_description": "<div class=\"_Section_Section_26Kh4ZAK\">\n<h2 class=\"_Section_title_2lZ2dR7H\">\n<span>Conditions of employment</span>\n</h2>\n<div class=\"_Section_body_1yeeKPXy\">\n<p>We offer a position (1.0 FTE) for a period of 18 months. In case of a good performance, a permanent position is one of the possibilities. The gross salary - depending on previous qualifications and experience\u00c2\u00a0 - ranges between \u00e2\u0082\u00ac3,821 and \u00e2\u0082\u00ac5,230 (scale 11 according to the Collective Labour Agreement Dutch Universities) per month for a full-time employment. Salaries are supplemented with a holiday bonus of 8% and a year-end bonus of 8.3% per year. In addition, Utrecht University offers excellent secondary conditions, including an attractive retirement scheme, (partly paid) parental leave and <a href=\"https://www.uu.nl/en/organisation/working-at-utrecht-university/terms-of-employment\">flexible employment conditions</a>\u00c2\u00a0(multiple choice model). More information\u00c2\u00a0<a href=\"https://www.uu.nl/en/organisation/working-at-utrecht-university\">about working at Utrecht University</a> can be found here.</p>\n</div>\n</div>", "employer_description": "<div class=\"_Section_Section_26Kh4ZAK\">\n<h2 class=\"_Section_title_2lZ2dR7H\">\n<span>Employer</span>\n</h2>\n<div class=\"_Section_body_1yeeKPXy\">\n<p>A better future for everyone. This ambition motivates our scientists in executing their leading research and inspiring teaching. At <a href=\"http://www.uu.nl/en/\">Utrecht University</a>, the various disciplines collaborate intensively towards major societal themes. Our focus is on Dynamics of Youth, Institutions for Open Societies, Life Sciences and Sustainability.</p>\n<br/>The <a href=\"https://www.uu.nl/en/organisation/faculty-of-law-economics-and-governance\">Faculty of Law, Economics and Governance</a> is a faculty at the heart of society, with a strong focus on social issues. Our subjects of law, economics and governance give us a strong mix of academic disciplines that complement and enhance each other. This is a unique combination and a mark of our faculty's strength.<br/><br/>The School of Law has provided quality research and education for more than 350 years. Constant innovation has enabled the School to maintain its leading position. Top-ranking research is conducted in all important legal fields: private law, criminal law, constitutional and administrative law and international law. Researchers collaborate intensively with foreign partners, mainly from the angle of European and comparative law. The School of Law also conducts contract research and consultancy for other organisations. The extensive educational programme is based on academic research conducted within the Faculty of Law, Economics and Governance. Students are trained as highly qualified, internationally-oriented lawyers on the basis of modern didactical principles. The School of Law offers eight English-language Master\u00e2\u0080\u0099s programmes and contributes to the Transnational Law Programme, an English-language Bachelor\u00e2\u0080\u0099s programme. The Utrecht School of Law has launched the Netherlands\u00e2\u0080\u0099 most extensive international student exchange programme. In addition, training programmes for professionals are available. <br/><br/>You will be working at the Department International and European Law of the School of Law. The department International and European Law (IER) of the Utrecht School of Law is responsible for education and research in the field of international public law, European law, social law, economic public law and human rights. <br/><br/>The department of International and European Law participates in the multidisciplinary research programmes of Utrecht University and is involved in commissioned research and consultancy. The School of Law\u00e2\u0080\u0099s legal research has organised its research in five main research programmes:<br/>\n<ul>\n<li>Utrecht Centre for Accountability and Liability Law (UCALL);</li>\n<li>Utrecht Centre for Regulation and Enforcement in Europe (RENFORCE);</li>\n<li>Utrecht Centre for European Research into Family Law (UCERF);</li>\n<li>Utrecht Centre for Water, Oceans and Sustainability Law (UCWOSL);</li>\n<li>Montaigne Centre for Rule of Law and Administration of Justice.</li>\n</ul>\n</div>\n</div>", "department_description": "N/A", "additional_information": "<div class=\"_Section_Section_26Kh4ZAK\">\n<h2 class=\"_Section_title_2lZ2dR7H\">\n<span>Additional information</span>\n</h2>\n<div class=\"_Section_body_1yeeKPXy\">\n    For more information about this position, please contact:\n\n<a href=\"https://www.uu.nl/staff/SAdeVries\">Prof Sybe de Vries</a>, via <a href=\"mailto:s.a.devries@uu.nl\">s.a.devries@uu.nl</a>.\n  </div>\n</div>", "apply_link": "N/A", "employer_link": "http://www.uu.nl/", "job_type": "TEMPORARY", "logo": "https://www.academictransfer.com/media/derivatives/logos/uu-en-wide/67674af2e9b77c72917924b654f37798.jpg"}