{"url": "https://www.academictransfer.com/en/309489/vaardighedendocent-rechtsgeleerdheid-b3-01-03-fte/", "title": "Vaardighedendocent Rechtsgeleerdheid B3 (0,1 \u2013 0,3 fte)", "publish_date": "2022-02-15", "deadline": "2022-03-06", "location": "Burgemeester Oudlaan 50, 3062 PA, Rotterdam ", "city": "Rotterdam", "country": "Netherlands", "position": "Other Category", "field": "Recht; Gedrag en maatschappij", "salary": "N/A", "max_working_hours": "3.8\u201411.4", "employer": "Erasmus University Rotterdam (EUR)", "job_description": "<p>Als vaardighedendocent rechtsgeleerdheid begeleid je onze studenten bij het ontwikkelen van hun schriftelijke en mondelinge vaardigheden. Je stoomt onze studenten klaar voor de juridische praktijk, door hen te leren zichzelf helder, overtuigend en op academisch verantwoorde wijze uit te drukken. Dit doe je met enthousiasme &ndash; jouw passie voor het vak deel je met onze studenten. Binnen jaar 3 is de ontwikkeling gericht op onderzoeksvaardigheden en het begeleiden van het bachelorwerkstuk (bachelorscriptie).</p><p>Je takenpakket er als volgt uit: tijdens het eerste deel van het jaar begeleid je bijeenkomsten (ca. 20 studenten per groep) waarin onderzoeksvaardigheden centraal staan en voorzie je onderzoeksvoorstellen van feedback en een beoordeling. Tijdens het tweede deel van het jaar begeleid je studenten in kleinere groepen bij het schrijven van hun bachelorwerkstuk. Hierbij ligt jouw focus op onderzoeks- en schrijfvaardigheid en werk je samen met een vakdocent die het juridisch inhoudelijke onderdeel voor haar rekening neemt.</p><p>De bijeenkomsten, afspraken met studenten, voorbesprekingen en nakijkoverleggen vinden op verschillende dagen van de week plaats. Er kunnen afspraken gemaakt worden over beschikbaarheid. De focus ligt op individuele feedback en beoordeling van de schriftelijke stukken. Deze werkzaamheden kun je flexibel indelen binnen de daarvoor bestemde periode, en kun je zowel op de campus als elders verrichten. Het doen van onderzoek behoort niet tot het takenpakket van een vaardighedendocent.</p>", "requirements_description": "N/A", "conditions_description": "N/A", "employer_description": "N/A", "department_description": "N/A", "additional_information": "N/A", "apply_link": "N/A", "employer_link": "http://www.eur.nl/", "job_type": "TEMPORARY", "logo": "https://www.academictransfer.com/media/derivatives/logos/eur-en-wide/ce33222703c7a0b148d3a935910a2f60.png"}