{"url": "http://www.academictransfer.com/en/309540/baliemedewerker/", "title": "Baliemedewerker", "publish_date": "2022-02-16", "deadline": "2022-03-03", "location": "Houtlaan 4, 6525 XZ, Nijmegen ", "city": "Nijmegen", "country": "Netherlands", "position": "Other Category", "field": "N/A", "salary": "N/A", "max_working_hours": "32", "employer": "Radboud University", "job_description": "<p><em>Ben jij degene die ervoor zorgt dat onze studenten en docenten op een fijne en professionele manier verder worden geholpen? En zoek je een dynamische baan in een bruisende en jonge omgeving? Dan is de functie van baliemedewerker iets voor jou! Samen met je collega\u2019s ben je het eerste aanspreekpunt voor studenten, medewerkers en externen van de Faculteit Sociale Wetenschappen.</em></p> <p>Het Radboud Centrum Sociale Wetenschappen is op zoek naar een proactieve, sprankelende en klantvriendelijke baliemedewerker. Als baliemedewerker vervul je een belangrijke rol. Je werkt in het nieuwe Maria Montessorigebouw en je bent daar het eerste aanspreekpunt en dus h\u00e9t gezicht van onze organisatie. Daarom vinden wij het belangrijk dat je met plezier onze docenten en studenten te woord staat, of dat nu aan de balie of via de telefoon en/of chat is. Je staat actief klaar om bij mogelijke technische vragen in de leslokalen te helpen en je verzorgt bijeenkomsten en vergaderingen. Uiteraard doe je dit met een grote mate van klantvriendelijkheid. Verder verzorg je overige administratieve werkzaamheden ter ondersteuning van je collega's.<br><br>In eerste instantie betreft het een aanstelling voor \u00e9\u00e9n jaar in verband met ziektevervanging. Mogelijk is er sprake van verlenging.</p>", "requirements_description": "N/A", "conditions_description": "N/A", "employer_description": "N/A", "department_description": "N/A", "additional_information": "N/A", "apply_link": "N/A", "employer_link": "http://www.ru.nl/", "job_type": "TEMPORARY", "logo": "https://www.academictransfer.com/media/derivatives/logos/run-en-wide/13abf0bc0a611f32246d62b46488f997.jpg"}