{"url": "http://www.academictransfer.com/en/309562/planner-onderwijs-en-patientenzorg-08-fte/", "title": "Planner Onderwijs en Pati\u00ebntenzorg (0,8 fte)", "publish_date": "2022-02-17", "deadline": "2022-03-11", "location": "Domplein 29, 3512 JE, Utrecht ", "city": "Utrecht", "country": "Netherlands", "position": "Other Category", "field": "N/A", "salary": "N/A", "max_working_hours": "28\u201432", "employer": "Utrecht University", "job_description": "Je bent verantwoordelijk voor het maken van onderwijs-, zaal- en dienstenroosters binnen het departement Clinical Sciences \u2013 Klinieken Gezelschapsdieren en Paard. Om dat te realiseren verzamel en orden je gegevens over lopende en voorgestelde onderwijsprogramma\u2019s, beschikbare zaalruimtes en de beschikbaarheid van docenten, o.a. in relatie tot de bezetting van de pati\u00ebntenzorgprocessen. Hiernaast vervullen de afdelingen een centrale functie in de studievoortgangsadministratie. Je overlegt veelvuldig met de secretariaten van de diverse disciplinegroepen, huisvesting (lokaal en centraal) en met betrokken docenten/dierenartsen en specialisten over de conceptroosters. In de huidige praktijk ligt de nadruk vooral op roostering in relatie met de onderwijslogistiek en de pati\u00ebntenzorgprocessen. Ook treed je op als de contactpersoon van de planning voor studenten en medewerkers m.b.t. de meest uiteenlopende zaken. Je beantwoordt binnenkomende telefoontjes m.b.t. het onderwijs en handelt ze af.", "requirements_description": "N/A", "conditions_description": "N/A", "employer_description": "N/A", "department_description": "N/A", "additional_information": "N/A", "apply_link": "N/A", "employer_link": "http://www.uu.nl/", "job_type": "TEMPORARY", "logo": "https://www.academictransfer.com/media/derivatives/logos/uu-en-wide/67674af2e9b77c72917924b654f37798.jpg"}