{"url": "http://www.academictransfer.com/en/309617/the-international-school-of-business-at-han-university-of-applied-sciences-is-looking-for-a-professor-in-international-business/", "title": "The International School of Business at HAN University of Applied Sciences is looking for a: Professor in International Business", "publish_date": "2022-02-17", "deadline": "2022-03-10", "location": "Ruitenberglaan 31, 6826 CC, Arnhem ", "city": "Arnhem", "country": "Netherlands", "position": "Assistant Professor", "field": "Economics", "salary": "\u00e2\u0082\u00ac7635\u00e2\u0080\u0094\u00e2\u0082\u00ac8390 per month", "max_working_hours": "32\u201440", "employer": "HAN University of Applied Sciences", "job_description": "<p>HAN University of Applied Sciences is one of the top-rated universities of applied sciences in the Netherlands and offers degrees in the fields of economics, business and management, health, social studies, education, information technology and communication and engineering. In addition to education, HAN is also committed to practice-based research and acts as a local knowledge gateway in the region. HAN&rsquo;s aim is to conduct practice-based research that both serves the educational and the professional field.<br> <br> The Professor of International Business (IB) will contribute to HAN&rsquo;s and ISB&rsquo;s research priorities by shaping the development of essential skills for future business professionals such as problem solving, collaboration skills and intercultural awareness and thereby supporting policies to attract businesses to this region.<br> <br> The Centre of International Business Research (CIBR) is part of the International School of Business. It contributes to the development of the professional practice and ISB`s educational programmes, i.e., practice-based research and education in the international business and communication courses. The research conducted by the group focuses on global citizenship and international business (education), international entrepreneurship, and sustainable international finance and supply chains. CIBR consists of an ambitious group of researchers and is looking for an individual who likes to further develop the Centre&rsquo;s national recognition in line with the priorities of the university.<br> <br> What will you be doing?</p><p>The professor of International Business is responsible for knowledge development, knowledge dissemination to and from the educational and professional practice, the professional development of lecturers and the translation of knowledge into the curriculum of the IB programme.<br> <br> As leader of CIBR and research in ISB:</p><ul> <li>You organize and contribute to the exciting research programme of CIBR including Global Citizenship and International Business (Education).</li> <li>You publish (together with the colleagues) in peer reviewed journals in the IB field.</li> <li>You participate and have experience in Dutch and International Networks of researchers.</li> <li>You will raise research funds and have experience and currently actively participate in externally funded research projects.</li> <li>You will help supervise PhD students and help develop researchers, staff, and students in obtaining the necessary competencies for practice-based research.</li> <li>You will contribute to the further development of the IB curriculum and other innovative education programmes.</li> <li>You develop a network of practitioners to connect with education and research.</li> </ul>", "requirements_description": "<div class=\"_Section_Section_26Kh4ZAK\">\n<h2 class=\"_Section_title_2lZ2dR7H\">\n<span>Requirements</span>\n</h2>\n<div class=\"_Section_body_1yeeKPXy\">\n<p>You are an ambitious and inspiring individual for fellow professors, for staff, and for students in the relevant degree courses and for professionals in the work field. You are a networker and have a natural ability to make and maintain contacts with course departments and the educational and professional field and to coach and supervise researchers. You have good communication skills and a people- and development-oriented attitude. You are a team player.<br/>\n<br/>\nThe Professor of International Business:</p>\n<ul>\n<li>Has experience in leading a research group.</li>\n<li>Has published in highly ranked peer reviewed journals in the International Business field.</li>\n<li>Has at least 10 years of relevant international research experience.</li>\n<li>Is well connected with journal editors in the IB and International Education field.</li>\n<li>Is PhD qualified in International Business or a related field.</li>\n</ul>\n</div>\n</div>", "conditions_description": "<div class=\"_Section_Section_26Kh4ZAK\">\n<h2 class=\"_Section_title_2lZ2dR7H\">\n<span>Conditions of employment</span>\n</h2>\n<div class=\"_Section_body_1yeeKPXy\">\n<p><strong>Fixed-term</strong> contract: Period of four years.</p>\n<ul>\n<li>An interesting position in a dynamic and informal organisation that is working towards a quality culture, where you will have every opportunity to grow in your profession.</li>\n<li>The appointment is for a fixed period of four years.</li>\n<li>You will be employed in the position of Professor of Applied Sciences (Lector) 1 or 2.</li>\n<li>Depending on your experience level the gross monthly salary for Professor 2 is a maximum of \u20ac 7.634,89 (scale 15 of the Collective Labour Agreement for Universities of Applied Sciences), and for Professor 1 a maximum of \u20ac 8.390,18 (scale 16 of the Collective Labour Agreement for Universities of Applied Sciences).</li>\n<li>The salary is exclusive of 8% holiday allowance and 8.3% annual bonus.</li>\n<li>Besides, the HAN offers good provisions regarding pension, health care, training facilities, mobility and parental leave.</li>\n</ul>\n</div>\n</div>", "employer_description": "N/A", "department_description": "N/A", "additional_information": "<div class=\"_Section_Section_26Kh4ZAK\">\n<h2 class=\"_Section_title_2lZ2dR7H\">\n<span>Additional information</span>\n</h2>\n<div class=\"_Section_body_1yeeKPXy\">\n<p>You can apply online via the application button below. Applications submitted directly to the contact person or by any other means will not be considered.<br/>\n<br/>\nYou can apply <strong>until 10 March 2022</strong>. The first interviews will take place on 21 and 28 March 2022. You can address your application letter to Arjan Keunen, dean International School of Business.<br/>\n<br/>\nFor this position you must be able to submit a Certificate of Good Conduct (VOG).<br/>\n<br/>\nQuestions about the position:<br/>\nArjan Keunen, dean International School of Business<br/>\nPhone: +316 55 49 33 05<br/>\nE-mail: <a href=\"mailto:e.dekoning@han.nl\"><strong>e.dekoning@han.nl</strong></a><br/>\n<br/>\nQuestions about the application process:<br/>\nDiantha Bastiaans, employee Resource Desk<br/>\nPhone: +316 11 71 56 77<br/>\nE-mail:\u00e2\u0080\u00af<a href=\"mailto:diantha.bastiaans@han.nl\"><strong>diantha.bastiaans@han.nl</strong></a><br/>\n<br/>\nCompany Information\u00e2\u0080\u00af</p>\n<p>International School of Business consists of over 100 academics and staff and offers the English taught programmes Communications Studies and International Business. International Business has four specialisations: Finance, Supply Chain Management, Marketing &amp; Sales and Organisation &amp; Change.<br/>\n<br/>\nFor more information about the company please visit:\u00a0<a href=\"https://ltpx.nl/gMWQwTE\"><strong>https://hanuniversity.com/en/</strong></a>.<br/>\n<br/>\n<em>Agency calls are not appreciated.</em></p>\n</div>\n</div>", "apply_link": "N/A", "employer_link": "http://www.han.nl/", "job_type": "TEMPORARY", "logo": "https://www.academictransfer.com/media/derivatives/logos/hogeschool-van-arnhem-en-nijmegen-han-en-wide_LkoPLXj/e07e0e1683d7d791c88c61ba7bde1cd7.png"}