{"url": "https://www.academictransfer.com/en/309559/assistant-professorship-position-in-strategy-at-the-department-of-organisation-strategy-and-entrepreneurship-maastricht-university-school-of-business-and-economics/apply/", "title": "Assistant Professorship position in Strategy at the Department of Organisation, Strategy and Entrepreneurship, Maastricht University School of Business and Economics", "publish_date": "2022-02-16", "deadline": "2022-03-31", "location": "Tongersestraat 53, 6211 LM, Maastricht ", "city": "Maastricht", "country": "Netherlands", "position": "Research Assistant", "field": "Economics", "salary": "\u00e2\u0082\u00ac3821\u00e2\u0080\u0094\u00e2\u0082\u00ac5943 per month", "max_working_hours": "38", "employer": "Maastricht University (UM)", "job_description": "<p>The Department of Organisation, Strategy and Entrepreneurship (OSE) at the School of Business and Economics (SBE) of Maastricht University is looking for a strategy scholar to join our team. We are interested to hear from strategy scholars with an interest in, but not restricted to, strategic management, strategic innovation, corporate strategy and/or international business. Scholars keen to collaborate across areas of expertise are particularly invited to apply. We combine a strong commitment to excellent research and research-based education, with a focus on societal impact.</p><p>We offer a dynamic and challenging job in an internationally oriented organisation. The candidate will be part of the School&rsquo;s international network of top universities and renowned scholars. OSE has strong collaborations with other institutes and departments at Maastricht University and elsewhere and offers a collegiate working environment.</p>", "requirements_description": "<div class=\"_Section_Section_26Kh4ZAK\">\n<h2 class=\"_Section_title_2lZ2dR7H\">\n<span>Requirements</span>\n</h2>\n<div class=\"_Section_body_1yeeKPXy\">\n<p>You have a PhD degree in one of the main strategy fields and preferably a few years of post-doctoral experience in an academic context. International peer reviewed articles are forthcoming or part of your portfolio.</p>\n<p>You have a proven interest and expertise in strategy. Experience with a variety of research approaches is an advantage and familiarity with grant acquisition and valorisation of research is an asset.</p>\n<p>You are an experienced and enthusiastic teacher. Experience with course development and thesis supervision is a strength. You are able to stimulate student learning and to maximize student participation in our system of small-scale problem-based learning (PBL). Experience with teaching in international classrooms is preferable.</p>\n<p>The department appreciates an open mind to multidisciplinary research, and the ambition to combine academic rigor with societal relevance. Teamwork and good citizenship are highly valued. We expect any candidate to create significant synergies and positive externalities, both within the department, SBE, and beyond. The department is committed to building a culturally diverse faculty and strongly encourages applications from female and minority candidates.</p>\n<p>Fluent English language skills, both orally and in writing are required.</p>\n</div>\n</div>", "conditions_description": "<div class=\"_Section_Section_26Kh4ZAK\">\n<h2 class=\"_Section_title_2lZ2dR7H\">\n<span>Conditions of employment</span>\n</h2>\n<div class=\"_Section_body_1yeeKPXy\">\n<p><strong>Fixed-term</strong> contract: Tenure Track.</p>\n<p>We offer a position (1.0 FTE) as Assistant Professor (universitair docent), starting at the latest on the 1st of September 2022. Upon satisfactory performance in the one-and-a-half-year period, this initially 18 months position will become permanent.</p>\n<p>We offer a salary as stipulated in the Collective Labour Agreement of the Dutch Universities. Within this framework, we offer a competitive salary with a minimum of \u20ac 3.821 and a maximum of \u20ac 5.943 per month (depending on your experience) for a full-time position of 38 hours/week. On top of this, there is an annual holiday allowance (8% of annual income) and an annual end-of-year bonus (8.3% of annual income).</p>\n<p>You must be willing to move to (the vicinity of) Maastricht. Depending on your personal situation, you will be eligible for an allowance for moving costs. Other secondary conditions include a pension scheme and partially paid parental leave.</p>\n<p>The terms of employment of Maastricht University are set out in the Collective Labour Agreement of Dutch Universities (CAO). Furthermore, local UM provisions also apply. For more information look at the website:\u00a0<a href=\"http://www.maastrichtuniversity.nl/\">http://www.maastrichtuniversity.nl</a>\u00a0&gt; About UM &gt;\u00a0<a href=\"https://www.maastrichtuniversity.nl/about-um/working-um\">Working at UM</a></p>\n<p>\u00a0</p>\n</div>\n</div>", "employer_description": "<div class=\"_Section_Section_26Kh4ZAK\">\n<h2 class=\"_Section_title_2lZ2dR7H\">\n<span>Employer</span>\n</h2>\n<div class=\"_Section_body_1yeeKPXy\">\n<h4>Maastricht University</h4>\n<p>Maastricht University is renowned for its unique, innovative, problem-based learning system, which is characterized by a small-scale and student-oriented approach. Research at UM is characterized by a multidisciplinary and thematic approach, and is concentrated in research institutes and schools. Maastricht University has around 20.000\u00a0students and 4.700 employees. Reflecting the university's strong international profile, a fair amount of both students and staff are from abroad. The university hosts six faculties: Faculty of Health, Medicine and Life Sciences, Faculty of Law, School of Business and Economics,\u00a0Faculty of Science and Engineering, Faculty of Arts and Social Sciences, Faculty of Psychology and Neuroscience. For more information, see\u00a0<a href=\"http://www.maastrichtuniversity.nl/\">http://www.maastrichtuniversity.nl/</a></p>\n<p><strong>School of Business and Economics</strong><br/>\nSBE is the youngest economics and business faculty in the Netherlands with a distinctively international profile. It belongs to the 1% of business schools worldwide to be triple-crown accredited (EQUIS, AACSB and AMBA). SBE strongly believes in close connections with its academic partners and societal stakeholders, with its students and alumni, and with businesses and organisations in the Limburg Euregion, the Netherlands, Europe and the rest of the world. SBE is committed to increasing the gender diversity of its academic community and wants to stimulate the creation of a more diverse and inclusive community. For more information see: <a href=\"https://www.maastrichtuniversity.nl/about-um/faculties/school-business-and-economics\">https://www.maastrichtuniversity.nl/about-um/faculties/school-business-and-economics</a></p>\n</div>\n</div>", "department_description": "N/A", "additional_information": "<div class=\"_Section_Section_26Kh4ZAK\">\n<h2 class=\"_Section_title_2lZ2dR7H\">\n<span>Additional information</span>\n</h2>\n<div class=\"_Section_body_1yeeKPXy\">\n<p>For more information with respect to the position please contact prof. dr. Juliette Koning, Professor of Business in Society and Head of Department (<a href=\"mailto:j.koning@maastrichtuniversity.nl\">j.koning@maastrichtuniversity.nl</a>)</p>\n</div>\n</div>", "apply_link": "N/A", "employer_link": "http://www.maastrichtuniversity.nl/", "job_type": "TEMPORARY", "logo": "https://www.academictransfer.com/media/derivatives/logos/um-en-wide/0c1dd83b22059d7ee90c38e0f0c254be.jpg"}