{"url": "https://www.academictransfer.com/en/309538/tenure-track-faculty-position-in-experimental-quantum-matter-and-optics/apply/", "title": "Tenure track faculty position in experimental quantum matter and optics", "publish_date": "2022-02-16", "deadline": "2022-03-31", "location": "Anna van Buerenplein, 2595 DE, Den Haag ", "city": "Den Haag", "country": "Netherlands", "position": "Assistant Professor", "field": "N/A", "salary": "N/A", "max_working_hours": "N/A", "employer": "Leiden University", "job_description": "<p>The Faculty of Science and the Leiden Institute of Physics invite applications for a&nbsp;<strong>Tenure track faculty position in experimental quantum matter and optics</strong></p><p><strong>Vacancy number 22-092</strong></p><p>The Leiden Institute of Physics (LION) offers a faculty position in experimental quantum matter and optics, with a research emphasis on electronic properties of matter. The successful candidate will have the freedom to develop an independent research program in this field, connecting to and expanding on existing research at LION. Our own research in this area focuses on (engineered) quantum materials, with quantum optics and photon-matter interactions as adjacent fields of interest, while reaching out to the interface between physics and chemistry. A new research group is starting up shortly, focusing on van der Waals materials.</p><p>Our new colleague will have full access to the joint infrastructure, which includes extensive thin film preparation, nanolithography (including EBPG and FIB), magnetotransport facilities below 1 K, and microscopy techniques such as low-temperature STM, LEEM, AFM, break junctions, and various single-molecule fluorescence techniques. Vice versa, we expect our new staff member to contribute to an open academic atmosphere in which discussion and collegiality are held high.</p><p>Appointments at associate or full professor level may be considered for truly outstanding candidates.</p><p><strong>Key responsibilities</strong></p><p>&bull;Establishing an independent, internationally recognized research line, with publications in leading scientific journals;</p><p>&bull; Successful acquisition of external funds through research grants;</p><p>&bull; Teaching at the undergraduate and graduate level in physics;</p><p>&bull; Supervision of BSc and MSc students in their research projects;</p><p>&bull; Contribution to the management and organization of the institute;</p><p>&bull; Co-responsibility for a collegial atmosphere in which high-level science can thrive.</p>", "requirements_description": "<div class=\"_Section_Section_26Kh4ZAK\">\n<h2 class=\"_Section_title_2lZ2dR7H\">\n<span>Requirements</span>\n</h2>\n<div class=\"_Section_body_1yeeKPXy\">\n<p><strong>Selection criteria</strong></p>\n<p>\u2022 PhD degree in physics and research experience at the postdoctoral level;</p>\n<p>\u2022 Strong interest in an academic career as evidenced through activities and publication record;</p>\n<p>\u2022 A research plan that connects to current research at LION;</p>\n<p>\u2022 Excellent communications skills in English, both written and verbal;</p>\n<p>\u2022 Strong commitment to teaching and willingness to further develop teaching skills.</p>\n<p>\u00a0</p>\n</div>\n</div>", "conditions_description": "<div class=\"_Section_Section_26Kh4ZAK\">\n<h2 class=\"_Section_title_2lZ2dR7H\">\n<span>Conditions of employment</span>\n</h2>\n<div class=\"_Section_body_1yeeKPXy\">\n<p><strong>Terms and conditions\u00a0</strong>We offer a full-time, 6 year term position, with the opportunity of tenure based on performance. The salary ranges between \u20ac 3.821,- and \u20ac 5.230,- gross per month (pay scale 11 in accordance with the Collective Labour Agreement for Dutch Universities). In exceptional cases, candidates at the associate or full professor level will be taken into consideration.</p>\n<p>Leiden University offers an attractive benefits package with additional holiday (8%) and end-of-year bonuses(8.3 %), training and career development and sabbatical leave. Our individual choices model gives you some freedom to assemble your own set of terms and conditions. Candidates from outside the Netherlands may be eligible for a substantial tax break. See the website for\u00a0<a href=\"https://www.staff.universiteitleiden.nl/human-resources/new-staff/terms-of-employment-in-short/overview-terms-of-employment\">more information</a>.</p>\n</div>\n</div>", "employer_description": "<div class=\"_Section_Section_26Kh4ZAK\">\n<h2 class=\"_Section_title_2lZ2dR7H\">\n<span>Employer</span>\n</h2>\n<div class=\"_Section_body_1yeeKPXy\">\n<p><strong>Information Tenure Track</strong></p>\n<p>We offer a tenure track that upon successful performance will lead to a tenured position as associate professor, and upon continued growth to promotion to a full professor position. At the end of the tenure track, a reasonable proficiency in the Dutch language is expected. We offer a competitive start-up package, a clear and inviting career path, a supportive and collegial academic atmosphere and support in the development of your personal and professional skills, for example through coaching and training. A special mentoring program is offered with fellow Tenure Trackers in a peer group as well as with senior staff members in the department.</p>\n<p><strong>Our organisation</strong></p>\n<p>The QMO-section in Leiden consists of a number of experimental groups in Quantum Matter and Quantum Optics, as well as several theory groups working in Quantum Matter and Quantum. For more information, see the website.</p>\n<p>We are embedded in the Leiden Institute of Physics, with its long-standing tradition of excellence in physics research. Apart from the above-mentioned state-of-the-art preparation and measurement facilities, low-vibration space will be available in our ultramicroscopy hall, and LION experimental groups are (at no costs) supported by excellent mechanical and electronic workshops. We foster an international and collaborative atmosphere and have close ties to especially the TU Delft, through our joint Casimir Research School, as well as to the University of Amsterdam, SRON, and many institutes abroad.</p>\n<p>The Faculty of Science is a world-class faculty where staff and students work together in a dynamic international environment. It is a faculty where personal and academic development are top priorities. We are committed to expand fundamental knowledge by curiosity and to look beyond the borders of their own discipline; aiming to benefit science, and to make a contribution to addressing the major societal challenges of the future.</p>\n<p>The research carried out at the Faculty of Science is very diverse, ranging from mathematics, information science, astronomy, physics, chemistry and bio-pharmaceutical sciences to biology and environmental sciences. The research activities are organised in eight institutes. These institutes offer eight bachelor\u2019s and twelve master\u2019s programmes. The faculty has grown strongly in recent years and now has more than 2,300 staff and almost 5,000 students. We are located at the heart of Leiden\u2019s Bio Science Park, one of Europe\u2019s biggest science parks, where university and business life come together. For more information, see\u00a0<a href=\"https://www.universiteitleiden.nl/en/science\">https://www.universiteitleiden.nl/en/science</a>\u00a0and\u00a0<a href=\"https://workingat.leiden.edu/\">https://workingat.leiden.edu/</a>.</p>\n</div>\n</div>", "department_description": "N/A", "additional_information": "<div class=\"_Section_Section_26Kh4ZAK\">\n<h2 class=\"_Section_title_2lZ2dR7H\">\n<span>Additional information</span>\n</h2>\n<div class=\"_Section_body_1yeeKPXy\">\n<p><strong>Diversity\u00a0</strong>Leiden\u00a0University\u00a0is strongly committed to diversity within its community and especially welcomes applications from members of underrepresented groups. Gender balance is an explicit aim of our institute. We strongly encourage women to apply.</p>\n<p><strong>Information</strong></p>\n<p>Enquiries can be made to Prof. Jan Aarts, email (<a href=\"mailto:director@physics.leidenuniv.nl\">director@physics.leidenuniv.nl</a>), telephone: 071- 527 5708), also for questions about the procedure. Additional information on research and education at the Leiden Institute of physics can be found at\u00a0<a href=\"https://www.universiteitleiden.nl/en/science/physics\">https://www.universiteitleiden.nl/en/science/physics</a></p>\n</div>\n</div>", "apply_link": "N/A", "employer_link": "http://www.universiteitleiden.nl/", "job_type": "TEMPORARY", "logo": "https://www.academictransfer.com/media/derivatives/logos/lei-en-wide/f66e61a821cf3294ef5ce4fcaacbdedb.png"}