{"url": "http://www.academictransfer.com/en/309515/medewerker-studentenzaken-bij-het-education-support-team-van-tilburg-law-school-08-10-fte/apply/", "title": "Medewerker Studentenzaken bij het Education Support Team van Tilburg Law School (0,8-1,0 fte)", "publish_date": "2022-02-16", "deadline": "2022-03-07", "location": "Warandelaan 2, 5037 AB, Tilburg ", "city": "Tilburg", "country": "Netherlands", "position": "Other Category", "field": "N/A", "salary": "N/A", "max_working_hours": "32\u201440", "employer": "Tilburg University", "job_description": "<p>Het EST geeft ondersteuning aan het onderwijs in brede zin, dus van toelating tot diploma en van individueel studieadvies tot algemene beleidsvorming. Het EST adviseert studenten en docenten, maar ook het Faculteitsbestuur en andere onderwijsgremia. Bovendien monitort het EST de daarvoor noodzakelijke processen. In deze functie van Medewerker Studentenzaken geef je, samen met twee collega&rsquo;s, voornamelijk ondersteuning aan de Onderwijsco&ouml;rdinatoren/ studieadviseurs en aan de secretarissen van de Examencommissie.&nbsp;<br> In de dagelijkse praktijk neemt de examencommissie besluiten over verzoeken van studenten zoals het verlenen van vrijstellingen, toepassen van het bindende studieadvies en verzoeken over het studieprogramma. Besluiten die de examencommissie neemt staan open voor een bezwaar- en beroepsprocedure.&nbsp;</p><p>&nbsp;</p><p>Voor de onderwijs co&ouml;rdinatoren ben je een eerste aanspreekpunt voor studenten met vragen van allerlei aard die je, als je ze niet zelf kan beantwoorden, doorzet naar de juiste collega&rsquo;s binnen het EST TLS of naar een andere afdeling. Je verzorgt allerlei onderwijs gerelateerde activiteiten, bijvoorbeeld de toelating van studenten tot opleidingen die door TLS verzorgd worden, het organiseren van voorlichtings- en matchingsactiviteiten, diploma-uitreikingen, enzovoorts.&nbsp;</p><p>&nbsp;</p><p>Met betrekking tot de ondersteuning van de examencommissie draag je op proactieve wijze bij aan het functioneren van de examencommissie. Je taken zijn zeer divers, je houdt (beleids)beslissingen en de jaarkalender bij, monitort diverse deadlines in hoorzittingen en beroepsprocedures en zorgt voor een adequate procesbeheersing. Je zorgt voor het opzetten en uitvoeren van de nieuwsbrief en helpt bij het voorbereiden van vergaderingen. Je assisteert bij het proces rond het toets- en het scriptiepanel door het uitzoeken van scripties, het toedelen en het verzamelen van beoordelingen.&nbsp;</p><p>&nbsp;</p><p>Bovenstaande taken zullen in overleg verdeeld worden over alle collega&rsquo;s Medewerkers Studentenzaken, daarbij is het uitdrukkelijk de bedoeling dat jullie elkaar ook kunnen helpen of vervangen. Aangezien het zwaartepunt van de werkzaamheden in de zomer valt verwachten we ook dat we in die periode op je kunnen rekenen.&nbsp;</p>", "requirements_description": "N/A", "conditions_description": "N/A", "employer_description": "N/A", "department_description": "N/A", "additional_information": "N/A", "apply_link": "N/A", "employer_link": "http://www.uvt.nl/", "job_type": "TEMPORARY", "logo": "https://www.academictransfer.com/media/derivatives/logos/uvt-en-wide/8bbc452c034c71750be03f93fe602eca.png"}