{"url": "https://www.academictransfer.com/en/309492/lecturer-in-information-systems/apply/", "title": "Lecturer in Information Systems", "publish_date": "2022-02-15", "deadline": "2022-04-01", "location": "Droevendaalsesteeg, 6708 PB, Wageningen ", "city": "Wageningen", "country": "Netherlands", "position": "Lecturer", "field": "Behaviour and society", "salary": "N/A", "max_working_hours": "38", "employer": "Wageningen University & Research", "job_description": "<em><strong>Are you an expert in information systems, business analytics, and business-IT alignment? Are you interested in contributing to the development of socio-technical systems?</strong></em><br><br>The <a href=\"http://www.wur.eu/inf\">Information Technology</a> (INF) group at Wageningen University is doing research and education on the topics of smart system engineering, and system-of-systems engineering which is primarily centered in the life sciences domain. In this context, we focus on software engineering, information management and socio-technical systems. With the rapidly increasing impact of IT on the life sciences domain, the mission of the INF group has become even more important. In the last years, the group has rapidly grown and developed a solid research agenda on smart systems engineering and introduced several new courses on information systems, Artificial Intelligence and Data Science. To further strengthen our group, we invite applications for the lecturer position in the area of Information Systems.<br><br>As a lecturer in our group, you will contribute to a strongly internationally oriented teaching programme at Wageningen University. Your tasks will be:<ul> <li>coordinate and teach courses related to information systems;</li> <li>coordinate examination and mark exams;</li> <li>supervise students' theses and internships;</li> <li>support the development of online learning courses (e.g. MOOCs).</li> </ul> You will collaborate with colleagues and thesis students. Coaching will be provided to accomplish all of the above and support career opportunities for entering the tenure track.", "requirements_description": "<div class=\"_Section_Section_26Kh4ZAK\">\n<h2 class=\"_Section_title_2lZ2dR7H\">\n<span>Requirements</span>\n</h2>\n<div class=\"_Section_body_1yeeKPXy\">\n    You are an ambitious and enthusiastic lecturer devoted to excellence in education in Information Technology. Further, you have:<ul>\n<li>a PhD degree in information systems, business information technology, management information systems, computer science or a related area;</li>\n<li>a solid background and experience in the field of information technology and particularly information systems;</li>\n<li>teaching experience with a clear vision on education;</li>\n<li>good didactic qualities and enthusiasm for teaching and working with students;</li>\n<li>commitment and success in effective and inspirational participation in teaching programmes;</li>\n<li>affinity with teaching computer programming, information systems courses;</li>\n<li>the ability to significantly contribute to the teaching and administration of subjects (including curriculum development) within the range of subjects offered by the INF group;</li>\n<li>experience and interest in working in interdisciplinary teams;</li>\n</ul>\n</div>\n</div>", "conditions_description": "<div class=\"_Section_Section_26Kh4ZAK\">\n<h2 class=\"_Section_title_2lZ2dR7H\">\n<span>Conditions of employment</span>\n</h2>\n<div class=\"_Section_body_1yeeKPXy\">\n    \n            \n            \n            Wageningen University &amp; Research offers excellent <a href=\"https://www.wur.nl/en/Jobs/Tailor-made-conditions-of-employment.htm\">terms of employment</a>. A few highlights from our Collective Labour Agreement include:<ul>\n<li>sabbatical leave, study leave, and paid parental leave;</li>\n<li>working hours that can be discussed and arranged so that they allow for the best possible work-life balance;</li>\n<li>the option to accrue additional holiday hours by working more, up to 40 hours per week;</li>\n<li>there is a strong focus on vitality and you can make use of the sports facilities available on campus for a small fee;</li>\n<li>a fixed December bonus of 8.3%;</li>\n<li>excellent pension scheme.</li>\n</ul> In addition to these first-rate employee benefits, you will of course receive a good salary. Depending on your experience, we offer a competitive gross salary of between \u00e2\u0082\u00ac2.790,- and \u00e2\u0082\u00ac4.402,- for a full-time working week of 38 hours, in accordance with the <a href=\"https://vsnu.nl/files/documenten/CAO/2020/VSNU-CAO_Nederlandse_Universiteiten_2020_NL_v2020_01.pdf\">Collective Labour Agreements for Dutch Universities (CAO-NU)</a> (scale 10).<br/><br/>Our <em>Education Career Path</em> offers teachers an attractive career perspective. With this, WUR indicates the importance of high-quality and innovative academic education. We offer you a versatile job in an international environment with a pleasant and open working atmosphere.<br/><br/>You are going to work at the greenest and most innovative campus in Holland, and at a university that has been chosen as the \"<a href=\"https://www.wur.nl/en/newsarticle/Wageningen-maintains-leading-position-among-Dutch-universities.htm\">Best University</a>\" in the Netherlands for the 16th consecutive time.<br/><br/><strong>Coming from abroad</strong><br/>Wageningen University &amp; Research is the university and research centre for life sciences. The themes we deal with are relevant to everyone around the world and Wageningen, therefore, has a large international community and a lot to offer to international employees. Applicants from abroad moving to the Netherlands may qualify for a special <a href=\"https://www.wur.nl/en/Jobs/Moving-to-the-Netherlands.htm\">tax relief</a>, known as the 30% ruling. Our team of advisors on Dutch immigration procedures will help you with the visa application procedures for yourself and, if applicable, for your family.<br/>Feeling welcome also has everything to do with being well informed. Wageningen University &amp; Research's <a href=\"https://www.wur.nl/en/International-staff.htm\">International Community</a> page contains practical information about what we can do to support international employees and students coming to Wageningen. Furthermore, we can assist you with any additional advice and information about helping your partner to find a job, housing, schooling, and other issues.\n          \n  </div>\n</div>", "employer_description": "<div class=\"_Section_Section_26Kh4ZAK\">\n<h2 class=\"_Section_title_2lZ2dR7H\">\n<span>Employer</span>\n</h2>\n<div class=\"_Section_body_1yeeKPXy\">\n<h4>Wageningen University &amp; Research</h4>\n<strong>Wageningen University &amp; Research</strong><br/><br/><br/><br/>The mission of Wageningen University &amp; Research is \"To explore the potential of nature to improve the quality of life\". Under the banner Wageningen University &amp; Research, Wageningen University and the specialised research institutes of the Wageningen Research Foundation have joined forces in contributing to finding solutions to important questions in the domain of healthy food and living environment.<br/><br/>With its roughly 30 branches, 6.800 employees and 12.900 students, Wageningen University &amp; Research is one of the leading organisations in its domain. An integrated approach to problems and the cooperation between various disciplines are at the heart of Wageningen's unique approach. WUR has been named Best Employer in the Education category for 2019-2020.<br/>Wageningen University is an internationally leading institution in the area of life sciences and is part of the <a href=\"https://www.4tu.nl/en/about_4tu/\">4TU</a> federation, a collaboration of four universities of technology in The Netherlands.<br/><br/>Read the <a href=\"https://www.wur.nl/en/Jobs/Why-choose-WUR.htm\">5 reasons</a> why your future colleagues enjoy working at WUR and watch <a href=\"https://www.youtube.com/watch?v=ApLORCXXhm4\">this video</a> to get an idea of our green campus!<br/><br/><em>We will recruit for the vacancy ourselves, so no employment agencies please. However, sharing in your network is appreciated.</em>\n</div>\n</div>", "department_description": "N/A", "additional_information": "<div class=\"_Section_Section_26Kh4ZAK\">\n<h2 class=\"_Section_title_2lZ2dR7H\">\n<span>Additional information</span>\n</h2>\n<div class=\"_Section_body_1yeeKPXy\">\n<strong>Do you want more information?</strong><br/>For more information about this position, please contact Prof.dr. Bedir Tekinerdogan, chair of the INF group, via <a href=\"mailto:bedir.tekinerdogan@wur.nl\">bedir.tekinerdogan@wur.nl</a><br/><br/>For more information about the procedure, please contact Bianca Aversteeg, Recruitment support via <a href=\"mailto:recruitment.ssg@wur.nl\">recruitment.ssg@wur.nl</a>.<br/><br/><strong>Do you want to apply?</strong><br/>You can apply directly using the apply button on the vacancy page on our website which will allow us to process your personal information with your approval.<br/><br/>This vacancy will be listed up to and including the 1st April 2022. We hope to schedule the first job interviews in the first weeks of April 2022.<br/><br/><strong>Equal opportunities</strong><br/>Wageningen University &amp; Research (WUR) employs a large number of people with very different backgrounds and qualities, who inspire and motivate each other. We want every talent to feel at home in our organisation and be offered the same career opportunities. We therefore especially welcome applications from people who are underrepresented at WUR. For more information please go to our <a href=\"https://www.wur.nl/en/Jobs/Why-choose-WUR/WUR-inclusive-employer.htm\">inclusivity page</a>. A good example of how WUR deals with inclusiveness can be read on the page working at WUR with a <a href=\"https://www.wur.nl/en/Jobs/Why-choose-WUR/Working-functional-impairment.htm\">functional impairment</a>.\n  </div>\n</div>", "apply_link": "N/A", "employer_link": "http://www.wageningenur.nl", "job_type": "TEMPORARY", "logo": "https://www.academictransfer.com/media/derivatives/logos/wur-en-wide/31c47a792df1676c8caff07d40ee84ec.png"}