{"url": "http://www.academictransfer.com/en/309587/assistant-professor-argumentation-and-communication/apply/", "title": "Assistant Professor Argumentation and Communication", "publish_date": "2022-02-17", "deadline": "2022-03-27", "location": "Kloveniersburgwal 48, 1012 CX, Amsterdam ", "city": "Amsterdam", "country": "Netherlands", "position": "Assistant Professor", "field": "Language and culture", "salary": "\u00e2\u0082\u00ac3821\u00e2\u0080\u0094\u00e2\u0082\u00ac5943 per month", "max_working_hours": "38", "employer": "University of Amsterdam (UvA)", "job_description": "<p><strong>What are you going to do</strong></p><p>You will provide education in a dynamic context with ample opportunities for the development of innovative teaching methods. Your research will be part of the&nbsp;<a href=\"https://aclc.uva.nl/\">Amsterdam Center for Language and Communication</a>&nbsp;(ACLC).&nbsp;The ACLC prioritises diversity (taken in a holistic sense, e.g., ethnicity, social background, gender, sexuality) and is committed to creating an inclusive environment for everyone. We are seeking a talented researcher and teacher who can liaise between different ACLC research groups, develop interdisciplinary projects, and research-based teaching. The ACLC is one of the five research schools of the&nbsp;<a href=\"https://aihr.uva.nl/\">Amsterdam Institute for Humanities Research</a>.</p><p>As a native or fluent speaker of Dutch and English you are expected to teach in the BA Cognition, Language and Communication, the BA Dutch Language and Culture, and, when needed, various (Research) MA programs. These programs adopt an interdisciplinary approach and you are expected to be open to fields that might not be directly related to your research focus.</p><p><strong>Tasks and responsibilities:</strong></p><ul> <li>designing and conducting independent research on argumentation and communication theory resulting in academic publications in peer-reviewed international journals and/or books;</li> <li>actively pursuing external funding for research, notably funding from research councils, national as well as European;</li> <li>actively contributing to and developing national and international research networks and other forms of cooperation;</li> <li>actively contributing to the research activities op the ACLC research school and actively take part in one of the research groups such as&nbsp;Language and Cognition in Argumentation or Persuasive Discourse across Domains;</li> <li>developing, coordinating and teaching courses in both Dutch and English, in the Bachelor and Master programmes;</li> <li>supervising Bachelor and Master theses and tutoring students; co-supervising PhD theses;</li> <li>actively contributing to the development and improvement of the broader teaching programmes in the department;</li> <li>taking part in committees and working groups, and carrying out departmental administrative tasks as directed.</li> </ul>", "requirements_description": "<div class=\"_Section_Section_26Kh4ZAK\">\n<h2 class=\"_Section_title_2lZ2dR7H\">\n<span>Requirements</span>\n</h2>\n<div class=\"_Section_body_1yeeKPXy\">\n<p><strong>What do we require</strong></p>\n<p>You are a dynamic and ambitious researcher with a strong profile, which include international publications and an international academic network. Your publications show broad knowledge of argumentation and communication theory, familiarity with models of argumentative and persuasive language use, and a strong affinity with methodological tools such as computational modelling or corpus research. Please note that you are not expected to independently apply such methods, but that you have a demonstrable interest in such applications and can initiate collaborative work with relevant experts. Your research matches the profile of the ACLC research school. You are expected to develop interdisciplinary collaborations with colleagues within the ACLC and also with researchers working in adjacent fields such as at the Institute for Logic, Language, and Computation (ILLC). Such collaborations\u00a0will lead for instance to joint grant applications and joint projects.</p>\n<p>You have experience with teaching courses that focus on qualitative and/or quantitative argumentation and communication research. You will contribute to the BA Cognition, Language and Communication; the BA Dutch Language and Culture; and various (Research) MA programs, such as the master Communication and Information; the Research master Linguistics and Communication; and/or the master Redacteur/Editor. Important is proven flexibility in teaching topics beyond your own research focus, a willingness to work in interdisciplinary teams of teachers and the ability to offer inspiring lectures and tutorials in the BA, MA and minor programmes that appeal to a wide range of students</p>\n<p><strong>Your experience and profile:</strong></p>\n<ul>\n<li>you hold a PhD in argumentation/communication theory or a field closely related to argumentation / communication theory or another relevant theme with a research focus on argumentation theory and/or communication and cognition;</li>\n<li>you have broad teaching experience at BA and MA level;</li>\n<li>you have an excellent command of Dutch and English. Being able to teach in Dutch and English from the moment that you are hired is a prerequisite. If Dutch is not your mother tongue, the state examination for Dutch as a Second Language programme II must be passed within two years of your contract;</li>\n<li>you are an active and ambitious researcher with a strong publication record;</li>\n<li>you have demonstrable ability and ambition to obtain external research grants;</li>\n<li>you have experience with digital and audio-visual teaching facilities and affinity with IT in university teaching;</li>\n<li>you are experienced/interested in valorisation and practice-based education and/or research;</li>\n<li>you are good team player and versatile at all levels, capable of multidisciplinary co-operation;</li>\n<li>you have excellent organisational experience and skills;</li>\n<li>you acquired the Dutch Basic Teaching Qualification, or you are willing to acquire this within the first two years.</li>\n</ul>\n</div>\n</div>", "conditions_description": "<div class=\"_Section_Section_26Kh4ZAK\">\n<h2 class=\"_Section_title_2lZ2dR7H\">\n<span>Conditions of employment</span>\n</h2>\n<div class=\"_Section_body_1yeeKPXy\">\n<p><strong>Our offer</strong></p>\n<p>We offer permanent employment upon a satisfactory evaluation following a temporary employment contract of a maximum of 18 months with a probationary period of two months. If you already have an employment contract with the UvA, we offer permanent employment upon a satisfactory evaluation following a temporary employment contract of a maximum of 12 months.\u00a0The employment is for 38 hours per week. Preferred starting date is 1 August 2022.</p>\n<p>The gross monthly salary, based on 38 hours per week, ranges between \u20ac 3,821 (scale 11) to \u20ac 5,943 (scale 12) dependent on relevant experience.</p>\n<p>This sum does not include the 8% holiday allowance and the 8,3% year-end allowance.\u00a0A favourable tax agreement, the \u201830% ruling\u2019, may apply to non-Dutch applicants.\u00a0The\u00a0<a href=\"https://www.vsnu.nl/en_GB/cao-universiteiten.html\">Collective Labour Agreement of Dutch Universities</a>\u00a0is applicable.</p>\n<p><strong>We additionally offer:</strong></p>\n<ul>\n<li>the opportunity to collaborate in interdisciplinary teams;</li>\n<li>excellent opportunities for study and personal development;</li>\n<li>an inspiring academic and international working environment in the heart of Amsterdam.</li>\n</ul>\n</div>\n</div>", "employer_description": "<div class=\"_Section_Section_26Kh4ZAK\">\n<h2 class=\"_Section_title_2lZ2dR7H\">\n<span>Employer</span>\n</h2>\n<div class=\"_Section_body_1yeeKPXy\">\n<h4>University of Amsterdam</h4>\n<p>The\u00a0<a href=\"https://www.uva.nl/en/about-the-uva/about-the-university/about-the-university.html\">University of Amsterdam</a>\u00a0is the Netherlands' largest university, offering the widest range of academic programmes. At the UvA, 30,000 students, 6,000 staff members and 3,000 PhD candidates study and work in a diverse range of fields, connected by a culture of curiosity.</p>\n</div>\n</div>", "department_description": "N/A", "additional_information": "<div class=\"_Section_Section_26Kh4ZAK\">\n<h2 class=\"_Section_title_2lZ2dR7H\">\n<span>Additional information</span>\n</h2>\n<div class=\"_Section_body_1yeeKPXy\">\n<p><strong>Questions</strong></p>\n<p>Do you have any questions or do you require additional information? Please contact (during office hours):</p>\n<ul>\n<li><a href=\"mailto:J.E.Rispens@uva.nl\">Prof.\u00a0 Judith Rispens</a>, chair of the department of Dutch.</li>\n<li>T: +31 205254737</li>\n</ul>\n</div>\n</div>", "apply_link": "N/A", "employer_link": "http://www.uva.nl/", "job_type": "TEMPORARY", "logo": "https://www.academictransfer.com/media/derivatives/logos/uva-en-wide/22e1319f66e44f07d56047b996668aa9.png"}