{"url": "http://www.academictransfer.com/en/309513/coordinator-concern-complaints-point-08-fte-maastricht-university-office-muo/", "title": "Co\u00f6rdinator Concern & Complaints Point (0,8 fte), Maastricht University Office (MUO)", "publish_date": "2022-02-16", "deadline": "2022-03-01", "location": "Minderbroedersberg 4-6, 6211 LK, Maastricht ", "city": "Maastricht", "country": "Netherlands", "position": "Other Category", "field": "N/A", "salary": "N/A", "max_working_hours": "30.4\u201432", "employer": "Maastricht University (UM)", "job_description": "<p><em>Wat ga je doen?</em></p><p>De hoofdtaak van de co&ouml;rdinator Concern &amp; Complaints Point ligt in het opvangen, begeleiden en doorverwijzen van medewerkers. Medewerkers komen bij jou met allerlei uiteenlopende vragen, zorgen, meldingen en klachten. Je luistert, analyseert, en adviseert de medewerker op welke wijze omgegaan kan worden met de zorg. Je bent bekend met alle informele en formele routes binnen en buiten de organisatie. Welke informele of formele route ook wordt bewandeld, jij bent en blijft toegankelijk en in verbinding met de betreffende medewerker. Je begeleidt en bewaakt het proces. Je luistert, licht voor, je legt uit, en schakelt met andere hulplijnen waar nodig.</p><p>Je hebt daarnaast een co&ouml;rdinerende verantwoordelijkheid om een team van hulpfunctionarissen (vertrouwenspersonen, ombudsfunctionaris, etc.) bij elkaar te brengen en in gezamenlijkheid met het verbeteren van sociale veiligheid aan de slag te gaan. Je analyseert en evalueert in teamverband de behandeling van meldingen en de zorgstructuur en verbetert deze waar nodig. Je geeft voorlichting aan de organisatie en bent (mede) verantwoordelijk voor het initi&euml;ren van (nieuw) beleid op het terrein van sociale veiligheid.</p>", "requirements_description": "N/A", "conditions_description": "N/A", "employer_description": "N/A", "department_description": "N/A", "additional_information": "N/A", "apply_link": "N/A", "employer_link": "http://www.maastrichtuniversity.nl/", "job_type": "TEMPORARY", "logo": "https://www.academictransfer.com/media/derivatives/logos/um-en-wide/0c1dd83b22059d7ee90c38e0f0c254be.jpg"}