{"url": "https://www.academictransfer.com/en/309575/projectleider-campus-real-estate/", "title": "Projectleider, Campus & Real Estate", "publish_date": "2022-02-17", "deadline": "2022-03-15", "location": "Mekelweg 2, 2628 CD, Delft ", "city": "Delft", "country": "Netherlands", "position": "Other Category", "field": "N/A", "salary": "N/A", "max_working_hours": "N/A", "employer": "Delft University of Technology (TU Delft)", "job_description": "<p>De afdeling Projecten is onderdeel van \u2018Campus &amp; Real Estate\u2019 en is verantwoordelijk voor een projectmatige en integrale aanpak van werkzaamheden op de campus. De projectmanagers werken voor de gehele campus die 161 hectare groot is en doen dit in nauwe samenwerking met andere diensten, met faculteiten en met externe stakeholders. Je neemt het voortouw bij de realisatie van kleinere projecten of werkt met een Senior Projectmanager aan grotere projecten op de mooie campus van TU Delft. Perfect en volgens planning. Een verantwoordelijke en afwisselende baan, waarin je dagelijks concreet bijdraagt aan een campus waar wetenschappers, studenten en samenwerkingspartners kunnen uitblinken in bijzondere prestaties voor onze samenleving.</p> <p>Bij de projecten gaat het om werkzaamheden in de gebouwen en op de terreinen van de campus: (nieuw)bouw, verbouw, renovatie, (her)inrichting en civieltechnische werkzaamheden. Vaak bijzondere projecten door het innovatieve karakter van onze universiteit en waarbij verduurzaming een belangrijke rol speelt. Projecten die op basis van de Campus Strategie in een meerjarenplanning worden uitgevoerd of ad hoc, bijvoorbeeld op verzoek van een faculteit. Een integrale aanpak staat hierbij centraal.</p> <p>Binnen onze afdeling Projecten werk je met in totaal circa veertig collega\u2019s. Een leuke werkomgeving met een informele sfeer waar we zelfstandigheid, eigen verantwoordelijkheid, persoonlijke ontwikkeling en een goede werk-priv\u00e9balans erg belangrijk vinden.</p>", "requirements_description": "N/A", "conditions_description": "N/A", "employer_description": "N/A", "department_description": "N/A", "additional_information": "N/A", "apply_link": "N/A", "employer_link": "http://www.tudelft.nl/", "job_type": "TEMPORARY", "logo": "https://www.academictransfer.com/media/derivatives/logos/tud-en-wide/4f5fb7eb63ad62ee5a7d5dfdc5376f8f.gif"}