{"url": "https://www.academictransfer.com/en/309586/assistant-professor-science-and-technology-studies-08-fte/apply/", "title": "Assistant Professor Science and Technology Studies (0.8 FTE)", "publish_date": "2022-02-17", "deadline": "2022-03-07", "location": "Broerstraat 5, 9712 CP, Groningen ", "city": "Groningen", "country": "Netherlands", "position": "Assistant Professor", "field": "Natural sciences", "salary": "max. \u00e2\u0082\u00ac5230 per month", "max_working_hours": "30", "employer": "University of Groningen", "job_description": "Programme coordination and teaching <br> Campus Frysl\u00e2n invites applications for a motivated colleague at the level of assistant professor of Science and Technology studies. Within Campus Frysl\u00e2n, you will have a key role in teaching and coordinating a minor programme Data Wise: Data Science in Society. Your expertise in science and technology studies with a focus on data and infrastructures will make you an equally important contributor to teaching in the new bachelor programme Data Science and Society (DSS, to be offered for the first time in 2022-23). Two STS courses are part of the first year curriculum of the DSS bachelor and you will have the opportunity to help shape this exciting new programme. You will specifically develop and teach twocourses in the first year of the DSS programme (STS and Data 1: Data Creation and Circulation and STS, and STS and Data 2: Data use, Value and Responsibility.) <br> As coordinator of Data Wise, you will function as the figurehead of the programme, both internally and externally, ensure the coherence of the programme, introduce updates and improvements to the programme based on emerging trends in the field, and work with teaching staff in different faculties and with the steering group of Data Wise. <br> <br> You will also coordinate and teach part of the course Introduction to Data, which is offered in the first 6 weeks of the minor and creates common ground for students coming from different faculties. Several lecturers from various fields contribute to Introduction to Data. You are furthermore expected to conduct a number of additional teaching related tasks such as project supervision. The position is particularly suited for someone with clear interest in interdisciplinary approaches to data, with a desire to shape the future of data expertise and possessing infrastructural imagination.<br> <br> In subsequent years, there may be opportunities for teaching in the bachelor programme Global Responsibility and Leadership, especially in the Knowledge Systems for Sustainability track. Both GRL and Data Wise are highly regarded programmes, as evidenced by high rankings in student surveys (GRL) and very high demand for places in the minor (DW). These teaching programmes are innovative, stimulate teaching innovation and excellence and involve collaboration with stakeholders. They have a strong emphasis on digital skills, responsible use of data, and leadership development. <br> <br> Research<br> With regard to research, you will be part of the Knowledge Infrastructures Department at Campus Frysl\u00e2n, and join an interdisciplinary team whose core concern to develop knowledge infrastructures that can contribute to sustainability and liveable futures. The KI department participates in a range of international research projects and actively contribute to the development of novel research practices around data in the areas of ecology, climate change and sustainable energy among others. Membership of the Data Research Centre is also an option, as is joining the Jantina Tammes School for Digital Society, Technology and AI. Opportunities for supervision of bachelor theses and co-supervision of PhD projects are also available, depending on affinity and team composition.", "requirements_description": "<div class=\"_Section_Section_26Kh4ZAK\">\n<h2 class=\"_Section_title_2lZ2dR7H\">\n<span>Requirements</span>\n</h2>\n<div class=\"_Section_body_1yeeKPXy\">\n    The following qualifications are important for the candidate who will fulfill this position:<br/>\n<br/>\n\u00e2\u0080\u00a2 a PhD in Science and Technology Studies, Digital Humanities, Critical Data Science, or a comparable domain; <br/>\n\u00e2\u0080\u00a2 ability to coordinate an innovative programme like the minor Data Wise, to work effectively with a large network of contributors, and to coordinate the course Introduction to Data<br/>\n\u00e2\u0080\u00a2 familiarity with current STS work in the area of data and experience with transdisciplinary research projects;<br/>\n\u00e2\u0080\u00a2 willingness to contribute to building the new DSS programme <br/>\n\u00e2\u0080\u00a2 abillity to develop and teach the courses listed above for the DSS programme from an interdisciplinary and critical perspective<br/>\n\u00e2\u0080\u00a2 experience with academic leadership and coordination, and the ability to function well in an interdisciplinary academic environment;<br/>\n\u00e2\u0080\u00a2 research interests in the area of technology, data and knowledge production<br/>\n\u00e2\u0080\u00a2 an international and proactive outlook fitting a dynamic organisation; <br/>\n\u00e2\u0080\u00a2 excellent command of the English language, including good communication skills. Dutch language abilities would be an asset.<br/>\n</div>\n</div>", "conditions_description": "<div class=\"_Section_Section_26Kh4ZAK\">\n<h2 class=\"_Section_title_2lZ2dR7H\">\n<span>Conditions of employment</span>\n</h2>\n<div class=\"_Section_body_1yeeKPXy\">\n<p><strong>Fixed-term</strong> contract: 18 months.</p>\n            \n            We offer you in accordance with the Collective Labour Agreement for Dutch Universities:<br/>\n<br/>\n\u00e2\u0080\u00a2 a minimum salary, depending on qualifications and experience of \u00e2\u0082\u00ac3.821,- (scale 11, assistant professor 2) upto a maximum of \u00e2\u0082\u00ac5.230,- (scale 11, assistant professor 2) gross a month on a full-time basis<br/>\n\u00e2\u0080\u00a2 a holiday allowance of 8% gross annual income <br/>\n\u00e2\u0080\u00a2 an 8.3% end-of-the-year allowance.<br/>\n<br/>\nThe position has a 60-40 percent distribution with regard to teaching-research. The appointment  will be made for an initial fixed term period of 18 months, with the possibility for a permanent appointment upon positive evaluation. The scope of the position (initially .8 FTE) depends on the growth of the teaching programmes.<br/>\n</div>\n</div>", "employer_description": "N/A", "department_description": "N/A", "additional_information": "<div class=\"_Section_Section_26Kh4ZAK\">\n<h2 class=\"_Section_title_2lZ2dR7H\">\n<span>Additional information</span>\n</h2>\n<div class=\"_Section_body_1yeeKPXy\">\n    Prof. dr. Anne Beaulieu<br/>\nj.a.beaulieu@rug.nl<br/>\n<br/>\n<a href=\"https://www.rug.nl/cf/ucf/\">University College Frysl\u00c3\u00a2n</a><br/>\n<a href=\"https://www.rug.nl/cf/\">Campus Frysl\u00c3\u00a2n</a>\n</div>\n</div>", "apply_link": "N/A", "employer_link": "http://www.rug.nl/", "job_type": "TEMPORARY", "logo": "https://www.academictransfer.com/media/derivatives/logos/rug-en-wide/fce0dfff95a30233a4210a238918791e.gif"}