{"url": "http://www.academictransfer.com/en/309618/assistant-professor-in-aesthetics-with-focus-on-critical-racedecolonial-theory-and-film/", "title": "Assistant Professor in Aesthetics with focus on Critical Race/Decolonial Theory and Film", "publish_date": "2022-02-17", "deadline": "2022-03-31", "location": "Kloveniersburgwal 48, 1012 CX, Amsterdam ", "city": "Amsterdam", "country": "Netherlands", "position": "Assistant Professor", "field": "Language and culture", "salary": "\u00e2\u0082\u00ac3821\u00e2\u0080\u0094\u00e2\u0082\u00ac5943 per month", "max_working_hours": "38", "employer": "University of Amsterdam (UvA)", "job_description": "<p><strong>What are you going to do</strong></p><p>You will provide education in a dynamic context with ample opportunities for the development of innovative teaching methods. Your research will be part of the&nbsp;<a href=\"https://asca.uva.nl/\">Amsterdam School for Cultural Analysis</a>&nbsp;(ASCA), one of the five research schools of the&nbsp;<a href=\"https://aihr.uva.nl/\">Amsterdam Institute for Humanities Research</a>. ASCA is home to more than 100 researchers and more than 140 PhD candidates, and conducts world-leading research in Cultural Analysis. ASCA members share a commitment to studying culture in all its forms and expressions within an interdisciplinary framework, and to maintaining a close connection with contemporary cultural and political debates. All ASCA research fits into at least one, but usually more than one of five thematic constellations: 1) Mediality; 2) Arts &amp; Aesthetics; 3) Globalization &amp; Migration; 4) Identities; and 5) Cultural &amp; Social Critique. Across these constellations, ASCA is seeking to build expertise on Global South cultures and critical race and decolonial theory.</p><p>The position will be embedded within the&nbsp;<a href=\"https://www.uva.nl/en/discipline/philosophy/philosophy.html\">department of Philosophy</a>&nbsp;in the capacity group &lsquo;<a href=\"https://www.uva.nl/discipline/filosofie/medewerkers/critical-cultural-theory.html\">Critical Cultural Theory</a>&rsquo;&nbsp;(CCT). This capacity group investigates art, cultural production/analysis, and aesthetics as forms of critique, specific experiences of modernity and &ldquo;ways of worldmaking.&rdquo;&nbsp;The position will be shared with the&nbsp;<a href=\"https://www.uva.nl/en/discipline/media-studies/media-studies.html\">Media Studies</a>&nbsp;department of the Faculty of Humanities, which offers both depth and diversity in its approaches to the study of media, with a wide range of academic offerings and research interests. It is the largest department of Media Studies in the Netherlands and is consistently highly ranked in international rankings. Our fields of expertise include Film studies, Cross-media culture, New Media and Digital Culture, Information studies, Digital humanities, Journalism, Archival Studies, Globalisation Studies, and Digital Heritage.</p><p><strong>Tasks and responsibilities:</strong></p><ul> <li>designing and conducting independent research on aesthetics, critical race/decolonial theory and, ideally, film-philosophy, resulting in academic publications in peer-reviewed international journals and/or books;</li> <li>actively pursuing external funding for research, notably funding from research councils, national as well as European;</li> <li>actively contributing to and developing national and international research networks and other forms of cooperation;</li> <li>actively contributing to the interdisciplinary research activities of ASCA;</li> <li>developing, coordinating and teaching courses in both Dutch and English, in the Bachelor and Master programmes;</li> <li>supervising Bachelor and Master theses and tutoring students; co-supervising PhD theses;</li> <li>actively contributing to the development and improvement of the broader teaching programmes in the department;</li> <li>taking part in committees and working groups, and carrying out departmental administrative tasks as directed.</li> </ul>", "requirements_description": "<div class=\"_Section_Section_26Kh4ZAK\">\n<h2 class=\"_Section_title_2lZ2dR7H\">\n<span>Requirements</span>\n</h2>\n<div class=\"_Section_body_1yeeKPXy\">\n<p><strong>What do we require</strong></p>\n<p>Your research will be in contemporary aesthetics. We are looking for a dynamic teacher/scholar who couples an engagement with media, arts, and cultures in different traditions with competencies in critical philosophy of race and post- or decolonial theory. The candidate should be interested in teaching students of philosophy as well as students in film and media studies. The position will be a joint appointment in the departments of philosophy and media studies.</p>\n<p>You are able to develop and teach modules on aesthetics, critical race/decolonial theory, and film-philosophy. Important is proven flexibility in teaching on topics beyond your own research focus, a willingness to work in interdisciplinary teams of teachers and the ability to offer inspiring lectures and tutorials in the BA, MA and minor programmes that aspire to a wide range of students.</p>\n<p><strong>Your experience and profile:</strong></p>\n<ul>\n<li>holds a PhD in Philosophy, Cultural Theory, or a related field, with a research focus in Aesthetics and Critical Race or Decolonial Theory and an interest in Film-Philosophy. A strong background in 20th and 21st Century Philosophy is expected.</li>\n<li>holds an international academic network in the research area concerned;</li>\n<li>provides research output commensurate with the level of the position;</li>\n<li>active and ambitious researcher with a strong publication record;</li>\n<li>demonstrable ability and ambition to obtain external research grants;</li>\n<li>broad and relevant teaching experience at BA and MA level;</li>\n<li>excellent command of both Dutch and English. If Dutch is not the mother tongue, an active and passive command must be acquired within two years of the employment contract and the state examination for Dutch as a Second Language programme II must be passed;</li>\n<li>experience with digital and audiovisual teaching facilities and affinity with IT in university teaching;</li>\n<li>experienced in valorisation and practice-based education and/or research;</li>\n<li>good team player and versatile at all levels, capable of multidisciplinary co-operation;</li>\n<li>excellent organisational experience and skills;</li>\n<li>acquired the Dutch Basic Teaching Qualification, or is willing to acquire this within the first two years.</li>\n</ul>\n<p>Qualifications in one or more areas of Africana, Asian, Latinx/Latin American, Afro-European, or African American philosophy, Feminist Philosophy/Gender Theory, and Environmental Aesthetics are desirable. Expertise in Critical Phenomenology or Critical Theory is highly desirable. An orientation toward African or Latin-American cinemas will be an advantage.</p>\n</div>\n</div>", "conditions_description": "<div class=\"_Section_Section_26Kh4ZAK\">\n<h2 class=\"_Section_title_2lZ2dR7H\">\n<span>Conditions of employment</span>\n</h2>\n<div class=\"_Section_body_1yeeKPXy\">\n<p><strong>Our offer</strong></p>\n<p>We offer permanent employment upon a satisfactory evaluation following a temporary employment contract of a maximum of 18 months with a probationary period of two months. If you already have an employment contract with the UvA, we offer permanent employment upon a satisfactory evaluation following a temporary employment contract of a maximum of 12 months.\u00a0The employment contract is for 38 hours a week. Preferred starting date is 1 August 2022.</p>\n<p>The gross monthly salary, based on 38 hours per week, ranges between \u20ac 3,821 (scale 11) to \u20ac 5,943 (scale 12) dependent on relevant experience.\u00a0This sum does not include the 8% holiday allowance and the 8,3% year-end allowance.\u00a0A favourable tax agreement, the \u201830% ruling\u2019, may apply to non-Dutch applicants.\u00a0The\u00a0<a href=\"https://www.vsnu.nl/en_GB/cao-universiteiten.html\">Collective Labour Agreement of Dutch Universities</a>\u00a0is applicable.</p>\n</div>\n</div>", "employer_description": "<div class=\"_Section_Section_26Kh4ZAK\">\n<h2 class=\"_Section_title_2lZ2dR7H\">\n<span>Employer</span>\n</h2>\n<div class=\"_Section_body_1yeeKPXy\">\n<h4>University of Amsterdam</h4>\n<p>The\u00a0<a href=\"https://www.uva.nl/en/about-the-uva/about-the-university/about-the-university.html\">University of Amsterdam</a>\u00a0is the Netherlands' largest university, offering the widest range of academic programmes. At the UvA, 30,000 students, 6,000 staff members and 3,000 PhD candidates study and work in a diverse range of fields, connected by a culture of curiosity.</p>\n</div>\n</div>", "department_description": "N/A", "additional_information": "<div class=\"_Section_Section_26Kh4ZAK\">\n<h2 class=\"_Section_title_2lZ2dR7H\">\n<span>Additional information</span>\n</h2>\n<div class=\"_Section_body_1yeeKPXy\">\n<p>Do you have any questions or do you require additional information? Please contact (during office hours):</p>\n<ul>\n<li><a href=\"mailto:m.roelofs@uva.nl\">Monique Roelofs</a></li>\n</ul>\n</div>\n</div>", "apply_link": "N/A", "employer_link": "http://www.uva.nl/", "job_type": "TEMPORARY", "logo": "https://www.academictransfer.com/media/derivatives/logos/uva-en-wide/22e1319f66e44f07d56047b996668aa9.png"}