{"url": "http://www.academictransfer.com/en/309594/full-professor-in-artificial-intelligence-and-auditing/", "title": "Full Professor in Artificial Intelligence and Auditing", "publish_date": "2022-02-17", "deadline": "2022-04-08", "location": "Science Park 904, 1098 XH, Amsterdam ", "city": "Amsterdam", "country": "Netherlands", "position": "Full Professor", "field": "Natural sciences", "salary": "\u00e2\u0082\u00ac5864\u00e2\u0080\u0094\u00e2\u0082\u00ac8539 per month", "max_working_hours": "38", "employer": "University of Amsterdam (UvA)", "job_description": "<p><strong>Do you enjoy</strong></p><ul> <li>Performing state-of-the-art interdisciplinary research.</li> <li>Building a research team and a network of collaborators.</li> <li>Educating talent in new and exciting topics.</li> </ul><p>Then the job of Full professor in Artificial Intelligence (AI) and Auditing at the University of Amsterdam is perfect for you!</p><p><strong>What are you going to do</strong></p><p><strong>Research</strong></p><p>You will establish a research line in the new and challenging topic of AI and Auditing. This could either lead to automating the auditing process (e.g., through combinations of multiple data sources)&nbsp;or methods for auditing AI algorithms (fairness, accountability, responsibility, ethics). It will connect existing research within the UvA and complement it with new topics at the crossroads of AI and auditing. In addition to a solid funding you will seek extension in its funding to enhance the research line, where given the topic of the position we particularly expect funding from public-private partnerships for example in the form of an Innovation Center for Artificial Intelligence (ICAI) lab. You will present and publish the scientific work at leading international conferences and journals.&nbsp;</p><p><strong>Education</strong></p><p>You will contribute to teaching in existing programs at both the Faculty of Science (computer science) and and the Faculty of Economics and Business (accounting). But you are especially expected to start new initiatives in AI4Fintech, defining programs in close collaboration with industry to assure that the programs yield the students that have the profile the industry needs now and the academics that can create the innovations of the future. Teaching&nbsp; tasks may be executed in (post) master accounting programs,&nbsp; masters artificial intelligence, computational finance and beyond.&nbsp; The total teaching load will not exceed 40% of total workload.</p><p><strong>Valorization</strong></p><p>You will actively pursue to have the research go beyond scientific&nbsp;publications and have a noticeable impact on society and business. Apart from participating&nbsp;in public private partnerships this also means a presence in the media. Transferring research&nbsp;into spinoff companies will be valued and actively supported.</p><p><strong>Management</strong></p><p>This position will be part of the AI4Fintech research program of the University of Amsterdam which is composed of a financial risk and a non-financial risk theme. You are expected to lead the non-financial risk part of the program. Together with the other chair you will direct the program at scientific, strategic, and operational level. You will also contribute to general and education management tasks at both faculties.</p>", "requirements_description": "<div class=\"_Section_Section_26Kh4ZAK\">\n<h2 class=\"_Section_title_2lZ2dR7H\">\n<span>Requirements</span>\n</h2>\n<div class=\"_Section_body_1yeeKPXy\">\n<p><strong>What do we require\u00a0</strong></p>\n<p>You are an internationally recognized researcher in AI / Data Science who has solid knowledge in at least one of the fields of AI, is keen to develop new techniques for the specific domain of auditing and who can build a team bridging the gap between the technical and business disciplines.</p>\n<p>In addition, you have:</p>\n<ul>\n<li>excellent educational skills;</li>\n<li>excellent social skills;</li>\n<li>an open mindset.</li>\n</ul>\n</div>\n</div>", "conditions_description": "<div class=\"_Section_Section_26Kh4ZAK\">\n<h2 class=\"_Section_title_2lZ2dR7H\">\n<span>Conditions of employment</span>\n</h2>\n<div class=\"_Section_body_1yeeKPXy\">\n<p><strong>Our offer</strong></p>\n<p>We offer a permanent employment contract with a probationary period of two months. The employment contract is for 38 hours a week.\u00a0Your salary, depending on your relevant experience on commencement of the employment contract, ranges between \u20ac5,864 to \u20ac8,539 gross per month on the basis of a full working week of 38 hours. This sum does not include the 8% holiday allowance and the 8.3% year-end allowance. The\u00a0<a href=\"https://vsnu.nl/nl_NL/cao-universiteiten.html\">Collective Labour Agreement for Dutch Universities (CAO NU)</a>\u00a0is applicable.</p>\n</div>\n</div>", "employer_description": "<div class=\"_Section_Section_26Kh4ZAK\">\n<h2 class=\"_Section_title_2lZ2dR7H\">\n<span>Employer</span>\n</h2>\n<div class=\"_Section_body_1yeeKPXy\">\n<h4>University of Amsterdam</h4>\n<p>The\u00a0<a href=\"https://www.uva.nl/\">University of Amsterdam</a>\u00a0is the largest university in the Netherlands, with the broadest spectrum of degree programmes. It is an intellectual hub with 39,000 students, 6,000 employees and 3,000 doctoral students who are all committed to a culture of inquiring minds.</p>\n</div>\n</div>", "department_description": "N/A", "additional_information": "<div class=\"_Section_Section_26Kh4ZAK\">\n<h2 class=\"_Section_title_2lZ2dR7H\">\n<span>Additional information</span>\n</h2>\n<div class=\"_Section_body_1yeeKPXy\">\n<p><strong>Questions</strong></p>\n<p>If you have any questions about the position, please contact (during office hours):</p>\n<ul>\n<li><a href=\"mailto:m.worring@uva.nl\">Marcel Worring</a>, Full professor in Multimedia Analytics</li>\n<li>T: +31 (0) 205257521</li>\n</ul>\n<p>\u00a0</p>\n<ul>\n<li><a href=\"mailto:J.F.M.G.Bouwens@uva.nl\">Jan Bouwens</a>,\u00a0Full Professor Managerial Accounting</li>\n<li>T: +31 (0) 205258740</li>\n</ul>\n</div>\n</div>", "apply_link": "N/A", "employer_link": "http://www.uva.nl/", "job_type": "TEMPORARY", "logo": "https://www.academictransfer.com/media/derivatives/logos/uva-en-wide/22e1319f66e44f07d56047b996668aa9.png"}