{"url": "http://www.academictransfer.com/en/309614/medewerker-beurzen-08-fte/", "title": "Medewerker Beurzen (0,8 FTE)", "publish_date": "2022-02-17", "deadline": "2022-03-04", "location": "Rapenburg, 2311, Leiden ", "city": "Leiden", "country": "Netherlands", "position": "Other Category", "field": "N/A", "salary": "N/A", "max_working_hours": "N/A", "employer": "Leiden University", "job_description": "<p><strong>Het Expertisecentrum Studenten- en Onderwijszaken (SOZ), afdeling International Relations, zoekt een:</strong></p><p><strong>Medewerker Beurzen (0,8 FTE)</strong></p><p><strong>De Werkzaamheden</strong></p><ul> <li>Co&ouml;rdineren en beheren van beurzen voor studenten van de Universiteit Leiden die in het buitenland willen gaan studeren en beurzen voor buitenlandse studenten die aan de Universiteit Leiden willen komen studeren;</li> <li>Het managen en stroomlijnen van beurs-gerelateerde processen en communicatie met studenten, faculteiten, beursverstrekkers, financi&euml;le afdelingen en andere stakeholders;</li> </ul><ul> <li>Aanleveren &nbsp;van managementinformatie;</li> <li>Opstellen en indienen van financi&euml;le rapportages;</li> <li>Beheren van contracten met beursverstrekkers;</li> <li>Evalueren van&nbsp; beursprogramma&rsquo;s en -procedures, het geven van aanbevelingen&nbsp; voor verbetering waar nodig;</li> <li>Bijdragen aan nieuwe initiatieven zoals digitalisering van beurs-gerelateerde processen en het opzetten van nieuwe beursprogramma&rsquo;s.</li> </ul>", "requirements_description": "N/A", "conditions_description": "N/A", "employer_description": "N/A", "department_description": "N/A", "additional_information": "N/A", "apply_link": "N/A", "employer_link": "http://www.universiteitleiden.nl/", "job_type": "TEMPORARY", "logo": "https://www.academictransfer.com/media/derivatives/logos/lei-en-wide/f66e61a821cf3294ef5ce4fcaacbdedb.png"}