{"url": "https://www.academictransfer.com/en/309621/junior-onderzoeker-studie-kinderen-met-overgewicht-in-een-huisartsenpraktijk/", "title": "Junior onderzoeker studie kinderen met overgewicht in een huisartsenpraktijk", "publish_date": "2022-02-17", "deadline": "2022-03-02", "location": "'s-Gravendijkwal 230, 3015 CE, Rotterdam ", "city": "Rotterdam", "country": "Netherlands", "position": "Researcher", "field": "Gezondheid", "salary": "N/A", "max_working_hours": "32", "employer": "Erasmus MC (University Medical Center Rotterdam)", "job_description": "Wij zoeken een enthousiaste onderzoeker binnen de onderzoekslijn 'aandoeningen bij kinderen' van de afdeling Huisartsgeneeskunde. Het betreft een aanstelling voor een onderzoeksproject waarin we een minimale interventie strategie willen ontwikkelen, en evalueren voor kinderen met overgewicht in de huisartspraktijk. In de eerste fase van dit project wordt de interventie met behulp van kwalitatieve onderzoeksmethoden ontwikkeld, waarna deze ge\u00ebvalueerd zal worden middels kwantitatief en kwalitatief onderzoek. Voor dit project zal worden samengewerkt met huisartsen, POH'ers, communicatiewetenschappers en een implementatie expert.<br><br>Je bent samen met het onderzoeksteam verantwoordelijk voor de praktische uitvoer van deze studie. Je zet de studie op en legt contact met betrokken organisaties en zorgverleners. Daarnaast ben je samen met de onderzoeksmedewerker verantwoordelijk voor de uitvoer van metingen en je zal zorgdragen voor de dataverzameling en de uiteindelijke analyse en rapportage. Het betreft een aanstelling voor 36 maanden.", "requirements_description": "N/A", "conditions_description": "N/A", "employer_description": "N/A", "department_description": "N/A", "additional_information": "N/A", "apply_link": "N/A", "employer_link": "http://www.erasmusmc.nl/", "job_type": "TEMPORARY", "logo": "https://www.academictransfer.com/media/derivatives/logos/emc-en-wide/b36dde6a51ae5ce41bcb0544084319c5.png"}