{"url": "https://www.academictransfer.com/en/309535/phd-position-in-innovation-and-strategy/apply/", "title": "PhD position in Innovation and Strategy", "publish_date": "2022-02-16", "deadline": "2022-03-30", "location": "Droevendaalsesteeg, 6708 PB, Wageningen ", "city": "Wageningen", "country": "Netherlands", "position": "PhD", "field": "Behaviour and society", "salary": "N/A", "max_working_hours": "38", "employer": "Wageningen University & Research", "job_description": "<strong><em>Are you aspired to change the way agri-food systems currently operate and want to contribute to the transition towards climate-smart agriculture? Have you envisioned an academic career thriving on close interactions with stakeholders? Are you interested in helping stakeholders to transform their business strategies, co-design alternative business models, and pursue systematic transition towards climate-smart production? Then we are looking for you!</em></strong><br><br>The European BEATLES project connects 18 organizations and 5 use cases with the aim to develop transformative pathways to encourage transition to fair, healthy and environment-friendly food systems. The ideal candidate will contribute to BEATELS with identifying sets of business strategies for establishing roadmaps towards climate-smart agriculture. For the interdisciplinary European BEATLES project we are looking for a highly motivated PhD candidate with a background in strategy and innovation studies, particularly with a focus on business model innovation.<br><br>As a PhD candidate, you will:<ul> <li>Be part of the BEATLES consortium and will collaborate with diverse sets of companies and research institutes in addition to a team of researchers from Wageningen University and Wageningen Economic Research,</li> <li>Work with five innovative use cases and their stakeholders that represent diverse food systems in transition to climate-smart agriculture,</li> <li>Explore stakeholder needs to develop value propositions and strategies that establish fairness for all value chain actors,</li> <li>Co-design alternative business models together with stakeholders by identifying changes that should be implemented for the transition towards climate-smart food systems,</li> <li>Develop and validate a portfolio of innovative business models,</li> <li>Participate and present your research findings at international conferences, and publish articles in academic journals</li> </ul> The research is embedded within the chair Business, Management and Organization (BMO - WUR), led by Prof. Wilfred Dolfsma and Wageningen Economic Research. You will be supervised by Dr. Maral Mahdad (Business, Management and Organization- BMO) and Dr. Gohar Isakhanyan (Wageningen Economic Research- WeCR).", "requirements_description": "<div class=\"_Section_Section_26Kh4ZAK\">\n<h2 class=\"_Section_title_2lZ2dR7H\">\n<span>Requirements</span>\n</h2>\n<div class=\"_Section_body_1yeeKPXy\">\n<ul>\n<li>MSc degree in innovation management, or strategic management or sustainable business management or related fields,</li>\n<li>Excellent research skills, and knowledge and experience with conducting qualitative interviews, focus groups, co-creation design, design science, literature review and qualitative content analysis. Preferably experience with quantitative methods,</li>\n<li>Excellent academic writing skills and English language proficiency (a minimum of CEFR C2 level). For more information about this proficiency level, please visit our special language page,</li>\n<li>Ability to work independently, as well as in an international interdisciplinary team,</li>\n<li>A good organisational and project management skills,</li>\n<li>Experience with academic journal publication is welcomed,</li>\n<li>Preferably working experience with societal stakeholders,</li>\n</ul>\n</div>\n</div>", "conditions_description": "<div class=\"_Section_Section_26Kh4ZAK\">\n<h2 class=\"_Section_title_2lZ2dR7H\">\n<span>Conditions of employment</span>\n</h2>\n<div class=\"_Section_body_1yeeKPXy\">\n    \n            \n            \n            Wageningen University &amp; Research offers excellent <a href=\"https://www.wur.nl/en/Jobs/Tailor-made-conditions-of-employment.htm\">terms of employment</a>. A few highlights from our Collective Labour Agreement include:<ul>\n<li>study leave and partially paid parental leave;</li>\n<li>working hours that can be discussed and arranged so that they allow for the best possible work-life balance;</li>\n<li>the option to accrue additional compensation / holiday hours by working more, up to 40 hours per week;</li>\n<li>there is a strong focus on vitality and you can make use of the sports facilities available on campus for a small fee;</li>\n<li>a fixed December bonus of 8.3%;</li>\n<li>excellent pension scheme.</li>\n</ul> In addition to these first-rate employee benefits, you will receive a fully funded PhD position and you will be offered a course program tailored to your needs and the research team.<br/>The gross salary for the first year is \u00e2\u0082\u00ac 2.443,- per month rising to \u00e2\u0082\u00ac 3.122,- in the fourth year in according to the <a href=\"https://www.vsnu.nl/en_GB/cao-universiteiten.html\">Collective Labour Agreements for Dutch Universities (CAO-NU)</a> (scale P). This is based on a full-time working week of 38 hours. We offer a temporary contract for 18 months which will be extended for the duration of the project if you perform well.<br/><br/>There are plenty of options for personal initiative in a learning environment, and we provide excellent training opportunities. We are offering a unique position in an international environment with a pleasant and open working atmosphere.<br/><br/>You are going to work at the greenest and most innovative campus in Holland, and at a university that has been chosen as the \" <a href=\"https://www.wur.nl/en/wageningen-university/rankings.htm\">Best University</a> \" in the Netherlands for the 17th consecutive time.<br/><br/><strong>Coming from abroad</strong><br/>Wageningen University &amp; Research is the university and research centre for life sciences. The themes we deal with are relevant to everyone around the world and Wageningen, therefore, has a large international community and a lot to offer to international employees. Applicants from abroad moving to the Netherlands may qualify for a special <a href=\"https://www.wur.nl/en/Jobs/Moving-to-the-Netherlands.htm\">tax relief</a>, known as the 30% ruling. Our team of advisors on Dutch immigration procedures will help you with the visa application procedures for yourself and, if applicable, for your family.<br/><br/>Feeling welcome also has everything to do with being well informed.Wageningen University &amp; Research's <a href=\"https://www.wur.nl/en/International-staff.htm\">International Community</a> page contains practical information about what we can do to support international employees and students coming to Wageningen. Furthermore, we can assist you with any additional advice and information about helping your partner to find a job, housing, schooling, and other issues.<br/><br/><strong>Equal opportunities</strong><br/>Wageningen University &amp; Research (WUR) employs a large number of people with very different backgrounds and qualities, who inspire and motivate each other. We want every talent to feel at home in our organisation and be offered the same career opportunities. We therefore especially welcome applications from people who are underrepresented at WUR. For more information please go to our <a href=\"https://www.wur.nl/en/Jobs/Why-choose-WUR/WUR-inclusive-employer.htm\">inclusivity page</a>. A good example of how WUR deals with inclusiveness can be read on the page working at WUR with a <a href=\"https://www.wur.nl/en/Jobs/Why-choose-WUR/Working-functional-impairment.htm\">functional impairment</a>.\n          \n  </div>\n</div>", "employer_description": "<div class=\"_Section_Section_26Kh4ZAK\">\n<h2 class=\"_Section_title_2lZ2dR7H\">\n<span>Employer</span>\n</h2>\n<div class=\"_Section_body_1yeeKPXy\">\n<h4>Wageningen University &amp; Research</h4>\n<strong>Wageningen University &amp; Research</strong><br/>The mission of Wageningen University &amp; Research is \"To explore the potential of nature to improve the quality of life\". Under the banner Wageningen University &amp; Research, Wageningen University and the specialised research institutes of the Wageningen Research Foundation have joined forces in contributing to finding solutions to important questions in the domain of healthy food and living environment.<br/><br/>With its roughly 30 branches, 6.800 employees and 12.900 students, Wageningen University &amp; Research is one of the leading organisations in its domain. An integrated approach to problems and the cooperation between various disciplines are at the heart of Wageningen's unique approach. WUR has been named the best university of the Netherlands by students for the 17th time in a row.<br/><br/>Read the <a href=\"https://www.wur.nl/en/Jobs/Why-choose-WUR.htm\">5 reasons</a> why your future colleagues enjoy working at WUR and watch <a href=\"https://www.youtube.com/watch?v=ApLORCXXhm4\">this video</a> to get an idea of our green campus!\n              \n            \n  </div>\n</div>", "department_description": "N/A", "additional_information": "<div class=\"_Section_Section_26Kh4ZAK\">\n<h2 class=\"_Section_title_2lZ2dR7H\">\n<span>Additional information</span>\n</h2>\n<div class=\"_Section_body_1yeeKPXy\">\n<strong>Do you want more information?</strong><br/>For more information about this position, please contact Dr. Maral Mahdad, Assistant professor of innovation and entrepreneurship by e-mail <a href=\"mailto:maral.mahdad@wur.nl\">maral.mahdad@wur.nl</a><br/><br/>For more information about the procedure, please contact Bianca Aversteeg, Recruitment support via <a href=\"mailto:recruitment.ssg@wur.nl\">recruitment.ssg@wur.nl</a>.<br/><br/><strong>Do you want to apply?</strong><br/>You can apply directly by uploading your CV and motivation letter, using the apply button on the vacancy page on our website which will allow us to process your personal information with your approval.<br/><br/>This vacancy will be listed up to and including 30.03.2022. We hope to schedule the first job interviews on 15.04.2022. The preferred starting date for this position is June 2022.\n  </div>\n</div>", "apply_link": "N/A", "employer_link": "http://www.wageningenur.nl", "job_type": "TEMPORARY", "logo": "https://www.academictransfer.com/media/derivatives/logos/wur-en-wide/31c47a792df1676c8caff07d40ee84ec.png"}