{"url": "https://www.academictransfer.com/en/308431/arts-onderzoeker-naar-preventie-prognose-diagnose-en-therapie-controle-bij-kanker/apply/", "title": "Arts onderzoeker naar preventie, prognose, diagnose en therapie-controle bij kanker", "publish_date": "2022-01-18", "deadline": "2022-02-27", "location": "'s-Gravendijkwal 230, 3015 CE, Rotterdam ", "city": "Rotterdam", "country": "Netherlands", "position": "Researcher", "field": "Gezondheid", "salary": "N/A", "max_working_hours": "36", "employer": "Erasmus MC (University Medical Center Rotterdam)", "job_description": "Als arts onderzoeker zal je promotie onderzoek verrichten in het kader van een lopend traject waarin de MeD-seq technologie (een nieuwe assay voor genoom wijde DNA methylatie profilering) op orogenitale- en GI tumoren wordt toegepast. Er is een nauwe samenwerking met de afdeling Ontwikkelingsbiologie van Erasmus MC en Methylomics BV in Rijswijk. Je zal de linking-pin vormen tussen deze 3 locaties terwijl u tumoren die op de pathologie bekend zijn, selecteert, annoteert en samenhangend duidt in relatie tot de methylatie profielen die vastgesteld worden. Het onderzoek omvat inventarisatie, data beheer en wetlab werk. Het doel is biomarker identificatie. Het onderzoek zal leiden tot promotie.", "requirements_description": "N/A", "conditions_description": "N/A", "employer_description": "N/A", "department_description": "N/A", "additional_information": "N/A", "apply_link": "N/A", "employer_link": "http://www.erasmusmc.nl/", "job_type": "TEMPORARY", "logo": "https://www.academictransfer.com/media/derivatives/logos/emc-en-wide/b36dde6a51ae5ce41bcb0544084319c5.png"}