{"url": "http://www.academictransfer.com/en/309615/management-assistent-international-office/", "title": "Management assistent International Office", "publish_date": "2022-02-17", "deadline": "2022-03-06", "location": "Warandelaan 2, 5037 AB, Tilburg ", "city": "Tilburg", "country": "Netherlands", "position": "Management", "field": "N/A", "salary": "N/A", "max_working_hours": "20", "employer": "Tilburg University", "job_description": "<p>In deze veelzijdige functie werk je op het secretariaat van het International Office. Dit kleine team zorgt voor de professionele ondersteuning- en het ontzorgen van de afdeling. In deze functie ondersteun je het afdelingshoofd en in voorkomende gevallen de teamleiders en medewerkers. Het takenpakket ziet er globaal als volgt uit:</p><ul> <li>verrichten van algemene secretari&euml;le werkzaamheden zoals beheer van e-mail, plannen en organiseren van vergaderingen en archivering</li> <li>ondersteunen van het afdelingshoofd</li> <li>voeren van agendabeheer&nbsp;</li> <li>verrichten van communicatietaken binnen de afdeling</li> <li>notuleren van vergaderingen&nbsp;</li> <li>voorbereiden van sollicitatierondes</li> <li>organiseren van teamdagen, jubilea en vieringen</li> <li>administreren van opleidingswensen en bewaken opleidingsbudget</li> <li>co&ouml;rdineren interne verhuizingen</li> <li>begeleiding van stagiaires</li> <li>verwelkomen internationale studenten en gasten</li> </ul>", "requirements_description": "N/A", "conditions_description": "N/A", "employer_description": "N/A", "department_description": "N/A", "additional_information": "N/A", "apply_link": "N/A", "employer_link": "http://www.uvt.nl/", "job_type": "TEMPORARY", "logo": "https://www.academictransfer.com/media/derivatives/logos/uvt-en-wide/8bbc452c034c71750be03f93fe602eca.png"}