{"url": "https://www.academictransfer.com/en/309529/postdoctoral-fellow-early-stage-quantitative-sustainability-assessment-of-emerging-technologies-08-10-fte/", "title": "Postdoctoral fellow, Early-stage quantitative sustainability assessment of emerging technologies (0.8-1.0 fte)", "publish_date": "2022-02-16", "deadline": "2022-03-03", "location": "Rapenburg, 2311, Leiden ", "city": "Leiden", "country": "Netherlands", "position": "Postdoc", "field": "N/A", "salary": "N/A", "max_working_hours": "N/A", "employer": "Leiden University", "job_description": "<p>The Faculty of Science and Institute of Environmental Sciences&nbsp; are looking for:</p><p><strong>Postdoctoral fellow, Early-stage quantitative sustainability assessment of emerging technologies (0.8-1.0 fte)</strong></p><p>Vacancy number: 22-079</p><p><strong>Key responsibilities&nbsp;</strong><strong>&nbsp;</strong></p><p>We are looking for an outstanding postdoctoral fellow to support an ongoing European project. The project supports the research &amp; innovation around new ideas towards radically new future technologies. The project has been focusing on the development of a new generation of protonic devices, which could radically change the technological landscape. The 21st century has seen an unprecedented proliferation of electronic devices, sharply altering the world economic map and human sociological behaviour. A biomimetic solution is being sought in the project by the development of organic electrochemical transistors and proton transistors using organic/biopolymers&nbsp;and composites. You will be supporting the ongoing early-stage sustainability assessment of this new generation of technologies using life cycle assessment (LCA), working hand-in-hand with top material and technology developers in Europe. The ideal starting date for the position is May 1st&nbsp;2022.</p><p>Key tasks include:</p><ul> <li>Develop new methods to support early-stage quantitative sustainability assessment of emerging technologies;</li> <li>Perform a quantitative sustainability assessment of the new technological setup using life cycle assessment (LCA);</li> <li>Innovate on LCA methods to assess emerging technologies at low TRLs;</li> <li>Support the technology developers in the project with the identification of the most promising design options from a sustainability perspective.</li> </ul>", "requirements_description": "<div class=\"_Section_Section_26Kh4ZAK\">\n<h2 class=\"_Section_title_2lZ2dR7H\">\n<span>Requirements</span>\n</h2>\n<div class=\"_Section_body_1yeeKPXy\">\n<p><strong>Selection Criteria</strong></p>\n<ul>\n<li>You should have a PhD in a relevant field, and ideally have proven already to be productive in terms of scientific output. Relevant backgrounds include, but are not limited to, PhDs in industrial ecology, quantitative sustainability science, innovation studies, engineering and modelling.</li>\n<li>Knowledge of and experience with LCA is a strong advantage.</li>\n<li>Data management, visualization and programming skills (e.g. in Matlab, Python or R) are an advantage.</li>\n<li>Experience with the techno-economic assessment of emerging technologies is an advantage.</li>\n<li>You must be proficient in spoken and written English, have good communication skills. Previous teaching experience will also be valued.</li>\n<li>Moreover, you are a team player, are able as well to work independently, take initiative, and have a strong interest and motivation to pursue academic research.</li>\n</ul>\n</div>\n</div>", "conditions_description": "<div class=\"_Section_Section_26Kh4ZAK\">\n<h2 class=\"_Section_title_2lZ2dR7H\">\n<span>Conditions of employment</span>\n</h2>\n<div class=\"_Section_body_1yeeKPXy\">\n<p><strong>Terms and conditions</strong><strong>\u00a0</strong></p>\n<p>We offer a full-time two years term position with the possibility of renewal based on need, funding and performance. The salary range is from \u20ac 2.846,- to \u20ac 4.490,- gross per month (pay scale 10 in accordance with the Collective Labour Agreement for Dutch Universities).</p>\n<p>Leiden University offers an attractive benefits package with additional holiday (8%) and end-of-year bonuses (8.3 %), training and career development and sabbatical leave. Our individual choices model gives you some freedom to assemble your own set of terms and conditions. Candidates from outside the Netherlands may be eligible for a substantial tax break.</p>\n</div>\n</div>", "employer_description": "<div class=\"_Section_Section_26Kh4ZAK\">\n<h2 class=\"_Section_title_2lZ2dR7H\">\n<span>Employer</span>\n</h2>\n<div class=\"_Section_body_1yeeKPXy\">\n<p><strong>Our organisation</strong></p>\n<p>The Faculty of Science is a world-class faculty where staff and students work together in a dynamic international environment. It is a faculty where personal and academic development are top priorities. Our people are driven by curiosity to expand fundamental knowledge and to look beyond the borders of their own discipline; their aim is to benefit science, and to make a contribution to addressing the major societal challenges of the future.</p>\n<p>The research carried out at the Faculty of Science is very diverse, ranging from mathematics, information science, astronomy, physics, chemistry and bio-pharmaceutical sciences to biology and environmental sciences. The research activities are organised in eight institutes. These institutes offer eight bachelor\u2019s and twelve master\u2019s programmes. The faculty has grown strongly in recent years and now has more than 2,300 staff and almost 5,000 students. We are located at the heart of Leiden\u2019s Bio Science Park, one of Europe\u2019s biggest science parks, where university and business life come together.</p>\n<p>The Institute of Environmental Sciences (CML) is positioned in the Faculty of Sciences. The core focus of CML is to perform research and education in the interdisciplinary field of Environmental Sciences. CML has two Departments: Industrial Ecology (CML-IE) and Environmental Biology (CML-EB). Presently, about 125 fte (including postdocs and PhDs) are employed at CML. CML collaborates with the TU Delft and Erasmus University in the Leiden-Delft-Erasmus Centre for Sustainability (LDE-CfS), Naturalis Biodiversity Centre, and other partners.</p>\n<p>For more information, see\u00a0<a href=\"https://www.science.leidenuniv.nl/\">www.science.leidenuniv.nl</a>\u00a0and\u00a0<a href=\"https://workingat.leiden.edu/\">workingat.leiden.edu</a>. Information about CML can be found at\u00a0<a href=\"https://www.cml.leiden.edu/\">www.cml.leiden.edu</a>.</p>\n</div>\n</div>", "department_description": "N/A", "additional_information": "<div class=\"_Section_Section_26Kh4ZAK\">\n<h2 class=\"_Section_title_2lZ2dR7H\">\n<span>Additional information</span>\n</h2>\n<div class=\"_Section_body_1yeeKPXy\">\n<p><strong>Information</strong></p>\n<p>Enquiries can be made to\u00a0<a href=\"https://www.universiteitleiden.nl/en/staffmembers/stefano-cucurachi#tab-2\">Dr Stefano Cucurachi</a>, email\u00a0<a href=\"mailto:s.cucurachi@cml.leidenuniv.nl\">s.cucurachi@cml.leidenuniv.nl</a>.</p>\n</div>\n</div>", "apply_link": "N/A", "employer_link": "http://www.universiteitleiden.nl/", "job_type": "TEMPORARY", "logo": "https://www.academictransfer.com/media/derivatives/logos/lei-en-wide/f66e61a821cf3294ef5ce4fcaacbdedb.png"}