{"url": "http://www.academictransfer.com/en/309478/beleidsmedewerker-onderzoek-en-kwaliteitszorg-school-of-humanities-and-digital-sciences-08-fte/apply/", "title": "Beleidsmedewerker Onderzoek en Kwaliteitszorg School of Humanities and Digital Sciences (0,8 fte)", "publish_date": "2022-02-15", "deadline": "2022-03-06", "location": "Warandelaan 2, 5037 AB, Tilburg ", "city": "Tilburg", "country": "Netherlands", "position": "Researcher", "field": "N/A", "salary": "N/A", "max_working_hours": "32", "employer": "Tilburg University", "job_description": "<p><em>Algemeen</em><br> Het Research Support Team (RST) ondersteunt de voorbereiding, uitvoering en evaluatie van onderzoeks- en valorisatiebeleid, de in- en externe kwaliteitszorg, het beleid ten aanzien van de acquisitie van onderzoekssubsidies en het beleid en de ondersteuning van promotietrajecten binnen de Graduate School TSHD.&nbsp;</p><p>Het RST bestaat uit 3 beleidsmedewerkers onderzoek, een PhD-co&ouml;rdinator en twee medewerkers onderzoekszaken binnen de Graduate School TSHD. Het team wordt aangestuurd door het afdelingshoofd.</p><p><em>Functie-omschrijving en takenpakket</em><br> De beleidsmedewerker onderzoek en kwaliteitszorg heeft een centrale rol bij de voorbereiding, ontwikkeling, implementatie en evaluatie van onderzoekbeleid (o.a. kwaliteitszorg, promotiebeleid, subsidieverwerving i.s.m. de afdeling Grant Support). De strategische actielijnen binnen de universiteit en de faculteit vormen het kader waarbinnen de beleidsmedewerker opereert. Belangrijke inhoudelijke beleidsthema&rsquo;s voor de komende periode zijn Open Science, Duurzaam onderzoek en Team Science. Je fungeert, o.a. binnen deze thema&rsquo;s, als sparringpartner van het afdelingshoofd RST, de vice-decaan onderzoek en de onderzoeksprogrammaleiders van de faculteit.</p><p>Je geeft daarnaast op pro-actieve wijze uitvoering aan de interne en externe kwaliteitszorgcyclus. Je bent verantwoordelijk voor de co&ouml;rdinatie van de externe onderzoeksvisitaties voor de onderzoeksprogramma&rsquo;s van TSHD. Je ondersteunt, begeleidt en adviseert de onderzoeksprogrammaleiders. Je draagt zorg voor het opstellen van formats en documentatie ten behoeve van visitaties en draagt ook inhoudelijk bij aan de teksten. De planning en voorbereiding van onderzoekvisitaties stem je af met de Policy Staf op instellingsniveau.</p><p>De beleidsmedewerkers onderzoek zijn samen verantwoordelijk voor de co&ouml;rdinatie en uitvoering van de interne kwaliteitszorgcyclus . Binnen deze cyclus co&ouml;rdineer je het opstellen van het jaarlijkse onderzoekdossier van de onderzoeksprogramma&rsquo;s en het onderzoekjaarverslag van de Faculteit. Je adviseert over de inhoud en geeft inhoudelijke begeleiding. Daarnaast signaleer je punten voor verbetering en stel je de cyclus waar nodig bij. Je communiceert hier helder over en cre&euml;ert draagvlak waar nodig.&nbsp;</p><p>Je bent, in samenspraak met de vice-decaan onderzoek en het afdelingshoofd RST, verantwoordelijk voor de procesgang van vergaderstukken naar het Facultair Onderzoekoverleg: het periodieke overleg van de onderzoeksprogrammaleiders onder voorzitterschap van de vice-decaan onderzoek. Je opereert als secretaris van dit overleg.</p><p>Je opereert in een facultaire en universitaire beleidscontext, onder verantwoordelijkheid van de vice-decaan onderzoek TSHD. Je werkt samen met de collega-functionarissen binnen het Research Support Team, de onderzoeksprogrammaleiders en onderzoekers binnen de Faculteit en met vertegenwoordigers uit andere afdelingen binnen Tilburg University. Je volgt het (landelijke) onderzoeksbeleid op de voet, vertegenwoordigt de faculteit bij landelijke overleggen en bijeenkomsten en vertaalt relevante ontwikkelingen in facultair beleid.&nbsp;</p>", "requirements_description": "N/A", "conditions_description": "N/A", "employer_description": "N/A", "department_description": "N/A", "additional_information": "N/A", "apply_link": "N/A", "employer_link": "http://www.uvt.nl/", "job_type": "TEMPORARY", "logo": "https://www.academictransfer.com/media/derivatives/logos/uvt-en-wide/8bbc452c034c71750be03f93fe602eca.png"}