{"url": "https://www.academictransfer.com/en/309473/teamleider-research-support-quick-solutions/apply/", "title": "Teamleider Research Support & Quick Solutions", "publish_date": "2022-02-15", "deadline": "2022-03-06", "location": "Houtlaan 4, 6525 XZ, Nijmegen ", "city": "Nijmegen", "country": "Netherlands", "position": "Researcher", "field": "N/A", "salary": "N/A", "max_working_hours": "N/A", "employer": "Radboud University", "job_description": "<em>Baanbrekend wetenschappelijk onderzoek: samen met excellent onderwijs de pijler onder de internationale reputatie van de Radboud Universiteit. Belangrijk dus dat we waardevolle onderzoeksdata goed vastleggen in systemen en de onderzoeken delen met de wereld. Jij als teamleider Research Support &amp; Quick Solutions in Nijmegen geeft leiding aan een nieuw team dat onze wetenschappers hierbij helpt. Een impactvolle baan waarin je verandering concreet vormgeeft.\u00a0</em><br>Kwalitatief, betrouwbaar en verifieerbaar onderzoek: daar draait het om binnen onze universiteit. Dit betekent onder meer dat wetenschappers alle onderzoeksdata op een goede manier en gebaseerd op een doortimmerd datamanagementplan moeten vastleggen in onze systemen. Maar ook het goed (online) publiceren van onze onderzoeken vinden we cruciaal. Net als het snel bijstaan van de onderzoeker met praktische digitale oplossingen. We behalen als Radboud Universiteit prachtige onderzoeksresultaten op heel veel terreinen. Door deze met de wereld te delen leveren we concreet toegevoegde waarde aan de samenleving. Als teamleider Research Support &amp; Quick Solutions stuur je binnen onze afdeling User Support een nieuw team van ongeveer negentien betrokken medewerkers aan dat wetenschappers hierbij ondersteunt en fungeert als een Digital Competence Centre. En je bepaalt vanuit je rol mede het teamoverstijgend beleid van de afdeling. <br><br>Je medewerkers werken grotendeels vanuit onze faculteiten. Dicht bij de onderzoekers dus en met veel kennis van de specifieke vragen die zij daar op de verschillende kennisgebieden krijgen. Jouw belangrijkste opgave? Zorgen dat je nieuwe team dat door een organisatiewijziging is ontstaan de beste dienstverlening aan wetenschappers geeft. Dit betekent dat je als inspirerende leidinggevende jouw mensen meeneemt in de verandering, onderlinge samenwerking stimuleert en richting geeft aan de gezamenlijke werkwijze en cultuur. Kwaliteit van het werk, aandacht en ruimte voor ieders persoonlijke ontwikkeling, een prettige werksfeer, eigen verantwoordelijkheid en een goede werk-priv\u00e9balans staan daarin centraal: kenmerkend voor werken bij de Radboud Universiteit. Een perfect functionerend team? Daar hebben we jou voor nodig! <br><br>Als teamleider Research Support &amp; Quick Solutions ben je verder verantwoordelijk voor de HR-taken die je functie met zich meebrengt, voor het financieel beleid \u00e9n de volledige organisatie rond je team. Je werkt bovendien nauw samen met andere onderdelen van onze universiteit, onderhoudt het contact met externe relaties en vertegenwoordigt de Radboud Universiteit in verschillende vakverbanden. Zo ben je in brede zin een belangrijke schakel in het ondersteunen en vormgeven van een organisatie die zich richt op onderwijs en onderzoek. Dit bij een leuke, informele, betrokken en uitdagende werkgever, en binnen onze dynamische divisie Information &amp; Library Services.", "requirements_description": "N/A", "conditions_description": "N/A", "employer_description": "N/A", "department_description": "N/A", "additional_information": "N/A", "apply_link": "N/A", "employer_link": "http://www.ru.nl/", "job_type": "TEMPORARY", "logo": "https://www.academictransfer.com/media/derivatives/logos/run-en-wide/13abf0bc0a611f32246d62b46488f997.jpg"}