{"url": "https://www.academictransfer.com/en/309531/hoofd-dienst-osz/", "title": "Hoofd dienst OSZ", "publish_date": "2022-02-16", "deadline": "2022-03-15", "location": "Rapenburg, 2311, Leiden ", "city": "Leiden", "country": "Netherlands", "position": "Other Category", "field": "N/A", "salary": "N/A", "max_working_hours": "N/A", "employer": "Leiden University", "job_description": "<p>De Faculteit der Geesteswetenschappen van de Universiteit Leiden is op zoek naar een</p><p><strong>Hoofd Onderwijs- en Studentzaken (OSZ)</strong></p><p>Die samen met de medewerkers van de dienst de onderwijsprocessen binnen de faculteit op professionele wijze ondersteunt en de dienst verder vormgeeft. Als Hoofd OSZ heb je een goed ontwikkeld gevoel voor bestuurlijke verhoudingen en de academische wereld. Je bent een verbinder en door samen te werken bereik je de gewenste verandering. Je geeft leiding aan het managementteam van de dienst, waarbij je jouw stijl van leidinggeven kunt aanpassen aan de situatie. Ook zorg je voor een sfeer waarin talenten tot hun recht komen. Je werkt als Hoofd OSZ samen met de afdelingshoofden van het Faculteitsbureau en onderhoudt contact met het centrale expertisecentrum Studenten- en Onderwijszaken. Als Hoofd OSZ heb je inzicht in en ervaring met het adviseren over en begeleiden van (verander-)processen in een complexe onderwijsomgeving.</p><p>Binnen de dienst OSZ vindt een doorontwikkelingstraject plaats waarbij de inrichting van de dienst(verlening) en de positionering van de dienst als partner in de onderwijsorganisatie centraal staan. In de komende periode worden hier belangrijke stappen in gezet. Als hoofd OSZ lever je hieraan een actieve bijdrage.</p><p><strong>Werkzaamheden</strong></p><ul> <li>Je geeft integraal leiding aan (de medewerkers van) de dienst OSZ, en werkt daarvoor samen het OSZ-managementteam.</li> <li>In de faculteit ben je het gezicht van de dienst OSZ en je vertegenwoordigt de faculteit en haar onderwijsbelangen actief binnen en buiten de Universiteit Leiden.</li> <li>Voor het faculteitsbestuur en de opleidingsbesturen ben je adviseur en gesprekspartner; je fungeert als sparringpartner bij bestuurlijke en strategische vraagstukken ten behoeve van de onderwijsorganisatie en vervult daarbij in voorkomende gevallen een intermedi&euml;rende rol.</li> <li>Je bent lid van het facultaire managementteam bedrijfsvoering en draagt vanuit die positie bij aan een overstijgende visie op de facultaire dienstverlening.</li> <li>Met de beide portefeuillehouders onderwijs overleg je regelmatig, je onderhoudt contact met de collega&#39;s van het faculteitsbureau en stemt af over onderwijsorganisatorische onderwerpen, in het bijzonder met het hoofd Communicatie &amp; Marketing (voorlichting &amp; werving), de teamleider Onderwijsadvies &amp; Kwaliteitszorg (onderwijsbeleid &amp; onderwijsvoorbereiding) en het hoofd Informatisering en Facilitaire Zaken (onderwijsinfrastructuur).</li> <li>Je bent verantwoordelijk voor de bedrijfsvoering van de dienst, zoals personele en financi&euml;le zaken.</li> </ul>", "requirements_description": "N/A", "conditions_description": "N/A", "employer_description": "N/A", "department_description": "N/A", "additional_information": "N/A", "apply_link": "N/A", "employer_link": "http://www.universiteitleiden.nl/", "job_type": "TEMPORARY", "logo": "https://www.academictransfer.com/media/derivatives/logos/lei-en-wide/f66e61a821cf3294ef5ce4fcaacbdedb.png"}