{"url": "http://www.academictransfer.com/en/309312/principal-consultant-beleidsevaluatie/apply/", "title": "Principal Consultant Beleidsevaluatie", "publish_date": "2022-02-10", "deadline": "2022-03-01", "location": "Spuistraat 283, 1012 VR, Amsterdam ", "city": "Amsterdam", "country": "Netherlands", "position": "Other Category", "field": "Techniek; Gedrag en maatschappij", "salary": "N/A", "max_working_hours": "32\u201440", "employer": "Technopolis BV", "job_description": "<p>Op basis van onze expertise op het gebied van wetenschap, technologie en innovatie, ondersteunen wij beleidsmakers bij maatschappelijke uitdagingen. Een van onze kernactiviteiten is het evalueren van beleid, programma&rsquo;s en (kennis)instituten, en het uitvoeren van impact assessments. Recente voorbeeldprojecten zijn:</p><ul> <li>Evaluatie van de Nederlandse TO2-instellingen, o.a. TNO, Wageningen Research en Marin (Min. EZK, NL)</li> <li>Evaluatie van het groene transitieonderzoek in H2020 (EC DG RTD, EU)</li> <li>Evaluatie van de uitbreiding van het ius promovendi in Nederland (Min. OCW, NL)</li> <li>Evaluatie van de relevantie en de interne coherentie van Horizon 2020 (EC DG RTD, EU)</li> <li>Evaluatie van het onderzoekscentrum Neuro Electronic Research Flanders (Dep. EWI, BE)</li> <li>Evaluatie van het Belmont forum (Belmont Forum, INT)</li> <li>Evaluatie van EU Farmaceutische wetgeving (EC DG SANTE, EU)</li> <li>Ondersteuning van evaluatiecommissies voor evaluaties van NWO, SIA en KNAW (Min. OCW, NL)</li> <li>Beoordeling van de uiteindelijke impact van COST binnen Horizon 2020 (COST, EU)</li> <li>Beoordeling van de impact van AnaEE Vlaanderen en Flanders BioImaging (Dep. EWI, BE)</li> </ul><p>Om onze activiteiten op het gebied van evaluatie en impact assessment in Nederland en daarbuiten te versterken, zijn wij in Amsterdam op zoek naar <strong>een gemotiveerde evaluatie-expert met bewezen trackrecord.</strong> Wij zoeken een collega die aantoonbare ervaring heeft met zowel beleidsadvies, diverse evaluatie- en impact assessment methodieken, als met het managen van complexe projecten, bij voorkeur op Europees niveau.&nbsp;</p><p>In deze functie identificeer en genereer je nieuwe business leads en schrijf je projectvoorstellen voor (voornamelijk) evaluatieprojecten op het snijvlak van wetenschaps-, innovatie- en technologiebeleid en maatschappelijke uitdagingen. Als projectleider ben je verantwoordelijk voor de goede uitvoering van projecten die kunnen vari&euml;ren in omvang, duur en complexiteit. Je werkt graag in teamverband en bent in staat om samen te werken met, en ondersteuning te bieden aan, een projectteam van ervaren en beginnende consultants. Je overlegt met klanten en partners in binnen- en buitenland, waarvoor je bereid bent te reizen indien nodig.</p><p>Om (complexe) beleidsvraagstukken te kunnen beantwoorden, ben je in staat om een gedegen methodologische aanpak te ontwikkelen voor evaluaties en impact assessments van beleid, programma&rsquo;s en (kennis)instituten. Je verricht analytisch werk, zowel zelfstandig als in teamverband. Verworven inzichten weet je treffend te vertalen in heldere rapportages, waarbij partijen uit het beleids- en onderzoeksdomein je voornaamste doelgroep zijn. Je werkt samen met collega&rsquo;s in Amsterdam, maar ook regelmatig met collega&rsquo;s in buitenlandse kantoren van Technopolis en met externe partners. Tot slot draag je met je strategisch inzicht bij aan kennisdeling en strategieontwikkeling van Technopolis Group.</p>", "requirements_description": "N/A", "conditions_description": "N/A", "employer_description": "N/A", "department_description": "N/A", "additional_information": "N/A", "apply_link": "N/A", "employer_link": "https://www.technopolis-group.com/", "job_type": "FULL_TIME", "logo": "https://www.academictransfer.com/media/derivatives/logos/technopolis-en-wide_srqoNgJ/39a6f4f35e5f2678d431b8bba1b164db.jpg"}