{"url": "http://www.academictransfer.com/en/309602/phd-student-senior-friendly-care-trajectories-10-fte/", "title": "PhD Student \u2013 Senior Friendly Care Trajectories (1,0 fte)", "publish_date": "2022-02-17", "deadline": "2022-03-14", "location": "Burgemeester Oudlaan 50, 3062PA, Rotterdam ", "city": "Rotterdam", "country": "Netherlands", "position": "PhD", "field": "Health", "salary": "\u00e2\u0082\u00ac2443\u00e2\u0080\u0094\u00e2\u0082\u00ac3122 per month", "max_working_hours": "38", "employer": "Erasmus University Rotterdam (EUR)", "job_description": "<p>We are recruiting a PhD candidate for a project on senior friendly care trajectories. You will will combine the scientific disciplines of Health Service Operations Management (HSOM) and Integrated Care to perform research on senior friendly care trajectories. With the aging of the population the number of patients with multi-morbidity is increasing. Older persons are living longer at home and frequently require a combination of cure, (home) care and social support. Episodes of hospital care, planned admissions or emergency situations, may entail changes in the care after discharge. Transfers between institutions and the home setting, as well as integration of care at home require planning and coordination to ensure continuity and quality of care for the patient. Delivering the right care on the right place at the right time ensures senior friendly and cost effective care with reablement as main aim. Reablement is &ldquo;a person-centred, holistic approach that aims to enhance an individual&#39;s physical and/or other functioning, to increase or maintain their independence in meaningful activities of daily living at their place of residence and to reduce their need for long-term services&rdquo;<a href=\"#_ftn1\">[1]</a>.&nbsp; This may not only require optimizing the existing care organization, but also improving the care provision by developing innovative ways for care delivery and for transfers between institutional and home care.</p><p>Health Service Operations Management (HSOM) traditionally focusses on high production levels and efficiency, but shifted towards a more process-oriented approach with attention for the patient. However, until now, operations management research has mostly focused on institutional care, especially hospital care, and has paid less attention to care in the community and care in networks, while the number of days people stay in an institution is decreasing. This implies that applying OM approaches to primary care and to the home environment of patients create opportunities to enrich the knowledge base and transfer knowledge to new settings. An approach that focusses on the connection between primary and secondary care, and the alignment of care at home, whilst taking the network of the patient into consideration, is Integrated Care. Integrated Care research both focusses on patient populations, such as older persons, as on a specific disease, e.g. Diabetes or COPD. The expectation is that combining concepts and approaches of operations management and Integrated care will lead to possibilities to improve care for older persons living at home or nursing homes and add to delivering the right care on the right place at the right timeand reablement.</p><p>The research will be conducted in the province of Zeeland in close collaboration with healthcare organizations and professionals in that region. The PhD is expected to translate real life problems in the care trajectories in Zeeland into research that will benefit reablement and the optimization of care for older persons. As such the PhD will be member of the Academic Collaborative Centre Older Persons Care Zeeland (AWOZ), a collaborative network of health and research institutions. Information on AWOZ can be found on the following website: <a href=\"https://www.awoz.nl/\">https://www.awoz.nl/</a></p><p>Finally, you will teach in the education programs of Erasmus School of Health Policy &amp; Management (about 15% of your time).</p><p><a href=\"#_ftnref1\">[1]</a> Metzelthin, S., Rostgaard, T., Parsons, M., &amp; Burton, E. (2020). Development of an internationally accepted definition of reablement: A Delphi study. &lt;i&gt;Ageing and Society,&lt;/i&gt; 1-16. doi:10.1017/S0144686X20000999</p>", "requirements_description": "<div class=\"_Section_Section_26Kh4ZAK\">\n<h2 class=\"_Section_title_2lZ2dR7H\">\n<span>Requirements</span>\n</h2>\n<div class=\"_Section_body_1yeeKPXy\">\n<p>You are expected to have a master\u2019s degree in the field of healthcare organization or management, operations management, innovation management, business administration or another relevant master\u2019s degree. The position requires advanced skills in quantitative and qualitative methods. Therefore, you need to have experience with both. You need to demonstrate affinity with the research group \u2013 older vulnerable persons, their informal caregivers and health professionals, as well as the ability to communicate and interact with them in a person centered, respectful and professional manner. Moreover, you have excellent English communication and writing skills. Since the empirical work will be conducted in the Netherlands, mastering the Dutch language both in reading and speaking, is required.</p>\n</div>\n</div>", "conditions_description": "<div class=\"_Section_Section_26Kh4ZAK\">\n<h2 class=\"_Section_title_2lZ2dR7H\">\n<span>Conditions of employment</span>\n</h2>\n<div class=\"_Section_body_1yeeKPXy\">\n<p>We offer a full-time position as PhD student at Erasmus University Rotterdam (EUR). The PhD candidate will be located at Erasmus School of Health Policy &amp; Management (ESHPM). The research will be performed in Zeeland.</p>\n<p>We offer a 1.5 year position with the possibility of extension to 4 years based on performance. Remuneration will be according to the PhD scales set by the Collective Labor Agreement for Dutch Universities (cao NU), and will range from \u20ac 2.443\u00a0per month in the first year to \u20ac 3.122\u00a0per month in the fourth year (gross amounts, in case of fulltime employment). Fulltime is considered to be 38 hours per week.</p>\n<p>In addition, EUR pays an 8% holiday allowance and an end-of-year payment of 8.3% and offers excellent secondary benefits, and a very generous leave scheme. Furthermore, EUR is affiliated with ABP for the pension provision, and we offer partially paid parental leave, fully paid extended birth leave for partners, a personal education budget, work-life balance coaches and more. Employees can also use EUR facilities, such as the Erasmus sports centre and the University library.</p>\n<p>The starting date will be determined together with the candidate.</p>\n<p><strong>\u00a0</strong></p>\n</div>\n</div>", "employer_description": "<div class=\"_Section_Section_26Kh4ZAK\">\n<h2 class=\"_Section_title_2lZ2dR7H\">\n<span>Employer</span>\n</h2>\n<div class=\"_Section_body_1yeeKPXy\">\n<h4>Erasmus University Rotterdam</h4>\n<p><a href=\"https://www.eur.nl/en\">Erasmus University Rotterdam</a>\u00a0is an internationally oriented university with a strong social orientation in its education and research. Inspired by the dynamic and cosmopolitan city of Rotterdam, our scientists and students work in close collaboration with internal and external parties to solve global social challenges. Our mission is therefore \"Creating positive societal impact\". Our academic education is intensive, active and application oriented. Our research increasingly takes place in multidisciplinary teams, which are strongly intertwined with international networks. With our research impact and thanks to the high quality of education, EUR ranks amongst the top European universities. Erasmian values \u00e2\u0080\u008b\u00e2\u0080\u008bfunction as our internal compass and make Erasmus University recognizable to the outside world: engaged with society, world citizen, connecting, entrepreneurial and open-minded.\u00a0</p>\n</div>\n</div>", "department_description": "N/A", "additional_information": "<div class=\"_Section_Section_26Kh4ZAK\">\n<h2 class=\"_Section_title_2lZ2dR7H\">\n<span>Additional information</span>\n</h2>\n<div class=\"_Section_body_1yeeKPXy\">\n<p>You may apply for this position <strong>until 14 March 2022</strong>, by sending your application via Academic Transfer with reference to PhD Senior Friendly Care Trajectories.</p>\n<p>Applications should contain a motivation letter in English, an extensive curriculum vitae, two reference letters and may include pdf versions of publications and teaching evaluations. Presenting or lecturing might be part of the application procedure.</p>\n<p>For more information about this position, contact dr. ir. Sylvia Elkhuizen (<a href=\"mailto:elkhuizen@eshpm.eur.nl\">elkhuizen@eshpm.eur.nl</a>) or dr. Isabelle Fabbricotti (<a href=\"mailto:fabbricotti@eshpm.eur.nl\">fabbricotti@eshpm.eur.nl</a>).</p>\n<p>\u00a0</p>\n</div>\n</div>", "apply_link": "N/A", "employer_link": "http://www.eur.nl/", "job_type": "TEMPORARY", "logo": "https://www.academictransfer.com/media/derivatives/logos/eur-en-wide/ce33222703c7a0b148d3a935910a2f60.png"}