{"url": "https://www.academictransfer.com/en/309501/teamleider-connectivitynetwerk/", "title": "Teamleider Connectivity/Netwerk", "publish_date": "2022-02-15", "deadline": "2022-02-27", "location": "Houtlaan 4, 6525 XZ, Nijmegen ", "city": "Nijmegen", "country": "Netherlands", "position": "Other Category", "field": "N/A", "salary": "N/A", "max_working_hours": "40", "employer": "Radboud University", "job_description": "<p><em>Ben jij in staat met een team van netwerkspecialisten de transitie naar een nieuw netwerk te volbrengen? Zorg jij voor die positieve vibe in het team en een prettig werkklimaat zodat de medewerkers onder jouw hoede kunnen floreren in deze uitdagende omgeving? Dan zijn we op zoek naar jou!<br><br></em>Als teamleider van het team Connectivity stuur je een team van 12 fijne collega\u2019s (netwerkspecialisten) aan, die graag op een laagdrempelige manier met elkaar werken. Voor deze functie zijn we op zoek naar iemand die op een natuurlijke wijze het team aanstuurt, op conceptueel niveau kan meedenken met de netwerkprofessionals, idee\u00ebn naar concrete plannen vertaalt, maar niet naar iemand die direct aan de knoppen zit.<br><br>Het team Connectivity beheert en ontwikkelt de complexe netwerkinfrastructuur van de Radboud Universiteit. Momenteel wordt de netwerkomgeving van de Radboud Universiteit vernieuwd, waarbij vele nieuwe technieken worden toegepast (o.a. Software Defined Networking). Het 'nieuwe' netwerk wordt gefaseerd opgebouwd op basis van Cisco apparatuur. Kennis van nieuwe (Cisco) technieken / implementaties is daarom een pr\u00e9. Binnen het team hou jij het overzicht. Met jouw helicopterview ben je in staat om nieuwe implementaties te realiseren. Je bent op de hoogte van technische ontwikkelingen en vindt het ook leuk het team mee te nemen in deze ontwikkeling. Je hebt een sterk analytisch vermogen, proactieve houding en denkt \u2018out of the box\u2019. Je bent in staat snel te schakelen binnen de organisatie, zowel horizontaal als verticaal. Als teamleider ben je bekend met de terminologie van ITIL, Prince en/of Agile en kan je acteren in een procesgerichte organisatie.<br><br>Samenwerken op diverse niveaus en kennis delen zijn belangrijke succesfactoren voor de toekomst van de afdeling IT Service waar jij werkzaam zal zijn. We verwachten daarom dat deze kwaliteiten in jouw genen zitten. Op een fijne manier samen successen behalen, daar draait het om! Zo ben jij in de brede zin een onmisbare schakel in het ondersteunen van een organisatie die zich richt op onderwijs en onderzoek.</p>", "requirements_description": "N/A", "conditions_description": "N/A", "employer_description": "N/A", "department_description": "N/A", "additional_information": "N/A", "apply_link": "N/A", "employer_link": "http://www.ru.nl/", "job_type": "TEMPORARY", "logo": "https://www.academictransfer.com/media/derivatives/logos/run-en-wide/13abf0bc0a611f32246d62b46488f997.jpg"}