{"url": "https://www.academictransfer.com/en/309461/lecturer-creative-business/apply/", "title": "Lecturer creative business", "publish_date": "2022-02-15", "deadline": "2022-02-27", "location": "Heidelberglaan 15, 3584 CM, Utrecht ", "city": "Utrecht", "country": "Netherlands", "position": "Lecturer", "field": "Behaviour and society", "salary": "\u00e2\u0082\u00ac3659\u00e2\u0080\u0094\u00e2\u0082\u00ac5027 per month", "max_working_hours": "20\u201440", "employer": "HU University of Applied Sciences Utrecht", "job_description": "<p>Are you curious about the world around you and how it relates to all forms of creativity and business? Are you passionate about creative business related topics such as design thinking, growth hacking and artificial intelligence?</p>", "requirements_description": "<div class=\"_Section_Section_26Kh4ZAK\">\n<h2 class=\"_Section_title_2lZ2dR7H\">\n<span>Requirements</span>\n</h2>\n<div class=\"_Section_body_1yeeKPXy\">\n<p>You are curious about the world around you and how it relates to all forms of creativity and business. You collaborate. You listen. You are open to new or additional learning experiences. You like to dig deeper and do research. You are current and relevant. You know what\u2019s happening in the world and you are a sponge for knowledge. You\u2019re passionate about topics such as design thinking, creativity, digital media design, new forms of marketing, growth hacking, branding and technologies like blockchain or artificial intelligence. You appreciate life-long learning, for both your future students and yourself.\u00a0</p>\n<p>More specifically, this will mean that a successful candidate has experience with one or more of the following:</p>\n<ul>\n<li>At least a Master degree;</li>\n<li>Extensive (at least 5 years) experience in working in the creative industry, with in\u2013house and remote creative teams. Knowledge of how to meet deadlines, preferably via Agile/iterative ways of working;</li>\n<li>Being competent and experienced in a culturally generic way, i.e. being good at dealing with differences. The ideal candidate has not just worked with people from Europe and North America but also from MENA regions, Asia (eg. China) and/or LATAM region;</li>\n<li>Substantial experience with design thinking and/or circular thinking;</li>\n<li>Experience with working in a fast\u2013paced, deadline\u2013driven environment and managing competing priorities;</li>\n<li>Knowledge of business and marketing/branding objectives and how they are translated into a dynamic customer experience in an integrated manner;</li>\n<li>We are looking for lecturers who can for instance teach courses in the creative industries, marketing, media and technology and other topics. Knowledge about research is a plus.</li>\n</ul>\n<p>Your English proficiency is excellent. The diversity of the CB team will be enriched by your own background, history or expertise. You are able and willing to teach both offline and online with the facilities provided by our university.\u00a0</p>\n</div>\n</div>", "conditions_description": "<div class=\"_Section_Section_26Kh4ZAK\">\n<h2 class=\"_Section_title_2lZ2dR7H\">\n<span>Conditions of employment</span>\n</h2>\n<div class=\"_Section_body_1yeeKPXy\">\n<p><strong>Fixed-term</strong> contract: A temporary contract for one year, to be renewed for an indefinite period in case of positive assessment.</p>\n<p>The Creative Business (CB) bachelor program is a true success story in international\u00a0education. In only a few years we have doubled in student numbers and colleagues who\u00a0come from all across the globe. You will have approximately 75 colleagues and we have a student\u00a0population of approximately 1700. Our goal is to offer a state-of-the-art higher educational\u00a0environment that prepares and inspires young people to deliver great work in jobs that may\u00a0not exist yet.\u00a0</p>\n<p>Apart from a very inspiring and multicultural work environment, we have a lot more to offer:</p>\n<ul>\n<li>A contract for 0.5 \u2013 1.0 fte on a temporary contract for one year (D4); to be renewed for an indefinite period in case of positive assessment;</li>\n<li>The gross salary for a full-time position starts at \u20ac 3.658,64 with a maximum of \u20ac5.026,85 (scale 11).</li>\n<li>A health care contribution of\u00a0\u20ac 300.00 gross\u00a0per year in proportion to employment;</li>\n<li>In addition, according to the collective labor agreement for HBO, you will receive a holiday allowance of 8% and a\u00a0guaranteed year-end bonus of 8.3%;</li>\n<li>We have excellent\u00a0study and development opportunities;</li>\n<li>The possibility to have\u00a0428 holiday hours\u00a0per year with a full-time employment;</li>\n<li>Flexible working hours;</li>\n<li>Obviously a\u00a0smartphone and a laptop;</li>\n<li>A voluntary collective health insurance and nice extras such as a bicycle plan and discounts on other insurance policies, software and fitness;</li>\n<li>And last but definitely not least you will join a team of Creative Strategists, Creative Directors, Media &amp; Brand strategists, growth hackers, researchers and entrepreneurs who all work together on that one goal: to deliver innovative higher education.\u00a0</li>\n</ul>\n</div>\n</div>", "employer_description": "<div class=\"_Section_Section_26Kh4ZAK\">\n<h2 class=\"_Section_title_2lZ2dR7H\">\n<span>Employer</span>\n</h2>\n<div class=\"_Section_body_1yeeKPXy\">\n<h4>HU</h4>\n<p>Our vision</p>\n<p>We believe in innovation, and accomplish this through four pillars that structure our education:</p>\n<ul>\n<li>Creativity; as in Creative Strategic Thinking and problem solving</li>\n<li>Technology; because technology allows us to build completely new experiences</li>\n<li>Business; because great ideas will not work without business sense</li>\n<li>Humanities; because eventually everything we do, we do for real people.</li>\n</ul>\n<p>Applied Research is the starting point of all these pillars. It is our aim to educate the Creative Strategic Thinkers of the future and we are looking for people with a vision on the Global Creative Business environment to help us with that!</p>\n<p>Why would you work at the <a href=\"https://www.hu.nl/\">HU</a>?</p>\n<p>Our CB program has doubled in numbers and is still expanding. Since this is one of three English taught programs at the HU, this is an unique place to work. Our team is very ambitious and comes from all over the world, which makes this work environment really interesting. Creative Business aims to educate the Creative Strategic Thinkers of the future, which brings its own unique culture and vibe. Want to know more about the team and our students? Visit\u00a0<a href=\"https://husite.nl/creativebusinesshu/\">https://husite.nl/creativebusinesshu/</a>\u00a0of our Instagram page\u00a0<a href=\"https://www.instagram.com/creativebusinesshu/\">https://www.instagram.com/creativebusinesshu/</a>\u00a0</p>\n</div>\n</div>", "department_description": "N/A", "additional_information": "<div class=\"_Section_Section_26Kh4ZAK\">\n<h2 class=\"_Section_title_2lZ2dR7H\">\n<span>Additional information</span>\n</h2>\n<div class=\"_Section_body_1yeeKPXy\">\n<p>We are very curious to learn about your vision on Creative Business. Feel free to elaborate on this in your motivation letter. You can apply for this job only online until the 27th\u00a0of February.\u00a0Our first round of interviews will take place in the week of the 7th\u00a0of March and these will be in English. When we are both still enthusiastic, we will have a second round of interviews, in which we will probably ask you to give a short lecture.</p>\n<p>If you require additional substantive information about this vacancy, please contact Richard Versmissen, Programme Director CB (Richard.versmissen@hu.nl). If you wish to know more about the application procedure, please contact Eva Kamers,\u00a0<a href=\"mailto:eva.kamers@hu.nl\">eva.kamers@hu.nl</a>.\u00a0We look forward to meeting you!\u00a0</p>\n<p>A\u00a0reference check, a digital screening for diploma and ID and the application for a VOG will take place at the end of the procedure.\u00a0</p>\n<p>Based on the belief that diversity contributes to our teaching and research, candidates with</p>\n<p>different backgrounds, experiences and limitations are strongly invited to apply.\u00a0</p>\n<p>Acquisition by third parties is not appreciated.</p>\n</div>\n</div>", "apply_link": "N/A", "employer_link": "http://www.hu.nl/", "job_type": "TEMPORARY", "logo": "https://www.academictransfer.com/media/derivatives/logos/hogeschool-utrecht-hu-en-wide/99e731f1b514e0e6fd70da429cb9a10d.png"}