{"url": "http://www.academictransfer.com/en/309607/assistant-professor-practical-philosophy-in-medical-ethics-and-politics-of-health/apply/", "title": "Assistant Professor Practical Philosophy in Medical Ethics and Politics of Health", "publish_date": "2022-02-17", "deadline": "2022-03-31", "location": "Kloveniersburgwal 48, 1012 CX, Amsterdam ", "city": "Amsterdam", "country": "Netherlands", "position": "Assistant Professor", "field": "Language and culture", "salary": "\u00e2\u0082\u00ac3821\u00e2\u0080\u0094\u00e2\u0082\u00ac5943 per month", "max_working_hours": "38", "employer": "University of Amsterdam (UvA)", "job_description": "<p>The Philosophy and Public Affairs group covers a broad field of expertise in practical philosophy. The group seeks to strengthen its profile by hiring a candidate that (a) has a solid background in either political and social philosophy or ethics (b) the ability to connect socio-political themes with ethical perspectives c) a research focus on a contemporary, urgent and topical issue. In the last decade, fueled by bio-technological developments, issues of bioethics have become more and more pertinent, facing us with an ever more complex set of analytical and normative tasks. In addition, the corona-pandemic has once again shown the importance of questions of a just distribution of health care and the effects of health policies, our views on the value of human life, our images of wellbeing, illness and recovery, as well as intricate bioethical questions such as triage. Given these challenges, we are therefore looking for a colleague with a specialization in Medical Ethics and the Politics of Health.&nbsp;</p><p><strong>What are you going to do?</strong></p><p>You will provide education in a dynamic context with ample opportunities for the development of innovative teaching methods. Your research will be part of the&nbsp;<a href=\"https://asca.uva.nl/\">Amsterdam School for Cultural Analysis</a>&nbsp;(ASCA), one of the five research schools of the&nbsp;<a href=\"https://aihr.uva.nl/\">Amsterdam Institute for Humanities Research</a>. ASCA is home to more than 100 researchers and more than 140 PhD candidates, and conducts world-leading research in Cultural Analysis. ASCA members share a commitment to studying culture in all its forms and expressions within an interdisciplinary framework, and to maintaining a close connection with contemporary cultural and political debates. All ASCA research fits into at least one, but usually more than one of five thematic constellations: 1) Mediality; 2) Arts &amp; Aesthetics; 3) Globalization &amp; Migration; 4) Identities; and 5) Cultural &amp; Social Critique. Across these constellations, ASCA is seeking to build expertise in the Medical Humanities.</p><p>The position will be embedded within the&nbsp;<a href=\"https://www.uva.nl/en/discipline/philosophy/philosophy.html\">department of Philosophy</a>&nbsp;in the capacity group&nbsp;<a href=\"https://www.uva.nl/discipline/filosofie/medewerkers/philosophy-and-public-affairs.html\">Philosophy and Public Affairs</a>&nbsp;(PPA). Philosophy and Public Affairs examines classical questions in the area of practical philosophy, such as the foundations of ethics and sociopolitical philosophy, in light of new and topical problems.</p><p><strong>Tasks and responsibilities</strong></p><ul> <li>Designing and conducting independent research on Medical Ethics and the Politics of Health resulting in academic publications in peer-reviewed international journals and/or books.</li> <li>Actively pursuing external funding for research, notably funding from research councils, national as well as European.</li> <li>Actively contributing to and developing national and international research networks and other forms of cooperation.</li> <li>Actively contributing to the interdisciplinary research activities of ASCA.</li> <li>Developing, coordinating and teaching courses in both Dutch and English, in the Bachelor and Master programmes.</li> <li>Supervising Bachelor and Master theses and tutoring students; co-supervising PhD theses.</li> <li>Actively contributing to the development and improvement of the broader teaching programmes in the department.</li> <li>Taking part in committees and task forces and carrying out departmental administrative tasks as directed.</li> </ul>", "requirements_description": "<div class=\"_Section_Section_26Kh4ZAK\">\n<h2 class=\"_Section_title_2lZ2dR7H\">\n<span>Requirements</span>\n</h2>\n<div class=\"_Section_body_1yeeKPXy\">\n<p><strong>What do you have to offer?</strong></p>\n<p>The ideal candidate has a strong training in practical philosophy, including the history of the field, as well as a specialization in Medical Ethics and Politics of Health, engaging with issues such as bioethics and biopolitics, health justice, disability, the ethics and politics of care, or clinical ethics. The ability to situate these questions within a broader framework and to combine them with related questions such as human rights, ecology, analyses of capitalism, gender relations or disability studies is especially welcome. We expect the candidate to be highly interested in interdisciplinary collaboration within ASCA and other research schools, combining philosophical inquiry with sociological, cultural, and political analysis. The role of philosophy will be relevant in enriching an interdisciplinary cooperation with a normative perspective. This UD position will play vital role, not only in attuning the PPA group to one of the most pressing crises of our times, but also in building up an infrastructure within ASCA for future research in the Medical Humanities.</p>\n<p><strong>Your experience and profile:</strong></p>\n<ul>\n<li>hold\u00a0a PhD in Philosophy with a research focus on Medical Ethics and the Politics of Health;</li>\n<li>hold\u00a0an international academic network in the research area concerned;</li>\n<li>provide\u00a0research output commensurate with the level of the position;</li>\n<li>active and ambitious researcher with a strong publication record;</li>\n<li>demonstrable ability and ambition to obtain external research grants;</li>\n<li>broad and relevant teaching experience at BA and MA level;</li>\n<li>excellent command of both Dutch and English, If Dutch is not the mother tongue, an active and passive command must be acquired within two years of the employment contract and the state examination for Dutch as a Second Language programme II must be passed;</li>\n<li>experience with digital and audiovisual teaching facilities and affinity with IT in university teaching;</li>\n<li>experienced in valorisation and practice-based education and/or research;</li>\n<li>good team player and versatile at all levels, capable of multidisciplinary co-operation;</li>\n<li>excellent organisational experience and skills;</li>\n<li>acquired the Dutch Basic Teaching Qualification, or is willing to acquire this within the first two years.</li>\n</ul>\n</div>\n</div>", "conditions_description": "<div class=\"_Section_Section_26Kh4ZAK\">\n<h2 class=\"_Section_title_2lZ2dR7H\">\n<span>Conditions of employment</span>\n</h2>\n<div class=\"_Section_body_1yeeKPXy\">\n<p><strong>Our offer</strong></p>\n<p>We offer permanent employment upon a satisfactory evaluation following a temporary employment contract of a maximum of 18 months with a probationary period of two months. If you already have an employment contract with the UvA, we offer permanent employment upon a satisfactory evaluation following a temporary employment contract of a maximum of 12 months. The employment contract is for 38 hours a week. Preferred starting date is 1 September 2022.</p>\n<p>The gross monthly salary, based on 38 hours per week, ranges between \u20ac3,821 (scale 11) to \u20ac5,943\u00a0(scale 12) dependent on relevant experience.\u00a0This sum does not include the 8% holiday allowance and the 8,3% year-end allowance.\u00a0A favourable tax agreement, the \u201830% ruling\u2019, may apply to non-Dutch applicants.\u00a0The\u00a0<a href=\"https://www.vsnu.nl/en_GB/cao-universiteiten.html\">Collective Labour Agreement of Dutch Universities</a>\u00a0is applicable.</p>\n</div>\n</div>", "employer_description": "<div class=\"_Section_Section_26Kh4ZAK\">\n<h2 class=\"_Section_title_2lZ2dR7H\">\n<span>Employer</span>\n</h2>\n<div class=\"_Section_body_1yeeKPXy\">\n<h4>University of Amsterdam</h4>\n<p>The\u00a0<a href=\"https://www.uva.nl/en/about-the-uva/about-the-university/about-the-university.html\">University of Amsterdam</a>\u00a0is the Netherlands' largest university, offering the widest range of academic programmes. At the UvA, 30,000 students, 6,000 staff members and 3,000 PhD candidates study and work in a diverse range of fields, connected by a culture of curiosity.</p>\n</div>\n</div>", "department_description": "N/A", "additional_information": "<div class=\"_Section_Section_26Kh4ZAK\">\n<h2 class=\"_Section_title_2lZ2dR7H\">\n<span>Additional information</span>\n</h2>\n<div class=\"_Section_body_1yeeKPXy\">\n<p>Do you have any questions or do you require additional information? Please contact (during office hours):</p>\n<p>\u00a0</p>\n<ul>\n<li><a href=\"mailto:Thomas%20Nys\">Thomas Nys</a>, Assistant Professor in Ethics</li>\n</ul>\n</div>\n</div>", "apply_link": "N/A", "employer_link": "http://www.uva.nl/", "job_type": "TEMPORARY", "logo": "https://www.academictransfer.com/media/derivatives/logos/uva-en-wide/22e1319f66e44f07d56047b996668aa9.png"}