{"url": "https://www.academictransfer.com/en/309466/senior-social-science-researcher/", "title": "(Senior) Social Science Researcher", "publish_date": "2022-02-15", "deadline": "2022-02-28", "location": "Westvest 7, 2611 AX, Delft ", "city": "Delft", "country": "Netherlands", "position": "Researcher", "field": "Behaviour and society", "salary": "N/A", "max_working_hours": "23", "employer": "IHE Delft Institute for Water Education", "job_description": "<p>This position contributes to projects, education and capacity development activities of the Knowledge &amp; Innovation Studies Group, led by Dr. Uta Wehn, Associate Professor, who will guide the researcher.</p><p>Do you share our passion for working with diverse stakeholders in innovative ways, combining high quality scientific action research with the ethical responsibility for creating impact in communities and society? Then we offer dynamic and challenging positions in an international environment!</p><p>The research of the Knowledge &amp; Innovation Studies Chair group focuses on knowledge and innovation dynamics and aims to understand and shape their role in transformative change processes. It contributes to the deeper understanding and analysis of the objectives, purposes, processes and instruments of innovative, problem-driven forms of knowledge co-creation and application as well as innovation processes in the water sector world-wide addressing complex societal needs, especially in the light of digital innovations. The research is implemented using Action Research (including participatory action research) in the context of water-related multi-stakeholder projects, triggering action and changes, while accompanying these with critical reflection based on sound social science research (cutting across behavioural sciences, political science, knowledge management, management studies and development studies). In terms of water thematics, the research in this Chair group cuts across all areas of water management and governance: water resources management, water services, as well as flood and drought risk management. The researcher will focus on one of the following subthemes:</p><ul> <li>The human and social dimensions of citizen science;</li> <li>&nbsp;Social innovation and stakeholder engagement;</li> <li>Water innovation dynamics.</li> </ul><p>Responsibilities</p><ul> <li>Contribute to the Chair group&rsquo;s research activities by advancing and applying conceptual frameworks and methods for the respective research sub-theme(s) building on the Chair group&rsquo;s knowledge base and other relevant research;</li> <li>Contribute to the Chair group&rsquo;s education activities (MSc teaching, tailor-made trainings, MOOCs) on selected topics (philosophy of science, citizen science, social innovation, stakeholder engagement, co-design, knowledge management and capacity development, impact assessment, project management, entrepreneurship skills);</li> <li>Supervise MSc and PhD theses;</li> <li>Design and implement topic-related capacity development interventions and derive theoretical insights from practice;</li> <li>Ensure project contributions and deliverables are of high quality, on time and within budget;</li> <li>Disseminate research results in creative and effective ways by drafting, writing and presenting scientific papers, conference papers and other outreach materials;</li> <li>Contribute to and take on project management activities as needed;</li> <li>Lead, or make major contributions to, project-related funding opportunities and acquisitions.</li> </ul>", "requirements_description": "<div class=\"_Section_Section_26Kh4ZAK\">\n<h2 class=\"_Section_title_2lZ2dR7H\">\n<span>Requirements</span>\n</h2>\n<div class=\"_Section_body_1yeeKPXy\">\n<ul>\n<li>Motivated to undertake social science research in an international cooperation context;</li>\n<li>PhD degree in a relevant social science discipline, e.g. innovation studies, sociology, psychology, development studies or political science with demonstrable training in qualitative and quantitative research skills and with excellent grades;</li>\n<li>Experience with undertaking high quality social science research in the field of water and environment (demonstrated by publications and projects);</li>\n<li>Experience with graduate teaching of topics related to the Chair group\u2019s work; a completed University Teaching Qualification (UTQ) is an advantage;</li>\n<li>Demonstrable track record with successful project acquisition (or key contributions);</li>\n<li>Experience with, or interest in, the theory and practice of capacity development interventions;</li>\n<li>Strong analytical skills and ability to identify key issues; meticulous information processing;</li>\n<li>Excellent writing skills and written and spoken command of English, as demonstrated by previous course work and/or publications in English; Spanish, French and/or Dutch language skills are an advantage;</li>\n<li>Excellent communication and interpersonal skills within multi-national and cultural contexts and ability to deal with a wide range of stakeholders and project partners in a highly professional manner;</li>\n<li>Ability to multi-task, to deliver results under pressure and to tight deadlines and to drive success by using initiative and making things happen;</li>\n<li>Strong team spirit and willingness to embrace change to capture emerging opportunities.</li>\n</ul>\n</div>\n</div>", "conditions_description": "<div class=\"_Section_Section_26Kh4ZAK\">\n<h2 class=\"_Section_title_2lZ2dR7H\">\n<span>Conditions of employment</span>\n</h2>\n<div class=\"_Section_body_1yeeKPXy\">\n<p>A competitive salary (Scale 10-12) is offered depending on qualifications and experience in accordance with the conditions of employment for Dutch Universities.</p>\n<p>The appointment implies entry into the Netherlands' Civil Service Pension Fund (ABP). IHE Delft offers an attractive, multiple-choice employee benefits scheme, year-end bonus and generous pension scheme. We also offer 31 days leave based on a 38 hours working week. Candidates must be prepared to carry out short-term missions abroad.</p>\n</div>\n</div>", "employer_description": "<div class=\"_Section_Section_26Kh4ZAK\">\n<h2 class=\"_Section_title_2lZ2dR7H\">\n<span>Employer</span>\n</h2>\n<div class=\"_Section_body_1yeeKPXy\">\n<h4>IHE Delft</h4>\n<p><a href=\"https://www.un-ihe.org/\">IHE Delft</a> is the largest international graduate water education facility in the world and is based in Delft, the Netherlands. The mission of IHE Delft is to work in partnership to strengthen capacity in the water sector, to achieve global sustainable development. IHE Delft has a permanent staff of 200 of which more than 100 are academics from all over the world, while about 250 guest lecturers from academia and industry contribute to our educational programmes. Each year 750 professionals (including about 200 new MSc students per year) attend courses at IHE Delft. The Institute has an international staff &amp; student community with English as the working language. The Hydroinformatics and socio-technical innovation department focuses on catalysing change in society, technology and policy, and enhancing the use of enabling ICTs, towards sustainability and resilience. The department intends to recruit:</p>\n</div>\n</div>", "department_description": "N/A", "additional_information": "<div class=\"_Section_Section_26Kh4ZAK\">\n<h2 class=\"_Section_title_2lZ2dR7H\">\n<span>Additional information</span>\n</h2>\n<div class=\"_Section_body_1yeeKPXy\">\n<p>Applications (in English) should respond specifically to the requirements, and can be sent by 28 February 2022 including curriculum vitae, motivation letter and the names and contact details of two contactable referees (all together as one PDF file with your family name as the filename) via the application button below, PO Box 3015, 2601 DA Delft, The Netherlands, stating vacancy-number 21-HSTI-03.</p>\n</div>\n</div>", "apply_link": "N/A", "employer_link": "http://www.un-ihe.org", "job_type": "TEMPORARY", "logo": "https://www.academictransfer.com/media/derivatives/logos/ihe-delft-institute-for-water-education-en-wide/3af0f33edb7ad5d2407739ad0904e649.png"}