{"url": "http://www.academictransfer.com/en/309496/junior-research-grant-advisor-08-10-fte/", "title": "Junior Research Grant Advisor (0,8-1,0 fte)", "publish_date": "2022-02-15", "deadline": "2022-03-06", "location": "Burgemeester Oudlaan 50, 3062PA, Rotterdam ", "city": "Rotterdam", "country": "Netherlands", "position": "Researcher", "field": "N/A", "salary": "\u00e2\u0082\u00ac2846\u00e2\u0080\u0094\u00e2\u0082\u00ac4490 per month", "max_working_hours": "32\u201440", "employer": "Erasmus University Rotterdam (EUR)", "job_description": "<p>A Grant Advisor works with researchers to help them identify funding opportunities that match their ambition and then supports the process of preparing a winning proposal.</p><p>We are looking for persons who want to develop themselves into a top tier grant advisors. Prior experience with grants is not needed, rather the right drive, skills and personality. If you have excellent English communication skills (both written and verbal), the ability to contextualize complex concepts and the drive and the confidence to manage a collaborative process for multiple international stakeholders you are our ideal candidate.</p><p>Surrounded by a team of Grant Advisors you will receive training in the intricacies of the various funding schemes, how to effectively apply a coaching communication style and the highly sought-after skillset of coordinating collaborative grant writing processes.</p><p>You will join the Grants Support team at Erasmus Research Services (ERS) working on major research initiatives and spend 50% of your working hours seconded to the Erasmus School of History, Culture and Communication (ESHCC) Research Office as their dedicated grant advisor.</p><p>Together we foster a culture amongst researchers that stimulates funding ambitions, build and maintain a network with relevant institutes (s.a. media and creative industry, museums) &nbsp;and act as an expert advisor and source of information for internal and external stakeholders.&nbsp;</p><p><em>Main responsibilities:</em></p><ul> <li>Be the right hand to lead researchers preparing major collaborative research proposals;</li> <li>Scout for project ideas within the faculty of ESHCC;</li> <li>Identify and create opportunities for personal and collaborative research grants at NWO and other national research funders as well as at European level (Horizon Europe);</li> <li>Support researchers as they apply for research grants, and coach them throughout the application process;</li> <li>Act as first point of contact for ESHCC researchers that want to apply for a grant and organize internal alignment with relevant processes such as financial and project control;</li> <li>Organize, in collaboration with your colleagues at the ERS grant support office, information sessions, trainings and workshops about research grant opportunities in the field of Humanities and Social Sciences;</li> <li>Proactively engage with external contacts like partner institutes, societal stakeholders and relevant agencies to anticipate new developments and to help in building consortia.</li> </ul>", "requirements_description": "<div class=\"_Section_Section_26Kh4ZAK\">\n<h2 class=\"_Section_title_2lZ2dR7H\">\n<span>Requirements</span>\n</h2>\n<div class=\"_Section_body_1yeeKPXy\">\n<p>Required experience, skills and competencies:</p>\n<ul>\n<li>The ambition and willingness to work hard towards positive societal impact;</li>\n<li>An academic level of thinking and working. A doctorate in humanities or social sciences will be viewed positively but is not a requirement;</li>\n<li>The capacity to collaborate with a broad range of internal and external stakeholders;</li>\n<li>An entrepreneurial, hands-on and open attitude; excellent organization skills;</li>\n<li>Proactive, stress-resistant, ability to deliver under peak performance;</li>\n<li>Excellent verbal and written command of English (CEFR level C1). Dutch language skills will be viewed positively;</li>\n</ul>\n<p>You will become a member of the department Erasmus Research Services, a new and rapidly growing department of currently 35 people. Every person in your team is seconded for 50% of their time to one of the faculties and you will become the dedicated advisor for the Erasmus School of History, Culture and Communication (ESHCC). You will report to the Heads of Grants of the Erasmus Research Services and the senior research policy officer of ESHCC.</p>\n</div>\n</div>", "conditions_description": "<div class=\"_Section_Section_26Kh4ZAK\">\n<h2 class=\"_Section_title_2lZ2dR7H\">\n<span>Conditions of employment</span>\n</h2>\n<div class=\"_Section_body_1yeeKPXy\">\n<p><strong>Fixed-term</strong>\u00a0contract: Initially for one year. If your performance is satisfactory the contract may be converted to permanent after the first year.</p>\n<p>An internationally-oriented and varied work within an enthusiastic team, with attractive fringe benefits in accordance with the Collective Labour Agreement for Dutch Universities (CAO-NU). We offer a contract initially for one year (1 fte, full-time appointment is 38 hours) which may become permanent if your performance is satisfactory. As Junior Grant Advisor your remuneration will grow with how quickly you learn and develop. Your start up salary will be in line with salary scale 10 from CAO NU and thus range between \u20ac 2.846,- and \u20ac 4.490,- gross per month. At the start of your contract you will agree on a number of development goals with your managers which when met will lead to a guaranteed promotion to Scale 11 from CAO NU (\u20ac 3.821.- to \u20ac 5230.-).</p>\n<p>Erasmus University Rotterdam offers attractive terms of employment, including a holiday allowance of 8%, a year-end payment of 8.3% and 41 holidays per year based on a full-time appointment. In addition, EUR takes part in the ABP pension scheme, and we also offer partially paid parental leave. Moreover, EUR staff members are allowed to make use of the EUR facilities, including the Erasmus Sports Centre and the University Library.</p>\n<p><strong>Diversity &amp; Inclusion\u00a0</strong></p>\n<p>Erasmus University Rotterdam aspires to be an equitable and inclusive community. We nurture an open culture, where everyone is supported to fulfill their full potential. We see inclusivity of talent as the basis of our successes, and the diversity of perspectives and people as a highly valued outcome. EUR provides equal opportunities to all employees and applicants regardless of gender identity or expression, sexual orientation, religion, ethnicity, age, neurodiversity, functional impairment, citizenship, or any other aspect which makes them unique. We look forward to welcoming you to our community.</p>\n</div>\n</div>", "employer_description": "<div class=\"_Section_Section_26Kh4ZAK\">\n<h2 class=\"_Section_title_2lZ2dR7H\">\n<span>Employer</span>\n</h2>\n<div class=\"_Section_body_1yeeKPXy\">\n<h4>Erasmus University Rotterdam</h4>\n<p>The Erasmus University Rotterdam (EUR), named after Rotterdam-born humanist and theologian Erasmus, is a research university with a strong international orientation and a pronounced social focus, both in its education and research activities. On the lively, modern campus, more than 28.000 students and scholars of more than 100 nationalities are constantly encouraged to develop their talents and meet their ambition. Our more than 2700 scientists and employees work together with all our students to solve challenges faced by global society, drawing their inspiration from the consistently dynamic and cosmopolitan city of Rotterdam. The academic education offered at our faculties is intensive, engaging and strongly focused on practical application. We increasingly perform our research in multidisciplinary teams, which are closely interwoven with international networks. In terms of research impact and the quality of its degree programmes, EUR can compete with the foremost universities in Europe, which is reflected in its consistent top-100 position in most major universities rankings. Erasmus University Rotterdam\u2019s key values are daring, curiosity, social involvement, breaking new ground and striving for success. More information can be found on\u00a0<a href=\"http://www.eur.nl/\">www.eur.nl</a>.</p>\n</div>\n</div>", "department_description": "N/A", "additional_information": "<div class=\"_Section_Section_26Kh4ZAK\">\n<h2 class=\"_Section_title_2lZ2dR7H\">\n<span>Additional information</span>\n</h2>\n<div class=\"_Section_body_1yeeKPXy\">\n<p>Refer to these links for more information on\u00a0<a href=\"http://www.eur.nl/\">EUR</a>,\u00a0<a href=\"https://www.eur.nl/en/research/research-services\">ERS</a>\u00a0and the faculty\u00a0<a href=\"https://c/Users/79010asn/AppData/Local/Microsoft/Windows/INetCache/Content.Outlook/VXKWR9NX/www.eur.nl/eshcc\">ESHCC</a>.For additional information about this specific vacancy please contact:</p>\n<ul>\n<li>Head of Research Grants Erasmus Research Services \u2013 Adrian Sneeuw \u00a0(sneeuw@eur.nl) for questions on the vacancy, your responsibilities and specific questions on ERS, or,</li>\n<li>Senior Research Policy Officer Dr. C.P.J.G. Theunissen (email:\u00a0<a href=\"mailto:theunissen@eshcc.eur.nl\">theunissen@eshcc.eur.nl</a>)\u00a0for specific question regarding ESHCC and your responsibilities.</li>\n</ul>\n<p><strong>Important :</strong>\u00a0The first round of interviews will take place at Campus Woudestein on the morning of\u00a0<strong>March 15th</strong>. Successful candidates will be invited for a second round on that same afternoon. Please plan accordingly.</p>\n</div>\n</div>", "apply_link": "N/A", "employer_link": "http://www.eur.nl/", "job_type": "TEMPORARY", "logo": "https://www.academictransfer.com/media/derivatives/logos/eur-en-wide/ce33222703c7a0b148d3a935910a2f60.png"}