{"url": "http://www.academictransfer.com/en/309567/assistant-professor-clinical-psychology-08-10-fte/", "title": "Assistant Professor Clinical Psychology (0.8 - 1.0 FTE)", "publish_date": "2022-02-17", "deadline": "2022-03-06", "location": "Domplein 29, 3512 JE, Utrecht ", "city": "Utrecht", "country": "Netherlands", "position": "Assistant Professor", "field": "Behaviour and society", "salary": "\u00e2\u0082\u00ac3821\u00e2\u0080\u0094\u00e2\u0082\u00ac5943 per month", "max_working_hours": "30\u201438", "employer": "Utrecht University", "job_description": "<p>The Department of Psychology has a job opening for the position of Assistant Professor. The position is embedded within the Faculty of Social and Behavioural Sciences and contains a combination of teaching (60%) and research (40%).<br><br>As an Assistant Professor you will be employed in the Clinical Psychology division of the Department of Psychology. You will be participating in teaching the Bachelor\u2019s programme in Psychology in the domains relevant to Clinical Psychology and the international Master\u2019s programme in Clinical Psychology. Teaching involves (large-scale) lectures, (small-scale) instruction and individual supervision of clinical internships and research theses, along with more general coordination and administration activities.<br><br></p> <p>The research within Clinical Psychology covers three broad research programmes. The first encompasses (mostly applied) research on underlying mechanisms and treatment of consequences of loss and psychotrauma in children, adults, and families. The second includes (mostly) laboratory and clinical research on causes, underlying mechanisms and novel ways to optimize treatment of trauma\u00a0 and anxiety related disorders. The third programme focuses on depression, suicidality and personality disorders and employs RCTs and clinical experiments to investigate the effectiveness of psychotherapy, predictors of response and mechanisms of change, with the ultimate goal to advance precision mental health. The Assistant Professor will join this last research programme.</p> <p><br>Core tasks include:</p> <ul> <li>participating in teaching at Bachelor\u2019s and Master\u2019s level. Teaching involves individual supervision as well as lectures and workgroups in clinically oriented courses;</li> <li>coordination of parts of the curriculum;</li> <li>participating in one or more of the division's research programmes;</li> <li>publishing research findings in (high impact) international scientific journals;</li> <li>contributing to the acquisition of external research funding for the benefit of the research programme.\u00a0</li> </ul> <br>For our education and research programmes, clinical registration and work experience in mental health care is desirable. Experience with experimental research is also an advantage.<br><br>We believe individual and collective achievements should be in balance. That is why we assess both individual and team performance. We stimulate good academic leadership at all levels. Last but not least, we encourage researchers to share the results of scientific research with society, so that collectively we can achieve more and increase the university\u2019s contribution to society.", "requirements_description": "<div class=\"_Section_Section_26Kh4ZAK\">\n<h2 class=\"_Section_title_2lZ2dR7H\">\n<span>Requirements</span>\n</h2>\n<div class=\"_Section_body_1yeeKPXy\">\n<p>We are looking for someone who:</p>\n<ul>\n<li>has a PhD degree in the field of clinical psychology;</li>\n<li>has experience with teaching in clinical psychology (e.g., courses related to psychopathology, and/or psychodiagnostics, and/or interventions);</li>\n<li>holds a Dutch Teaching Qualification (BKO) or is willing to acquire this qualification in the near future;</li>\n<li>has an eye for innovations in teaching methods and is prepared to contribute to the optimization of the quality of teaching;</li>\n<li>has clinical experience or an interest in working with patients with mental health disorders and, preferably, holds a clinical registration as a clinical psychologist, psychotherapist or healthcare (GZ) psychologist (BIG) and/or cognitive behavioural therapist (VGCt);</li>\n<li>has scientific creativity and productivity, as shown by recent peer-reviewed publications in relevant fields of research;</li>\n<li>is fluent in English, speaking and writing at an academic level;</li>\n<li>if non-Dutch, is willing to learn the Dutch language. We believe that understanding and speaking Dutch makes it easier to connect with colleagues. We offer free Dutch language courses;</li>\n<li>is effective and efficient, able to think outside the box, has excellent social skills and is a team player.</li>\n</ul>\n</div>\n</div>", "conditions_description": "<div class=\"_Section_Section_26Kh4ZAK\">\n<h2 class=\"_Section_title_2lZ2dR7H\">\n<span>Conditions of employment</span>\n</h2>\n<div class=\"_Section_body_1yeeKPXy\">\n<p>We offer an exciting opportunity to work in a collaborative, social and dedicated team. We will guide you in your research and teaching tasks, which will help you develop your academic career.</p>\n<ul>\n<li>We offer a position (0.8 -1.0 FTE) for a period of one year. In case of a positive evaluation, the appointment will be made permanent.</li>\n<li>The gross monthly salary - depending on previous qualifications and experience - ranges between \u00e2\u0082\u00ac3,821 and \u00e2\u0082\u00ac5,943, based on a full-time employment (scale 11/12 according to the Collective Labour Agreement Dutch Universities).</li>\n<li>The salary is supplemented with an annual holiday pay of 8%, and an end-of-year bonus of 8.3% per year.</li>\n<li>We also offer a pension scheme.</li>\n</ul>\n<p><br/>We encourage you to grow professionally, and we support a healthy work-life balance. That\u00e2\u0080\u0099s why we offer employment benefits such as professional development, leave arrangements, partially paid parental leave and sports. We also give you the opportunity to expand your\u00c2\u00a0<a href=\"https://www.uu.nl/en/organisation/working-at-utrecht-university/terms-of-employment\">terms of employment</a>\u00c2\u00a0via the Employment Conditions Selection Model.</p>\n<p><br/>And that's not all. We are happy to have you as a new employee and you will be given a warm welcome. To this end, we will host a nice introduction process for our new colleagues, where you will be introduced and shown around our faculty and university.</p>\n</div>\n</div>", "employer_description": "<div class=\"_Section_Section_26Kh4ZAK\">\n<h2 class=\"_Section_title_2lZ2dR7H\">\n<span>Employer</span>\n</h2>\n<div class=\"_Section_body_1yeeKPXy\">\n<p>A better future for everyone. This ambition motivates our scientists in executing their leading research and inspiring teaching. At <a href=\"http://www.uu.nl/en/\">Utrecht University</a>, the various disciplines collaborate intensively towards major societal themes. Our focus is on Dynamics of Youth, Institutions for Open Societies, Life Sciences and Sustainability.</p>\n<p>\u00c2\u00a0</p>\n<p><a href=\"https://www.uu.nl/en/organisation/faculty-of-social-and-behavioural-sciences\">The Faculty of Social and Behavioural Sciences</a>\u00c2\u00a0is one of the leading faculties in Europe providing research and academic teaching in cultural anthropology, educational sciences, interdisciplinary social science, pedagogical sciences, psychology, and sociology. Almost 6,000 students are enrolled in a broad range of undergraduate and graduate programmes. The Faculty of Social and Behavioural Sciences has some 850 faculty and staff members, all providing their individual contribution to the training and education of young talent and to the research into and finding solutions for scientific and societal issues.\u00c2\u00a0</p>\n</div>\n</div>", "department_description": "N/A", "additional_information": "<div class=\"_Section_Section_26Kh4ZAK\">\n<h2 class=\"_Section_title_2lZ2dR7H\">\n<span>Additional information</span>\n</h2>\n<div class=\"_Section_body_1yeeKPXy\">\n    For more information, please contact <a href=\"https://www.uu.nl/staff/MJHHuibers\">Prof Marcus Huibers</a> via <a href=\"mailto:m.j.h.huibers@uu.nl\">m.j.h.huibers@uu.nl</a>. Please do not send your application letter to this e-mail address.\n  </div>\n</div>", "apply_link": "N/A", "employer_link": "http://www.uu.nl/", "job_type": "TEMPORARY", "logo": "https://www.academictransfer.com/media/derivatives/logos/uu-en-wide/67674af2e9b77c72917924b654f37798.jpg"}