{"url": "https://www.academictransfer.com/en/309543/phd-position-on-mass-transport-modelling-from-gracegrace-fo-data/", "title": "PhD position on mass transport modelling from GRACE/GRACE-FO data", "publish_date": "2022-02-16", "deadline": "2022-04-15", "location": "Mekelweg 2, 2628 CD, Delft ", "city": "Delft", "country": "Netherlands", "position": "PhD", "field": "Engineering", "salary": "\u00e2\u0082\u00ac2443\u00e2\u0080\u0094\u00e2\u0082\u00ac3122 per month", "max_working_hours": "N/A", "employer": "Delft University of Technology (TU Delft)", "job_description": "<p>The continued observation of the temporal changes of the Earth's gravity field is essential for understanding mass transport, caused by processes in the oceans and atmosphere, by melting ice caps and glaciers, by large-scale ground water use, among others. Mass transport is an essential climate variable, and its monitoring is required for understanding climate change. It is also crucial for monitoring hydrological processes at global and regional scales, thereby providing information for water security relevant for agriculture and drink water supply of billions of people worldwide. Space-borne gravimetry, notably in the form of the Gravity Recovery And Climate Experiment (GRACE), GRACE Follow-On missions, has provided observations covering two decades, but their full information content remains underutilized. Without fully exploiting the spatial and temporal resolution of gravimetric data, the ability to separate the underlying geophysical processes is not possible, crippling our understanding of the effects of climate change.\u00a0</p> <p>This research aims at providing novel mass transport products derived from space-borne gravimetric data coming from past, current, and future missions. This is achieved by innovative methodology, namely by uniquely constraining the data from these missions to geophysical models, thereby combining the strength of the underlying physical knowledge contained in such models and maximising the spatiotemporal resolution of the satellite on-orbit observations. Auxiliary information, such as precipitation records or altimetry data, will establish a suitable temporal evolution, and topography and surface properties will predict a realistic spatial mass distribution.\u00a0</p> <p>The successful candidate will transform the application of gravimetric data in the various geophysical domains by providing mass change estimates with unprecedented spatiotemporal resolution at specific geographical locations and focusing on particular geophysical processes.\u00a0</p> <p>The successful candidate will be responsible for pre-processing the GRACE data, building the mass transport models at selected geographical regions, and validating and improving their parameterisation.</p> <p>The successful candidate will also be involved in education as MSc student co-supervisor and/or as project coach.</p>", "requirements_description": "<div class=\"_Section_Section_26Kh4ZAK\">\n<h2 class=\"_Section_title_2lZ2dR7H\">\n<span>Requirements</span>\n</h2>\n<div class=\"_Section_body_1yeeKPXy\">\n<p>To be considered for the position, the candidate must have:</p>\n<ul>\n<li>MSc degree in a relevant field: Geodesy, Physical Geography (notably Hydrology and Glaciology), Geophysics, Aerospace Engineering, Computer Science or Applied Mathematics.</li>\n<li>Demonstrated knowledge in computational geosciences and stochastic modelling.</li>\n</ul>\n<p>The candidates will also be evaluated on their:</p>\n<ul>\n<li>background in satellite data processing,</li>\n<li>experience in software development,</li>\n<li>ability to conduct high-quality research and</li>\n<li>eagerness to learn new disciplines.</li>\n</ul>\n</div>\n</div>", "conditions_description": "<div class=\"_Section_Section_26Kh4ZAK\">\n<h2 class=\"_Section_title_2lZ2dR7H\">\n<span>Conditions of employment</span>\n</h2>\n<div class=\"_Section_body_1yeeKPXy\">\n<p>Doctoral candidates will be offered a 4-year period of employment in principle, but in the form of 2 employment contracts. An initial 1,5 year contract with an official go/no go progress assessment within 15 months. Followed by an additional contract for the remaining 2,5 years assuming everything goes well and performance requirements are met.</p>\n<p>Salary and benefits are in accordance with the Collective Labour Agreement for Dutch Universities, increasing from \u00e2\u0082\u00ac 2443 per month in the first year to \u00e2\u0082\u00ac 3122 in the fourth year. As a PhD candidate you will be enrolled in the TU Delft Graduate School. The TU Delft Graduate School provides an inspiring research environment with an excellent team of supervisors, academic staff and a mentor. The Doctoral Education Programme is aimed at developing your transferable, discipline-related and research skills.</p>\n<p>The TU Delft offers a customisable compensation package, discounts on health insurance and sport memberships, and a monthly work costs contribution. Flexible work schedules can be arranged. For international applicants we offer the Coming to Delft Service and Partner Career Advice to assist you with your relocation.</p>\n</div>\n</div>", "employer_description": "<div class=\"_Section_Section_26Kh4ZAK\">\n<h2 class=\"_Section_title_2lZ2dR7H\">\n<span>Employer</span>\n</h2>\n<div class=\"_Section_body_1yeeKPXy\">\n<h4>Delft University of Technology</h4>\n<p>Delft University of Technology is built on strong foundations. As creators of the world-famous Dutch waterworks and pioneers in biotech, TU Delft is a top international university combining science, engineering and design. It delivers world class results in education, research and innovation to address challenges in the areas of energy, climate, mobility, health and digital society. For generations, our engineers have proven to be entrepreneurial problem-solvers, both in business and in a social context. At TU Delft we embrace diversity and aim to be as inclusive as possible (see our <a href=\"https://www.tudelft.nl/en/about-tu-delft/strategy/integrity-policy/tu-delft-code-of-conduct/\">Code of Conduct</a>). Together, we imagine, invent and create solutions using technology to have a positive impact on a global scale.</p>\n<p>Challenge. Change. Impact!\u00c2\u00a0</p>\n</div>\n</div>", "department_description": "N/A", "additional_information": "<div class=\"_Section_Section_26Kh4ZAK\">\n<h2 class=\"_Section_title_2lZ2dR7H\">\n<span>Additional information</span>\n</h2>\n<div class=\"_Section_body_1yeeKPXy\">\n<p>The Astrodynamics and Space missions Chair (AS) of the Faculty of Aerospace Engineering is specialized in the use of space techniques to advance satellite orbit dynamics and geodesy as scientific disciplines, and to contribute to advanced satellite orbit computations, gravity field determination, modern tracking concepts, and geodesy to global change studies, geodynamics, oceanography, and geophysics. Precise orbit determination and in conjunction conservative and non-conservative force modelling belong to the key research areas of AS. In addition, AS has been involved for a long time in altimeter calibration and validation activities and the construction of the renowned Radar Altimeter Database System RADS, which enjoys a large science user-community.</p>\n</div>\n</div>", "apply_link": "N/A", "employer_link": "http://www.tudelft.nl/", "job_type": "TEMPORARY", "logo": "https://www.academictransfer.com/media/derivatives/logos/tud-en-wide/4f5fb7eb63ad62ee5a7d5dfdc5376f8f.gif"}