{"url": "https://www.academictransfer.com/en/309505/office-assistent-alliantie-tue-wur-uu-umcu-06-fte/", "title": "Office-assistent Alliantie TUe-WUR-UU-UMCU (0,6 fte)", "publish_date": "2022-02-16", "deadline": "2022-03-04", "location": "Domplein 29, 3512 JE, Utrecht ", "city": "Utrecht", "country": "Netherlands", "position": "Other Category", "field": "N/A", "salary": "N/A", "max_working_hours": "24", "employer": "Utrecht University", "job_description": "Voor de ondersteuning van de alliantie tussen Eindhoven University of Technology, Wageningen University &amp; Research, Utrecht University en Universitair Medisch Centrum Utrecht zoeken we een office-assistent.\u00a0<br>Wil je werken in een enthousiast en professioneel team en er samen met ons voor zorgen dat dit samenwerkingsverband een succes wordt? Ben je enthousiast, energiek en bereid om veel verschillende klussen aan te pakken? Dan komen we graag met jou in contact. Wij bieden een enthousiaste werksfeer en een bruisende werkplek, met veel contacten met collega\u2019s uit Eindhoven, Wageningen en Utrecht. We bieden je de mogelijkheid om jezelf te ontwikkelen en werkzaamheden op te pakken waar je energie van krijgt.<br><br>Als office-assistent heb je een belangrijke rol in de ondersteuning van de co\u00f6rdinator van de alliantie. Wij zijn op zoek naar een enthousiaste en betrokken collega met een proactieve houding, die gestructureerd en zelfstandig kan werken.<br><br>Wat ga je doen?<br> <ul> <li>Je ondersteunt de co\u00f6rdinator, secretarieel en organisatorisch.</li> <li>Je plant vergaderingen en overleggen in, vaak met meerdere partijen uit verschillende organisaties.</li> <li>Je zorgt voor een goede, georganiseerde administratie.</li> <li>Je regelt het mailverkeer in de centrale mailbox.</li> <li>Je regelt zaalreserveringen en catering.</li> <li>Je ontvangt gasten op het kantoor van de alliantie.</li> <li>Je helpt bij het organiseren van bijeenkomsten en evenementen.</li> </ul> ", "requirements_description": "N/A", "conditions_description": "N/A", "employer_description": "N/A", "department_description": "N/A", "additional_information": "N/A", "apply_link": "N/A", "employer_link": "http://www.uu.nl/", "job_type": "TEMPORARY", "logo": "https://www.academictransfer.com/media/derivatives/logos/uu-en-wide/67674af2e9b77c72917924b654f37798.jpg"}