{"url": "http://www.academictransfer.com/en/309358/medior-inkoopadviseur-10-fte/apply/", "title": "Medior Inkoopadviseur (1,0 fte)", "publish_date": "2022-02-11", "deadline": "2022-02-27", "location": "Broerstraat 5, 9712 CP, Groningen ", "city": "Groningen", "country": "Netherlands", "position": "Other Category", "field": "Economie", "salary": "N/A", "max_working_hours": "38", "employer": "University of Groningen", "job_description": "Wat staat je te wachten?<br> <br> Als inkoopadviseur bevorder je de inkoopeffectiviteit binnen de Rijksuniversiteit Groningen. Het zwaartepunt in de functie ligt bij het begeleiden en uitvoeren van Europese aanbestedingstrajecten en complexe meervoudig onderhandse aanbestedingen. Je bent voor onze interne klanten een professionele adviseur op inkoopgebied. Daarnaast ben je een intermediair voor onze (potenti\u00eble) leveranciers. Bij dit alles moet je vertrouwd zijn met de juridische kaders rondom inkoop en (Europese) aanbestedingen.<br> <br> Belangrijke taken in deze functie zijn:<br> <br> \u25cf bijdragen aan beleidsstukken<br> \u25cf begeleiden van en adviseren over aanbestedingstrajecten (EA en MO)<br> \u25cf uitvoeren van marktconsultaties<br> \u25cf mede opstellen van selectiecriteria, gunningcriteria en beoordelingsmatrices en het toetsen van offertes<br> \u25cf samenstellen van (Europese) aanbestedingsdocumenten<br> Begeleiden van de beoordeling van de inschrijvingen<br> \u25cf cre\u00ebren van draagvlak voor inkoop en Europese aanbestedingen binnen de RUG<br> \u25cf verzorgen van de communicatie naar leveranciers<br> \u25cf bijdragen aan het optimaliseren van inkoopinstrumenten (zoals standaarddocumenten, aanbestedingsplatform)<br> \u25cf opstellen van inkoopanalyses en \u2013adviezen.", "requirements_description": "N/A", "conditions_description": "N/A", "employer_description": "N/A", "department_description": "N/A", "additional_information": "N/A", "apply_link": "N/A", "employer_link": "http://www.rug.nl/", "job_type": "TEMPORARY", "logo": "https://www.academictransfer.com/media/derivatives/logos/rug-en-wide/fce0dfff95a30233a4210a238918791e.gif"}