{"url": "https://www.academictransfer.com/en/308993/assistant-professor-bioinformaticsimmunology-of-intestinal-disease/apply/", "title": "Assistant professor 'Bioinformatics/Immunology of intestinal disease'", "publish_date": "2022-02-02", "deadline": "2022-02-21", "location": "De Boelelaan 1117, 1081 HV, Amsterdam ", "city": "Amsterdam", "country": "Netherlands", "position": "Assistant Professor", "field": "Health; Natural sciences; Engineering", "salary": "\u00e2\u0082\u00ac4000\u00e2\u0080\u0094\u00e2\u0082\u00ac5483 per month", "max_working_hours": "36\u201440", "employer": "Academic Medical Center (AMC)", "job_description": "<p><strong>About the&nbsp;role</strong><br> As Assistant professor you will harness various (big) omics data and combine this with the current understanding in immunology to better understand intestinal diseases. Specifically, we are looking for a faculty member whose background will allow them to successfully develop a dynamic and collaborative research program that focusses on intestinal diseases (IBD in particular) by making use of state-of-the-art bioinformatic tools to study aspects of the disease progression and treatment success. Accordingly, the faculty member should have a strong background in both immunology and bioinformatics and be willing to develop their own research line within the Tytgat Institute, where the candidate will be expected to establish and maintain a vigorous program of independent, externally funded research and to contribute to undergraduate and graduate teaching programs.<br> <br> The functions of a member of the academic staff include, in varying proportions: a) research, b) teaching/scholarly activities, c) supervision of graduate students and other research trainees, e) applications to grants; the position comes with full salary but no bench fees; recruitment of external funds is expected in this role.<br> <br> The Assistant Professor is expected to contribute to the management and performance of the Gastroenterology department through participation at relevant meetings and taking on selected responsibilities relevant to the role (e.g. efficiency programs, recruitment of staff, facilities etc.), and to be responsible for the leadership of project(s) and delivery on project objectives, maintain an up-to-date understanding of scientific developments within the appropriate fields, and ensure a high level of scientific standard is maintained on all programs.<br> <br> <em>This Assistant Professorship is pending favorable assessment of deliverables mentioned in a tenure Track. The higher rank of Associate Professor will only be considered in a later stage, should the successful candidate possess an appropriate level of experience and commensurate achievements.</em></p>", "requirements_description": "<div class=\"_Section_Section_26Kh4ZAK\">\n<h2 class=\"_Section_title_2lZ2dR7H\">\n<span>Requirements</span>\n</h2>\n<div class=\"_Section_body_1yeeKPXy\">\n<p><strong>Profile</strong><br/>\n<em>Skill requirements</em><strong>:</strong>\u00a0bioinformatic skills, the applicant optimally should have demonstrable experience in the in silico analysis and integration of omics data and should be apt at visualizing and presenting data in an understandable fashion to (non-computational) biologists. Coding skills in R, Bash, SQL, and/or Python are a requirement. Experience with workflow management systems (such as Nextflow or Snakemake) is a plus.<br/>\n<br/>\n<em>Education</em><strong>:</strong>\u00a0PhD or MD/PhD in a relevant field, such as Bioinformatics, Systems Biology, Computer Science, Mathematics, Statistics, Biochemistry, Biology or Human Genetics<br/>\n<br/>\n<em>Work experience</em><strong>:</strong>\u00a0Postdoctoral experience, or equivalent, with demonstrated excellent research achievements. A commitment to teaching and graduate training, a strong track record in, and a commitment to, interdisciplinary collaboration. Excellent communication skills in English.</p>\n</div>\n</div>", "conditions_description": "<div class=\"_Section_Section_26Kh4ZAK\">\n<h2 class=\"_Section_title_2lZ2dR7H\">\n<span>Conditions of employment</span>\n</h2>\n<div class=\"_Section_body_1yeeKPXy\">\n<p><strong>Fixed-term</strong> contract: 12 months\u00c2\u00a0with the prospect of a permanent contract.</p>\n<p><strong>Our\u00a0offer</strong><br/>\nSalary scale 11: 4.000 till 5.483 euros gross for full-time employment (depending on education and experience).</p>\n<ul>\n<li>We offer a\u00a0contract for one year (12 months)\u00a0with the prospect of a permanent contract.</li>\n<li>In addition to a good basic salary, we offer 8.3% end-of-year bonus and 8% holiday allowance.\u00a0Do you want to know what you will earn? Then calculate your net salary\u00a0<a href=\"https://www.raet.nl/bruto-netto-salaris-berekenen\">here</a>\u00a0(subject to change).</li>\n<li>The successful candidate may be eligible for reimbursement of relocation expenses in accordance with University policy.</li>\n<li>Your pension is accrued with the ABP;\u00a0VUmc contributes a large part of the premium (70%).</li>\n<li>In addition to excellent accessibility by public transport, we reimburse 75% of your OV travel costs (commuting costs)\u00a0and also we offer a\u00a0<a href=\"https://www.werkenbijvumc.nl/kostenvergoeding-reizen-woon-werkverkeer/\">bicycle arrangement</a>.</li>\n<li>Free and unlimited access to our online learning environment GoodHabitz.</li>\n<li>An active staff association and the Young Amsterdam UMC association, both of which organise fun (sports) activities and events.</li>\n</ul>\n<p>Amsterdam UMC has an open culture. This means that we hope that everyone feels welcome in our organization and that we strive to offer equal opportunities to everyone. We therefore cordially invite all interested parties to respond to this vacancy.</p>\n<p>For more information about our terms of employment, please visit our\u00a0<a href=\"https://werkenbij.amsterdamumc.org/en/terms-of-employment/terms-of-employment-amsterdam-umc\">website</a>.</p>\n<p><a href=\"https://werkenbij.amsterdamumc.org/arbeidsvoorwaarden\">Bekijk alle arbeidsvoorwaarden van Amsterdam UMC</a></p>\n</div>\n</div>", "employer_description": "<div class=\"_Section_Section_26Kh4ZAK\">\n<h2 class=\"_Section_title_2lZ2dR7H\">\n<span>Employer</span>\n</h2>\n<div class=\"_Section_body_1yeeKPXy\">\n<h4>\u00e2\u0080\u008b\u00e2\u0080\u008b\u00e2\u0080\u008b\u00e2\u0080\u008b\u00e2\u0080\u008b\u00e2\u0080\u008b\u00e2\u0080\u008bThe Tytgat Institute of Liver and Intestinal Disease, at the Faculty of Medicine at the Amsterdam University Centers</h4>\n<p><strong>About the\u00a0workplace?</strong><br/>\n<a href=\"https://www.amc.nl/web/research/tytgat-institute-for-liver-and-intestinal-research.htm\">The Tytgat Institute of Liver and Intestinal Disease</a>, at the Faculty of Medicine at the Amsterdam University Centers, invites applications for a tenure-track faculty position related to Bioinformatics/Immunology of Intestinal Disease within the Department of Gastroenterology and Hepatology. The new faculty member will have a background that will allow them to successfully develop a dynamic and collaborative research program that focusses on intestinal diseases (IBD in particular) and makes use of State of the Art Bio-informatics tools to study immune aspects of the disease progression and treatment (outcome). The faculty member should also have a strong commitment to facilitate integration of bioinformatic tools into other research lines within te Institute.<br/>\n<br/>\nThe Tytgat Institute is a research laboratory affiliated with the Department of Gastroenterology &amp; Hepatology and comprises over 70 scientists within the field of Gastroenterology and Hepatology. It features a vibrant research atmosphere addressing fundamental questions in basic biomedical research with strong links to translational and clinical research in the area\u2019s of Gastroenterology (IBD-IBS) and Hepatology). The successful candidate will be appointed within the Department of Gastroenterology and Hepatology but based close to the laboratory. He/she will also become a member of the Tytgat Institute faculty, which develops and applies novel technologies, approaches and model systems to elucidate complex issues in intestinal disease and its biology.</p>\n</div>\n</div>", "department_description": "N/A", "additional_information": "<div class=\"_Section_Section_26Kh4ZAK\">\n<h2 class=\"_Section_title_2lZ2dR7H\">\n<span>Additional information</span>\n</h2>\n<div class=\"_Section_body_1yeeKPXy\">\n<p><strong>Let\u2019s meet!</strong><br/>\nA brief teaching statement and a description of current and future research plans should be submitted together with a\u00a0curriculum vitae\u00a0and three confidential letters of reference.</p>\n<p>For more information about this position, you can contact\u00a0<strong>Prof dr. Wouter de Jonge</strong>,\u00a0via\u00a0<a href=\"mailto:w.j.dejonge@amsterdamumc.nl\">w.j.dejonge@amsterdamumc.nl</a>; subject line \"Tytgat Tenure\u2013 immune-Bioinformatics\"</p>\n<p>For more information about the application procedure\u00a0please contact\u00a0<strong>Brend de Jong</strong>, Recruitment Adviser, via T: +31612405372 or E:\u00a0<a href=\"mailto:b.dejong2@amsterdamumc.nl\">b.dejong2@amsterdamumc.nl</a>.\u00a0\u00a0</p>\n<p><em>Note:\u00a0applications will continue to be accepted until the position is filled.</em></p>\n<p><em>Acquisition in response to this vacancy is not appreciated.</em></p>\n</div>\n</div>", "apply_link": "N/A", "employer_link": "http://www.amc.nl/", "job_type": "TEMPORARY", "logo": "https://www.academictransfer.com/media/derivatives/logos/amc-en-wide_TAjdij7/88544601f45a8bc71e9cc74b40c8c85d.png"}