{"url": "http://www.academictransfer.com/en/309509/directeur-bestuurder-centrum-voor-veiligheid-en-digitalisering/", "title": "Directeur-bestuurder Centrum voor Veiligheid en Digitalisering", "publish_date": "2022-02-16", "deadline": "2022-02-28", "location": "Marktplein 1, 7311 LG, Apeldoorn ", "city": "Apeldoorn", "country": "Netherlands", "position": "Management", "field": "Economie", "salary": "N/A", "max_working_hours": "24\u201436", "employer": "Saxion", "job_description": "<p><strong>Situatie</strong><br> Op 16 april 2020 hebben de gemeente Apeldoorn, de Universiteit Twente, de Saxion Hogeschool, de Politieacademie, Stichting Aventus en de Koninklijke Marechaussee een intentieverklaring ondertekend met het doel het&nbsp;<em>Centrum voor Veiligheid en Digitalisering&nbsp;</em>in Apeldoorn op te richten. Deze intentieverklaring is het startsein voor de realisatie van dit kenniscentrum waaraan de afgelopen anderhalf jaar is gewerkt. Op 15 oktober 2021 is het&nbsp;<em>Centrum voor Veiligheid en Digitalisering&nbsp;</em>van start gegaan. Naar verwachting zal het&nbsp;<em>Centrum voor Veiligheid en Digitalisering&nbsp;</em>in de tweede helft van 2022 zijn deuren fysiek openen. De initiatiefnemers werken in het komende jaar toe naar de fase van realisatie. Dat zullen zij doen door het neerzetten van een stevig inhoudelijk programma en samenwerkingsstructuur. Centraal in die structuur staat de &lsquo;<em>Stichting Centrum voor Veiligheid en Digitalisering&rsquo;</em>, die door de kennisinstellingen en de gemeente Apeldoorn wordt opgericht. Voor deze stichting wordt een directeur-bestuurder gezocht.</p><p><strong>Visie/ambities</strong><br> Het is de ambitie van de kennisinstellingen om samen met toonaangevende bedrijven en organisaties in de regio Apeldoorn1&nbsp;een inhoudelijk programma (onderwijs, onderzoek, leven-lang-leren en ondernemerschap) op te stellen op de thema&rsquo;s veiligheid en digitalisering en daarmee landelijke impact te realiseren. Het is de bedoeling om mbo-, hbo- en wo- activiteiten, waar mogelijk inhoudelijk en organisatorisch, met elkaar te verbinden en crossovers te maken tussen private en publieke organisaties. Voor verdere informatie over de programmatische-, inhoudelijk en organisatorische samenwerking wordt verwezen naar het informatiepakket dat bij onderstaande contactpersonen kan worden opgevraagd. Dit pakket bevat het Programmaplan Centrum voor Veiligheid en Digitalisering, de Impactanalyse en een toelichting op de governance.</p><p>De initiatiefnemers zijn de Universiteit Twente, Saxion Hogeschool, de Politieacademie en de gemeente Apeldoorn in samenwerking met ROC Aventus, Koninklijke Marechaussee, Koninklijke Landmacht, Instituut Fysieke Veiligheid en tal van bedrijven zoals Achmea, de Belastingdienst en Saab Nederland.</p><p><strong>Verantwoordelijkheden</strong><br> De statutair directeur-bestuurder is het gezicht van het<em>&nbsp;Centrum voor Veiligheid en Digitalisering</em>. De directeur-bestuurder werkt in nauwe samenwerking met de kennisinstellingen en bedrijven aan de ontwikkeling en uitvoering van het programmaplan. U bent verantwoordelijk voor de gewenste samenhang en continu&iuml;teit en legt verantwoording af aan de Raad van Toezicht, bestaande uit de bestuursvoorzitters van de kennisinstellingen en de Burgemeester van de gemeente Apeldoorn. De belangrijkste taak van u is het realiseren van een succesvol kenniscentrum. Daarvoor benut u optimaal de kracht van alle partijen die met elkaar het&nbsp;<em>Centrum voor Veiligheid en Digitalisering&nbsp;</em>maken.</p><p>Er is ook een programmaraad, bestaande uit leidinggevenden van de kennisinstellingen. Deze programmaraad speelt een belangrijke rol in het inhoudelijk borgen van de relatie van het&nbsp;<em>Centrum voor Veiligheid en Digitalisering&nbsp;</em>met de kennisinstellingen en het bepalen van de inhoudelijke programmalijnen. De directeur-bestuurder heeft de taak om verbindingen te leggen tussen de inhoudelijke programmalijnen en het programmaplan. In die hoedanigheid bent u voorzitter van de programmaraad. Gezien het belang van relevante externe relaties bent u verantwoordelijk voor het realiseren van een adequaat bestuurlijk netwerk.</p><p>Ter ondersteuning beschikt u over een kleine staf. Dit gehele team wordt gedetacheerd vanuit de kennisinstellingen.</p>", "requirements_description": "N/A", "conditions_description": "N/A", "employer_description": "N/A", "department_description": "N/A", "additional_information": "N/A", "apply_link": "N/A", "employer_link": "http://www.saxion.nl/", "job_type": "TEMPORARY", "logo": "https://www.academictransfer.com/media/derivatives/logos/saxion-en-wide/8be29951a1d51087131bab6e8d408610.jpg"}