{"url": "https://www.academictransfer.com/en/309566/postdoc-position-on-data-model-integration-of-past-east-asian-monsoon-climate-dynamics-2-years-10-fte/apply/", "title": "Postdoc position on 'Data-model integration of (past) East Asian Monsoon climate dynamics\u2019 (2 years, 1.0 FTE)", "publish_date": "2022-02-17", "deadline": "2022-03-15", "location": "Domplein 29, 3512 JE, Utrecht ", "city": "Utrecht", "country": "Netherlands", "position": "Postdoc", "field": "Natural sciences", "salary": "\u00e2\u0082\u00ac3282\u00e2\u0080\u0094\u00e2\u0082\u00ac3821 per month", "max_working_hours": "36\u201440", "employer": "Utrecht University", "job_description": "The Department of Earth Sciences currently seeks a highly-motivated and skilled applicant for a postdoctoral position to work on integrating multi-proxy records of past East Asian Monsoon climate with Earth system model outputs. This is a work package of the VIDI project 'Elucidating monsoon dynamics: deconvolving temperature and precipitation signals in East Asian Monsoon climate reconstructions\u2019, awarded to Dr Francien Peterse, funded by the Netherlands Organization for Scientific Research (NWO).<br> The East Asian Monsoon (EAM) is one of the strongest monsoon systems on Earth, and will likely be affected by ongoing global warming. However, data-model comparison is complicated due to the mixed signals in paleoreconstructions. The current position aims to synthesize individual proxy records of temperature and precipitation for the EAM domain and to compare them with climate model simulations. These proxy records are being generated within the same project based on lipid biomarkers, their isotopic composition, and clumped isotope measurements on land snails from several sections of the Chinese Loess Plateau (CLP). The availability of precipitation isotope reconstructions will furthermore allow comparison with isotope enabled climate model outputs. The research will be performed at Utrecht University in The Netherlands. ", "requirements_description": "<div class=\"_Section_Section_26Kh4ZAK\">\n<h2 class=\"_Section_title_2lZ2dR7H\">\n<span>Requirements</span>\n</h2>\n<div class=\"_Section_body_1yeeKPXy\">\n    The successful candidate should be ambitious and have a PhD degree in (isotope) geochemistry, (paleo)climate dynamics, or climate modelling at the time of starting the project. A background in paleoclimate reconstruction would be an advantage. A broad interest in geosciences, and the willingness and capacity to interact in a multidisciplinary team, are essential. The candidate should be fluent in spoken and written English, since the host group is highly international in composition.\n  </div>\n</div>", "conditions_description": "<div class=\"_Section_Section_26Kh4ZAK\">\n<h2 class=\"_Section_title_2lZ2dR7H\">\n<span>Conditions of employment</span>\n</h2>\n<div class=\"_Section_body_1yeeKPXy\">\n<p>We offer a temporary position (1.0 FTE) for a period of two years in an international working environment. The gross salary - depending on previous qualifications and experience\u00c2\u00a0 - ranges between \u00e2\u0082\u00ac3,282 and \u00e2\u0082\u00ac3,821 (scale 10.3 - 10.7 according to the Collective Labour Agreement Dutch Universities) per month for a full-time employment. Salaries are supplemented with a holiday bonus of 8% and a year-end bonus of 8.3% per year. In addition, Utrecht University offers excellent secondary conditions, including an attractive retirement scheme, (partly paid) parental leave and <a href=\"https://www.uu.nl/en/organisation/working-at-utrecht-university/terms-of-employment\">flexible employment conditions</a>\u00c2\u00a0(multiple choice model). More information\u00c2\u00a0<a href=\"https://www.uu.nl/en/organisation/working-at-utrecht-university\">about working at Utrecht University</a> can be found here.</p>\n</div>\n</div>", "employer_description": "<div class=\"_Section_Section_26Kh4ZAK\">\n<h2 class=\"_Section_title_2lZ2dR7H\">\n<span>Employer</span>\n</h2>\n<div class=\"_Section_body_1yeeKPXy\">\n<p>A better future for everyone. This ambition motivates our scientists in executing their leading research and inspiring teaching. At <a href=\"http://www.uu.nl/en/\">Utrecht University</a>, the various disciplines collaborate intensively towards major societal themes. Our focus is on Dynamics of Youth, Institutions for Open Societies, Life Sciences and Sustainability.</p>\n<br/>\n<p>Utrecht University's <a href=\"https://www.uu.nl/en/organisation/faculty-of-geosciences\">Faculty of Geosciences</a> studies the Earth: from the Earth's core to its surface, including man's spatial and material utilisation of the Earth - always with a focus on sustainability and innovation. With 3,400 students (BSc and MSc) and 720 staff, the faculty is a strong and challenging organisation. The Faculty of Geosciences is organised in four Departments: Earth Sciences, Human Geography &amp; Spatial Planning, Physical Geography, and Sustainable Development.</p>\n<br/>The <a href=\"https://www.uu.nl/geo/aw\">Department of Earth Sciences</a> conducts teaching and research across the full range of the solid Earth and environmental Earth sciences, with activities in almost all areas of geology, geochemistry, geophysics, biogeology and hydrogeology. The department hosts a highly international tenured staff of over 45 scientists and more than 110 PhD students and postdoctoral researchers. Our research programme spans four intertwined themes: Climate &amp; Life, Earth Interior, Earth Materials, and Environmental Earth Sciences. We house or have access to a wide variety of world-class laboratories.\n              \n            \n  </div>\n</div>", "department_description": "N/A", "additional_information": "<div class=\"_Section_Section_26Kh4ZAK\">\n<h2 class=\"_Section_title_2lZ2dR7H\">\n<span>Additional information</span>\n</h2>\n<div class=\"_Section_body_1yeeKPXy\">\n    For more information about this position, please contact:<br/><a href=\"https://www.uu.nl/staff/FPeterse\">Dr Francien Peterse</a> (Project Leader, Associate Professor), via <a href=\"mailto:f.peterse@uu.nl\">f.peterse@uu.nl.</a>\n</div>\n</div>", "apply_link": "N/A", "employer_link": "http://www.uu.nl/", "job_type": "TEMPORARY", "logo": "https://www.academictransfer.com/media/derivatives/logos/uu-en-wide/67674af2e9b77c72917924b654f37798.jpg"}