{"url": "https://www.academictransfer.com/en/309400/phd-candidate-for-software-correctness/apply/", "title": "PhD Candidate for Software Correctness", "publish_date": "2022-02-11", "deadline": "2022-03-06", "location": "Houtlaan 4, 6525 XZ, Nijmegen ", "city": "Nijmegen", "country": "Netherlands", "position": "PhD", "field": "Natural sciences; Engineering", "salary": "\u00e2\u0082\u00ac2443\u00e2\u0080\u0094\u00e2\u0082\u00ac3122 per month", "max_working_hours": "40", "employer": "Radboud University", "job_description": "<p><em>Software has shaped almost every aspect of our modern lives. Ensuring that software is correct, is both a major scientific challenge and an enterprise with enormous social relevance. Would you like to examine possibilities to introduce a theory for correctness levels for software? Then you have a part to play as a PhD Candidate.</em><br><br>The correctness of software is of major importance in computer science. Unfortunately, the significance of software correctness is not always clear. Furthermore, the automatic checking of software correctness is difficult. This leads to problems during system development projects and during the grading of software exercises.\u00a0<br><br>This PhD candidate position is intended for four years. You understand the importance of correct software and know how to work with several meanings of software correctness. Your goal is to introduce a generic and formal theory of software correctness levels, in which partially correct/incorrect software can be handled in a flexible way.<br><br>You will put the generic theory into practice, by experimenting with automatic grading of software exercises in the context of our courses. One application will be dealing with automatic grading of SQL statements. You will be supervised by Dr Patrick van Bommel and Prof. Djoerd Hiemstra.</p>", "requirements_description": "<div class=\"_Section_Section_26Kh4ZAK\">\n<h2 class=\"_Section_title_2lZ2dR7H\">\n<span>Requirements</span>\n</h2>\n<div class=\"_Section_body_1yeeKPXy\">\n<ul>\n<li>You are an enthusiastic and motivated researcher.</li>\n<li>You should have a Master\u00e2\u0080\u0099s degree in computer science, or a Master\u00e2\u0080\u0099s degree in mathematics and a demonstrable interest in computer science.</li>\n</ul>\n</div>\n</div>", "conditions_description": "<div class=\"_Section_Section_26Kh4ZAK\">\n<h2 class=\"_Section_title_2lZ2dR7H\">\n<span>Conditions of employment</span>\n</h2>\n<div class=\"_Section_body_1yeeKPXy\">\n<p><strong>Fixed-term</strong> contract: you will be appointed for an initial period of 18 months, after which your performance will be evaluated. If the evaluation is positive, the contract will be extended by 2.5 years (4 year contract) or 3.5 years (5 year contract).</p>\n<ul>\n<li>Employment for 0.8 (5 year contract) - 1.0 (4 year contract) FTE.</li>\n<li>The gross starting salary amounts to \u00e2\u0082\u00ac2,443 per month based on a 38-hour working week, and will increase to \u00e2\u0082\u00ac3,122 from the fourth year onwards (<a href=\"https://www.ru.nl/english/working-at/working-at-radboud-university/employment-conditions/\">salary scale P</a>).</li>\n<li>You will receive 8% holiday allowance and 8.3% end-of-year bonus.</li>\n<li>You will be appointed for an initial period of 18 months, after which your performance will be evaluated. If the evaluation is positive, the contract will be extended by 2.5 years (4 year contract) or 3.5 years (5 year contract).</li>\n<li>You will be able to use our <a href=\"https://www.ru.nl/english/working-at/working-at-radboud-university/our-way-working-personal-approach/dual-career-family-support-service/\">Dual Career and Family Care Services</a>. Our Dual Career and Family Care Officer can assist you with family-related support, help your partner or spouse prepare for the local labour market, provide customized support in their search for employment\u00c2\u00a0 and help your family settle in Nijmegen.</li>\n<li>Working for us means getting extra days off. In case of full-time employment, you can choose <a href=\"https://www.ru.nl/english/working-at/working-at-radboud-university/employment-conditions/more-info-working/flexible-working-times/\">between 29 or 41</a> days of annual leave instead of the legally allotted 20.</li>\n</ul>\n<em>Additional employment conditions</em>\nWork and science require good employment practices. This is reflected in Radboud University's primary and secondary <a href=\"https://www.ru.nl/english/working-at/working-at-radboud-university/employment-conditions/\">employment conditions</a>. You can make arrangements for the best possible work-life balance with flexible working hours, various leave arrangements and working from home. You are also able to compose part of your employment conditions yourself, for example, exchange income for extra leave days and receive a reimbursement for your sports subscription. And of course, we offer a good pension plan. You are given plenty of room and responsibility to develop your talents and realise your ambitions. Therefore, we provide various training and development schemes.\n          \n  </div>\n</div>", "employer_description": "<div class=\"_Section_Section_26Kh4ZAK\">\n<h2 class=\"_Section_title_2lZ2dR7H\">\n<span>Employer</span>\n</h2>\n<div class=\"_Section_body_1yeeKPXy\">\n    \n              \n              The position is available in the <a href=\"https://www.sws.cs.ru.nl/\">Software Science</a> group of the <a href=\"https://www.ru.nl/icis/\">Institute for Computing and Information Sciences (iCIS)</a> at Radboud University. Our mission is to do top research on the use of models for design and analysis of software, bridging the gap between theory and applications. We offer joining a fun and diverse group that maintains a range of international cooperations. In 2021, we published our research in top conferences such as CAV, TACAS, (formal methods) AAAI (artificial intelligence) and RSS (robotics). Furthermore, our group actively contributes to the development of the state-of-the-art probabilistic model checker Storm.\n\n              \n            \n  </div>\n</div>", "department_description": "N/A", "additional_information": "<div class=\"_Section_Section_26Kh4ZAK\">\n<h2 class=\"_Section_title_2lZ2dR7H\">\n<span>Additional information</span>\n</h2>\n<div class=\"_Section_body_1yeeKPXy\">\n    For questions about the position, please contact Patrick van Bommel, Assistant Professor at +31 24 365 25 09 or <a href=\"mailto:patrick.vanbommel@ru.nl\">patrick.vanbommel@ru.nl</a>.\n  </div>\n</div>", "apply_link": "N/A", "employer_link": "http://www.ru.nl/", "job_type": "TEMPORARY", "logo": "https://www.academictransfer.com/media/derivatives/logos/run-en-wide/13abf0bc0a611f32246d62b46488f997.jpg"}