{"url": "https://www.academictransfer.com/en/309507/phd-position-machine-learning-weather-modelling/apply/", "title": "PhD Position Machine Learning & Weather Modelling", "publish_date": "2022-02-16", "deadline": "2022-03-13", "location": "Mekelweg 2, 2628 CD, Delft ", "city": "Delft", "country": "Netherlands", "position": "PhD", "field": "Engineering", "salary": "\u00e2\u0082\u00ac2443\u00e2\u0080\u0094\u00e2\u0082\u00ac3122 per month", "max_working_hours": "N/A", "employer": "Delft University of Technology (TU Delft)", "job_description": "<p>Optical communication is a rapidly evolving field. It has numerous applications in a diverse range of fields; from self-driving cars to satellite communication. However, various atmospheric phenomena including optical turbulence, cloud, fog, precipitation adversely impact optical communication. To circumvent these issues, researchers from Delft University of Technology (TUD), Royal Netherlands Meteorological Institute (KNMI) and other collaborators are working together to develop novel data-driven atmospheric models. Their research is funded by a major multi-institutional initiative called \"Optical Wireless Super Highways\". We are looking for a PhD student who will join our team and conduct cutting-edge research in machine learning-based weather modelling for optical communication use cases.\u00a0</p> <p>Both TUD and KNMI provide an academic research environment in meteorology, earth observation and data science, to address various challenging meteorological issues pertaining to optical communication.</p>", "requirements_description": "<div class=\"_Section_Section_26Kh4ZAK\">\n<h2 class=\"_Section_title_2lZ2dR7H\">\n<span>Requirements</span>\n</h2>\n<div class=\"_Section_body_1yeeKPXy\">\n<ul>\n<li>M.Sc. degree in computer science, engineering, or related disciplines</li>\n<li>Working knowledge of various machine learning frameworks (e.g., Keras, TensorFlow, PyTorch)</li>\n<li>Proficiency in python</li>\n<li>Strong communication skills and fluency in English</li>\n</ul>\n</div>\n</div>", "conditions_description": "<div class=\"_Section_Section_26Kh4ZAK\">\n<h2 class=\"_Section_title_2lZ2dR7H\">\n<span>Conditions of employment</span>\n</h2>\n<div class=\"_Section_body_1yeeKPXy\">\n<p>Salary and benefits are in accordance with the Collective Labour Agreement for Dutch Universities. The TU Delft offers a customisable compensation package, a discount on health insurance and sport memberships, and a monthly work costs contribution. Flexible work schedules can be arranged.</p>\n<p>For international applicants we offer the Coming to Delft Service and Partner Career Advice to assist you with your relocation. An International Children's Centre offers childcare and there is an international primary school.</p>\n</div>\n</div>", "employer_description": "<div class=\"_Section_Section_26Kh4ZAK\">\n<h2 class=\"_Section_title_2lZ2dR7H\">\n<span>Employer</span>\n</h2>\n<div class=\"_Section_body_1yeeKPXy\">\n<h4>Delft University of Technology</h4>\n<p>Delft University of Technology is built on strong foundations. As creators of the world-famous Dutch waterworks and pioneers in biotech, TU Delft is a top international university combining science, engineering and design. It delivers world class results in education, research and innovation to address challenges in the areas of energy, climate, mobility, health and digital society. For generations, our engineers have proven to be entrepreneurial problem-solvers, both in business and in a social context. At TU Delft we embrace diversity and aim to be as inclusive as possible (see our <a href=\"https://www.tudelft.nl/en/about-tu-delft/strategy/integrity-policy/tu-delft-code-of-conduct/\">Code of Conduct</a>). Together, we imagine, invent and create solutions using technology to have a positive impact on a global scale.</p>\n<p>Challenge. Change. Impact!\u00c2\u00a0</p>\n</div>\n</div>", "department_description": "N/A", "additional_information": "<div class=\"_Section_Section_26Kh4ZAK\">\n<h2 class=\"_Section_title_2lZ2dR7H\">\n<span>Additional information</span>\n</h2>\n<div class=\"_Section_body_1yeeKPXy\">\n<p>For information about this vacancy, you can contact Dr. S. Basu, e-mail: s.basu@tudelft.nl</p>\n</div>\n</div>", "apply_link": "N/A", "employer_link": "http://www.tudelft.nl/", "job_type": "TEMPORARY", "logo": "https://www.academictransfer.com/media/derivatives/logos/tud-en-wide/4f5fb7eb63ad62ee5a7d5dfdc5376f8f.gif"}