{"url": "https://www.academictransfer.com/en/309482/docent-onderzoeker-lectoraat-professional-communication-in-a-digitalizing-society/", "title": "Docent-onderzoeker lectoraat Professional Communication in a Digitalizing Society", "publish_date": "2022-02-15", "deadline": "2022-02-27", "location": "Brusselseweg 150, 6217 HB, Maastricht ", "city": "Maastricht", "country": "Netherlands", "position": "Lecturer", "field": "Gedrag en maatschappij; Techniek", "salary": "N/A", "max_working_hours": "20", "employer": "Zuyd University", "job_description": "<p>Het lectoraat Professional Communication in a Digitalizing Society van Zuyd Hogeschool doet onderzoek naar de impact van digitalisering en kunstmatige intelligentie (AI) op professionele communicatie in verschillende beroepsdomeinen.</p><p>Zo onderzoeken we hoe AI-toepassingen effectief kunnen worden ingezet om de communicatie van organisaties met hun stakeholders te verbeteren. Denk bijvoorbeeld aan het gebruik van automatische vertaalapps tijdens gesprekken met anderstalige klanten of de inzet van chatbots als laagdrempelig communicatiekanaal dat altijd beschikbaar is. Daarnaast ontwikkelen we op basis van onderzoek digitale tools die studenten en professionals kunnen helpen bij het verbeteren van hun communicatieve competenties.</p><p>Een voorbeeld van een digitale tool die we willen gaan ontwikkelen &ndash; in samenwerking met het lectoraat Global Minds @ Work<a href=\"https://www.werkenbijzuyd.nl/index.php/page/trapRedirect/vid/4775352/url/aHR0cDovL0dsb2JhbA__/mode/dlink%20Minds@Work\">&nbsp;</a>van Zuyd &ndash; is een virtuele trainingsomgeving waarin studenten hun interculturele en communicatieve competenties kunnen versterken. Daarnaast willen we ons eerdere onderzoek naar het verbeteren van de communicatieve competenties van chatbots en avatars valoriseren in onderwijs en beroepspraktijk. Om deze twee projecten verder vorm te geven, zijn we op zoek naar een Docent-onderzoeker lectoraat Professional Communication in a Digitalizing Society.</p>", "requirements_description": "N/A", "conditions_description": "N/A", "employer_description": "N/A", "department_description": "N/A", "additional_information": "N/A", "apply_link": "N/A", "employer_link": "http://www.zuyd.nl/", "job_type": "TEMPORARY", "logo": "https://www.academictransfer.com/media/derivatives/logos/hogeschool-zuyd-hz-en-wide/57ad74daae8a961c74da266af4fbac43.png"}