{"url": "http://www.academictransfer.com/en/309451/secretaresse/apply/", "title": "Secretaresse", "publish_date": "2022-02-14", "deadline": "2022-03-06", "location": "Houtlaan 4, 6525 XZ, Nijmegen ", "city": "Nijmegen", "country": "Netherlands", "position": "Other Category", "field": "N/A", "salary": "N/A", "max_working_hours": "N/A", "employer": "Radboud University", "job_description": "<p><em>Haal jij energie uit het goed organiseren van zaken? En wil jij ondersteuning bieden bij hoogwaardig onderwijs en onderzoek? Dan ben jij nodig als enthousiaste en daadkrachtige secretaresse bij de Faculteit der Rechtsgeleerdheid. Jij zorgt ervoor dat alles op rolletjes loopt.<br><br></em>Als secretaresse bied je secretari\u00eble ondersteuning aan de medewerkers van de vaksectie Rechtssociologie en Migratierecht. Je bent de medewerkers van deze sectie van dienst en je helpt bij de onderwijsactiviteiten. Het organiseren van seminars en het opmaken van teksten behoren tevens tot jouw werkzaamheden. In voorkomende gevallen ondersteun je ook andere vaksecties.<br><br>Daarnaast ben je een aanspreekpunt voor studenten bij vragen aan de vaksectie. Omdat het gebruik van de digitale leeromgeving zich snel ontwikkelt, zul je vaak je digitale vaardigheden inzetten. Je moet het leuk vinden om nieuwe systemen te leren kennen en de opgedane kennis uit te dragen naar de medewerkers van de vaksectie.\u00a0<br><br>Het verzorgen van het telefoonverkeer, agendabeheer en correspondentie behoort ook tot jouw takenpakket. Tevens ben je verantwoordelijk voor de administratieve voorbereiding en verwerking van tentamens en toetsen. Je doet dit in nauwe samenwerking met collega's van het Bureau Onderwijs en Studentzaken van de faculteit.</p>", "requirements_description": "N/A", "conditions_description": "N/A", "employer_description": "N/A", "department_description": "N/A", "additional_information": "N/A", "apply_link": "N/A", "employer_link": "http://www.ru.nl/", "job_type": "TEMPORARY", "logo": "https://www.academictransfer.com/media/derivatives/logos/run-en-wide/13abf0bc0a611f32246d62b46488f997.jpg"}