{"url": "https://www.academictransfer.com/en/309563/project-manager-08-10-fte/apply/", "title": "Project Manager (0.8 - 1.0 FTE)", "publish_date": "2022-02-17", "deadline": "2022-03-09", "location": "Domplein 29, 3512 JE, Utrecht ", "city": "Utrecht", "country": "Netherlands", "position": "Management", "field": "N/A", "salary": "\u00e2\u0082\u00ac3821\u00e2\u0080\u0094\u00e2\u0082\u00ac5943 per month", "max_working_hours": "28\u201440", "employer": "Utrecht University", "job_description": "Would you like to work on cutting edge scientific research and manage large-scale and international projects? Are you interested in how our environment (exposome) influences our health? We are looking for an enthusiastic, independent and driven Project Manager to strengthen the Exposome Support Office.<br>As a Project Manager at the Exposome Support Office of the <a href=\"https://www.uu.nl/en/organisation/faculty-of-veterinary-medicine/about-the-faculty/departments/iras\">Institute for Risk Assessment Sciences</a> (IRAS, Department Population Health Sciences) you will play a crucial role in supporting exposome research. The Institute for Risk Assessment Sciences has a leading position on international exposome research. We combine applied and fundamental research on both the internal and external exposome, data science, and clinical expertise. The Exposome Support Office, established in January 2020, coordinates several large-scale (inter)national exposome research projects, including the European project EXPANSE, which will be the main focus of your work. EXPANSE focuses on the urban exposome, the complex interplay between the built, social, physico-chemical, food, and lifestyle aspects of the urban environment. By studying the impact of the urban exposome on Cardio-Metabolic and Pulmonary Disease, EXPANSE will address one of the most pertinent questions for urban planners, policy makers, and European citizens: \u201cHow to maximize one\u2019s health in a modern urban environment?\u201d This large-scale project runs from January 2020 to January 2025 and involves 20 academic and non-academic partners, located in 14 European countries and the USA. The project has received funding from the European Union\u2019s Horizon 2020 research and innovation programme and is part of the Human Exposome Network, the world\u2019s largest network of projects studying the impact of environmental exposure on human health. <br><br>The Project Manager forms an integral part of the Exposome Support Office. In addition to EXPANSE, you will also be involved in the management of other exposome projects, such as EIRENE, and Exposome-Scan. As our Project Manager, you are responsible for supporting, monitoring and guarding a smooth, effective and timely execution of project plans, its progress and its budget. You will manage all administrative processes, which include (financial) planning and reporting, monitoring and control, contract management and compliance, archive management, and project meeting organization. You work in close collaboration with the scientific project leaders and principal investigators, as well as other support staff, and serve as the main point of contact for our partners and funding agencies. You will help develop and execute project meetings and assist in (the organization of) dissemination activities like workshops, webinars, conferences and publications, together with the other support staff. Scoping new funding initiatives and supporting the preparation of new grant applications is also part of your work.", "requirements_description": "<div class=\"_Section_Section_26Kh4ZAK\">\n<h2 class=\"_Section_title_2lZ2dR7H\">\n<span>Requirements</span>\n</h2>\n<div class=\"_Section_body_1yeeKPXy\">\n    As our team is growing fast, we are looking for an enthusiastic and involved team player, who is willing to invest and bring energy to the workplace. Someone who enjoys facilitating interdisciplinary research and going the extra mile. As our Project Manager:<br/>\n<ul>\n<li>you have a background in life sciences and preferably a PhD\u00cd\u00be</li>\n<li>you enjoy working in a dynamic and innovative environment\u00cd\u00be</li>\n<li>you work independently, proactively and have a strong sense of responsibility and organization sensitivity\u00cd\u00be</li>\n<li>you are a team player with leadership skills. You know what it takes to bring a team together and you are able to take the lead in specific activities\u00cd\u00be</li>\n<li>you are flexible with good analytical and organizational skills\u00cd\u00be</li>\n<li>you can communicate well, verbally as well as in writing, both in English and in Dutch\u00cd\u00be</li>\n<li>experience with large scale (inter)national research projects and business development is a plus\u00cd\u00be</li>\n<li>familiarity and experience with laws and regulations concerning cohort studies is a plus.</li>\n</ul>\n</div>\n</div>", "conditions_description": "<div class=\"_Section_Section_26Kh4ZAK\">\n<h2 class=\"_Section_title_2lZ2dR7H\">\n<span>Conditions of employment</span>\n</h2>\n<div class=\"_Section_body_1yeeKPXy\">\n<p>We offer a temporary appointment (0.8 - 1.0 FTE) for one year. In case of a good performance, a permanent position is one of the possibilities. The gross salary - depending on previous qualifications and experience\u00c2\u00a0 - ranges between \u00e2\u0082\u00ac3,821 and \u00e2\u0082\u00ac5,943 (scale 11-12 according to the Collective Labour Agreement Dutch Universities) per month for a full-time employment. Salaries are supplemented with a holiday bonus of 8% and a year-end bonus of 8.3% per year. In addition, Utrecht University offers excellent secondary conditions, including an attractive retirement scheme, (partly paid) parental leave and <a href=\"https://www.uu.nl/en/organisation/working-at-utrecht-university/terms-of-employment\">flexible employment conditions</a>\u00c2\u00a0(multiple choice model). More information\u00c2\u00a0<a href=\"https://www.uu.nl/en/organisation/working-at-utrecht-university\">about working at Utrecht University</a> can be found here.</p>\n</div>\n</div>", "employer_description": "<div class=\"_Section_Section_26Kh4ZAK\">\n<h2 class=\"_Section_title_2lZ2dR7H\">\n<span>Employer</span>\n</h2>\n<div class=\"_Section_body_1yeeKPXy\">\n<p>A better future for everyone. This ambition motivates our scientists in executing their leading research and inspiring teaching. At <a href=\"http://www.uu.nl/en/\">Utrecht University</a>, the various disciplines collaborate intensively towards major societal themes. Our focus is on Dynamics of Youth, Institutions for Open Societies, Life Sciences and Sustainability.</p>\n<br/>\n<p>The <a href=\"https://www.uu.nl/en/organisation/faculty-of-veterinary-medicine\">Faculty of Veterinary Medicine</a> has a unique position in the Netherlands. Not only is this the only institution where veterinarians are trained, but is also where researchers are working together on innovative scientific research. In addition, the faculty provides specialist clinical care in the largest academic veterinary hospital in Europe. Thanks to this position, the Faculty of Veterinary Medicine is a point of contact for all veterinary matters, both nationally and increasingly internationally. The faculty employs approximately 900 veterinarians, scientists and support staff and counts 1,500 students.</p>\n</div>\n</div>", "department_description": "N/A", "additional_information": "<div class=\"_Section_Section_26Kh4ZAK\">\n<h2 class=\"_Section_title_2lZ2dR7H\">\n<span>Additional information</span>\n</h2>\n<div class=\"_Section_body_1yeeKPXy\">\n    For more information about this position, please contact:<br/><a href=\"https://www.uu.nl/staff/RCHVermeulen\">Prof R. Vermeulen</a> (Professor), via <a href=\"mailto:r.c.h.vermeulen@uu.nl\">r.c.h.vermeulen@uu.nl</a> or <a href=\"https://www.uu.nl/staff/MEbberink\">Martje Ebberink</a> at <a href=\"mailto:m.ebberink@uu.nl\">m.ebberink@uu.nl.</a>\n</div>\n</div>", "apply_link": "N/A", "employer_link": "http://www.uu.nl/", "job_type": "TEMPORARY", "logo": "https://www.academictransfer.com/media/derivatives/logos/uu-en-wide/67674af2e9b77c72917924b654f37798.jpg"}