{"url": "https://www.academictransfer.com/en/309495/managementoffice-assistent-international-management-strategy-ims-06-fte/apply/", "title": "Management/Office assistent International Management & Strategy (IM&S) (0,6 fte)", "publish_date": "2022-02-15", "deadline": "2022-03-07", "location": "Broerstraat 5, 9712 CP, Groningen ", "city": "Groningen", "country": "Netherlands", "position": "Management", "field": "Economie", "salary": "N/A", "max_working_hours": "23", "employer": "University of Groningen", "job_description": "De Faculteit Economie en Bedrijfskunde van de Rijksuniversiteit Groningen is op zoek naar een secretaresse voor de vakgroep International Management &amp; Strategy (IM&amp;S). Wij nodigen kandidaten uit te solliciteren naar de functie van: secretaresse bij de vakgroep IM&amp;S (0,6 fte)<br> <br> De vakgroep Innovatie Management &amp; Strategie is een internationale vakgroep die bestaat uit ongeveer 45 medewerkers. Zij doen onderzoek en verzorgen vakken binnen verschillende bachelor- en masteropleidingen van de Faculteit Economie en Bedrijfskunde. Je gaat deel uitmaken van een professioneel, collegiaal en betrokken team. Samen met drie collega-secretaresses draag je zorg voor de secretari\u00eble en administratieve ondersteuning van de vakgroep.<br> <br> Je pakt een breed scala aan ondersteunende werkzaamheden samen met je collega-secretaresses op. Ook al kent de organisatie een vaste agenda van jaarlijks terugkerende activiteiten en handelingen, toch is elke dag weer anders. Ongestoord een klus afmaken komt zelden voor, je moet snel kunnen schakelen tussen de verschillende soorten werkzaamheden en vragen. Dagelijks komen verschillende typen medewerkers en studenten met allerlei soorten vragen bij jou en je collega\u2019s. En jij voelt precies aan wat de juiste woorden zijn om het doel te bereiken, en wat er van je verwacht wordt. Je hebt gevoel voor de diversiteit binnen de organisatie. Snel schakelen tussen Nederlands en Engels \u2013 in woord en geschrift \u2013 gaat je probleemloos af. Je hebt oog voor de verschillende stijlen en behoeftes van medewerkers en studenten en met je kennis van systemen en processen weet je hoe je voor een optimale dienstverlening moet zorgen. Soms in antwoord op vragen en verzoeken van de medewerkers die je ondersteunt, maar er wordt ook van je verwacht dat je daar zelf initiatief neemt. Je hebt overzicht over de taken die voorhanden zijn dan wel nog liggen te wachten en je weet welke taken in de nabije toekomst moeten worden opgepakt. Daarnaast is er ruimte om proactief na te denken over ontwikkelingsmogelijkheden binnen de werkzaamheden van het secretariaat.<br> <br> Werkzaamheden:<br> <br> \u2022 uitvoeren van (administratief) ondersteunende werkzaamheden ten behoeve van (online) onderwijs en onderzoek en het verwerken van informatie via Nestor, ProgRESS WWW en Ocasys<br> \u2022 informatieverstrekking: fungeren als eerste aanspreekpunt voor vragen van medewerkers, studenten en externen en beantwoorden van vragen of doorverwijzen<br> \u2022 organiseren en notuleren (Engelstalig) van vergaderingen<br> \u2022 correspondentie: bewerken en verwerken van zakelijke correspondentie<br> \u2022 telefoon- en e-mailverkeer<br> \u2022 agendabeheer: plannen, agenderen en co\u00f6rdineren van afspraken en attenderen op de nakoming hiervan<br> \u2022 archivering: digitaal documenteren en archiveren van informatie<br> \u2022 faciliteren van nieuwe medewerkers binnen de vakgroep<br> \u2022 ondersteunen bij werving en selectie van nieuw personeel binnen de vakgroep.<br>", "requirements_description": "N/A", "conditions_description": "N/A", "employer_description": "N/A", "department_description": "N/A", "additional_information": "N/A", "apply_link": "N/A", "employer_link": "http://www.rug.nl/", "job_type": "TEMPORARY", "logo": "https://www.academictransfer.com/media/derivatives/logos/rug-en-wide/fce0dfff95a30233a4210a238918791e.gif"}