{"url": "https://www.academictransfer.com/en/309497/coordinator-project-management-major-research-initiatives-08-10-fte/", "title": "Coordinator Project Management Major Research Initiatives (0,8-1,0 fte)", "publish_date": "2022-02-15", "deadline": "2022-03-13", "location": "Burgemeester Oudlaan 50, 3062PA, Rotterdam ", "city": "Rotterdam", "country": "Netherlands", "position": "Researcher", "field": "N/A", "salary": "\u00e2\u0082\u00ac4629\u00e2\u0080\u0094\u00e2\u0082\u00ac5943 per month", "max_working_hours": "32\u201440", "employer": "Erasmus University Rotterdam (EUR)", "job_description": "<p>Erasmus Research Services is establishing a new project management team dedicated to supporting the university&rsquo;s major research initiatives: largescale, complex, multi-stakeholder projects.</p><p>Your focus will be on major and complex research initiatives that are funded via European, national or regional funds. As the first project manager to join this team you will lay the foundations for exemplary project management support by developing templates, processes and ways of working with internal and external stakeholders. The team is expected to progressively grow over the next few years and you will play a role in training and coaching new recruits.</p><p>From the start you will yourself manage two major research initiatives, giving you the perfect use case for your foundation building work. Your role in these and any future initiatives you onboard is to provide the scientific lead and consortium with clear, well structured and effective organizational support.</p><p>You are responsible for all organizational, contractual, and financial/administrative processes and communications. You become the scientific lead&rsquo;s right hand on managing consortium relationships, organizational and financial management and delivery of the project. &nbsp;You safeguard deadlines, monitor progress and prepare any non-scientific reports required by the project. You organize project events with or without additional help, depending on scale.</p><p>You are successful when all stakeholders are at all times well informed, the project is compliant and when you have created a framework that enables the scientific staff on the project to focus only on the science.</p><p>Over time you will work with the Head of Grants Support to identify and champion any policy or systemic changes that would enable the project management community across the university to do their work more effectively.</p><p>Your position will be embedded in Erasmus Research Services. You will report in line to the head of the Grant Support Office at ERS and subsequently to the scientific lead(s) of the projects you support.&nbsp;</p>", "requirements_description": "<div class=\"_Section_Section_26Kh4ZAK\">\n<h2 class=\"_Section_title_2lZ2dR7H\">\n<span>Requirements</span>\n</h2>\n<div class=\"_Section_body_1yeeKPXy\">\n<p>Required experience, skills and competencies:</p>\n<ul>\n<li>Working and thinking level equivalent to a university degree or degree form a university of applied science.</li>\n<li>Knowledge of and/or interest in of project management methodologies;</li>\n<li>Affinity with social sciences and humanities\u00a0;</li>\n<li>Five years of experience in managing multistakeholder projects. Experience with projects funded through the European Commission or NWO will be positively viewed.</li>\n<li>The capability to act as a trusted sparring partner for scientists and other partners in a consortium\u00a0</li>\n<li>Capability and ambition to build a professional and sustainable project management support organization\u00a0\u00a0</li>\n<li>Seniority to act as a coordinator of a group of project managers</li>\n<li>A self-organizing professional that has a good set of people skills, high level of sensitivity, is accurate, solution oriented and capable of dealing with tight deadlines\u00a0\u00a0</li>\n<li>Excellent communication skills (English necessary; Dutch preferred)\u00a0</li>\n</ul>\n</div>\n</div>", "conditions_description": "<div class=\"_Section_Section_26Kh4ZAK\">\n<h2 class=\"_Section_title_2lZ2dR7H\">\n<span>Conditions of employment</span>\n</h2>\n<div class=\"_Section_body_1yeeKPXy\">\n<p><strong>Fixed-term</strong>\u00a0contract: Initially for one year, may be converted to permanent after the first year depending on performance.</p>\n<p>An internationally-oriented and varied work within an enthusiastic team, with attractive fringe benefits in accordance with the Collective Labour Agreement for Dutch Universities (CAO-NU). We offer a contract initially for one year (1 fte, full-time appointment is 38 hours) which may become permanent if your performance is satisfactory. Your monthly gross remuneration as Coordinator Project Management Major Research Initiatives will range between \u20ac 4.629.- to \u20ac 5.943,- depending of experience, in accordance with Scale 12 of CAO-NU.</p>\n<p>Erasmus University Rotterdam offers attractive terms of employment, including a holiday allowance of 8%, a year-end payment of 8.3% and 41 holidays per year based on a full-time appointment. In addition, EUR takes part in the ABP pension scheme, and we also offer partially paid parental leave. Moreover, EUR staff members are allowed to make use of the EUR facilities, including the Erasmus Sports Centre and the University Library.</p>\n<p><strong>Diversity &amp; Inclusion\u00a0</strong></p>\n<p>Erasmus University Rotterdam aspires to be an equitable and inclusive community. We nurture an open culture, where everyone is supported to fulfill their full potential. We see inclusivity of talent as the basis of our successes, and the diversity of perspectives and people as a highly valued outcome. EUR provides equal opportunities to all employees and applicants regardless of gender identity or expression, sexual orientation, religion, ethnicity, age, neurodiversity, functional impairment, citizenship, or any other aspect which makes them unique. We look forward to welcoming you to our community.</p>\n</div>\n</div>", "employer_description": "<div class=\"_Section_Section_26Kh4ZAK\">\n<h2 class=\"_Section_title_2lZ2dR7H\">\n<span>Employer</span>\n</h2>\n<div class=\"_Section_body_1yeeKPXy\">\n<h4>Erasmus University Rotterdam</h4>\n<p>The Erasmus University Rotterdam (EUR), named after Rotterdam-born humanist and theologian Erasmus, is a research university with a strong international orientation and a pronounced social focus, both in its education and research activities. On the lively, modern campus, more than 28.000 students and scholars of more than 100 nationalities are constantly encouraged to develop their talents and meet their ambition. Our more than 2700 scientists and employees work together with all our students to solve challenges faced by global society, drawing their inspiration from the consistently dynamic and cosmopolitan city of Rotterdam. The academic education offered at our faculties is intensive, engaging and strongly focused on practical application. We increasingly perform our research in multidisciplinary teams, which are closely interwoven with international networks. In terms of research impact and the quality of its degree programmes, EUR can compete with the foremost universities in Europe, which is reflected in its consistent top-100 position in most major universities rankings. Erasmus University Rotterdam\u2019s key values are daring, curiosity, social involvement, breaking new ground and striving for success. More information can be found on\u00a0<a href=\"http://www.eur.nl/\">www.eur.nl</a>.</p>\n</div>\n</div>", "department_description": "N/A", "additional_information": "<div class=\"_Section_Section_26Kh4ZAK\">\n<h2 class=\"_Section_title_2lZ2dR7H\">\n<span>Additional information</span>\n</h2>\n<div class=\"_Section_body_1yeeKPXy\">\n<p>Refer to these links for more information on\u00a0<a href=\"http://www.eur.nl/\">EUR</a>\u00a0and\u00a0<a href=\"https://www.eur.nl/en/research/research-services\">ERS</a>.For additional information about this specific vacancy please contact:</p>\n<ul>\n<li>Head of Research Grants Erasmus Research Services \u2013 Adrian Sneeuw\u00a0 (sneeuw@eur.nl) for questions on the vacancy, your responsibilities and any other question.</li>\n</ul>\n<p><strong>Important :</strong>\u00a0The first round of interviews will take place at Campus Woudestein on the morning of\u00a0<strong>March 15th</strong>. Successful candidates will be invited for a second round on that same afternoon. Please plan accordingly.</p>\n</div>\n</div>", "apply_link": "N/A", "employer_link": "http://www.eur.nl/", "job_type": "TEMPORARY", "logo": "https://www.academictransfer.com/media/derivatives/logos/eur-en-wide/ce33222703c7a0b148d3a935910a2f60.png"}