{"url": "http://www.academictransfer.com/en/309576/post-doc-on-data-guided-circular-strategies-for-circular-ict-in-businesses/apply/", "title": "Post-doc on data-guided circular strategies for circular ICT in businesses", "publish_date": "2022-02-17", "deadline": "2022-03-15", "location": "Mekelweg 2, 2628 CD, Delft ", "city": "Delft", "country": "Netherlands", "position": "Postdoc", "field": "Behaviour and society", "salary": "\u00e2\u0082\u00ac2846\u00e2\u0080\u0094\u00e2\u0082\u00ac4490 per month", "max_working_hours": "N/A", "employer": "Delft University of Technology (TU Delft)", "job_description": "<p>The department of Sustainable Design Engineering (SDE) is looking for a post-doctoral researcher (2 years) to do research on tools for data-driven adoption of circular ICT solutions in businesses.</p> <p>Design for Sustainability (DfS) is a research group with design for the circular economy as one of its core focal areas. Research aims at the development of methods and tools that enable the design of products that have multiple lifecycles. This research area explores circular design strategies, such as product life-extension, reuse, remanufacturing and recycling, and the technologies and business models that enable these strategies. Knowledge and Intelligence Design (KInD) is a human-centered and multi-disciplinary\u00a0 research group focusing on the relationship between the science and practice of design, and the digital technology that fuels intelligent products, services, and systems.</p> <p>We are currently searching for a post-doctoral researcher. The post doc will operate in a national consortium with 10 partners that has the objective to develop a new Critical Resource Planning for ICT tool that will help businesses in their purchase, maintenance, and repair decisions to adopt more circular ICT solutions and to change their behaviors into more sustainable behaviors. The consortium will develop a prototype for this tool: RePlanIT.\u00a0</p> <p>In this project, the post doc will be responsible to develop and validate a prototype of a scalable and dynamic circular product passport and a circular resource planner for ICT hardware, using laptops and data servers as the case. The passport should store information for ICT decision-makers, both about the delivered product (static) and about performance during the use phase (dynamic), which is important for maintenance, reuse, refurbishment, and replacement of the product in relation to the required functionalities of and compatibility within the entire IT system in which the hardware runs. The resource planner aims to make the data from the product passport transparent for ICT service providers (suppliers and/or internal service providers) and refurbishers. This system should enable to report and manage on circular KPIs by (a) predicting the necessity and timing of maintenance (condition-based maintenance), refurbishment and upgrading of the ICT hardware at product level; (b) determine the remaining service life of specific components in case of refurbishment, and (c) develop (phased) circular design and replacement strategies at system level.</p> <p>The post doc will be part of the Circular Design lab within the faculty. This virtual lab brings together students and researchers with an interest in circular economy. Further, the post doc\u00a0 will be part of AMS Research Fellow community, specifically the Circularity in Urban Regions program.</p> <p>We are looking for a candidate with a PhD in design, sustainability/industrial ecology, or computer science/data management, who has a strong interest in studying the intersections between sustainability/circular economy, design tools and circular decision-making. In addition to the research, the post doc will be actively involved in teaching at the Industrial Design Engineering faculty (teaching load of 20%).</p>", "requirements_description": "<div class=\"_Section_Section_26Kh4ZAK\">\n<h2 class=\"_Section_title_2lZ2dR7H\">\n<span>Requirements</span>\n</h2>\n<div class=\"_Section_body_1yeeKPXy\">\n<p>The candidate for the post doc position will have the following essential (E) and desirable (D) characteristics:</p>\n<p>- The candidate has a PhD in (sustainable) design, sustainability/industrial ecology, computer science, or other relevant scientific disciplines (E);</p>\n<p>- The candidate has a strong affinity with circular economy and design-related research (E);</p>\n<p>- The candidate has a track record of conference and journal publications (E);</p>\n<p>- The candidate has a collaborative attitude to research (E)</p>\n<p>- The candidate knows how to organize and lead research activities in pluralistic communities consisting of stakeholders with different backgrounds and interests (D).</p>\n<p>- The candidate has experience with qualitative (e.g., interviews) research methods (D) and quantitative (e.g., surveys and experiments) research methods (D).</p>\n<p>- The candidate has a good command of English, reading, writing, and speaking (E), understanding of Dutch is considered a plus. \u00c2\u00a0\u00c2\u00a0</p>\n<p>- The candidate has experience with teaching in higher education (D)</p>\n</div>\n</div>", "conditions_description": "<div class=\"_Section_Section_26Kh4ZAK\">\n<h2 class=\"_Section_title_2lZ2dR7H\">\n<span>Conditions of employment</span>\n</h2>\n<div class=\"_Section_body_1yeeKPXy\">\n<p>Salary and benefits are in accordance with the Collective Labour Agreement for Dutch Universities. The TU Delft offers a customisable compensation package, a discount on health insurance and sport memberships, and a monthly work costs contribution. Flexible work schedules can be arranged.</p>\n<p>For international applicants we offer the Coming to Delft Service and Partner Career Advice to assist you with your relocation. An International Children's Centre offers childcare and there is an international primary school.</p>\n</div>\n</div>", "employer_description": "<div class=\"_Section_Section_26Kh4ZAK\">\n<h2 class=\"_Section_title_2lZ2dR7H\">\n<span>Employer</span>\n</h2>\n<div class=\"_Section_body_1yeeKPXy\">\n<h4>Delft University of Technology</h4>\n<p>Delft University of Technology is built on strong foundations. As creators of the world-famous Dutch waterworks and pioneers in biotech, TU Delft is a top international university combining science, engineering and design. It delivers world class results in education, research and innovation to address challenges in the areas of energy, climate, mobility, health and digital society. For generations, our engineers have proven to be entrepreneurial problem-solvers, both in business and in a social context. At TU Delft we embrace diversity and aim to be as inclusive as possible (see our <a href=\"https://www.tudelft.nl/en/about-tu-delft/strategy/integrity-policy/tu-delft-code-of-conduct/\">Code of Conduct</a>). Together, we imagine, invent and create solutions using technology to have a positive impact on a global scale.</p>\n<p>Challenge. Change. Impact!\u00c2\u00a0</p>\n</div>\n</div>", "department_description": "N/A", "additional_information": "N/A", "apply_link": "N/A", "employer_link": "http://www.tudelft.nl/", "job_type": "TEMPORARY", "logo": "https://www.academictransfer.com/media/derivatives/logos/tud-en-wide/4f5fb7eb63ad62ee5a7d5dfdc5376f8f.gif"}