{"url": "https://www.academictransfer.com/en/309537/assistant-professor-of-public-administration/", "title": "Assistant Professor of Public Administration", "publish_date": "2022-02-16", "deadline": "2022-03-17", "location": "Anna van Buerenplein, 2595 DE, Den Haag ", "city": "Den Haag", "country": "Netherlands", "position": "Assistant Professor", "field": "N/A", "salary": "N/A", "max_working_hours": "N/A", "employer": "Leiden University", "job_description": "<p>The Institute of Public Administration is looking for&nbsp;four colleagues for the position of&nbsp;<strong>Assistant Professor</strong>&nbsp;to strengthen its teaching and research in several research areas, including&nbsp;Policy &amp; Decision-making, Digitalization, Democracy &amp; Bureaucracy and Public Management &amp; Leadership.</p><p>For these positions, we seek colleagues with a research agenda regarding civil society and public governance. Furthermore, we seek colleagues with an interest in research and teaching at the intersections of law and public governance, or with an interest in governance issues in the fields of sustainability, data and AI, or public health.&nbsp;</p><p>You have a public administration or comparable background and would like to use your expertise to contribute to strengthening both the education and the research agenda of the Institute of Public Administration within one or more of the research themes mentioned above.</p><p><strong>Key responsibilities</strong><br> &bull; Teaching and developing courses in the institute&#39;s bachelor and master programs. In addition, supervising bachelor and master theses is one of your responsibilities;<br> &bull; Building and expanding your own line of research in the field of public administration, specifically in one of the areas covered by the institute, such as public management, leadership, political-administrative relations, policy and decision-making, international public administration, sustainability or data and digitalization;<br> &bull; Participating in national and international academic research networks and publish in international scientific journals;<br> &bull; Contributing to the improvement and continuation of the education and research programs of the Institute;<br> &bull; Playing an active role in linking scientific research and education to the practice of policy and management in the public domain; and<br> &bull; Contribute to the acquisition of research funding.</p>", "requirements_description": "<div class=\"_Section_Section_26Kh4ZAK\">\n<h2 class=\"_Section_title_2lZ2dR7H\">\n<span>Requirements</span>\n</h2>\n<div class=\"_Section_body_1yeeKPXy\">\n<p><strong>Profile</strong><br/>\n\u2022 You hold a doctorate (or are about to complete your doctorate) in public administration, political science, organizational sciences, sociology, economics or any other relevant field in the social sciences, with a research agenda that fits one of the main research themes described above.<br/>\n\u2022 You have demonstrable experience or affinity with interdisciplinary education and / or research.<br/>\n\u2022 You have publications in national and international scientific journals or demonstrable potential to realize them.<br/>\n\u2022\u00a0You are enthusiastic about teaching, have experience with university teaching\u00a0and are open to innovative and activating teaching methods.<br/>\n\u2022\u00a0You are a team player and like to work with colleagues, who are partly employed at other institutes and faculties.</p>\n<p>\u2022\u00a0You\u00a0have experience or affinity with collaborating with societal partners within the public sector (local, national or international) and are capable of developing and maintaining external networks.<br/>\n\u2022 You are in possession of the Basic Teaching Qualification (BKO) or are prepared to obtain this qualification within two years.<br/>\n\u2022 You have excellent verbal and written communication skills, in both Dutch and English, or are prepared to have sufficient command of Dutch for professional purposes within the foreseeable future (language level C1), whereby after 1 year there is a command for general purposes (language level A2).</p>\n</div>\n</div>", "conditions_description": "<div class=\"_Section_Section_26Kh4ZAK\">\n<h2 class=\"_Section_title_2lZ2dR7H\">\n<span>Conditions of employment</span>\n</h2>\n<div class=\"_Section_body_1yeeKPXy\">\n<p><strong>Terms and</strong><strong>\u00a0</strong><strong>conditions</strong></p>\n<p>We would prefer you to start as soon as possible.\u00a0The appointment will be under the terms of the Collective Labour Agreement (CAO) of Dutch Universities.\u00a0The appointment (fte 1.0) is in temporary employment for max 18 months, with the prospect of a permanent position after positive evaluation.</p>\n<p>Salary ranges from \u20ac 3.821, - to \u20ac 5.230, - gross per month (pay scale 11<strong>,</strong>\u00a0in accordance with the Collective Labour Agreement for Dutch Universities).<br/>\nLeiden University offers an attractive benefits package with additional holiday (8%) and end-of-year bonuses (8.3 %), and training and career development. Our individual choices model gives you some freedom to assemble your own set of terms and conditions.\u00a0For international spouses we have set up a dual career programme.\u00a0Candidates from outside the Netherlands may be eligible for a substantial tax break.\u00a0More at\u00a0<a href=\"https://www.staff.universiteitleiden.nl/human-resources/conditions-of-employment-salary-and-allowance?cf=governance-and-global-affair\">https://www.staff.universiteitleiden.nl/human-resources/conditions-of-employment-salary-and-allowance?cf=governance-and-global-affair</a>.<br/>\nLeiden University requires teaching staff to obtain the University Teaching Qualification (UTQ). If the successful applicant does not possess this qualification or its equivalent, he/ she must be willing to obtain this Qualification within two years.</p>\n</div>\n</div>", "employer_description": "<div class=\"_Section_Section_26Kh4ZAK\">\n<h2 class=\"_Section_title_2lZ2dR7H\">\n<span>Employer</span>\n</h2>\n<div class=\"_Section_body_1yeeKPXy\">\n<p><strong>Our Faculty/Institute</strong></p>\n<p>The Faculty of Governance and Global Affairs is one of the seven faculties of Leiden University. Firmly rooted in the academic tradition, our students and researchers work together with national and international partners on new insights and solutions to current issues at the crossroads of politics, public administration, economics, and law.</p>\n<p>The Institute of Public Administration in The Hague is one of the largest and oldest institutions for scientific research and teaching on public administration in the Netherlands. The Institute combines a strong international academic reputation with a central position in international national, regional, and local government institutions, including in The Hague. The Institute consistently receives high appraisals in peer reviews both for its teaching and research programmes. It offers a Dutch-language bachelor programme with two tracks: a Dutch-language master programme in Management of the Public Sector and an English-language master programme in Public Administration. It also participates in various programmes with other faculties, including the master programme in Governance of Sustainability and master programmes in the field of Population Health Management.</p>\n<p>\u00a0</p>\n<p>The institute has received various national and international research grants including several VENI and VIDI grants from the Dutch National Science Organization, and grants for collaborative work from the EU (including ERC grants). In addition, the staff is also active in contract-research and teaching, which involves local and national government but also other public organizations from within Europe.\u00a0</p>\n<p>The Assistant Professor\u00a0\u00a0to be recruited is part of an ambitious and dynamic team of colleagues that wants to further expand the successes of recent years. There is a lot of collaboration across the boundaries of disciplines.</p>\n</div>\n</div>", "department_description": "N/A", "additional_information": "<div class=\"_Section_Section_26Kh4ZAK\">\n<h2 class=\"_Section_title_2lZ2dR7H\">\n<span>Additional information</span>\n</h2>\n<div class=\"_Section_body_1yeeKPXy\">\n<p><strong>Diversity</strong><br/>\nLeiden University is strongly committed to diversity within its community and especially welcomes applications from members of underrepresented groups.\u00a0</p>\n<p><strong>Information</strong></p>\n<p>You can find information about the Institute of Public Administration via:\u00a0</p>\n<p><a href=\"https://www.universiteitleiden.nl/en/governance-and-global-affairs/institute-of-public-administration\">https://www.universiteitleiden.nl/en/governance-and-global-affairs/institute-of-public-administration</a>.</p>\n<p>For further inquiries about the vacancy, please contact Prof.dr. C.H.J.M. Braun via c.h.j.m.braun@fgga.leidenuniv.nl</p>\n</div>\n</div>", "apply_link": "N/A", "employer_link": "http://www.universiteitleiden.nl/", "job_type": "TEMPORARY", "logo": "https://www.academictransfer.com/media/derivatives/logos/lei-en-wide/f66e61a821cf3294ef5ce4fcaacbdedb.png"}