{"url": "https://www.academictransfer.com/en/309564/research-technician-10-fte/apply/", "title": "Research Technician (1.0 FTE)", "publish_date": "2022-02-17", "deadline": "2022-03-11", "location": "Domplein 29, 3512 JE, Utrecht ", "city": "Utrecht", "country": "Netherlands", "position": "Engineer/Technician", "field": "N/A", "salary": "\u00e2\u0082\u00ac2376\u00e2\u0080\u0094\u00e2\u0082\u00ac3619 per month", "max_working_hours": "36\u201440", "employer": "Utrecht University", "job_description": "<p>Your daily work will include cell and (3D) tissue culture, biochemistry, molecular biology, tissue engineering, and bioreactor technology. Experience in organoid culture and whole organ engineering is preferred for a quick imbedding of the research technician. You will assist our group members during their projects and help with education activities such as workshops. For this purpose we will use adult stem cell cultures (organoids) and tissue engineering approaches.</p>", "requirements_description": "<div class=\"_Section_Section_26Kh4ZAK\">\n<h2 class=\"_Section_title_2lZ2dR7H\">\n<span>Requirements</span>\n</h2>\n<div class=\"_Section_body_1yeeKPXy\">\n    We are looking for a recently graduated Bachelor's student with a degree in biotechnology. You have experience in cell culture and you are able to support the members of the team including the students, PhD-students and postdocs during their projects.\n  </div>\n</div>", "conditions_description": "<div class=\"_Section_Section_26Kh4ZAK\">\n<h2 class=\"_Section_title_2lZ2dR7H\">\n<span>Conditions of employment</span>\n</h2>\n<div class=\"_Section_body_1yeeKPXy\">\n<p>We offer a temporary full-time position (1.0 FTE) with development opportunities, for an initial period of one year, with the possibility of an extension for two more years. The gross salary - depending on previous qualifications and experience\u00c2\u00a0 - ranges between \u00e2\u0082\u00ac2,376 and \u00e2\u0082\u00ac3,619 (scale 7 or 8 according to the Collective Labour Agreement Dutch Universities) per month for a full-time employment. Salaries are supplemented with a holiday bonus of 8% and a year-end bonus of 8.3% per year. In addition, Utrecht University offers excellent secondary conditions, including an attractive retirement scheme, (partly paid) parental leave, a minimum of 29 leave days per year (for a full-time appointment) and <a href=\"https://www.uu.nl/en/organisation/working-at-utrecht-university/terms-of-employment\">flexible employment conditions</a>\u00c2\u00a0(multiple choice model). More information\u00c2\u00a0<a href=\"https://www.uu.nl/en/organisation/working-at-utrecht-university\">about working at Utrecht University</a> can be found here.</p>\n</div>\n</div>", "employer_description": "<div class=\"_Section_Section_26Kh4ZAK\">\n<h2 class=\"_Section_title_2lZ2dR7H\">\n<span>Employer</span>\n</h2>\n<div class=\"_Section_body_1yeeKPXy\">\n<p>A better future for everyone. This ambition motivates our scientists in executing their leading research and inspiring teaching. At <a href=\"http://www.uu.nl/en/\">Utrecht University</a>, the various disciplines collaborate intensively towards major societal themes. Our focus is on Dynamics of Youth, Institutions for Open Societies, Life Sciences and Sustainability.</p>\n<p><br/>Utrecht University\u00e2\u0080\u0099s <a href=\"https://www.uu.nl/en/organisation/faculty-of-veterinary-medicine\">Faculty of Veterinary Medicine</a> is the only Veterinary School in the Netherlands and belongs to the international top in education, research and veterinary medical patient care. The faculty is one of the few European veterinary schools accredited by the American and Canadian Veterinary Medical Associations and the European Association of Establishments for Veterinary Education.</p>\n<p><br/>The faculty employs approximately 1,000 veterinarians, scientists and support staff and counts 1,500 students. Its research functions are coordinated by the Institute of Veterinary Sciences and the Graduate School of Life Sciences.\u00c2\u00a0</p>\n<p><br/>The current job opportunity is within the Soft Tissue Engineering and Medicine group at the Department of Clinical Sciences and participates within the theme of Regenerative Medicine, one of the spearheads of Utrecht Life Sciences. Our group focuses on Tissue Engineering in the field of Hepatology. For this purpose we study organoids and their function from various tissues and animal species and the application thereof. While half of the group focuses on advanced in vitro models including organs-on-chips, the other half is directed towards whole organ engineering as an alternative to organ donation. Within the group various technologies such as 3D bioprinting, hydrogel development, stem cells, and bioreactor technology are used in the field of human and veterinary medicine.</p>\n</div>\n</div>", "department_description": "N/A", "additional_information": "<div class=\"_Section_Section_26Kh4ZAK\">\n<h2 class=\"_Section_title_2lZ2dR7H\">\n<span>Additional information</span>\n</h2>\n<div class=\"_Section_body_1yeeKPXy\">\n<p>Informal inquiries should be directed to Dr Bart Spee, via <a href=\"mailto:B.Spee@uu.nl\">B.Spee@uu.nl</a>.</p>\n</div>\n</div>", "apply_link": "N/A", "employer_link": "http://www.uu.nl/", "job_type": "TEMPORARY", "logo": "https://www.academictransfer.com/media/derivatives/logos/uu-en-wide/67674af2e9b77c72917924b654f37798.jpg"}