{"url": "http://www.academictransfer.com/en/309625/postdoc-fysiologie-onderzoeksgroep-exercise-oncology/", "title": "Postdoc Fysiologie 'Onderzoeksgroep Exercise Oncology'", "publish_date": "2022-02-17", "deadline": "2022-03-20", "location": "Geert Grooteplein-Zuid 10, 6525 GA, Nijmegen ", "city": "Nijmegen", "country": "Netherlands", "position": "Postdoc", "field": "Natuurwetenschappen; Gezondheid", "salary": "N/A", "max_working_hours": "36", "employer": "Radboud University Medical Center (Radboudumc)", "job_description": "<em><strong>Wij zijn op zoek naar een enthousiaste postdoc onderzoeker die de onderzoeksgroep Exercise Oncology kan versterken. Binnen de onderzoeksgroep doen we onderzoek naar de rol van fysieke inspanning bij pati\u00ebnten met en na kanker, middels gerandomiseerde trials, cohort studies en kwalitatief onderzoek. Hiermee willen we inzicht krijgen in het effect van fysieke inspanning op toxiciteit en behandeluitkomsten en via welke onderliggende mechanismen dit tot stand komt. Daarnaast onderzoeken we hoe we beweeg- en trainingsprogramma's kunnen optimaliseren.</strong></em><br><br>Als postdoc onderzoeker ben je betrokken bij de co\u00f6rdinatie van verschillende lopende multidisciplinaire onderzoeksprojecten en het opzetten van nieuwe studies.<br><br><strong>Taken en verantwoordelijkheden</strong><ul> <li>Analyseren van reeds verzamelde data en resultaten rapporteren in wetenschappelijke publicaties.</li> <li>Actieve deelname aan diverse multidisciplinaire onderzoeksbesprekingen.</li> <li>Nauw samenwerken met de kliniek in een multidisciplinair team.</li> <li>Subsidieaanvragen (mee) schrijven voor toekomstige studies.</li> </ul>", "requirements_description": "N/A", "conditions_description": "N/A", "employer_description": "N/A", "department_description": "N/A", "additional_information": "N/A", "apply_link": "N/A", "employer_link": "http://www.radboudumc.nl/", "job_type": "TEMPORARY", "logo": "https://www.academictransfer.com/media/derivatives/logos/umcr-en-wide/97d713b7978d980e8e69b0f8db97cabe.png"}