{"url": "https://academicpositions.com/ad/vienna-university-of-economics-and-business/2022/teaching-and-research-associate/175260", "title": "Teaching and Research Associate", "publish_date": "2022-02-15", "deadline": "2022-03-16", "location": "Welthandelsplatz 1 Vienna, Austria", "city": "Welthandelsplatz 1 Vienna", "country": "Austria", "position": "Research Assistant", "field": "Behavioural Economics, Econometrics, Macroeconomics, Microeconomics,", "salary": "N/A", "max_working_hours": "N/A", "employer": "WU Vienna University of Economics and Business", "job_description": "<div class=\"editor ck-content mt-6 mb-6 mb-md-8 mt-md-8\" id=\"editor\">\n<p>You want to understand how things are connected and make a fundamental impact? We offer an environment where you can realize your full potential. At one of Europe\u00e2\u0080\u0099s largest and most modern business and economics universities. On a campus where quality of work is also quality of life. We are looking for support at the</p><p><strong>Department of Economics</strong><br/>Part-time,\u00a030 hours/week<br/>Starting September 01, 2022, and ending after 5 years</p><p>WU is offering up to three PhD positions in Economics, to start in September 2022.</p><p>The successful candidates will be part of the PhD Program at the WU Department of Economics. This call is open to all fields in economics, but the Department intends to cover in particular the following areas: Microeconomics, Macroeconomics, Behavioral Economics, and Digitalization.</p><h2>What to expect</h2><p>The duties and responsibilities of the successful applicants include research, teaching, and administrative tasks. You will conduct independent research pursuing a PhD degree in Economics (\u00e2\u0080\u009cFocus Economics\u00e2\u0080\u009d). Strong dedication to writing a PhD dissertation, following doctoral courses and attending seminars is expected. You will be expected to support research activities and administrative tasks in the respective academic units. In addition, the position involves teaching one course (two hours per semester) starting after the second semester of your employment, primarily at the Bachelor\u00e2\u0080\u0099s level, supporting study programs taught in English as well as in German.</p><h2>What you have to offer</h2><p>We are looking for applicants with a strong academic record, who have completed a relevant Master degree (MSc or equivalent) or who expect to have completed it by summer 2022. We expect you to have excellent knowledge in the three core areas in economics (microeconomics, macroeconomics, and econometrics) at a research master level. Research interest in one of the above-mentioned areas is a prerequisite. Excellent command of oral and written English is a prerequisite; because of the departmental teaching portfolio, German is required for some of the positions.</p><p>Applicants are requested to upload the following documents along with their application:<br/>- CV (incl. degrees, current position, research interests)<br/>- Motivation letter (incl. Possible Dissertation project)<br/>- Master thesis (or research proposal for master thesis)</p><p>In addition, we ask for two letters of recommendation. Applicants are responsible for asking their reference persons to send their letters to econ-office@wu.ac.at in due time (max. 2 days after the application has been received).</p><h2>What we offer you</h2><ul><li><strong>A top business and economics university</strong> with renowned experts on the faculty and a diverse range of subjects, triple accredited</li><li><strong>Excellent infrastructure</strong>, both technologically and architecturally, and a wide range of WU service units</li><li><strong>Diversity and appreciation </strong>in an open-minded, inclusive and family-friendly environment</li><li><strong>Flexibility</strong> and individual freedom thanks to flexible working hours</li><li><strong>Inspiring campus life </strong>with over 2,400 employees in research, teaching, and administration and approximately 21,500 students on a conveniently located, architecturally unique campus in the heart of Vienna</li></ul><p>The minimum monthly gross salary amounts to \u00e2\u0082\u00ac2,293.95, this salary may be adjusted based on job-related prior work experience.</p><p><strong>Do you want to join the WU team?</strong><br/>Then please submit your application by March 16, 2022 (ID 1297).<br/>We are looking forward to hearing from you!</p><p><i>Our goal is to make sure it is safe for students and employees to study and work on campus in person.\u00a0 For this reason, proof of full vaccination against COVID-19 or of an exemption pursuant to the COVID-19 Vaccination Act must be provided before you can be employed at WU.</i></p>\n</div>", "requirements_description": "N/A", "conditions_description": "N/A", "employer_description": "N/A", "department_description": "N/A", "additional_information": "N/A", "apply_link": "N/A", "employer_link": "N/A", "job_type": "N/A", "logo": "https://content.academicpositions.com/eyJidWNrZXQiOiJhcC1wcm9kdWN0aW9uLW1lZGlhLWFyY2hpdmUiLCJrZXkiOiIyMDEzXC8wOFwvV1UtVmllbm5hLVVuaXZlcnNpdHktb2YtRWNvbm9taWNzLWFuZC1CdXNpbmVzcy5wbmciLCJlZGl0cyI6W119"}