{"url": "https://academicpositions.com/ad/tampere-university/2022/senior-research-fellow-2-positions-industrial-engineering-and-management/175203", "title": "Senior Research Fellow, 2 positions (Industrial Engineering and Management)", "publish_date": "2022-02-11", "deadline": "2022-03-10", "location": "Kalevantie 4 Tampere, Finland", "city": "Kalevantie 4 Tampere", "country": "Finland", "position": "Postdoc", "field": "Business Administration, Industrial Economics, Industrial Engineering, Management, Strategic Management, and 1 moreSupply Chain Management", "salary": "N/A", "max_working_hours": "N/A", "employer": "Tampere University", "job_description": "N/A", "requirements_description": "N/A", "conditions_description": "N/A", "employer_description": "N/A", "department_description": "N/A", "additional_information": "N/A", "apply_link": "N/A", "employer_link": "N/A", "job_type": "N/A", "logo": "https://content.academicpositions.com/eyJidWNrZXQiOiJhcC1wcm9kdWN0aW9uLW1lZGlhLWFyY2hpdmUiLCJrZXkiOiI3NThcLzk0YlwvNzU4OTRiNGY4NTYwMDI5MGZmZDUxNmZmYjZjZTI4YmYucG5nIiwiZWRpdHMiOltdfQ=="}