{"url": "https://academicpositions.com/ad/university-of-liege/2022/permanent-scientific-position-full-time-in-the-field-of-intelligent-monitoring-of-metabolites-from-plant-resources/174127", "title": "Permanent scientific position (full-time) in the field of \"Intelligent Monitoring of Metabolites from Plant Resources\"", "publish_date": "2022-01-18", "deadline": "2022-03-31", "location": "Place du Vingt Aout 7 Li\u00c3\u00a8ge, Belgium", "city": "Place du Vingt Aout 7 Li\u00c3\u00a8ge", "country": "Belgium", "position": "Researcher", "field": "Agricultural Engineering, Agronomy, Bioengineering, Chemical Engineering, Environmental Chemistry, and 2 moreEnvironmental Engineering,Plant Protection and Animal Health", "salary": "N/A", "max_working_hours": "N/A", "employer": "University of Li\u00c3\u00a8ge (ULi\u00c3\u00a8ge)", "job_description": "<div class=\"editor ck-content mt-6 mb-6 mb-md-8 mt-md-8\" id=\"editor\">\n<p><strong>Start date:</strong> 01/10/2022</p><p><i><strong>Vacancy reference:\u00a0</strong></i>GxABT-211215-02</p><h4>Job description\u00a0</h4><p><strong>A position of first</strong> <strong>assistant</strong>, in the field of <strong>Intelligent Monitoring of Metabolites from Plant Resources,</strong> attached to the <strong>Gembloux Agro-Bio\u00a0</strong>Tech Faculty (single department).\u00a0</p><p>Green chemistry is a sector of the chemical sciences, with social, economic and industrial components, aiming to produce new eco-efficient solutions for humankind and society, as partial or total alternatives to conventional fossil resources. Green chemistry is therefore a progressive paradigm shift in the practice of chemical sciences, with a desire to position the environment, safety and human health as pillars for reflection and action. Green chemistry addresses the drivers of development, whether these be in the materials, health or energy sectors, as highlighted in the United Nations\u00e2\u0080\u0099 Agenda 2030 goals. It is also a theme that has been identified as a priority in the European Commission\u00e2\u0080\u0099s agenda (H2020 and BBI), as well as in the Walloon Government\u00e2\u0080\u0099s recovery plan.</p><p><u>Teaching activities</u></p><p>Teaching activities include the coordination and supervision of practical work sessions in chemistry (Master\u00e2\u0080\u0099s level bioengineering or towards the end of the Bachelor\u00e2\u0080\u0099s bioengineering programme in the <i>Chemistry Bio-industries </i>stream), in a balanced way for both the <i>CABS</i> and <i>SMARTECH\u00a0</i>Faculty areas. Teaching will particularly relate to providing support to the practical teaching of the following courses: CHIM0722 <i>(extraction, purification, characterisation of biosourced molecules</i>), CHIM9254-1 and CHIM9254-2 <i>(Practice of natural products chemistry</i>), CHIM9269 <i>(Catalysis</i>) and MICA0008 <i>(Flavour analysis</i>). The successful candidate will also be involved in the supervision of the European Master in Biological and Chemical Engineering for a Sustainable Bioeconomy (<i>BIOCEB</i> ) and the international university\u00a0 European Hub for Essential Oils (EOHUB) certificate. On a more occasional basis, the candidate may back-up the teaching team for Bachelor\u00e2\u0080\u0099s chemistry courses (e.g.: practical part of the CHIM9255 course).</p><p><u>Research Activities</u></p><p>Research activities focus on green chemistry and more particularly the exploitation of primary metabolites by innovative processes for the production of energy, biofuels, energy carriers, new materials, and molecules. This platform is part of ULIEGE\u00e2\u0080\u0099s \u00e2\u0080\u009clocomotive themes\u00e2\u0080\u009d in connection with the Strategic Innovation Areas as validated by the Walloon Government. In addition to primary plant metabolites, numerous uses of which are mentioned above, plants are also an under-exploited source of secondary metabolites, the structural diversity of which opens up equally diverse fields of application. Of these, their use in agronomy meets a strong societal expectation to replace conventional phytosanitary treatments based on chemical synthesis from fossil resources with bio-based products, particularly plant-based products, or new agricultural practices. Secondary plant metabolites, either through their direct biocidal activities, through the stimulation of natural plant defences (e.g. elicitation), or through chemical communication mechanisms (e.g. allelopathy) meet these expectations. Prior to the rational use of these primary and secondary plant metabolites, a detailed characterisation of the plant resource is essential. This is the context for this permanent scientific position.</p><p>The successful candidate will be expected to carry out specific innovative research aimed at developing intelligent monitoring of metabolites in the broad sense (whether primary or secondary) contained in plant resources in relation to the above-mentioned non-food applications.\u00a0</p><p><u>Services to the Community</u></p><p>Community activities include facilitating the scientific aspects associated with setting up a collaborative, unique and synergistic facility to enable the characterisation and monitoring of molecules contained in plant resources with a view to their subsequent use by various teams associated with the<i> FoodIsLife, AgricultureIsLife</i> and <i>ForestIsLife\u00a0</i>Research and Teaching Support Units (CAREs). This support structure will be integrated into the infrastructure of the <i>TERRA</i> Research Unit. The successful candidate will also be involved at the faculty level in activities to promote courses to secondary school pupils and Bachelor\u00e2\u0080\u0099s students looking to study for a Master\u00e2\u0080\u0099s degree at Gembloux Agro-Bio Tech (secondary schools, student fairs, open days, etc.).</p><p>Other community service activities will be determined in consultation with senior staff.</p><h4>Qualifications required / profile</h4><ul><li>Must hold a first degree in agronomic engineering (or chemistry and bioindustries, or be a bioengineer), a Master\u00e2\u0080\u0099s in chemical sciences, or an equivalent university Master\u00e2\u0080\u0099s degree, and should also hold a research Doctorate with experience in the relevant area;</li><li>Must demonstrate recognised scientific experience, both in the field and through publications at international level in the relevant field;</li><li>Must be open-minded to the international world (having completed a scientific stay abroad of at least six months is an advantage);</li><li>Must be a good teacher (teaching experience is an advantage);</li><li>Must demonstrate the ability to work on interdisciplinary themes;</li><li>Must be able to work independently and within a team, using pooled human and material resources within the GxABT facilities, and must have excellent organisational and coordination skills;</li><li>Must be available for a variety of different roles relating to services to the community and public education;</li><li>Master French and English (including writing);</li><li>Must be available for missions abroad;</li><li>Must subscribe to the general quality objectives developed by the University and the faculty;</li><li>Upon appointment, the post holder must sign an agreement on the ownership of any research results.</li></ul><h4>Selection\u00a0procedure</h4><p>An ad hoc Faculty committee will select the candidates to be interviewed, giving reasons for its decisions in the light of the call for applications and the candidates' qualifications and merits. It will then interview the candidates. The committee will submit to the Faculty Council its reasoned proposal for appointment on the basis of the evaluation of the applications and the interviews.\u00a0</p><p>On the basis of the information communicated by the committee and the comparison of the respective publications and merits of the candidates, the Faculty Council shall adopt a reasoned proposal for the appointment or closure of the post, which it transmits to the decision-making bodies of the University of Li\u00c3\u00a8ge.</p><p>Our institutional policy is based on diversity and equal opportunities. We select candidates on the basis of their qualities regardless of age, sexual orientation, origin, beliefs, disability or nationality.</p><h4>Applications</h4><p>Applicants are requested to submit their applications electronically, to the following address:<i>\u00a0</i><a href=\"mailto:Postesscientifiques@uliege.be\">Postesscientifiques@uliege.be</a> with a copy to the <strong>secretariat of the Dean of Gembloux Agro-Bio Tech</strong>: <a href=\"mailto:decanat.gembloux@uliege.be\">decanat.gembloux@uliege.be</a> no later than <strong>31/03/2022</strong>.</p><h4>Documents required:</h4><ul><li>An application (with a cover letter) accompanied by a complete curriculum vitae\u00a0;</li><li>A report on past and current research activities and a research plan, including the envisaged integration within the University of Li\u00c3\u00a8ge;</li><li>A teaching file including a report on any prior teaching activities and a teaching plan;</li><li>A complete list of the candidate\u00e2\u0080\u0099s publications and a copy of the five publications they consider to be most significant in relation to the area in question.\u00a0</li></ul><h4>Recruitment conditions</h4><p>The position shall be assigned either for a fixed term of four years, which may lead to the permanent appointment of the person concerned or on a permanent basis from the outset.</p><h4>Information</h4><p>For any further information, please contact <strong>Professor Fr\u00c3\u00a9d\u00c3\u00a9ric Francis, Dean of the Faculty</strong> \u00e2\u0080\u0093 <a href=\"mailto:doyen.gembloux@uliege.be\">doyen.gembloux@uliege.be</a></p><h4>Remuneration:\u00a0</h4><p>Salary scales and how they are applied are available from the human resources department of the University: <strong>Ms</strong>\u00a0<strong>Ludivine\u00a0Depas</strong>\u00a0\u00e2\u0080\u0093\u00a0tel.: +32\u00a0(0) 4 366\u00a052\u00a004\u00a0\u00e2\u0080\u0093 <a href=\"mailto:Ludivine.Depas@uliege.be\">Ludivine.Depas@uliege.be</a></p>\n</div>", "requirements_description": "N/A", "conditions_description": "N/A", "employer_description": "N/A", "department_description": "N/A", "additional_information": "N/A", "apply_link": "N/A", "employer_link": "N/A", "job_type": "N/A", "logo": "https://content.academicpositions.com/eyJidWNrZXQiOiJhcC1wcm9kdWN0aW9uLW1lZGlhLWFyY2hpdmUiLCJrZXkiOiJjZWJcLzZkMlwvY2ViNmQyM2IxMDg2NjAyMGExZWIwOGQyYjk0MmQ3YTkucG5nIiwiZWRpdHMiOltdfQ=="}