{"url": "https://academicpositions.com/ad/tu-wien/2022/post-doc-position-structural-reorganization-in-nano-porous-4h-sic-layers/173829", "title": "Post\u00e2\u0080\u0090doc Position Structural reorganization in nano\u00e2\u0080\u0090porous 4H\u00e2\u0080\u0090SiC layers", "publish_date": "2022-01-11", "deadline": "2022-02-18", "location": "Karlsplatz 13 Vienna, Austria", "city": "Karlsplatz 13 Vienna", "country": "Austria", "position": "Other Category", "field": "Electrical Engineering, Electrochemistry, Electronics, Materials Chemistry, Materials Engineering, and 3 moreMaterials Physics,Nanotechnology,Optics", "salary": "N/A", "max_working_hours": "N/A", "employer": "TU Wien", "job_description": "N/A", "requirements_description": "N/A", "conditions_description": "N/A", "employer_description": "N/A", "department_description": "N/A", "additional_information": "N/A", "apply_link": "N/A", "employer_link": "N/A", "job_type": "N/A", "logo": "https://content.academicpositions.com/eyJidWNrZXQiOiJhcC1wcm9kdWN0aW9uLW1lZGlhLWFyY2hpdmUiLCJrZXkiOiIzYzVcL2JhMVwvM2M1YmExNWM3MTZmMDcxNjljMWZmNzNmZTZkOWI4YTEucG5nIiwiZWRpdHMiOltdfQ=="}