{"url": "https://academicpositions.com/ad/aix-marseille-universite/2022/three-ilcb-phd-grants/174795", "title": "Three ILCB PhD grants", "publish_date": "2022-02-02", "deadline": "2022-06-10", "location": "Jardin du Pharo 58, bd Charles Livon Marseille, France", "city": "Jardin du Pharo 58", "country": "France", "position": "PhD", "field": "Applied Linguistics, Cognitive Psychology, Neurolinguistics, Neuroscience,", "salary": "N/A", "max_working_hours": "N/A", "employer": "Aix-Marseille Universit\u00c3\u00a9", "job_description": "<div class=\"editor ck-content mt-6 mb-6 mb-md-8 mt-md-8\" id=\"editor\">\n<p><strong>The ILCB offers up to three PhD grants in 2022 on any topic that falls within the area of language, communication and the brain.</strong> The ILCB assembles several top research laboratories in linguistics, psychology, cognitive neuroscience, medicine/neurology, computer science, and mathematics that are located in Aix-en-Provence, Avignon and Marseille (<a href=\"https://www.ilcb.fr/about/partner-laboratories/\" target=\"_blank\">https://www.ilcb.fr/about/partner-laboratories/</a>).</p><p><strong>Each candidate for an ILCB PhD grant must be supervised by at least two members of the ILCB from two different laboratories</strong> with whom the candidate develops a complete PhD project (for an updated list of potential supervisors, see\u00a0<a href=\"https://www.ilcb.fr/potential-supervisors/\" target=\"_blank\">https://www.ilcb.fr/potential-supervisors/</a> or check the ILCB member directory for a list of all members\u00a0<a href=\"https://www.ilcb.fr/members/directory/\" target=\"_blank\">https://www.ilcb.fr/members/directory/</a>). Interdisciplinary projects are preferred.</p><p>Candidates can propose their own PhD project or respond to a pre-proposal made by ILCB members and published on the ILCB site prior to the deadline\u00a0<a href=\"https://www.ilcb.fr/pre-proposals/\" target=\"_blank\">https://www.ilcb.fr/pre-proposals/</a>.</p><p>Note that ILCB PhD students benefit from an excellent research environment that includes free access to neuroimaging and experimental platforms (MRI, MEG, EEG, eye tracking, speech lab, baby lab, virtual reality, primatology\u00e2\u0080\u00a6.), research support from a team of engineers (<a href=\"https://www.ilcb.fr/about/crex/\" target=\"_blank\">https://www.ilcb.fr/about/crex/</a>), scientific activities (PhD program, annual retreats, seminars, workshops), and funding opportunities for experiments, publications, and conferences.</p><p>Further information on the application and selection procedure can be found here\u00a0<a href=\"https://www.ilcb.fr/application-and-selection-procedure-3/\" target=\"_blank\">https://www.ilcb.fr/application-and-selection-procedure-3/</a>.</p><p><strong>The application should contain:</strong></p><ol><li><strong>A full description of the PhD project (~ 5 pages):</strong></li><li><strong>Title</strong></li><li><strong>Name of the PhD supervisor(s)</strong></li><li><strong>Short Summary</strong></li><li><strong>Scientific context/state of the art</strong></li><li><strong>Objectives and hypotheses</strong></li><li><strong>Methodology</strong></li><li><strong>Expected results</strong></li><li><strong>Brief statement about the relevance of the project for the ILCB</strong></li><li><strong>Proposed Timeline</strong></li><li><strong>CV and Master degree grades (if available)</strong></li><li><strong>Letter of motivation</strong></li><li><strong>One letter of recommendation or contact information of a potential referee</strong></li><li><a href=\"https://www.ilcb.fr/wp-content/uploads/2021/04/Supervisor-Information-Sheet.docx\" target=\"_blank\">Supervisor Information and Acceptance Form</a></li></ol><p><strong>Duration: 3 years</strong></p><p><strong>Deadline for submission</strong>:\u00a0June 10, 2022\u00a0</p><p><strong>Selection of candidates for the audition:\u00a0</strong>\u00a0June 20, 2022<br/><strong>Audition</strong>: June 30, 2022</p><p><strong>Start Date</strong>: October 1, 2022<br/><strong>Monthly salary</strong>: 1 975\u00e2\u0082\u00ac (1 541\u00e2\u0082\u00ac net) for a period of 3 years</p><p><strong>How to apply:</strong></p><p><strong>Address for application:</strong>\u00a0<a href=\"https://applications.ilcb.fr/phd-grant/\" target=\"_blank\">https://applications.ilcb.fr/phd-grant/</a></p><p><strong>Applications should be sent to:</strong>\u00a0<a href=\"mailto:contact@blri.fr\">nadera.bureau@univ-amu.fr</a></p><p><strong>For complementary information please contact:\u00a0</strong><a href=\"mailto:Johannes.Ziegler@univ-amu.fr\">Johannes.Ziegler@univ-amu.fr</a></p>\n</div>", "requirements_description": "N/A", "conditions_description": "N/A", "employer_description": "N/A", "department_description": "N/A", "additional_information": "N/A", "apply_link": "N/A", "employer_link": "N/A", "job_type": "N/A", "logo": "https://content.academicpositions.com/eyJidWNrZXQiOiJhcC1wcm9kdWN0aW9uLW1lZGlhLWFyY2hpdmUiLCJrZXkiOiIxNzZcLzFlY1wvMTc2MWVjMWYwZGFkNGU2MmViMDllZDk2NzNkMjQ5YzQucG5nIiwiZWRpdHMiOltdfQ=="}