{"url": "https://academicpositions.com/ad/american-university-of-iraq-baghdad/2022/manager-core-tox-applied-toxicology-laboratory/174814", "title": "Manager CORE-TOX (Applied Toxicology Laboratory)", "publish_date": "2022-02-02", "deadline": "N/A", "location": "Airport Road Baghdad, Iraq", "city": "Airport Road Baghdad", "country": "Iraq", "position": "Management", "field": "Analytical Chemistry, Biochemistry, Clinical Sciences, Forensic Science, Medicinal Chemistry, and 1 moreToxicology", "salary": "N/A", "max_working_hours": "N/A", "employer": "American University of Iraq - Baghdad", "job_description": "<div class=\"editor ck-content mt-6 mb-6 mb-md-8 mt-md-8\" id=\"editor\">\n<p><strong>College of Pharmacy</strong></p><p><strong>Why the American University of Iraq \u00e2\u0080\u0093 Baghdad?</strong></p><p>Opening its doors in January of 2021, the new American University of Iraq \u00e2\u0080\u0093 Baghdad (AUIB) began as a dream of influential individuals in Iraqi and the United States business, industry and government who want to see a world-class institution of higher learning established in the city, reminiscent of the days when Baghdad was an educational mecca and flourishing capital of the Muslim world.\u00a0 With a great library, palatial college buildings and student centers, state-of-the-art classrooms, laboratories, and athletic facilities, AUIB will be a beautiful campus attracting students, faculty, and staff from throughout the world.\u00a0 We invite you to join us in this exciting new venture.</p><p>We invite applications and nominations for the position of:</p><p><strong>Manager CORE-TOX (Applied Toxicology Laboratory)</strong></p><p>This position will report directly to\u00a0the <strong>Dean of the College of Pharmacy</strong></p><p><strong>Job description, duties, and responsibilities:</strong></p><ul><li>Performance of applied toxicology testing including Clinical Analysis, Neonatal Screening, Workplace Chemical Exposure, Comprehensive Screening for Drugs &amp; Toxins, Therapeutic Drug Level Monitoring, Bioequivalence &amp; Bioavailability, Drug Quality Control, Food Chemistry, Environmental Analysis, Forensic Chemistry, etc.</li><li>Management of the daily laboratory operation including staff, supplies and expenses.</li><li>Working with the Quality Assurance Manager to achieve and maintain laboratory accreditation under ISO/IEC 17025, ISO 15189, and relevant certifications.</li><li>Planning, budgeting, and staffing and resources for current and future operations.</li><li>Negotiate contracts relating to maintenance of instruments, safety and waste disposal and other related activities contracts.</li><li>Implement, verify, and validate novel applied toxicology testing protocols.</li><li>Ensure evolving practices in the various applications of the facility.</li><li>Be involved in academic, continuous education (CE), and research including patent and/or manuscript drafting and submission.</li><li>Develop professional relationships ensuring smooth cooperation with manufacturers, suppliers, academia, and other partners and maintain continuous improvement of facility staff.</li><li>Problem solving of all issues that occur in high throughput applied toxicology testing laboratories.</li><li>Assist the COP dean with the coordination of work between CORE-TOX, other colleges and departments and programs and external partners.</li><li>Other related duties as assigned.</li></ul><p><strong>Qualifications:</strong></p><ul><li>Master\u00e2\u0080\u0099s degree or higher in Toxicology, Analytical Chemistry, Biochemistry, or a related field.</li><li>A minimum of 5 to 10 years of relevant professional experience in applied toxicology method development in various matrices, testing and services.</li><li>Proven leadership and management experience.</li><li>Excellent written and spoken English language skills at a level consistent with high profile publications and professional communication.</li><li>Ability to coordinate closely and effectively with AUIB healthcare-related colleges, as well as subordinate staff in a complex and dynamic institutional mission.</li><li>Excellent organization and multi-tasking skills, and the ability to maintain production levels while driving innovation.</li><li>Exceptional positive and compelling attitude and demonstration of professionalism, teamwork, flexibility, and working under pressure.</li><li>Proven ability to interact positively with colleagues from various backgrounds.</li><li>Professional mastering of Microsoft Office applications and substantial knowledge of computer literacy including software and hardware.</li><li>Willingness to work flexible hours including late evenings and weekends.</li></ul><p><strong>Application Procedure:\u00a0</strong></p><p>Applications should include:</p><ul><li><strong>Cover Letter</strong></li><li><strong>Curriculum Vita</strong></li><li><strong>Passport First Data Page</strong></li><li><strong>Contact Information For Three (3) Professional References</strong></li><li><strong>Copies Of Degrees Or Certification</strong></li></ul><p>Applications will be accepted until the position is filled. Confidential review of materials and screening of candidates will begin immediately.\u00a0</p><p>Please apply through AUIB website OR send your application and supporting documents to the following email address:</p><p><a href=\"mailto:jobs@auib.edu.iq\">jobs@auib.edu.iq</a>\u00a0with\u00a0<a href=\"mailto:Karin.Jesuis@auib.edu.iq\">Karin.Jesuis@auib.edu.iq</a>\u00a0in copy.<strong>\u00a0</strong></p><p><strong>A declaration of a relation at AUIB is obligatory</strong></p><p><strong>We will contact you if you are selected for interview.</strong></p><p><i>AUIB is seeking to diversify its workforce and actively encourages candidates of all backgrounds to apply. AUIB especially welcomes applications from native English speaking\u00a0candidates and those with academic qualifications obtained in Europe and North America.\u00a0</i></p>\n</div>", "requirements_description": "N/A", "conditions_description": "N/A", "employer_description": "N/A", "department_description": "N/A", "additional_information": "N/A", "apply_link": "N/A", "employer_link": "N/A", "job_type": "N/A", "logo": "https://content.academicpositions.com/eyJidWNrZXQiOiJhcC1wcm9kdWN0aW9uLW1lZGlhLWFyY2hpdmUiLCJrZXkiOiJ1cGxvYWRzXC9pNGszZzI0c3NUb0VuOFpCbG8zVDI3Wm5TRU1RdXppU2hLRFdTdGVkLmpwZyIsImVkaXRzIjpbXX0="}