{"url": "https://academicpositions.com/ad/norwegian-university-of-science-and-technology/2022/postdoc-within-molecular-imprinting-polymer-mip-and-nanomaterials-for-sensing-applications/174413", "title": "Postdoc within Molecular Imprinting Polymer (MIP) and Nanomaterials for Sensing Applications", "publish_date": "2022-01-25", "deadline": "2022-02-28", "location": "H\u00c3\u00b8gskoleringen 1 Trondheim, Norway", "city": "H\u00c3\u00b8gskoleringen 1 Trondheim", "country": "Norway", "position": "Postdoc", "field": "Biotechnology, Materials Chemistry, Nanochemistry, Nanotechnology, Polymer Chemistry, and 1 moreSurface Chemistry", "salary": "N/A", "max_working_hours": "N/A", "employer": "Norwegian University of Science and Technology (NTNU)", "job_description": "<div class=\"editor ck-content mt-6 mb-6 mb-md-8 mt-md-8\" id=\"editor\">\n<h3>This is NTNU</h3><p>NTNU is a broad-based university with a\u00a0technical-scientific profile and a focus\u00a0in professional education. The university is located in three cities with headquarters in Trondheim.</p><p>At NTNU, 9,000 employees and 42,000 students work to create knowledge for a better world.</p><p>You can find more information about working at NTNU and the application process <a href=\"https://www.ntnu.edu/positions/job-application-process\" target=\"_blank\"><u>here</u></a>.</p><h2>About the position\u00a0</h2><p>We have a vacancy for a Postdoc position in Molecular Imprinting Polymer (MIP) and Nanomaterials for Sensing Applications at the department of manufacturing and civil engineering at NTNU. The Postdoc candidate will design and synthesis MIPs for selective sensing of different Volatile Organic Compound (VOC) gases. The candidate will also develop 2D transduction nanomaterials using e.g., MXene or graphene, including their or nanohybrids.\u00a0\u00a0</p><p>The position is part of a research project financed by the Research Council of Norway. The successful Postdoc candidate will work on designing and synthesizing different MIPs and 2D nanomaterials, and will work closely with other researchers who are designing electrical circuit of the sensing devices. \u00a0\u00a0\u00a0</p><p>The candidate will report to the Head of department.</p><h2>Duties of the position</h2><ul><li>Design and synthesis of MIPs for selective sensing of different VOC gases.</li><li>Develop/synthesis of 2D transduction nanomaterials using e.g., MXene or graphene, including their or nanohybrids.</li><li>Deposition of the MIPs and transduction 2D nanomaterials on sensor surfaces (which are hydrophobic).</li></ul><h2>Required\u00a0selection\u00a0criteria</h2><ul><li>PhD in Chemistry, Biotechnology, Material Science, or related field.</li><li>Experience with design and synthesis of MIP.</li><li>Experience with 2D nanomaterials for sensing applications.</li><li>Hand-on lab experience on different deposition techniques.</li></ul><p>You must have completed a Norwegian doctoral degree or corresponding foreign doctoral degree recognized as equivalent to a Norwegian\u00a0PhD\u00a0</p><p>The appointment is to be made in accordance with the regulations in force concerning State Employees and Civil Servants and\u00a0<a href=\"https://lovdata.no/dokument/SF/forskrift/2006-01-31-102\" target=\"_blank\"><u>national guidelines for appointment as PhD, post doctor and research\u00a0assistant\u00a0</u></a>\u00a0</p><h2>Preferred selection criteria</h2><ul><li>Good publication record in MIPs and 2D nanomaterials for sensing applications.</li><li>Experience in research project works.</li><li>Good written and oral English proficiency.</li><li>Knowledge and experience in sensors and sensor systems.</li></ul><h2>Personal characteristics</h2><ul><li>Teamwork-oriented</li><li>Inventiveness</li><li>Proactive and initiative taker</li><li>Creative</li><li>Self-driven</li></ul><h2>We\u00a0offer\u00a0</h2><ul><li>exciting and stimulating tasks in a strong international\u00e2\u0080\u00afacademic\u00a0environment</li><li>an open and\u00e2\u0080\u00afinclusive work environment\u00a0with dedicated colleagues</li><li>favourable terms in the\u00a0<a href=\"https://www.spk.no/en/\" target=\"_blank\"><u>Norwegian Public Service Pension Fund\u00a0</u></a></li><li><a href=\"https://innsida.ntnu.no/wiki/-/wiki/English/Benefits+and+discounts\" target=\"_blank\"><u>employee benefits\u00a0</u></a></li></ul><h2>Salary and conditions</h2><p>As a\u00a0Postdoctoral Fellow\u00a0(code 1352) you are\u00a0normally\u00a0paid\u00a0from\u00a0gross NOK\u00a0545\u00e2\u0080\u00af300\u00a0per annum before tax, depending on qualifications and seniority.\u00a0From the salary, 2% is deducted as a contribution to the Norwegian Public Service Pension Fund.\u00a0</p><p>The period of employment is 2 years but can be extended further depending on the achieved results/performance. Appointment to a Postdoctoral position requires the candidate holds a PhD degree or have already submitted the PhD thesis for evaluation (conditioned the candidate successfully defends his/her PhD thesis within 5 months). Appointment takes place on the terms that apply to State employees at any time, and after the appointment, you must assume that there may be changes in the area of work.</p><p>The engagement is to be made in accordance with the regulations in force concerning State Employees and Civil Servants, and the acts relating to Control of the Export of Strategic Goods, Services and Technology. Candidates who by assessment of the application and attachment are seen to conflict with the\u00a0criteria\u00a0in the latter law will be prohibited from recruitment to NTNU. After the appointment you must assume that there may be changes in the area of work.\u00a0</p><p>The\u00a0position\u00a0is\u00a0subject\u00a0to\u00a0external\u00a0funding.\u00a0</p><p>It is a prerequisite you can be present at and accessible to the institution\u00a0on a daily basis.\u00a0</p><h2>About the application\u00a0</h2><p>The application and supporting documentation to be used as the basis for the assessment must be in English</p><p>Publications and other scientific work must follow the application. Please note that applications are only evaluated based on the information available on the application deadline. You should ensure that your application shows clearly how your skills and experience meet the criteria which are set out above.</p><p>The application must include:</p><ul><li>CV, certificates, diplomas and transcripts for MSc and PhD studies (original official documents with English translation)</li><li>Cover letter with short presentation of the motivation for the position, and how the application sees his/her background suitable for the position.</li><li>Academic works - published or unpublished - that you would like to be considered in the assessment</li><li>Name and address of three referees</li></ul><p>If all,\u00a0or parts,\u00a0of your education has been taken abroad, we also ask you to attach documentation of the scope and quality of your entire education.\u00a0Description of the documentation required can be\u00a0found\u00a0here. If you already have a statement from NOKUT,\u00a0please\u00a0attach\u00a0this\u00a0as well.\u00a0<br/>\u00a0<br/>Joint works will be considered. If it is difficult to identify your contribution to joint works, you must attach a brief description of your participation.\u00a0</p><p>In the evaluation of which candidate is best qualified, emphasis will be placed on education, experience\u00a0and personal and interpersonal\u00a0qualities.\u00a0Motivation,\u00a0ambitions,\u00a0and potential will also count\u00a0in the assessment of\u00a0the candidates.\u00a0</p><p>NTNU is committed to following evaluation criteria for research quality according to\u00a0<a href=\"https://www.ascb.org/wp-content/uploads/2017/07/sfdora.pdf\" target=\"_blank\"><u>The San Francisco Declaration on Research Assessment - DORA.\u00a0</u></a></p><h2>General information\u00a0</h2><p><a href=\"https://www.ntnu.edu/positions/working-at-ntnu\" target=\"_blank\"><u>Working at NTNU\u00a0</u></a><br/>\u00a0<br/>A good work environment is characterized by diversity. We encourage qualified candidates to apply, regardless of their gender, functional capacity or cultural background.\u00a0\u00a0</p><p><strong>The city of Gj\u00c3\u00b8vik\u00a0has a population of 30 000 and is a town known for its rich music and cultural\u00a0life.\u00a0</strong>The beautiful nature surrounding the city is ideal for an active outdoor life! The Norwegian welfare\u00a0state, including healthcare, schools, kindergartens and overall equality, is probably the best of its kind in the world.\u00a0</p><p>As an employee\u00e2\u0080\u00afat\u00e2\u0080\u00afNTNU, you must\u00a0at all times\u00a0adhere to the changes that the development in the subject entails and the organizational changes that are adopted.\u00a0</p><p>Information Act (Offentleglova), your name, age, position and municipality may be made public even if you have requested not to have your name entered on the list of applicants.\u00a0</p><p>If you have any questions about the position, please contact Prof. Michael Cheffena, telephone +4761135294, email Michael.cheffena@ntnu.no.<br/>Please submit your application electronically via jobbnorge.no with your CV, diplomas and certificates. Applications submitted elsewhere will not be considered. Diploma Supplement is required to attach for European Master Diplomas outside Norway. Chinese applicants are required to provide confirmation of Master Diploma from\u00a0<a href=\"https://www.chsi.com.cn/en/\" target=\"_blank\"><u>China Credentials Verification (CHSI)</u></a>.\u00a0\u00a0</p><p>If you are invited for interview you must include certified copies of\u00a0transcripts and reference letters.\u00a0</p><p><strong>Application deadline: 28.02.2022</strong></p>\n</div>", "requirements_description": "N/A", "conditions_description": "N/A", "employer_description": "N/A", "department_description": "N/A", "additional_information": "N/A", "apply_link": "N/A", "employer_link": "N/A", "job_type": "N/A", "logo": "https://content.academicpositions.com/eyJidWNrZXQiOiJhcC1wcm9kdWN0aW9uLW1lZGlhLWFyY2hpdmUiLCJrZXkiOiIyMmJcLzBkYlwvMjJiMGRiNWUzOWUwNjA2YzMzYzkxYmMxYzg4YzA3YTkucG5nIiwiZWRpdHMiOltdfQ=="}