{"url": "https://academicpositions.com/ad/universite-libre-de-bruxelles/2022/full-time-research-logistic-collaborator-in-european-studies/174253", "title": "Full-time Research Logistic Collaborator in European Studies - INSTITUT D\u00e2\u0080\u0099\u00c3\u0089TUDES EUROP\u00c3\u0089ENNES", "publish_date": "2022-01-20", "deadline": "2022-02-19", "location": "Avenue Franklin Roosevelt 50 Brussels, Belgium", "city": "Avenue Franklin Roosevelt 50 Brussels", "country": "Belgium", "position": "Researcher", "field": "Economic History, European Law, International Relations, Logistics, Political Economy, and 1 moreProject Management", "salary": "N/A", "max_working_hours": "N/A", "employer": "Universit\u00c3\u00a9 libre de Bruxelles (ULB)", "job_description": "<div class=\"editor ck-content mt-6 mb-6 mb-md-8 mt-md-8\" id=\"editor\">\n<p><img src=\"https://ap-production-media-archive.s3.eu-north-1.amazonaws.com/uploads/2YCZnRIpy1jsiJvqUlBb1Gcp8hp201tsjn2ER7Wc.png\"/> <img class=\"image_resized\" src=\"https://ap-production-media-archive.s3.eu-north-1.amazonaws.com/uploads/Zj9nhrOUrfEtW4b9fWL49v4ZbDsnlyvM5YtBtpkg.png\" style=\"width:18.73%;\"/></p><p><strong>SUBJECT TO THE APPROVAL BY THE ACADEMIC BOARD OF 31 JANUARY 2022\u00a0</strong></p><p>Reference:\u00a02022/S015\u00a0</p><p>Last date to submit your candidacy:\u00a019/02/2022\u00a0<br/>Start date: 01/03/2022 at the earliest</p><h2>Job description</h2><p>The research logistic collaborator is responsible for the implementation of research projects, including advising, supervising and controlling the conduct of scientific activities and experiments, and for the maintenance and use of advanced scientific equipment.</p><p>This mandate is granted for an initial term of 1 year; at the end of these 1 year, the mandate may be renewed for a further term of 1 year.\u00a0 If the Commission considers it appropriate, the person concerned may then be given a permanent appointment.</p><h2>Position description</h2><p>The\u00a0IEE-ULB is looking for a full-time Research logistic collaborator.\u00a0</p><p>The initial offer is\u00a0for a one-year term, which is renewable\u00a0following positive evaluation and\u00a0approval of\u00a0the IEE\u00a0competent authorities.\u00a0</p><p>The Research logistic collaborator contributes to the development of the IEE\u00e2\u0080\u0099s research agenda by supporting its affiliated members to\u00a0 develop and\u00a0implement\u00a0 interdisciplinary and collective\u00a0research projects. He/she is particularly responsible for advising, supervising, and\u00a0reporting on the execution of scientific activities and experiences.</p><p>As a Jean Monnet Center of Excellence, the IEE-ULB is recognized for its expertise in European Studies. The IEE-ULB carries out its own interdisciplinary research projects. At the same time, it promotes the work of its affiliated members on European issues within\u00a0the\u00a0<a href=\"https://www.iee-ulb.eu/en/research-iee/research-iee/\" target=\"_blank\">associated research units and centers</a> of its three partner faculties (the Faculty of Philosophy and Social Sciences,\u00a0the Faculty of Law and Criminology, The Solvay Brussels School of Economics and Management).\u00a0 The IEE-ULB develops an interdisciplinary research agenda established by the\u00a0Institute\u00e2\u0080\u0099s Research Committee. The current agenda is based on four<a href=\"https://www.iee-ulb.eu/en/research-iee/research-themes/\" target=\"_blank\"> research themes</a> that are articulated around political sciences, law, economics, history, values and global interactions: Europe as an area of freedom, security and justice, Europe as an area of economic and social regulation, Europe as a community of norms and values and Europe in the world.</p><h2>Position\u00a0mission</h2><h3>The IEE research logistic collaborator\u00a0will fulfil\u00a0the following threefold mission:</h3><p>1\u00c2\u00b0\u00a0<strong>Contribute to the coordination of the IEE\u00e2\u0080\u0099s research and scientific activities under the direction of the IEE\u00a0Presidency</strong>, including\u00a0by:</p><ul><li>Providing support in the organization of\u00a0the IEE\u00e2\u0080\u0099s events (e.g.,\u00a0conferences, symposiums, seminars, book talks, cultural events).</li><li>Setting-up new research collaborations (inside and outside ULB) and strengthening existing ones.</li><li>Responding to inquiries and proposals for collaborations from institutions and organizations outside ULB, in consultation with the IEE authorities</li><li>Manage applications from academics and researchers interested in doing a research stay at the IEE-ULB (e.g., responding to inquiries, preparing applications files for presentation at the IEE Research Committee, announcing arrival of new visiting researchers on the IEE blog)</li></ul><p><strong>2\u00c2\u00b0 Support the IEE team and the IEE affiliates in their efforts to secure funding for collective projects,</strong> including by:</p><ul><li>Providing\u00a0support in the\u00a0development of\u00a0new projects and in searching for\u00a0funding (ULB, national, European, and international), as adapted to their needs.</li><li>Assisting IEE affiliated members in developing collective interdisciplinary projects during calls for proposals issued by European/national/International institutions, and in the management of the agenda and deadlines of these tasks.</li><li>Following-up on the management of secured funding (e.g., contribute to\u00a0activity reports, budgeting, etc.).</li><li>Providing guidance and assistance for writing projects\u00a0and funding applications\u00a0in English and French.</li><li>Helping team members to\u00a0interpret legal\u00a0and regulatory texts pertaining to the research policy of the ULB.</li></ul><p><strong>3\u00c2\u00b0 Contribute to the dissemination and the valorisation of the research carried out at the IEE but also, more broadly, by the affiliated members of the IEE,\u00a0</strong>include:</p><ul><li>Logistical guidance in the implementation of projects.</li><li>Managing the communication and valorisation of research efforts\u00a0 under the supervision of the IEE authorities.</li><li>Updating the IEE website based on the research done at the IEE (e.g., affiliations, publications, blog contributions, project mini-sites).</li><li>Contributing to the IEE\u00e2\u0080\u0099s annual activity report (research sections).</li><li>Supporting teams in the process of collective productions.</li><li>Coordinating the activities of the IEE Research Committee in close collaboration with the IEE Presidency (develop the agenda, report writing, communication with the IEE affiliates).</li></ul><h2>Qualifications required\u00a0:</h2><p>Candidates must have both:</p><ul><li>A\u00a0Master\u00e2\u0080\u0099s Degree (120 credits), or Advanced Master\u00e2\u0080\u0099s Degree, with a\u00a0focus\u00a0on European Studies (European law, political science, history, or economy), and</li><li>A doctoral thesis in one of the above disciplines with a focus\u00a0on European Studies. PhD candidates who will have obtained their degree by the beginning of the contract may apply.</li></ul><h2>Required skills</h2><p>Candidates must:</p><ul><li>Have at least three years of experience in research within the field of humanities and social sciences, with a focus on European studies.</li><li>Be familiar with interdisciplinary research in European studies</li><li>Master English and French, both oral and written. The functional knowledge of other languages is useful but not mandatory.</li><li>Have experience in the following cumulative areas:<ul><li>Familiarity with\u00a0the main donors and terms and conditions of applying for funding for research (on national, European, and international levels).</li><li>Writing research and project reports.</li><li>Editing and publishing methods.</li><li>Valorising and disseminating research</li><li>Operating as a part of a research team.</li><li>Additional competences that are particularly useful and considered an asset include:</li></ul></li><li>Graphic design and IT skills.</li><li>A good understanding of the functioning of research institutions (both Belgian and international) and the administrative and budgetary processes.</li><li>Knowledge of the structure and functioning of the IEE-ULB and the ULB/ability to get familiarised with the functioning of the ULB</li><li>Ability to carry out various tasks and to participate in multiple dialogues.</li><li>Ability to work well in team as well as independently.</li><li>An acute sense of organization.</li></ul><h2>Interested\u00a0?</h2><h2>Application procedure\u00a0</h2><p>*Additional information can be received by contacting Prof.\u00a0Ramona Coman (telephone:\u00a0<a href=\"tel://3226504215\">+32 (0)2 650 42 15</a>\u00a0\u00a0\u00e2\u0080\u0093 e-mail:\u00a0<a href=\"mailto:Ramona.Coman@ulb.be\">Ramona.Coman@ulb.be</a>)</p><p>Candidates are invited to submit their application in one\u00a0email sent jointly to the\u00a0Rector of the Universit\u00c3\u00a9 libre de Bruxelles (<a href=\"mailto:rectrice@ulb.be\">rectrice@ulb.be</a>)\u00a0<strong>and</strong> the Institute\u00e2\u0080\u0099s\u00a0President\u00a0(<a href=\"mailto:Ramona.Coman@ulb.be\">Ramona.Coman@ulb.be</a>)\u00a0and Communication Director (<a href=\"mailto:Maria-Isabel.Soldevila.Brea@ulb.be\">Maria-Isabel Soldevila Brea)</a>.</p><p><strong>Application files must include in a single document the following information in English:</strong></p><ul><li>A detailed Curriculum Vitae, including a publications list</li></ul><ol><li><i>You may choose to complete a standard form via our website at</i>\u00a0<a href=\"https://www.ulb.be/fr/documents-officiels/completer-votre-cv-en-ligne\" target=\"_blank\">https://www.ulb.be/fr/documents-officiels/completer-votre-cv-en-ligne</a><i>.\u00a0 Once completed, it must be downloaded and attached to the application file.</i></li></ol><ul><li>A motivation letter of two pages maximum</li><li>A report on the research projects (past and ongoing) the candidate has been involved in as well as plans for integration into the IEE-ULB\u00e2\u0080\u0099s research team/themes.</li><li>The names and e-mail addresses of three professional references (who may be contacted by those evaluating applications to ensure a balanced analysis.\u00a0These referees should not have conflicts of interest because of family or emotional ties.</li></ul><h2>Equal opportunity policy</h2><p>ULB's personnel policy is based on diversity and equal opportunity.</p><p>We recruit candidates on the basis of their skills, regardless of their age, gender, sexual orientation, origin, nationality, beliefs, disability, etc.</p><p>Would you like to be provided with reasonable accommodation in the selection procedure because of a disability, disorder, or illness?\u00a0 Please contact Marie Botty, the person in charge of diversity aspects for the academic and scientific staff (<a href=\"mailto:marie.botty@ulb.be\">marie.botty@ulb.be</a><u>)</u>. Be assured of the confidentiality of this information.</p><p>More details on the ULB gender and diversity policy are available at\u00a0<a href=\"https://www.ulb.be/en/about-ulb/gender-equality-at-ulb\" target=\"_blank\">https://www.ulb.be/en/about-ulb/gender-equality-at-ulb</a>.\u00a0</p><p>You can find the full set of career provisions for the scientific staff on our website at\u00a0<br/><a href=\"http://www.ulb.ac.be/emploi/academique.html\" target=\"_blank\">http://www.ulb.ac.be/emploi/academique.html</a>\u00a0</p>\n</div>", "requirements_description": "N/A", "conditions_description": "N/A", "employer_description": "N/A", "department_description": "N/A", "additional_information": "N/A", "apply_link": "N/A", "employer_link": "N/A", "job_type": "N/A", "logo": "https://content.academicpositions.com/eyJidWNrZXQiOiJhcC1wcm9kdWN0aW9uLW1lZGlhLWFyY2hpdmUiLCJrZXkiOiIyMDE0XC8wMVwvdWxiLWxvZ28ucG5nIiwiZWRpdHMiOltdfQ=="}