{"url": "https://academicpositions.com/ad/gottfried-wilhelm-leibniz-universitat-hannover/2021/research-assistant-m-f-d-quantum-dynamics-and-attosecond-physics/173141", "title": "Research Assistant (m/f/d) - Quantum dynamics and attosecond physics", "publish_date": "2021-12-20", "deadline": "2022-02-28", "location": "Welfengarten 1B Hanover, Germany", "city": "Welfengarten 1B Hanover", "country": "Germany", "position": "Research Assistant", "field": "Atomic, Molecular and Optical Physics, Optics, Quantum Physics, Theoretical Physics,", "salary": "N/A", "max_working_hours": "N/A", "employer": "Gottfried Wilhelm Leibniz Universit\u00c3\u00a4t Hannover", "job_description": "<div class=\"editor ck-content mt-6 mb-6 mb-md-8 mt-md-8\" id=\"editor\">\n<h4>\u00a0 \u00a0 \u00a0 \u00a0 \u00a0 \u00a0 \u00a0 \u00a0 \u00a0 \u00a0 \u00a0 \u00a0 \u00a0 \u00a0 \u00a0 \u00a0 \u00a0 \u00a0 \u00a0 \u00a0 \u00a0 \u00a0 \u00a0 \u00a0(Salary Scale 13 TV-L, 75 %)</h4><p>The Institute of Theoretical Physics invites applications for the position of a Research Assistant (m/f/d) - Quantum dynamics and attosecond physics (Salary Scale 13 TV-L, 75 %) starting on the next possible date. The position is limited to 3\u00a0years.</p><p><strong>Responsibilities</strong></p><p>The position implies the opportunity for a PhD thesis in theoretical physics. Responsibilities include research in quantum dynamics and attosecond physics. This involves modelling and numerical simulations of light-matter interaction in atoms, molecules and solids. Furthermore, the position involves moderate teaching duties in the theoretical-physics course programme.</p><p>More information about the institute is available at: <a href=\"https://www.itp.uni-hannover.de/en\" target=\"_blank\">www.itp.uni-hannover.de/en</a></p><p><strong>Conditions of appointment</strong></p><p>To qualify for the position, applicants should hold a scientific university degree (Master) in physics or a related field. In addition, experience in quantum dynamics and skills in scientific programming are desirable.</p><p>The university aims to promote equality between women and men. For this purpose, the university strives to reduce under-representation in areas where a certain gender is under-represented. Women are under-represented in the salary scale of the advertised position. Therefore, qualified women are encouraged to apply. Moreover, we welcome applications from qualified men. Preference will be given to equally-qualified applicants with disabilities.</p><p>Please submit your application with supporting documents by <strong>28 February 2022</strong> in electronic form to</p><p>Email: <a href=\"javascript:linkTo_UnCryptMailto('nbjmup+mfjoAjuq\\/voj.iboopwfs\\/ef');\"><strong>lein@itp.uni-hannover.de</strong></a>\u00a0\u00a0</p><p>or via postal mail to:</p><p><strong>Gottfried Wilhelm Leibniz Universit\u00c3\u00a4t Hannover</strong><br/>Institut f\u00c3\u00bcr Theoretische Physik<br/>Prof. Dr. Manfred Lein<br/>Appelstr. 2, 30167 Hannover<br/>GERMANY</p><p>For further information, please contact Prof. Dr. Manfred Lein (Phone: +49 511 762-3291 or Email: <a href=\"javascript:linkTo_UnCryptMailto('nbjmup+mfjoAjuq\\/voj.iboopwfs\\/ef');\"><strong>lein@itp.uni-hannover.de</strong></a>).</p><p>Information on the collection of personal data according to article 13 GDPR can be found at <a href=\"https://www.uni-hannover.de/en/datenschutzhinweis-bewerbungen/\" target=\"_blank\"><strong>https://www.uni-hannover.de/en/datenschutzhinweis-bewerbungen/</strong></a>.\u00a0\u00a0\u00a0</p>\n</div>", "requirements_description": "N/A", "conditions_description": "N/A", "employer_description": "N/A", "department_description": "N/A", "additional_information": "N/A", "apply_link": "N/A", "employer_link": "N/A", "job_type": "N/A", "logo": "https://content.academicpositions.com/eyJidWNrZXQiOiJhcC1wcm9kdWN0aW9uLW1lZGlhLWFyY2hpdmUiLCJrZXkiOiIyMDEzXC8wNlwvR290dGZyaWVkTG9nby5wbmciLCJlZGl0cyI6W119"}