{"url": "https://academicpositions.com/ad/telecom-paris/2022/full-professor-in-cybersecurity-f-h-at-t-l-com-paris-cdi/175237", "title": "Full Professor in Cybersecurity (F/H) at T\u00c3\u00a9l\u00c3\u00a9com Paris - CDI", "publish_date": "2022-02-15", "deadline": "2022-04-18", "location": "19 place Marguerite Perey Palaiseau, France", "city": "19 place Marguerite Perey Palaiseau", "country": "France", "position": "Full Professor", "field": "Algorithms, Artificial Intelligence, Computer Communications (Networks), Cyber Security, Distributed Computing, and 3 moreInformation Science,Information Systems (Business Informatics),Machine Learning", "salary": "N/A", "max_working_hours": "N/A", "employer": "T\u00c3\u00a9l\u00c3\u00a9com Paris", "job_description": "<div class=\"editor ck-content mt-6 mb-6 mb-md-8 mt-md-8\" id=\"editor\">\n<p>T\u00c3\u00a9l\u00c3\u00a9com Paris, a school of the IMT (Institut Mines-T\u00c3\u00a9l\u00c3\u00a9com) and a founding member of the Institut Polytechnique de Paris, is one of the top 5 French general engineering schools. An institution on a \"human scale\" but with a strong international component, T\u00c3\u00a9l\u00c3\u00a9com Paris is recognized for its proximity to companies. This public school guarantees excellent employability in all sectors and is the leading engineering school for the entire digital vertical (from hardware layers to uses).</p><p>With its excellent teaching and innovative pedagogy, T\u00c3\u00a9l\u00c3\u00a9com Paris is at the heart of a unique innovation ecosystem, based on interaction and the importance of project mode in its training on the one hand, and its interdisciplinary research on the other. Its teacher-researchers are affiliated with two research laboratories: on the one hand, the LTCI laboratory, which is presented by the HCERES as a flagship unit in the field of digital sciences with remarkable international influence; and on the other hand, the i3 laboratory, Interdisciplinary Institute of Innovation (I3 - UMR 9217 of the CNRS), which pursues a multidisciplinary research program focused on innovation in the framework of a collaboration with the \u00c3\u0089cole Polytechnique and Mines ParisTech</p><p>Based in Palaiseau, at the heart of the Institut Polytechnique campus alongside the \u00c3\u0089cole Polytechnique, ENSTA, T\u00c3\u00a9l\u00c3\u00a9com Sud Paris and ENSAE, T\u00c3\u00a9l\u00c3\u00a9com Paris also has an incubator based in Paris at the heart of the French start-up ecosystem.</p><p>T\u00c3\u00a9l\u00c3\u00a9com Paris is positioned as an open-air laboratory for all the major technological and societal challenges: artificial intelligence, quantum computing, IOT, cybersecurity, large-scale digital equipment (Cloud), 5G/6G, Green IT.</p><p><strong>SCIENTIFIC CONTEXT</strong></p><p>With the deployment of new digital technologies (networks, cloud computing, internet of things, data storage and distribution\u00e2\u0080\u00a6), the need to master the complexity and security of large digital infrastructures is constantly growing. Communication networks, digital infrastructures, algorithms, and data offer an increasingly large surface for exposure to cyber attacks. The risks, in terms of cybersecurity, are becoming more and more numerous, with an impact on our societies that goes as far as questioning our sovereignty.</p><p>Given the intense activity around this theme and its growth in the future, the C2 team of the INFRES department needs to strengthen itself through the recruitment of a cybersecurity professor capable of coordinating expertise in this field with many others teams such as ACES and RMS at INFRES; SSH at COMELEC; the SES department; and with other IPP teams in this field: at TSP (R3S), Ecole Polytechnique (PETRUS, TRIBE, GRACE), and Ensta.</p><p>In research, the team wishes to develop advanced techniques on the modelization and design of secure architectures in different types of systems and in particular on new network architectures (5G, edge, mobile computing, etc.). This motivation is linked to the nature of the projects and Chairs in which the team participates. The team also wishes to address issues of personal data protection (privacy) in the context of several areas: IoT, Cloud, 5G, intelligent transport systems. The team also needs to take into account technologies like machine learning, virtualization or distributed ledger technologies.</p><p>On the teaching's side, the C2 team needs a professor to coordinate and participate in the design of courses in the field of cybersecurity of digital infrastructures (networks and computer systems, for example the cloud, radio communications, vehicular networks, etc).</p><p>The development of industrial and academic partnerships and collaborative projects is also an important motivation. Our industrial partners are providing sizeable data, realistic use cases, and validate various results which cannot be satisfied with remaining purely theoretical.</p><p><strong>DESIRED SCIENTIFIC EXPERTISE</strong></p><p>Main expertises :</p><ul><li>Theoretical and practical knowledge of secure digital architectures and security protocols. Cyberattack detection. Data confidentiality. Cryptography.</li></ul><p>Other desired expertises :</p><ul><li>Knowledge of cryptographic functions and protocols</li><li>Knowledge of resilience models for cybersecurity architectures</li><li>Additional knowledge of AI applied to cybersecurity.</li></ul><p><strong>JOB DESCRIPTION</strong><br/><strong>MAIN MISSIONS OF THE POSITION</strong></p><p><strong>1. Applicants should participate in the design and implementation of courses in their scientific field.</strong></p><p><strong>2. They should conduct research and publish it in the best venues.</strong></p><p><strong>3. They should participate in the development of partnerships, collaborations, and contractual agreements in their scientific field.</strong></p><p><strong>ACTIVITIES</strong></p><p><strong>Teaching:</strong></p><p>In collaboration with the other faculty members of the department:</p><ul><li>Provide courses consistent with areas of knowledge, skills-set, and departmental needs;</li><li>Teach labs and tutorials for undergraduate,graduate students, and possibly for continuing education ;</li><li>Serve on juries for prospective students who are applying for engineering courses, specialized masters, etc.;</li><li>Contribute to the analysis of training needs;</li><li>Design and organize teaching activities for undergraduate and graduate students;</li><li>Design and implement project-based teaching;</li><li>Supervise student projects;</li><li>Develop courses and teaching tools (e.g. MOOCs) in the above-mentioned field.</li></ul><p><strong>Research:</strong></p><ul><li>Engage in research activities in the scientific field concerned, publishing in the best journals and conferences;</li><li>Write proposals and participate in projects with partners from the Institut Polytechnique de Paris, the Institut Mines-T\u00c3\u00a9l\u00c3\u00a9com or other institutions from the academic and/or corporate world, in particular in the framework of fundamental, national, or European projects;</li><li>Carry out industrial research contracts;</li><li>Explore and develop partnerships within the industry and establish contractual agreements.</li></ul><p><strong>Coordination:</strong></p><ul><li>Participate in and contribute to the scientific activities of the Group (seminars, presentations, juries, conference steering committees, etc.).</li></ul><p><strong>Fostering the recognition of Institut Mines-T\u00c3\u00a9l\u00c3\u00a9com and the Institut Polytechnique de Paris:</strong></p><ul><li>Disseminate research findings via scholarly writing, publication, open sources or patents;</li><li>Lead presentations and seminars;</li><li>Take an active role in scholarly and professional organizations;</li><li>Maintain close relations with academic institutions, research centers, and companies.</li></ul><p><strong>Other responsibilities:</strong></p><ul><li>Participate in the scientific, pedagogical, and management activities of the department and/or institution;</li><li>Where appropriate, direct and manage the staff placed under his or her responsibility or supervision;</li><li>Report on the activities and results of the tasks for which he or she is responsible.</li></ul><h3><strong>Job requirements</strong></h3><p><strong>Required skills, experience, and knowledge:</strong></p><ul><li>In-depth theoretical or applied knowledge in his or her field of expertise;</li><li>An excellent command of spoken and written English.</li><li>If the candidate is does not speak French, at the moment of hire he or she must commit to obtaining a professional proficiency of French as quickly as possible while under contract.</li></ul><p><strong>Preferred skills, experience, and knowledge:</strong></p><ul><li>Post-doctoral or international experience in an academic or industrial laboratory is appreciated;</li><li>Supervision of PhD students is appreciated</li><li>Teaching experience.</li></ul><p><strong>Other abilities and skills:</strong></p><ul><li>The ability to be an active team member in a diverse faculty, staff, and student environment;</li><li>Strong teaching, pedagogical, and mentoring capabilities;<br/>Superb written and interpersonal communication skills.</li></ul><p><strong>REQUIRED QUALIFICATIONS</strong></p><p><strong>Candidates with one or more of the following required qualifications may apply:</strong></p><ul><li>HDR (Habilitation in France) or equivalent;</li><li>Civil servant recruited through the \u00c3\u0089cole Polytechnique or ENA or former student of the \u00c3\u0089cole Normale Sup\u00c3\u00a9rieure and \u00e2\u0089\u00a5 3 years of professional experience;</li><li>Holds a post-graduate degree from an engineering, school and has \u00e2\u0089\u00a5 5 years of professional experience;</li><li>Holds a post-graduate degree and has \u00e2\u0089\u00a5 7 years of professional experience;</li></ul><p><strong>HOW TO APPLY</strong></p><p>Applicants should submit RECRUITEE, a single PDF file that includes:</p><ul><li>cover letter,</li><li>curriculum vitae,</li><li>statements of research and teaching interests (4 pages)</li><li>a chosen sample of about 10 of his publications</li></ul><p>Contact information for two references to: (hieu.phan@telecom-paris.fr).</p><p><strong>For full consideration, applications should be received no later than 18/04/2022.</strong></p><p>If you want more information : Hieu Phan (hieu.phan@telecom-paris.fr) and Rida Khatoun (rida.khatoun@telecom-paris.fr)</p><p><i><strong>Telecom Paris is an equal-opportunity employer.</strong></i><br/><i><strong>All our positions are open to individuals with disabilities</strong></i></p>\n</div>", "requirements_description": "N/A", "conditions_description": "N/A", "employer_description": "N/A", "department_description": "N/A", "additional_information": "N/A", "apply_link": "N/A", "employer_link": "N/A", "job_type": "N/A", "logo": "https://content.academicpositions.com/eyJidWNrZXQiOiJhcC1wcm9kdWN0aW9uLW1lZGlhLWFyY2hpdmUiLCJrZXkiOiI0MTFcLzRhNlwvNDExNGE2YzZmNDhiODgwZTNlYmFmNjIwZWQ1MWM0NTEucG5nIiwiZWRpdHMiOltdfQ=="}