{"url": "https://academicpositions.com/ad/university-of-southern-denmark/2022/assistant-professor-on-participatory-design-research-and-data-physicalisation-with-a-food-system-transformation-focus/175221", "title": "Assistant Professor on Participatory Design Research and Data Physicalisation, with a Food System Transformation focus", "publish_date": "2022-02-14", "deadline": "N/A", "location": "Campusvej 55 Odense, Denmark", "city": "Campusvej 55 Odense", "country": "Denmark", "position": "Assistant Professor", "field": "Agricultural Economics, Energy Economics, Environmental Economics, Food Economics, Food Science,", "salary": "N/A", "max_working_hours": "N/A", "employer": "University of Southern Denmark", "job_description": "<div class=\"editor ck-content mt-6 mb-6 mb-md-8 mt-md-8\" id=\"editor\">\n<p>The University of Southern Denmark in Esbjerg invites applications for a 3-year fixed-term assistant professorship position at the Department of Sociology, Environmental and Business Economics (SEBE), on Participatory Research Through Design, Multi-Stakeholder Innovation, Sensory and Multispecies Design Anthropology and Data Physicalisation, with a focus on food system transformation. The position is from 1.4.2022 or soon hereafter.</p><p>SEBE <a href=\"https://www.sdu.dk/en/sebe\" target=\"_blank\"><u>https://www.sdu.dk/en/sebe</u></a> is part of the Faculty of Social Science and is part of Campus Esbjerg. The Department employs approx. 40 people. Research in the Department is organized in three research groups, and the announced position will be part of the Management and Economics of Resources and the Environment group (MERE), with teaching responsibilities in Esbjerg, and research in both Kolding and Esbjerg.</p><p>The research of the group in Esbjerg covers environmental and natural resource economics (see the profile of the group at <a href=\"https://www.sdu.dk/en/om_sdu/institutter_centre/i_miljo_og_erhvervsoekonomi/forskningsgrupper/mere\" target=\"_blank\"><u>this website</u></a>. The focus of the MERE group puts specific emphasis on economic uses of the interlinked biosphere and biophysical systems as well as risk analysis and management. Topics of research within these emphases currently focus on</p><ul><li>ecosystem conservation and use;</li><li>marine resource use and conservation;</li><li>energy transitions;</li><li>climate regulation;</li><li>food system transformation; and</li><li>intersections of technology, trade and development relating to these issues.</li></ul><p>While the research group mainly consists of economists, the research is often placed in multidisciplinary academic and international environments. Research and teaching activities should strengthen societal engagement in solutions to problems of sustainable development.</p><p><strong>The position:</strong></p><p>The position will involve 30% teaching responsibilities and 70% research. Over time, other types of assignments may occur to a limited degree as funding conditions evolve.</p><p>The Department provides teaching for degrees in Environmental and Resource Management (M.Sc.), General Business Administration and Economics (B.Sc.), Marketing and Innovation (M.Sc.), Sports and Event Management (B.Sc. and M.Sc.), Sociology and Cultural Analysis (B.Sc and M.Sc.), and Diploma and MBA programmes in Business Administration and Economics. The Department provides modern facilities for research and teaching, as well as resources for research and teaching, resources for research assistants and for travel and conference participation.</p><p>The research will be conducted on the European Horizon 2020 research and innovation project, FUSILLI: Fostering Urban Food system transformation through Innovative Living Labs Implementation (<a href=\"https://fusilli-project.eu/\" target=\"_blank\"><u>https://fusilli-project.eu</u></a>\u00a0 and <a href=\"https://koldingfood2030.dk/\" target=\"_blank\"><u>https://koldingfood2030.dk</u></a>), which is led by Associate Professor, Danielle Wilde and has as its aim to understand what is required for an EU city\u00e2\u0080\u0099s food system to become sustainable. The successful candidate must be confident to engage with stakeholders from across the food system value chain and policy, to work with diverse cities across Europe, and manage Tasks and Deliverables required by the EU project. In particular, the position will require close collaboration with Kolding Municipality and public engagement through design research actions at SDU\u00e2\u0080\u0099s Food Lab at Riberdyb 10 in Kolding.</p><p>Applicants are expected to have knowledge within at least one of the following fields: participatory research through design, food studies, regenerative agriculture and/or environmental humanities and societal transition. We especially welcome applications from candidates who have experience in experimental food design and/or interventionist research methodologies such as action research or design-based research.<br/><strong>Job Qualifications:</strong></p><p>Candidates should hold a PhD in design research, food studies or closely related field.<br/>We seek applicants with a strong research potential and the ability to work in a collaborative environment with a focus on food system transition. The preferred applicants\u00e2\u0080\u0099 research activity is expected to complement the group\u00e2\u0080\u0099s research profile and to be published in the most relevant high-quality international journals. For this post, we welcome applicants with empirical research interest in blue, as well as green economy.</p><p>The group participates actively in the research and teaching involved in the University\u00e2\u0080\u0099s Center for Maritime Health and Safety, Energy Management Center, and Center for Rural Research, as well as the Danish Centre for Risk and Safety Management, which is jointly operated with Aalborg University.</p><p>The successful applicant is expected to play an active role in the MERE research group and to be able to work collaboratively with colleagues in this and other research groups and centres at the Department. As the research group is engaged in many externally funded projects, the successful applicant will enjoy the benefits of working in an inspiring and open research environment.</p><p>If the candidate would like to stay in Denmark, it would be a benefit if the candidate master the language at a level which enables them to read Danish exam papers and administrative documents. For this purpose, free language courses will be offered.</p><p>Further information can be obtained from Head of Research Group, Professor Brooks Kaiser, phone +45 65501590, e-mail <a href=\"mailto:bak@sam.sdu.dk\"><u>bak@sam.sdu.dk</u></a>.</p><p><strong>Application, salary, etc.</strong></p><p>Appointment to the position requires a PhD or equivalent and will be in accordance with the salary agreement between the Ministry of Finance and the Danish Confederation of Professional Associations.</p><p>An application must include:</p><ul><li>Detailed CV</li><li>Certificates/Diplomas (Master and PhD degree)</li><li>Information on teaching experience or other forms of knowledge communication</li><li>Complete list of publications, indicating which publications are most relevant for the position</li><li>Up to 5 of the most relevant publications. Please upload a pdf for each publication, if the publication has been co-authored, co-author statements must be a part of this pdf<ul><li>Please attach the PhD dissertation as a publication, if such exist</li></ul></li><li>A list of other qualifications relevant for the position</li><li>Research and publication plan for the next 3 years including how the plan relates to the research group</li><li>References</li></ul><p>All non-Danish documents must be translated into English.</p><p>Assessment of applications will be done under existing Appointment Order for universities.<br/>Applications will be assessed by an assessment committee. The committee may request additional information, and if so, it is the responsibility of the applicant to provide the necessary material.</p><p>When the assessment committee has submitted its report, the applicant will receive the part of the evaluation that concerns him/her.</p><p>Applications that are incomplete with regard to the above requirements will not be assessed by the committee.<br/>Shortlisting and tests may be used in the assessment process.</p><p>The University wishes our staff to reflect the diversity of society and thus welcomes applications from all qualified candidates regardless of personal background.As part of the overall assessment of the applicant\u00e2\u0080\u0099s qualifications, an interview may be applied.</p><p>Applications must be submitted electronically using the link \"Apply online\". Uploaded files must be in Adobe PDF (unlocked) Word format.</p><p><a href=\"http://www.sdu.dk/en/service/ledige_stillinger/soegjob\" target=\"_blank\"><u>Read the guideline for the applicants</u></a></p><p>Each field can only contain a single file of max. 10 Mb.</p>\n</div>", "requirements_description": "N/A", "conditions_description": "N/A", "employer_description": "N/A", "department_description": "N/A", "additional_information": "N/A", "apply_link": "N/A", "employer_link": "N/A", "job_type": "N/A", "logo": "https://content.academicpositions.com/eyJidWNrZXQiOiJhcC1wcm9kdWN0aW9uLW1lZGlhLWFyY2hpdmUiLCJrZXkiOiI1ZTFcLzZiNlwvNWUxNmI2NjNjODJhODMwZTAyMzJhZGZlMDU0YTI0OTcucG5nIiwiZWRpdHMiOltdfQ=="}