{"url": "https://academicpositions.com/ad/ecole-polytechnique-federale-de-lausanne-epfl/2022/faculty-position-in-environmental-sensing-technologies/174669", "title": "Faculty Position in Environmental Sensing Technologies", "publish_date": "2022-01-31", "deadline": "N/A", "location": "Route Cantonale Lausanne, Switzerland", "city": "Route Cantonale Lausanne", "country": "Switzerland", "position": "Other Category", "field": "Atmospheric Sciences, Climatology, Ecological Engineering, Electronics, Environmental Engineering, and 3 moreMechatronics,Remote Sensing,Systems Engineering", "salary": "N/A", "max_working_hours": "N/A", "employer": "EPFL \u00c3\u0089cole polytechnique f\u00c3\u00a9d\u00c3\u00a9rale de Lausanne", "job_description": "<div class=\"editor ck-content mt-6 mb-6 mb-md-8 mt-md-8\" id=\"editor\">\n<p><img src=\"https://ap-production-media-archive.s3.eu-north-1.amazonaws.com/uploads/ETPax2rYa9Czey9enVIbNVHfGIfzX52ObyYQpU9l.png\"/></p><p>Joint Appointment between the Swiss Federal Laboratories for Materials Science and Technology (Empa) and the Ecole polytechnique f\u00c3\u00a9d\u00c3\u00a9rale de Lausanne (EPFL)</p><p>EPFL\u00e2\u0080\u0099s School of Architecture, Civil and Environmental Engineering (ENAC) and the Swiss Federal Laboratories for Materials Science and Technology (Empa) invite applications for\u00a0a tenured (Associate or Full) Professor in the Institute of Environmental Engineering. The appointee will participate in Empa\u00e2\u0080\u0099s Functional Materials Department, and contribute to research and teaching activities within the EPFL Institute of Environmental Engineering.</p><p>The Institute of Environmental Engineering (IIE) in ENAC carries out basic and translational research spanning fundamental understanding of environmental systems and their resilience to design of adaption strategies. It covers a diverse portfolio in research, teaching and innovative technology development across transversal themes: understanding and adapting to climate change, distributed and dynamic environmental sensing, resource quality and its effects on ecosystem health, and human-environment interactions.</p><p>Empa\u00e2\u0080\u0099s Functional Materials Department develops in highly interdisciplinary teams sustainable material and technology solutions for a climate-neutral society, as well as novel soft robotic systems for infrastructure maintenance and environmental monitoring.\u00a0</p><p>The joint Empa/EPFL professor in Environmental Sensing Technologies will have acknowledged strengths in research and innovation related to sensing of relevant variables in water, soil or the atmosphere, as well as leveraging the resulting data for improved environmental sustainability and adaptation. We welcome a range of applications, from environmental specialists who leverage sensing technologies to mobile sensing specialists with interests in environmental questions. Areas of interest within these domains include, but are not limited to:\u00a0</p><ul><li>Distributed and local sensing of (new) environmental variables via novel methodologies/technologies</li><li>Multi-environment sensing of spatially and/or temporally varying phenomena using mobile platforms</li><li>Integration of sensing with localization, estimation and optimization across multiple scales and terrains (air/soil/water)</li><li>Unconventional sensing (e.g., combining living organisms and mechatronics)</li></ul><p>The Empa/EPFL professor will lead an internationally recognized research program that leverages the opportunities offered by Empa and EPFL in cross-institutional, complementary research groups. The appointee will promote excellence in research and in undergraduate and graduate level teaching.</p><p>EPFL is a growing and well-funded institution with excellent experimental and computational infrastructure. Teaching and research at EPFL covers essentially the entire palette of engineering and science, and offers a fertile environment for research collaboration between different disciplines. Empa conducts cutting-edge research for the benefit of industry and the well-being of society. The EPFL and Empa environments are multilingual and multicultural, with English serving as a common interface.\u00a0</p><p>The following documents are requested in PDF format: cover letter including a statement of motivation, curriculum vitae, publications list, concise statements of research and teaching interests,\u00a0as well as the contact information of at least five references who are ready to supply their letter upon request.</p><p>To apply, please follow the application procedure at:\u00a0<a href=\"https://facultyrecruiting.epfl.ch/position/35848192\" target=\"_blank\"><span style=\"color:#4472C4;\">https://facultyrecruiting.epfl.ch/position/35848192</span></a></p><p>Formal evaluation of the applications will begin on\u00a0\u00a0<br/><strong>1 April 2022</strong> and the search will continue until the position is filled.</p><p>Further enquiries should be made to:</p><p><strong>Prof. Athanasios Nenes</strong></p><p>Chair of the Search Committee</p><p><strong>E-mail:</strong>\u00a0<a href=\"mailto:SearchEnvSensingTech@epfl.ch\">SearchEnvSensingTech@epfl.ch</a></p><p>Additional information on Empa:</p><p>Dr. Tanja Zimmerman (<a href=\"mailto:tanja.zimmermann@empa.ch\">tanja.zimmermann@empa.ch</a>)</p><p>Head of Department Functional Materials</p><p>Additional information on Empa and EPFL:</p><p><a href=\"https://empa.ch\" target=\"_blank\">https://empa.ch</a>,\u00a0<a href=\"https://www.epfl.ch\" target=\"_blank\">https://www.epfl.ch</a></p><p>EPFL and Empa are equal opportunity and family friendly employers. We are committed to increasing the diversity of their faculty, and strongly encourage women to apply.</p>\n</div>", "requirements_description": "N/A", "conditions_description": "N/A", "employer_description": "N/A", "department_description": "N/A", "additional_information": "N/A", "apply_link": "N/A", "employer_link": "N/A", "job_type": "N/A", "logo": "https://content.academicpositions.com/eyJidWNrZXQiOiJhcC1wcm9kdWN0aW9uLW1lZGlhLWFyY2hpdmUiLCJrZXkiOiJmOTlcLzNhNVwvZjk5M2E1ZjkwNjg2ODFjY2MyNmYyZDJlYWMyYzE2NDMuanBlZyIsImVkaXRzIjpbXX0="}