{"url": "https://academicpositions.com/ad/rmit-international-university-vietnam-rmit-vietnam/2022/lecturer-tourism-and-hospitality-management-sgs-campus/174294", "title": "Lecturer, Tourism and Hospitality Management (SGS Campus)", "publish_date": "2022-01-20", "deadline": "2022-02-19", "location": "702 Nguyen Van Linh, District 7 Nh\u00c3\u00a0 B\u00c3\u00a8, Vietnam", "city": "702 Nguyen Van Linh", "country": "                                            702 Nguyen Van Linh, District 7 Nh\u00c3\u00a0 B\u00c3\u00a8, Vietnam\n                        \n                                    ", "position": "Lecturer", "field": "Business Administration, Business Economics, Management, Tourism Economics,", "salary": "N/A", "max_working_hours": "N/A", "employer": "RMIT International University Vietnam (RMIT Vietnam)", "job_description": "<div class=\"editor ck-content mt-6 mb-6 mb-md-8 mt-md-8\" id=\"editor\">\n<h2>Overview:</h2><p><strong>RMIT VIETNAM</strong></p><p><a href=\"https://www.rmit.edu.vn/\" target=\"_blank\">RMIT Vietnam</a>, an entity of RMIT University, has campuses in Ho Chi Minh City and Hanoi since 2001. We provide internationally recognised, high-quality, education and professional training for students, clients and the community, and assist in the development of human resources capability in Vietnam and the region by hosting students from Australia and many other countries.</p><p><strong>SCHOOL OF BUSINESS AND MANAGEMENT</strong></p><p>RMIT Vietnam\u00e2\u0080\u0099s School of Business and Management has established a reputation for excellence in business and management education, providing high quality, industry responsive programs relevant to the national and global marketplace. Department of Management includes disciplines: Management, Human Resources Management &amp; Entrepreneurship, International Business, Tourism &amp; Hospitality Management, Business Administration.</p><p>We deliver work ready graduates. In today\u00e2\u0080\u0099s competitive environment, professionals need the skills to adapt to an ever-changing business world. With RMIT Vietnam's close partnerships with industry, our students are engaged with some of industry\u00e2\u0080\u0099s top business people, receiving knowledge and skills aligned directly with their specific career paths. At RMIT Vietnam, we give our students the skills to address real-world business issues.</p><p>YOUR ROLE</p><p>The Lecturer is expected to contribute to the teaching and research efforts of the University, in disciplines related to their field of expertise. Specifically, the Lecturer is responsible for carrying out teaching activities within undergraduate, Masters and Graduate Diploma programs and for maintaining and advancing their scholarly, research and/or professional capabilities. The Lecturer is also expected to actively promote the program by establishing and maintaining memberships, links and partnerships with academic, industry and professional communities. The Lecturer is expected to work collaboratively and collegially with fellow academics within the teaching team, and update colleagues and students on developments in their subject area or specialisation. The Lecturer may be responsible for course coordination</p><p>SELECTION CRITERIA</p><p>1. PhD or equivalent relevant Doctoral qualification</p><p>2. Demonstrated ability to prepare and deliver programs at undergraduate and post-graduate levels, including online delivery, and the ability to produce high quality curriculum or program materials.</p><p>3. Ability to undertake course coordination role.</p><p>4. Demonstrated capacity to work effectively with and to negotiate sensitively with students especially on issues related to effective learning.</p><p>5. Emerging track record and recognition for quality research outputs which will contribute to existing Discipline and School research areas evidenced by publications, development of new research initiatives, competitive research funding, and industry links.</p><p>6. Demonstrated ability to supervise higher degree by research candidates.</p><p>7. Ability to build effective networks with colleagues and generate alternative funding projects through effective liaison with industry and government.</p><p>8. Excellent interpersonal and communications skills appropriate for interacting with higher degree by research candidates, staff and industry, together with a strong commitment to teamwork and multidisciplinary collaboration.</p><p>9. Recent and sustained performance regarding student outcomes, student experience and feedback; combined with experience and skill in a range of teaching settings.</p><p>10. Ability to operate within own discipline and cross-disciplinary/multidisciplinary teams to achieve department and University strategic outcomes.</p><p>11. Ability to work with external partners, industries, organisations and communities and can operate effectively to address complex issues or seek opportunities</p><p>12. Ability to motivate, develop and inspire others through discipline leadership in the University environment</p><p>13. Ability to display appropriate behaviours in line with the position as per the RMIT Behavioural Capability Framework (Connectedness, Commitment to Excellence \u00e2\u0080\u0093 Improve and Simplify; Imagination and Innovation; Impact; Inclusion; Agility).</p><p>Please find more information in the full JD <a href=\"https://secure.dc2.pageuppeople.com/apply/TransferRichTextFile.ashx?sData=UFUtVjMt6p5Pe8Clo7cOVAfFntWXPTckCPpY4olHevF5kgikQz2RoVNhGamE8psthYSfyxus_srwWCjz_5eDLN1_pf-DpEaHAz5nrLDBC-IApl_S-D_kma0MrT05ZbO59X4J3xp3CG0Da9gUPKbdIAIyKEaBtA%7e%7e\" target=\"_blank\">MGMT_Lecturer, Tourism and Hospitality Management_2018 Aug.pdf</a></p><p><strong>BENEFITS</strong></p><p>Highly competitive VND salary (plus allowances) for <strong>Vietnamese candidates</strong> or attractive USD salary package (plus benefits) for <strong>expatriate candidates\u00a0</strong>depending on proven track record in meeting all the key selection criteria.</p><p><strong>Expatriate candidates</strong>: Relocation allowance from US$6,000 to US$10,000 per staff; Educational support up to US$15,000 per child annually, up to 2 children per family; private insurance coverage for staff and family; annual health check up</p><p><strong>Vietnamese candidates</strong>: 13th month Tet bonus + private medical insurance + annual health check.</p><p>20 days annual leave plus 5 days paid leave Xmas closure, plus public holidays and paid sick leave.</p><p>Support and guidance from experienced Mobility Advisor to assist in work permit and visa application together with relocation to and settling into living and working in Vietnam.</p><p><strong>FURTHER INFO</strong></p><p>As an expatriate candidate you will require a work permit to be employed in Vietnam.\u00a0 To qualify for a work permit you will need a PhD qualification and you will need to be able to demonstrate at least 5 years of teaching Tourism and Hospitality Management related subject in a tertiary education environment.</p><p>English is the language of teaching and communication at RMIT Vietnam. For this role, the minimum requirement is IELTS Academic 7.0 and with no band less than 6.5 (or equivalent).</p><p>\u00a0<a href=\"https://secure.dc2.pageuppeople.com/apply/TransferRichTextFile.ashx?sData=UFUtVjMt9oSXy-9oL_u7NS-L92HfMYsHuwqo8f1VLW7EdDWx4i0-HOviqZh0a29aL3kY9HJ8WyePbIXvT1BTAHNaFIl9qBFxsQO7SljfWIWWVrc0thfkmRuHjQnF64t701pOKCrsjtyTXdaInTJiiw73vbqTTA%7e%7e\" target=\"_blank\">Academic FAQ's RMIT Vietnam 2018.pdf</a></p><p>\u00a0<a href=\"https://secure.dc2.pageuppeople.com/apply/TransferRichTextFile.ashx?sData=UFUtVjMtS5aGvUYAmStRuPV9s68mSSQHNgyTCF4h2NzguP6y5Rvw5mmGWBCuBWPyin3IlgeQcef58un1nyPL23wsjCOPJ6wJkjXSAo1rEKKWmo1mD2SNK1PsoS3kdWVPeed5jXtOrmnBgYqgMb5oJewyE5-ATQ%7e%7e\" target=\"_blank\">NEW Information Pack - Foreign Candidates - Academic 2018.pdf</a></p><h2>Applications Close:</h2><p><span style=\"color:rgb(74,74,74);\">19 thg 2 2022 11.59 pm</span></p><p>RMIT University Vietnam (RMIT Vietnam) is a campus of RMIT University. RMIT Vietnam is creating an innovative research, teaching and learning culture. We are committed to providing internationally recognised high-quality education and professional training for our students, clients and members of the community.\u00a0 As an internationally recognised Australian university based in Asia, RMIT Vietnam is assisting in the development of human resources capability in Vietnam and the region.</p><p><a href=\"https://www.rmit.edu.vn/about-us\" target=\"_blank\">https://www.rmit.edu.vn/about-us</a></p>\n</div>", "requirements_description": "N/A", "conditions_description": "N/A", "employer_description": "N/A", "department_description": "N/A", "additional_information": "N/A", "apply_link": "N/A", "employer_link": "N/A", "job_type": "N/A", "logo": "https://content.academicpositions.com/eyJidWNrZXQiOiJhcC1wcm9kdWN0aW9uLW1lZGlhLWFyY2hpdmUiLCJrZXkiOiIyMDE2XC8wN1wvUk1JVExvZ28ucG5nIiwiZWRpdHMiOltdfQ=="}