{"url": "https://academicpositions.com/ad/vrije-universiteit-brussel/2022/professor-biology-ecology/175109", "title": "Professor Biology / Ecology", "publish_date": "2022-02-10", "deadline": "2022-03-15", "location": "Boulevard de la Plaine 2 Brussels, Belgium", "city": "Boulevard de la Plaine 2 Brussels", "country": "Belgium", "position": "Assistant Professor", "field": "Bioengineering, Cell Biology, Ecology, Evolutionary Biology, Marine Biology, and 1 moreMolecular Biology", "salary": "N/A", "max_working_hours": "N/A", "employer": "Vrije Universiteit Brussel (VUB)", "job_description": "<div class=\"editor ck-content mt-6 mb-6 mb-md-8 mt-md-8\" id=\"editor\">\n<h2><strong>1 - Working at the VUB</strong></h2><p>For already 50 years, the <strong>Vrije Universiteit Brussel</strong> has stood for freedom, equality and connectedness. These values are strongly present on our campuses, in our students as well as our staff. At the VUB, you\u00e2\u0080\u0099ll find a diverse collection of personalities: pure innovators and especially <strong>people who are 100% their authentic selves</strong>. With about <strong>3.500 employees</strong>, we are the <strong>largest Flemish-speaking employer in Brussels</strong>, an international city with which we are all too happy to be connected, and around which our four campuses are located.</p><p>Our education and research are grounded in the principles of <strong>free research</strong> with an eye on human progress. We disapprove of every purely authoritative argument and guarantee the free formation of judgement that is necessary for this basic principle to be incorporated in the community.</p><p>The VUB is autonomous and managed <strong>democratically</strong>. As such, we guarantee fundamental freedoms within our university, as well as the right of the university community to be involved in making and checking university policy.</p><p>The mission of the university includes:</p><ul><li>the development, the transfer and the application of high-standing academic education and scientific research, free from any prejudice;</li><li>community integration of this in a spirit of social compassion;</li><li>critical development of everyone in light of the responsibilities borne in the community.</li></ul><h2><strong>2 - Position description</strong></h2><p>The\u00a0<strong>Faculty of Sciences and Bio-engineering Sciences</strong>, <strong>Department Biology</strong>, is looking for <strong>2\u00a0full-time professors</strong>.\u00a0</p><p>More concretely the work package contains:\u00a0</p><p><strong><u>Education and Research domain:</u></strong></p><p>Biology / Ecology\u00a0</p><p>The department of Biology is active in research, education and service to society in the field of Biology. The research disciplines in the department include cellular and molecular biology, ecology and evolutionary biology.</p><p>The department is seeking 2 excellent researchers and lecturers with expertise in aquatic (marine/freshwater) ecosystems and/or tropical ecosystems and/or plants/algae, who are expected to contribute to strengthening our high-quality research and education programs.\u00a0The department aims to cover these 3 areas of expertise by appointing the 2 persons.\u00a0</p><p><strong><u>Education tasks:</u></strong></p><ul><li>You will strengthen the education of the following programs:<ul><li><a href=\"http://www.vub.be/opleiding/biologie\" target=\"_blank\">Bachelor's degree program in Biology</a>;</li><li><a href=\"http://www.vub.be/en/study/biology\" target=\"_blank\">Master's program Biology - Ecology and Biodiversity</a>;</li><li><a href=\"http://www.tropimundo.eu/\" target=\"_blank\">Erasmus Mundus Joint Master Degree in Tropical Biodiversity and Ecosystems</a>;</li><li><a href=\"http://www.oceansandlakes.be/\" target=\"_blank\">Master of Science in Marine and Lacustrine Science and Management</a>.</li></ul></li><li>The teaching languages are Dutch and English.</li><li>You are expected to take over existing courses from the curriculum, both at BSc and MSc level, in addition, you are given the opportunity to develop a new subject that brings your expertise to the curriculum.</li></ul><p><strong><u>Research tasks:</u></strong></p><ul><li>You will conduct biological research on aquatic (marine/freshwater) ecosystems, and/or tropical ecosystems and/or plants/algae.</li><li>You will collaborate with scientists from the Department of Biology, and possibly also from other Departments of the Faculty (eg Chemistry, Geography, Bioengineering Sciences).</li><li>You will develop an independent and challenging research program at an international level, leading to the acquisition of external research funding and the recruitment of doctoral and/or postdoc researcher(s).</li></ul><p><strong><u>Other tasks:</u></strong></p><ul><li>You will integrate actively into the department, and participate in its management and organizational activities.</li><li>You will contribute to valorization of the research results in the framework of service to society and PR activities.</li></ul><p>For this function, our\u00a0<strong>Brussels Humanities, Sciences &amp; Engineering Campus (Elsene)</strong>\u00a0will serve as your home base.\u00a0</p><h2><strong>3 - Profile</strong></h2><p>What do we expect from you?</p><p><strong>You have a PhD degree in Sciences, Bio-engineering Sciences, or a related field.</strong></p><ul><li>You show a track record of research activities at the highest academic level and within the research domain of the vacancy.</li><li>A substantial, international, postdoctoral experience is recommended.</li><li>You should also be committed to excellence in teaching at the Bachelor and Master levels.</li><li>You have very good didactic and pedagogic skills.</li><li>You should have the necessary post-doctoral experience in this research domain, and you are expected to be familiar with current biological techniques and to apply them in your research.</li><li>You have a very good CV and a very good list of publications, and an excellent research proposal.</li><li>You subscribe to the university\u00e2\u0080\u0099s vision of education. The full text in relation to this is available on the university website.</li><li>Every first appointment is dependent upon the successful delivery of a teaching session.</li><li>Members of the academic staff who, as title-holders, are charged with teaching assignments, must be able to demonstrate the required knowledge of the language of instruction for the relevant course units. Example: When a course unit is taught in English, the candidate is required to have the appropriate certificate. More information about the regulations concerning the language proficiency you can find via\u00a0<a href=\"https://jobs.vub.be/content/Regulations-concerning-language-proficiency/\" target=\"_blank\">https://jobs.vub.be/content/Regulations-concerning-language-proficiency/</a></li></ul><h2><strong>4 - Offer</strong></h2><p>Are you going to be 1 of our 2 new colleagues?</p><p>You\u00e2\u0080\u0099ll be offered an\u00a0<strong>appointment as full-time professor</strong>, with planned starting date\u00a0<strong>01/10/2022</strong>.\u00a0</p><ul><li>If the recruitment is in the rank of <strong>lecturer</strong>, you'll be offered a <strong>tenure track appointment</strong>, which implies an initial appointment as lecturer for a period of <strong>5 years</strong>, with eligibility for tenure in the rank of senior lecturer by the end of this initial period.</li><li>If the recruitment is in <strong>an other academic ranks</strong>, you'll be offered an appointment for <strong>3 years</strong>, with eligibility for tenure in the same rank by the end of this initial period.</li></ul><p>You\u00e2\u0080\u0099ll receive a salary linked to one of the scales set by the government.</p><p>At the VUB, you\u00e2\u0080\u0099re guaranteed an open, involved and diverse workplace where you are offered opportunities to (further) build on your career.</p><p>As well as this, you\u00e2\u0080\u0099ll enjoy various benefits:</p><ul><li><strong>Full reimbursement for your home-work commute with public transport </strong>according to VUB-policy, or compensation if you come by bike;</li><li>Cost-free <strong>hospitalisation insurance</strong>;</li><li>The space to form your job content and <strong>continuously learn</strong> via VUB LRN;</li><li><strong>Excellent facilities for sport and exercise</strong>;</li><li><strong>Ecocheques</strong>;</li><li>Delicious meals at attractive prices in our <strong>campus restaurants</strong>;</li><li>An open, family-friendly work environment where attention is paid to work-life balance, and exceptional holiday arrangements with <strong>35 days of leave</strong> (based on a fulltime contract).</li></ul><h2><strong>5 - Interested?</strong></h2><p>Is this the job you\u00e2\u0080\u0099ve been dreaming of?</p><p>Send us <strong><u>ONLINE</u></strong> and <strong><u>at latest on 15/03/2022</u></strong>:</p><ul><li>your motivation letter, including your vision on education and research, and an explanation about the development of your future research;</li><li>your curriculum vitae, including you academic dossier, containing information about teaching and research experience, acquired research projects or other funds, and a list of all peer-reviewed publications, stating the five most important publications and an explanation why these are important;</li><li>the contact details of three referees;</li><li>your degrees and diplomas (not applicable for VUB alumni) and language certificates.</li></ul><p>Do you have questions about the job content? Contact Prof. Dr. Marc Kochzius\u00a0at marc.kochzius@vub.be\u00a0or on +32-(0)2-6293406 of +32-(0)2-6293405 (secretariaat).</p><p>Would you like to know what it\u00e2\u0080\u0099s like to work at the VUB? Go to <strong><u>www.vub.ac.be/vacatures</u></strong> and find all there is to know about our campuses, benefits, strategic goals and your future colleagues.</p>\n</div>", "requirements_description": "N/A", "conditions_description": "N/A", "employer_description": "N/A", "department_description": "N/A", "additional_information": "N/A", "apply_link": "N/A", "employer_link": "N/A", "job_type": "N/A", "logo": "https://content.academicpositions.com/eyJidWNrZXQiOiJhcC1wcm9kdWN0aW9uLW1lZGlhLWFyY2hpdmUiLCJrZXkiOiJlYmRcL2NmZFwvZWJkY2ZkZTdkNmZhZDM2Mzc5N2U0Yjk1MGRjM2MzODkucG5nIiwiZWRpdHMiOltdfQ=="}