{"url": "https://academicpositions.com/ad/universite-libre-de-bruxelles/2022/full-time-academic-position-in-occupational-medicine-school-of-public-health/175056", "title": "Full-time Academic Position in Occupational Medicine - School of Public Health", "publish_date": "2022-02-09", "deadline": "2022-03-09", "location": "Avenue Franklin Roosevelt 50 Brussels, Belgium", "city": "Avenue Franklin Roosevelt 50 Brussels", "country": "Belgium", "position": "Other Category", "field": "Epidemiology, Health Science, Occupational Therapy, Public Health, Radiology, and 1 moreToxicology", "salary": "N/A", "max_working_hours": "N/A", "employer": "Universit\u00c3\u00a9 libre de Bruxelles (ULB)", "job_description": "<div class=\"editor ck-content mt-6 mb-6 mb-md-8 mt-md-8\" id=\"editor\">\n<p><img class=\"image_resized\" src=\"https://ap-production-media-archive.s3.eu-north-1.amazonaws.com/uploads/EPXJopPj1i77Fff8nspFPgffpbrbFqG6RmwYvZTL.png\" style=\"width:16.31%;\"/> <img class=\"image_resized\" src=\"https://ap-production-media-archive.s3.eu-north-1.amazonaws.com/uploads/iyB4bZx1LFyuA9kDWJbIwWEhJ7TCkshcB9BHDNcY.png\" style=\"width:16.74%;\"/></p><p>Reference\u00a0: 2022/A035</p><p>Application deadline:\u00a009/03/2022</p><p>Start date: 01/10/2022\u00a0\u00a0\u00a0\u00a0\u00a0\u00a0\u00a0\u00a0\u00a0\u00a0\u00a0\u00a0\u00a0\u00a0\u00a0\u00a0\u00a0\u00a0\u00a0\u00a0\u00a0\u00a0\u00a0\u00a0\u00a0\u00a0\u00a0\u00a0\u00a0\u00a0\u00a0\u00a0\u00a0\u00a0\u00a0\u00a0\u00a0\u00a0\u00a0\u00a0\u00a0\u00a0\u00a0\u00a0\u00a0\u00a0\u00a0\u00a0\u00a0\u00a0\u00a0\u00a0\u00a0</p><h4>Job description\u00a0\u00a0\u00a0\u00a0\u00a0\u00a0\u00a0\u00a0\u00a0</h4><p>The ULB opens\u00a0a position for a full-time academic in occupational medicine</p><p>The main activities of the position are divided into teaching (including the supervision of student master theses) and research, each for approximately half of the time.\u00a0 In addition, the candidate will be expected to participate in\u00a0administrative responsibilities related to the usual functioning of the School of Public Health (juries, deliberations, internal commissions) and the Health Pole. He/she will also\u00a0contribute to the visibility and strengthening of the School's position in national and international expertise in occupational medicine, occupational health and public health.</p><p>He or she will be required to carry out high-level research. These developments will be facilitated by partnerships with other research centres of the School of Public Health, the Health Pole, other faculties of the university, as well as with other national and international institutions.\u00a0</p><p><u>Research areas:</u></p><p>The research activities developed by the incumbent will be primarily in the fields of occupational health, public health, preventive medicine, and environmental health. These research activities are more particularly linked to the Research Centre in Environmental and Occupational Health.</p><p><u>Educational and scientific goals:</u></p><p>The courses to be taught are part of the Master of Specialization in Occupational Medicine, the Bachelor of Medicine and the Master of Public Health Sciences.</p><p>In his/her teaching activities, he/she must demonstrate pedagogical skills in line with the acquisition by students of theoretical and applied skills in occupational medicine. The expected skills will enable students to deal with professional situations requiring to master a rigorous clinical and scientific approach and lead to optimal decision-making.</p><p>The general objectives are described in the teaching profile (see program catalogue - teaching profile)</p><p>The specific pedagogical and scientific objectives of the taught subjects are described in the factsheets (see programme catalogue - teaching details).</p><p>Courses covered\u00a0at the time of recruitment :\u00a0 \u00a0 \u00a0 \u00a0 \u00a0</p><p><strong>Master de sp\u00c3\u00a9cialisation en m\u00c3\u00a9decine du travail</strong></p><ul><li>SAPU-L-8021 - Introduction \u00c3\u00a0 la sant\u00c3\u00a9 au travail - 2 ECTS (Cours magistral 12h)</li><li>SAPU-L-9026 - Epid\u00c3\u00a9miologie appliqu\u00c3\u00a9e - 4 ECTS (Cours magistral 30h) - partim AA Epid\u00c3\u00a9miologie industrielle (cours magistral 12h)</li><li>Cours commun avec le cours ENVI-L-4111 (partim AA Epid\u00c3\u00a9miologie industrielle) du Master en sciences de la sant\u00c3\u00a9 publique</li><li>SAPU-L-9011 - Risques en radiations ionisantes et radioprotection - 5 ECTS (Cours magistral:24h)</li><li>SAPU-L-9024 - Consultation sp\u00c3\u00a9cialis\u00c3\u00a9e du m\u00c3\u00a9decin du travail - 3 ECTS (Cours magistral 22h) - partim AA Principes de bases (Cours magistral 16h)</li></ul><p>The courses holder will be responsible for coordinating the continuous training of the Specialized Master's degree in occupational medicine (seminars, company visits, specialist consultations, job studies, internships and dissertations) as being part of a tutoring team.</p><p><strong>Bachelier en M\u00c3\u00a9decine : 10 heures de cours magistraux</strong></p><ul><li>MEDI-G-3605 - Epid\u00c3\u00a9miologie + m\u00c3\u00a9decine factuelle + d\u00c3\u00a9ontologie + m\u00c3\u00a9decine g\u00c3\u00a9n\u00c3\u00a9rale + sant\u00c3\u00a9 et environnement + statistiques - 5 ECTS (Cours magistral:67h) - partim Sant\u00c3\u00a9 et Environnement Cours magistral 10h</li></ul><p><strong>Master en Sciences de la Sant\u00c3\u00a9 publique :\u00a0</strong></p><ul><li>ENVI-L-504 - Toxicologie et contaminants du milieu - 5 ECTS (Cours magistral 24h)\u00a0<br/>cours commun avec le Master de sp\u00c3\u00a9cialisation en m\u00c3\u00a9decine du travail</li></ul><p><strong>Facult\u00c3\u00a9 des sciences de la motricit\u00c3\u00a9 : 12h de cours magistraux</strong></p><ul><li>BIME-I4234 - Physiologie cardiorespiratoire des activit\u00c3\u00a9s physiques et sant\u00c3\u00a9 - 5 ECTS - M-EDPH (partim : Sant\u00c3\u00a9 des activit\u00c3\u00a9s physique en milieu scolaire, loisirs et comp\u00c3\u00a9tition - 12 h)</li></ul><p>To appreciate the detailed content of these courses, the candidate can refer to the course catalogue on the websites of the School of Public Health, the Faculty of Medicine, and the Faculty of Motor Sciences. This teaching load is indicative; it may evolve according to the skills of the candidate or the needs of the programs.</p><h4>Qualifications required\u00a0:</h4><p>Master's degree in medicine (or equivalent) and Master's degree in occupational medicine (or equivalent), and a PhD thesis in health sciences or public health</p><h4>Skills required\u00a0</h4><ul><li>You have a minimum of 4 years of scientific seniority (the thesis can be included in this period) at the time of appointment. During this period, you have acquired theoretical and operational skills to lead research including the development of epidemiological methods and their application in the context of public health.<ul><li>You can demonstrate substantial post-doctoral experience and an excellent scientific record, including publications in peer-reviewed journals of good quality.</li><li>Mobility of several months outside the institution where your doctorate was carried out (during or after the doctoral period) will be favorably taken into account in the evaluation of your file.</li><li>You have skills in occupational health.</li><li>You have professional experience in occupational medicine.</li><li>You have skills in public health (environmental health and preventive medicine), toxicology and radiation protection.</li><li>You have the ability to develop teaching and research projects through national and international collaborations.</li><li>You have the ability to implement classroom and distance learning courses as well as the coordination of occupational medicine courses and practical and/or continuing education.</li><li>You have the skills to lead research in the fields of occupational health and public health.</li></ul></li><li>You have the ability to develop teaching and research projects in national and international collaboration.<ul><li>If you are not fluent in French (level C1), an adaptation period may be granted, but you must be able to teach in French by the end of the third year following your appointment.</li></ul></li></ul><h4>Interested\u00a0?</h4><p>Further information on research and teaching can be obtained from Ms Catherine BOULAND (President of the School of Public Health; telephone: +32 2 555.40.20 - e-mail:\u00a0<a href=\"mailto:catherine.bouland@ulb.be\">catherine.bouland@ulb.be</a>). \u00a0Concerning the administrative aspects, information can be obtained from Mrs Jo\u00c3\u00ablle HERZET (phone: +32 2 555.40.21 - e-mail:\u00a0<a href=\"mailto:joelle.herzet@ulb.be\">joelle.herzet@ulb.be</a>)</p><p>Applications must be sent by e-mail to the rectorate of the Universit\u00c3\u00a9 Libre de Bruxelles (<u>rectrice@ulb.be</u>) and to the faculty deanship (<u>presidence.esp@ulb.be</u>).</p><p>They must include the following :</p><ul><li>an application letter</li><li>a Curriculum vitae including a list of publications :<br/><i>if you want you can complete a standard form via our website at</i>\u00a0<a href=\"https://www.ulb.be/fr/documents-officiels/completer-votre-cv-en-ligne\" target=\"_blank\">https://www.ulb.be/fr/documents-officiels/completer-votre-cv-en-ligne</a><i>.\u00a0 Once completed, it must be downloaded and attached to the application file.</i></li><li>a 7,000-character report (4\u00a0pages) presenting the applicant\u00e2\u0080\u0099s research activities and a research project, including how these will integrate into ULB\u00e2\u0080\u0099s research teams</li><li>a teaching dossier including a 7,000-character report (4\u00a0pages) on the applicant's previous teaching activities and a teaching project for the first five\u00a0years in this position; these must be relevant to the faculty and to the teaching profiles for the programs to which the applicant is to contribute</li><li>a note on the applicant's international achievements and projects (no more than 4\u00a0pages)</li><li>the names and e-mail addresses of five referees (respecting the gender balance) who may be contacted by those in charge of evaluating applications.\u00a0 These referees should not have conflicts of interest because of family or emotional ties.</li></ul><p>The appointment to the academic staff of ULB is made at \u00e2\u0080\u009dCharg\u00c3\u00a9 de Cours\u00e2\u0080\u009d level. As of their appointment, members of academic staff are authorized to use the honorary title of \u00e2\u0080\u009dProfesseur\u00e2\u0080\u009d.</p><h4>Equal opportunities policy</h4><p>ULB's personnel management policy is geared towards diversity and equal opportunities.</p><p>We recruit candidates on the basis of their skills, irrespective of age, gender, sexual orientation, origin, nationality, beliefs, disability, etc.</p><p>Would you like to be provided with reasonable accommodation in the selection procedure because of a disability, disorder, or illness?\u00a0 Please contact Marie Botty, the person in charge of diversity aspects for the academic and scientific staff (<a href=\"mailto:marie.botty@ulb.be\">marie.botty@ulb.be</a><u>)</u>. Be assured of the confidentiality of this information.</p><p>More details on the ULB gender and diversity policy are available at\u00a0<a href=\"https://www.ulb.be/en/about-ulb/gender-equality-at-ulb\" target=\"_blank\">https://www.ulb.be/en/about-ulb/gender-equality-at-ulb</a>.\u00a0</p><p>You will find all the regulations relating to academic careers on our site at\u00a0<a href=\"http://www.ulb.ac.be/emploi/academique.html\" target=\"_blank\">http://www.ulb.ac.be/emploi/academique.html</a>.</p>\n</div>", "requirements_description": "N/A", "conditions_description": "N/A", "employer_description": "N/A", "department_description": "N/A", "additional_information": "N/A", "apply_link": "N/A", "employer_link": "N/A", "job_type": "N/A", "logo": "https://content.academicpositions.com/eyJidWNrZXQiOiJhcC1wcm9kdWN0aW9uLW1lZGlhLWFyY2hpdmUiLCJrZXkiOiIyMDE0XC8wMVwvdWxiLWxvZ28ucG5nIiwiZWRpdHMiOltdfQ=="}