{"url": "https://academicpositions.com/ad/vtt/2022/research-team-leaders-protein-production/175349", "title": "Research Team Leaders, Protein production", "publish_date": "2022-02-17", "deadline": "2022-03-06", "location": "Vuorimiehentie 3 Helsinki, Finland", "city": "Vuorimiehentie 3 Helsinki", "country": "Finland", "position": "Researcher", "field": "Bioengineering, Food Science, Molecular Biology,", "salary": "N/A", "max_working_hours": "N/A", "employer": "VTT", "job_description": "<div class=\"editor ck-content mt-6 mb-6 mb-md-8 mt-md-8\" id=\"editor\">\n<p><strong>Are you interested in working with in areas that have a high impact on society such as sustainable food proteins, materials or medicine? Would you like to do impactful research in the cutting edge of natural sciences with superb colleagues who are top experts in their field? Do you want to build a science career and work in a versatile role at the interface of applied research and industry? VTT might be just the place for you.</strong></p><p><i>VTT is one of the leading applied research organisations in Europe. What unites us are curiosity, a passion for learning and a purpose: to solve the biggest challenges of our time\u00a0and turn them into sustainable growth and well-being. Our cross-disciplinary community of over 2000 brilliant minds is focused on creating impact through science-based innovation. Get to know us further\u00a0by exploring VTT\u00e2\u0080\u0099s research infra at\u00e2\u0080\u00af</i><a href=\"https://www.vttresearch.com/en/vtt-world/\" target=\"_blank\"><i><strong>VTT World</strong></i></a><i><strong>.\u00a0</strong></i></p><p><strong>We are now looking for Research Team Leaders to lead our Protein production teams.</strong></p><p>As a Research Team Leader, you will have the opportunity to build and drive forward an ambitious and visionary research agenda together with your team and aim for impact together with our customers</p><p>We are working on topics of great importance to society such as production of sustainable, food and material proteins, enzyme mixtures for industrial use, and therapeutic proteins. These support VTT\u00e2\u0080\u0099s mission to build a sustainable food system and enable bioinspired production for sustainable materials and other products.</p><p>Read more about our research:</p><p><a href=\"https://www.vttresearch.com/en/news-and-ideas/egg-white-protein-production-technology-without-chickens-awarded-earto\" target=\"_blank\">Egg white protein production technology without chickens awarded by EARTO</a></p><p><a href=\"https://www.vttresearch.com/en/news-and-ideas/vtt-and-dyadic-international-presenting-excellent-results-reached-development-new\" target=\"_blank\">VTT and Dyadic International presenting excellent results reached in development of a new fungal production platform C1</a></p><h2><strong>Your responsibilities as Research Team Leader:</strong></h2><ul><li>Responsibility for developing an ambitious and visionary agenda for research excellence and impact.</li><li>People leadership with coaching style - taking care of wellbeing, attracting, retaining, recruiting and developing talents ensuring continuous competence development.</li><li>Leading and participating in the customer work. Fostering relationships with relevant key stakeholders.</li><li>Leading team\u00e2\u0080\u0099s project portfolio preparation and execution. Ensuring high quality preparations of new projects in the team.</li><li>Ensuring high-quality research (research ethics, publications and doctoral thesis, IPR).</li><li>Participation for research area leadership team work, especially from research excellence and impact point of view.</li></ul><h2><strong>Who we are looking for:</strong></h2><p>Your profile and experience</p><ul><li>Excellent laboratory skills and several years\u00e2\u0080\u0099 work experience in molecular biology techniques, such as DNA cloning, genome engineering, protein analysis, protein purification and possibly in genomic analysis</li><li>Completed PhD in relevant field and postdoctoral research experience</li><li>Experience in working with yeast or filamentous fungi</li><li>Strong academic publication record</li><li>Strong spoken and written English skills</li></ul><p>It\u00e2\u0080\u0099s an advantage, if you also have</p><ul><li>Demonstrated ability to acquire research funding</li><li>Management experience in leading people and scientific substance</li><li>Experience from industry</li></ul><h2><strong>As a person, we hope that you:</strong></h2><ul><li>Are motivated and willing to take initiative in taking forward new ideas</li><li>Have strong communication skills, written and spoken</li><li>Have excellent people skills and a caring attitude towards team members and colleagues</li><li>Enjoy scientific and technological challenges and have a strong passion for work</li><li>Are an outside-the-box thinker with ability to learn new things continuously</li><li>Can tolerate pressure and maintain good work-life balance</li><li>Are willing to travel to customer and scientific meetings</li></ul><h2><strong>With VTT, you\u00e2\u0080\u0099ll\u00a0enjoy:</strong></h2><ul><li><strong>Natural sciences with\u00a0an\u00a0impact.</strong>\u00a0VTT works on the cutting-edge of natural sciences, and we\u00e2\u0080\u0099ve invested into building state-of-the-art research facilities for natural sciences, such as the Bioruukki pilot infrastructure for bio- and circular economy. Our research agenda is dedicated to solving systemic and technological challenges, such as reaching carbon neutrality and unleashing the power of synthetic biology. That means that at VTT, your expertise in natural sciences will go towards creating real impact. Read more about our strategy \u00e2\u0080\u0093\u00a0<a href=\"https://www.vttresearch.com/en/news-and-ideas/welcome-path-exponential-hope-how-turn-turbulence-2020s-sustainable-growth\" target=\"_blank\">the path of exponential hope</a>.</li><li><strong>Superb colleagues and community. </strong>With VTT, you\u00e2\u0080\u0099ll join a community of over 2000 multidisciplinary experts who foster a culture of trust, openness and sharing knowledge. We work truly across disciplines, and house all the cutting-edge sciences from quantum computing to synthetic biology under one roof. Collaborating with superb colleagues is a source of learning, inspiration, and fun.</li><li><strong>Excellent career in research. </strong>At VTT, excellence in research is a strategic priority. We offer long-term positions and stable career paths in top-level research. People tend to stay with us over 10 years since there are always new roles and responsibilities to grow into. A combination of cutting-edge academic research and applied customer projects keeps\u00a0your career path\u00a0interesting.</li><li><strong>Support for your well-being. </strong>Our people are our main asset, so we take good care of them. We aim to nurture great team spirit and leadership and offer versatile well-being services to enable a good work\u00e2\u0080\u0093life balance. On top of 6 weeks of paid holidays we offer exercise and culture benefits, hobby clubs, and voluntary well-being services such as meditation programmes and trainings on cognitive ergonomics.</li><li><strong>Nordic work\u00e2\u0080\u0093life balance.</strong>\u00a0Working in\u00a0Finland, the happiest country in the world, enables a\u00a0great quality of life. At\u00a0VTT, we\u00a0make our people\u00e2\u0080\u0099s well-being a strategic priority. Read more here (<a href=\"https://www.vttresearch.com/en/research-jobs-in-finland\" target=\"_blank\">https://www.vttresearch.com/en/research-jobs-in-finland</a>)</li></ul><p><strong>Apply now\u00a0and\u00a0join our community of brilliant minds!</strong></p><p>Please\u00e2\u0080\u00afsend your CV and application with a possible salary request via our recruitment system as soon as possible\u00e2\u0080\u00afbut\u00a0<strong>at the latest by 6 March 2022.</strong></p><h2><strong>Interested and want to hear more?</strong></h2><p>For further information, please contact Vice President, Arto Forsberg, arto.forsberg@vtt.fi, +358505414767.</p><p><strong>We look forward to hearing from you!</strong></p><p><strong>Location:</strong>\u00a0Espoo Finland</p><p>Apply between <strong>14 February 2022</strong> and <strong>6 March 2022 23:59 (Europe/Helsinki)</strong></p><p><strong>Employment type:</strong> Fulltime, permanent</p><h2>VTT</h2><p><i>VTT is a visionary research, development and innovation partner. We drive sustainable growth and tackle the biggest global challenges of our time and turn them into growth opportunities. We go beyond the obvious to help the society and companies to grow through technological innovations. We have over 75 years of experience of top-level research and science-based results. VTT\u00c2\u00b4s turnover and other operating income is 258 M\u00e2\u0082\u00ac. VTT is at the sweet spot where innovation and business come together.</i></p><p>VTT \u00e2\u0080\u0093 beyond the obvious.</p>\n</div>", "requirements_description": "N/A", "conditions_description": "N/A", "employer_description": "N/A", "department_description": "N/A", "additional_information": "N/A", "apply_link": "N/A", "employer_link": "N/A", "job_type": "N/A", "logo": "https://content.academicpositions.com/eyJidWNrZXQiOiJhcC1wcm9kdWN0aW9uLW1lZGlhLWFyY2hpdmUiLCJrZXkiOiIxYjJcLzA2Y1wvMWIyMDZjODQ0MTljY2ZlNWNjODU2MzM0MTZjMWVhMmUucG5nIiwiZWRpdHMiOltdfQ=="}