{"url": "https://academicpositions.com/ad/leiden-university/2022/fixed-term-2-years-postdoctoral-researcher-in-ancient-near-eastern-studies/174792", "title": "Fixed-Term (2 years) Postdoctoral Researcher in Ancient Near Eastern Studies", "publish_date": "2022-02-02", "deadline": "2022-03-31", "location": "Rapenburg 70 Leiden, Netherlands", "city": "Rapenburg 70 Leiden", "country": "Netherlands", "position": "Postdoc", "field": "Archaeology, Cultural Anthropology,", "salary": "N/A", "max_working_hours": "N/A", "employer": "Leiden University", "job_description": "N/A", "requirements_description": "N/A", "conditions_description": "N/A", "employer_description": "N/A", "department_description": "N/A", "additional_information": "N/A", "apply_link": "N/A", "employer_link": "N/A", "job_type": "N/A", "logo": "https://content.academicpositions.com/eyJidWNrZXQiOiJhcC1wcm9kdWN0aW9uLW1lZGlhLWFyY2hpdmUiLCJrZXkiOiI5NWZcLzc3Y1wvOTVmNzdjYjE3YjNmODExNDlkZmNlYmIyYWRmYzc1MWQucG5nIiwiZWRpdHMiOltdfQ=="}