{"url": "https://academicpositions.com/ad/universitat-oberta-de-catalunya-uoc/2022/faculty-of-psychology-and-education-sciences-faculty-member-in-the-field-of-developmental-disorder-interventions/174842", "title": "Faculty of Psychology and Education Sciences: Faculty member in the field of developmental disorder interventions", "publish_date": "2022-02-03", "deadline": "2022-02-20", "location": "Avinguda Tibidabo 39-43 Barcelona, Spain", "city": "Avinguda Tibidabo 39-43 Barcelona", "country": "Spain", "position": "Researcher", "field": "Applied Psychology, Developmental Psychology, Disability Research, Educational Psychology, Special Education,", "salary": "N/A", "max_working_hours": "N/A", "employer": "Universitat Oberta de Catalunya (UOC)", "job_description": "N/A", "requirements_description": "N/A", "conditions_description": "N/A", "employer_description": "N/A", "department_description": "N/A", "additional_information": "N/A", "apply_link": "N/A", "employer_link": "N/A", "job_type": "N/A", "logo": "https://content.academicpositions.com/eyJidWNrZXQiOiJhcC1wcm9kdWN0aW9uLW1lZGlhLWFyY2hpdmUiLCJrZXkiOiI4YTRcL2UzZlwvOGE0ZTNmYzMwODA4Y2VlMzM3ZmE3NTJkNGU0NDMwNmYucG5nIiwiZWRpdHMiOltdfQ=="}