{"url": "https://academicpositions.com/ad/telecom-paris/2022/assistant-associate-professor-in-learning-for-video-processing-and-computer-vision-f-h-at-t-l-com-paris-cdi/175242", "title": "Assistant/Associate Professor in Learning for Video Processing and Computer Vision (F/H) at T\u00c3\u00a9l\u00c3\u00a9com Paris - CDI", "publish_date": "2022-02-15", "deadline": "2022-03-25", "location": "19 place Marguerite Perey Palaiseau, France", "city": "19 place Marguerite Perey Palaiseau", "country": "France", "position": "Associate Professor", "field": "Artificial Neural Network, Computer Graphics, Computer Vision, Image Processing, Machine Learning,", "salary": "N/A", "max_working_hours": "N/A", "employer": "T\u00c3\u00a9l\u00c3\u00a9com Paris", "job_description": "<div class=\"editor ck-content mt-6 mb-6 mb-md-8 mt-md-8\" id=\"editor\">\n<p>T\u00c3\u00a9l\u00c3\u00a9com Paris, a school of the IMT (Institut Mines-T\u00c3\u00a9l\u00c3\u00a9com) and a founding member of the Institut Polytechnique de Paris, is one of the top 5 French general engineering schools. An institution on a \"human scale\" but with a strong international component, T\u00c3\u00a9l\u00c3\u00a9com Paris is recognized for its proximity to companies. This public school guarantees excellent employability in all sectors and is the leading engineering school for the entire digital vertical (from hardware layers to uses).</p><p>With its excellent teaching and innovative pedagogy, T\u00c3\u00a9l\u00c3\u00a9com Paris is at the heart of a unique innovation ecosystem, based on interaction and the importance of project mode in its training on the one hand, and its interdisciplinary research on the other. Its teacher-researchers are affiliated with two research laboratories: on the one hand, the LTCI laboratory, which is presented by the HCERES as a flagship unit in the field of digital sciences with remarkable international influence; and on the other hand, the i3 laboratory, Interdisciplinary Institute of Innovation (I3 - UMR 9217 of the CNRS), which pursues a multidisciplinary research program focused on innovation in the framework of a collaboration with the \u00c3\u0089cole Polytechnique and Mines ParisTech</p><p>Based in Palaiseau, at the heart of the Institut Polytechnique campus alongside the \u00c3\u0089cole Polytechnique, ENSTA, T\u00c3\u00a9l\u00c3\u00a9com Sud Paris and ENSAE, T\u00c3\u00a9l\u00c3\u00a9com Paris also has an incubator based in Paris at the heart of the French start-up ecosystem.</p><p>T\u00c3\u00a9l\u00c3\u00a9com Paris is positioned as an open-air laboratory for all the major technological and societal challenges: artificial intelligence, quantum computing, IOT, cybersecurity, large-scale digital equipment (Cloud), 5G/6G, Green IT.</p><p><strong>SCIENTIFIC CONTEXT</strong></p><p>The multimedia team has a research activity historically centered around image and video compression, and transport and orchestration of multimedia content. In recent years, the team has opened its research field to computer vision to design new multimedia processing methods. This field is booming and the number of requests to set up research projects has increased considerably in recent years due to recent progress and the many possible applications. In addition, the computer vision scientific community has grown enormously and scientific conferences such as CVPR, ICCV and ECCV are becoming major scientific and economic events. By reinforcing the team on this theme, we hope that the Multimedia team will be able to establish itself permanently in this very competitive ecosystem.</p><p>Through this opening, we wish to confirm the orientation to the team while reinforcing, if possible, its expertise in video processing and analysis. In this way, we keep our objective of orienting the team towards the field of computer vision while keeping our specificity. Moreover, the field of computer vision is very vast. Thus, we are looking for a profile complementary to the profiles of the current team members in order to open new perspectives for the team.</p><p><strong>DESIRED SCIENTIFIC EXPERTISE</strong></p><p><strong>Primary Expertise:</strong></p><p>The candidate's scientific expertise should be in one or more of these areas:</p><p>Methodology</p><ul><li>Deep Learning:</li><li>Representation learning</li><li>Unsupervised learning</li><li>Self-supervised learning</li><li>Learning with few examples</li></ul><p>Applications</p><ul><li>Image and video compression</li><li>Computer Vision:</li><li>Video, media and document analysis</li><li>Detection/recognition</li><li>Tracking of people or objects</li></ul><p>In addition to outstanding research and teaching skills, candidates should also be team players, have good social skills, be able to develop international academic and industry partnerships.</p><p><strong>Other Skills:</strong></p><ul><li>Be able to obtain grants and funding at national and European level.</li><li>Autonomous, motivated, able to set up and conduct research projects independently</li><li>Experience in university teaching (or equivalent);</li><li>Fluency in English (oral and written).</li></ul><p><strong>Other Desired Expertise (optional):</strong></p><ul><li>Reinforcement learning for vision</li><li>Active learning</li><li>Uncertainty estimation for neural networks</li><li>Meta-learning for deep learning</li><li>Neural architecture search</li><li>Graph neural networks</li><li>3D vision</li></ul><p><strong>JOB DESCRIPTION</strong><br/><strong>MAIN RESPONSIBILITIES AND DUTIES</strong></p><ol><li><strong>Applicants should participate in the design and implementation of courses in their scientific field.</strong></li><li><strong>They should conduct research.</strong></li><li><strong>They should participate in the development of partnerships, collaborations, and contractual agreements in their scientific field.</strong></li></ol><p><strong>ACTIVITIES</strong></p><p><strong>Teaching:</strong></p><p>In collaboration with the other faculty members of the department:</p><ul><li>Provide courses consistent with areas of knowledge, skills-set, and departmental needs;</li><li>Teach labs and tutorials for undergraduate and graduate students;</li><li>Serve on juries for prospective students who are applying for engineering courses, specialized masters, etc.;</li><li>Contribute to the analysis of training needs;</li><li>Design and organize teaching activities for undergraduate and graduate students;</li><li>Design and implement project-based teaching;</li><li>Supervise student projects;</li><li>Develop courses and teaching tools in the above-mentioned field.</li></ul><p><strong>Research:</strong></p><ul><li>Engage in research activities in the scientific field concerned;</li><li>Write proposals and participate in projects with partners from the Institut Polytechnique de Paris, the Institut Mines-T\u00c3\u00a9l\u00c3\u00a9com or other institutions from the academic and/or corporate world, in particular in the framework of fundamental, national, or European projects;</li><li>Carry out industrial research contracts;</li><li>Explore and develop partnerships within the industry and establish contractual agreements.</li></ul><p><strong>Coordination:</strong></p><ul><li>Participate in and contribute to the scientific activities of the Group (seminars, presentations, juries, etc.).</li></ul><p><strong>Fostering the recognition of Institut Mines-T\u00c3\u00a9l\u00c3\u00a9com and the Institut Polytechnique de Paris:</strong></p><ul><li>Disseminate research findings via scholarly writing and publication;</li><li>Lead presentations and seminars;</li><li>Take an active role in scholarly and professional organizations;</li><li>Maintain close relations with academic institutions, research centers, and companies.</li></ul><p><strong>Other responsibilities:</strong></p><ul><li>Participate in the scientific, pedagogical, and management activities of the department and/or institution;</li><li>Where appropriate, direct and manage the staff placed under his or her responsibility or supervision;</li><li>Report on the activities and results of the tasks for which he or she is responsible.</li></ul><h3><strong>Job requirements</strong></h3><p><strong>Required skills, experience, and knowledge:</strong></p><ul><li>In-depth theoretical or applied knowledge in his or her field of expertise;</li><li>An excellent command of spoken and written English.</li><li>If the candidate is does not speak French, at the moment of hire he or she must commit to obtaining a professional proficiency of French as quickly as possible while under contract.</li></ul><p><strong>Preferred skills, experience, and knowledge:</strong></p><ul><li>Post-doctoral or international experience in an academic or industrial laboratory is appreciated;</li><li>Teaching experience.</li></ul><p><strong>Other abilities and skills:</strong></p><ul><li>The ability to be an active team member in a diverse faculty, staff, and student environment;</li><li>Strong teaching, pedagogical, and mentoring capabilities;</li><li>Superb written and interpersonal communication skills.</li></ul><p><strong>REQUIRED QUALIFICATIONS</strong></p><p><strong>Candidates with one or more of the following required qualifications may apply:</strong></p><ul><li>Doctorate or equivalent;</li><li>Civil servant recruited through the \u00c3\u0089cole Polytechnique or ENA or former student of the \u00c3\u0089cole Normale Sup\u00c3\u00a9rieure and \u00e2\u0089\u00a5 3 years of professional experience;</li><li>Holds a post-graduate degree from an engineering, business, or management school and has \u00e2\u0089\u00a5 5 years of professional experience;</li><li>Holds a post-graduate degree and has \u00e2\u0089\u00a5 5 years of professional experience;</li><li>Is a high-level business executive with \u00e2\u0089\u00a5 8 years of professional experience.</li></ul><p><strong>APPLICATION INSTRUCTIONS</strong></p><p>The application consists of:</p><ul><li>cover letter,</li><li>curriculum vitae,</li><li>statements of research and teaching interests (4 pages)</li><li>three publications</li><li>contact information for two references to: St\u00c3\u00a9phane Lathuili\u00c3\u00a8re.</li></ul><p>For full consideration, applications should be received no later than <strong>25th March 2022.</strong></p><p>Contact:</p><p>Team: St\u00c3\u00a9phane Lathuili\u00c3\u00a8re, <a href=\"mailto:stephane.lathuiliere@telecom-paris.fr\">stephane.lathuiliere@telecom-paris.fr</a></p><p>IDS department: Florence d\u00e2\u0080\u0099Alch\u00c3\u00a9, florence.dalche@telecom-paris.fr</p>\n</div>", "requirements_description": "N/A", "conditions_description": "N/A", "employer_description": "N/A", "department_description": "N/A", "additional_information": "N/A", "apply_link": "N/A", "employer_link": "N/A", "job_type": "N/A", "logo": "https://content.academicpositions.com/eyJidWNrZXQiOiJhcC1wcm9kdWN0aW9uLW1lZGlhLWFyY2hpdmUiLCJrZXkiOiI0MTFcLzRhNlwvNDExNGE2YzZmNDhiODgwZTNlYmFmNjIwZWQ1MWM0NTEucG5nIiwiZWRpdHMiOltdfQ=="}