{"url": "https://academicpositions.com/ad/spemann-graduate-school-of-biology-and-medicine-sgbm/2022/five-phd-positions-available-at-sgbm-university-of-freiburg-germany/174708", "title": "Five PhD positions available at SGBM, University of Freiburg, Germany", "publish_date": "2022-02-01", "deadline": "2022-03-03", "location": "Albertstra\u00c3\u009fe 19A Freiburg im Breisgau, Germany", "city": "Albertstra\u00c3\u009fe 19A Freiburg im Breisgau", "country": "Germany", "position": "PhD", "field": "Botany and plant science, Developmental Biology, Immunology, Molecular Biology, Molecular Medicine, and 3 moreNeuroscience,Structural Biology,Virology", "salary": "N/A", "max_working_hours": "N/A", "employer": "Spemann Graduate School of Biology and Medicine (SGBM)", "job_description": "<div class=\"editor ck-content mt-6 mb-6 mb-md-8 mt-md-8\" id=\"editor\">\n<p>Are you interested in pursuing your PhD within a structured, international and multidisciplinary program in one of the best Universities in Germany?</p><p>The Spemann Graduate School of Biology and Medicine (SGBM) at the University of Freiburg is currently recruiting 5 doctoral students in the following research disciplines:</p><p><strong>Protein Structure and Function</strong><br/><strong>Synthetic Biology and Signaling\u00a0</strong><br/><strong>Neurosciences</strong><br/><strong>Immunology/Virology</strong><br/><strong>Molecular Medicine</strong><br/><strong>Developmental Biology\u00a0</strong><br/><strong>Molecular Plant Sciences</strong></p><p>We offer:</p><ul><li>a 3-year doctoral work contract</li><li>a high-profile research environment</li><li>an efficient supervision and mentoring program</li><li>courses in novel technologies and soft skills</li><li>an interdisciplinary teaching program</li><li>a campus in the center of the city with lecture rooms, social &amp; guest rooms</li></ul><p>We expect:</p><ul><li>an excellent recent university degree: M.Sc. or German diploma (also candidates about to obtain such a degree are welcome to apply)</li><li>motivation and interest to join one of the interdisciplinary research areas of the Graduate School</li><li>excellent communication skills in English</li><li>interest and creativity to shape your own thesis project</li><li>interest in participating actively in the curricular and social activities of the school</li></ul><p>You can find more information about the application procedure on the SGBM website<u>\u00a0</u><a href=\"http://www.sgbm.uni-freiburg.de\" target=\"_blank\">www.sgbm.uni-freiburg.de</a> (under \u00e2\u0080\u009cApplication\u00e2\u0080\u009d \u00e2\u0080\u0093 Track 1).\u00a0</p><p><strong>Important: please select the Track 1 radio button when you register!</strong></p><p><strong>The application deadline is March 3, 2022 (5:00 p.m. CET).\u00a0</strong></p><p>Interviews will be held online on April 25-29, and decisions will be communicated to the candidates by May 10, 2022. Selected applicants will start the rotations on July 4, 2022.</p>\n</div>", "requirements_description": "N/A", "conditions_description": "N/A", "employer_description": "N/A", "department_description": "N/A", "additional_information": "N/A", "apply_link": "N/A", "employer_link": "N/A", "job_type": "N/A", "logo": "https://content.academicpositions.com/eyJidWNrZXQiOiJhcC1wcm9kdWN0aW9uLW1lZGlhLWFyY2hpdmUiLCJrZXkiOiJ1cGxvYWRzXC9SbE53QVVCVkp3ekl0dXJ3OVdLdXVycVpSdzJ0TGZQY2owajVxalY1LnBuZyIsImVkaXRzIjpbXX0="}