{"url": "https://academicpositions.com/ad/american-university-of-iraq-baghdad/2022/chemistry-lab-teaching-assistant-full-time-position/174834", "title": "Chemistry Lab Teaching Assistant Full-Time Position", "publish_date": "2022-02-03", "deadline": "N/A", "location": "Airport Road Baghdad, Iraq", "city": "Airport Road Baghdad", "country": "Iraq", "position": "Teaching Assistant", "field": "Analytical Chemistry, Atmospheric Chemistry, Biochemistry, Catalysis, Chemical Biology, and 29 moreChemical Thermodynamics,Chemo-informatics,Computational Chemistry,Electrochemistry,Environmental Chemistry,Immunochemistry,Inorganic Chemistry,Materials Chemistry,Mathematical Chemistry,Medicinal Chemistry,Molecular Chemistry,Nanobiochemistry,Nanochemistry,Nanotechnology,Nuclear Chemistry,Organic Chemistry,Organometallic Chemistry,Petrochemistry,Photochemistry,Physical Chemistry,Phytochemistry,Polymer Chemistry,Radiochemistry,Solid-state Chemistry,Spectroscopy,Surface Chemistry,Synthetic Chemistry,Theoretical Chemistry,Thermochemistry", "salary": "N/A", "max_working_hours": "N/A", "employer": "American University of Iraq - Baghdad", "job_description": "<div class=\"editor ck-content mt-6 mb-6 mb-md-8 mt-md-8\" id=\"editor\">\n<p><strong>College of Arts and Sciences</strong></p><p><strong>Why the American University of Iraq \u00e2\u0080\u0093 Baghdad?</strong></p><p>Opening its doors in the Spring of 2021, the new American University of Iraq \u00e2\u0080\u0093 Baghdad (AUIB) began as a dream of influential individuals in Iraqi and the United States business, industry and government who want to see a world-class institution of higher learning established in the city, reminiscent of the days when Baghdad was an educational mecca and flourishing capital of the Muslim world.\u00a0 With a great library, palatial college buildings and student centers, state-of-the-art classrooms, laboratories, and athletic facilities, AUIB will be a beautiful campus attracting students, faculty, and staff from throughout the world.\u00a0We invite you to join us in this exciting new venture.</p><p>We invite applications and nominations for a position of:</p><p><strong>Chemistry Lab Teaching Assistant Full-Time Position</strong></p><p>This position will report directly to the Dean of College of Arts and Sciences.</p><p><strong>JOB DESCRIPTION:</strong></p><ol><li>Assist faculty members in teaching chemistry lab courses.</li><li>Set up equipment and material for lab sessions.</li><li>Prepare and maintain documentation of lab inventory of equipment, materials, and supplies.</li><li>Arrange purchase orders for lab material and supplies, and lab budget.</li><li>Prepare and maintain documentation of all lab protocols and procedures, and safety rules.</li></ol><p><strong>EXPERIENCE, SKILL AND EDUCATIONAL REQUIREMENTS:</strong></p><ol><li>Master\u00e2\u0080\u0099s degree in chemistry from a reputable college/ university.</li><li>Minimum of 2 years of relevant teaching experience. Work experience in in a college/ university setting is a plus.</li><li>Familiarity with lab safety rules.</li><li>Ability to work and coordinate with faculty and other lab staff as member of a team.</li><li>Ability to interact effectively with students, supervise and guide them in the lab.</li><li>Strong computer skills, English communication skills, and good time management skills.</li></ol><p><strong>Application Procedure:\u00a0</strong></p><p>Applications should include:</p><ul><li><strong>Cover Letter</strong></li><li><strong>Curriculum Vita</strong></li><li><strong>Passport First Data Page</strong></li><li><strong>Contact Information For Three (3) Professional References</strong></li><li><strong>Copies Of Degrees Or Certification</strong></li></ul><p>Applications will be accepted until the position is filled. Confidential review of materials and screening of candidates will begin immediately.\u00a0</p><p>Please apply through AUIB website OR send your application and supporting documents to the following email address:</p><p><a href=\"mailto:jobs@auib.edu.iq\">jobs@auib.edu.iq</a>\u00a0with\u00a0<a href=\"mailto:Karin.Jesuis@auib.edu.iq\">Karin.Jesuis@auib.edu.iq</a>\u00a0in copy.<strong>\u00a0</strong></p><p><strong>A declaration of a relation at AUIB is obligatory</strong></p><p><strong>We will contact you if you are selected for interview.</strong></p><p><i>AUIB is seeking to diversify its workforce and actively encourages candidates of all backgrounds to apply. AUIB especially welcomes applications from native English speaking\u00a0candidates and those with academic qualifications obtained in Europe and North America.\u00a0</i></p>\n</div>", "requirements_description": "N/A", "conditions_description": "N/A", "employer_description": "N/A", "department_description": "N/A", "additional_information": "N/A", "apply_link": "N/A", "employer_link": "N/A", "job_type": "N/A", "logo": "https://content.academicpositions.com/eyJidWNrZXQiOiJhcC1wcm9kdWN0aW9uLW1lZGlhLWFyY2hpdmUiLCJrZXkiOiJ1cGxvYWRzXC9pNGszZzI0c3NUb0VuOFpCbG8zVDI3Wm5TRU1RdXppU2hLRFdTdGVkLmpwZyIsImVkaXRzIjpbXX0="}