{"url": "https://academicpositions.com/ad/iu-international-university-of-applied-sciences/2022/academic-writer-m-f-d-as-a-level-economics/174901", "title": "Academic Writer (m/f/d) \u00e2\u0080\u0093 as/a Level Economics", "publish_date": "2022-02-04", "deadline": "N/A", "location": "N/A", "city": "N/A", "country": "N/A", "position": "Other Category", "field": "Business Administration, Business Economics,", "salary": "N/A", "max_working_hours": "N/A", "employer": "IU International University of Applied Sciences", "job_description": "<div class=\"editor ck-content mt-6 mb-6 mb-md-8 mt-md-8\" id=\"editor\">\n<p><strong>Be part of a growing business \u00e2\u0080\u0093 start your career at IU!\u00a0</strong>\u00a0</p><p>Since its founding in 1998, the IU International University of Applied Sciences has developed into the largest private university for online and dual study programs in Europe. We offer more than 80 career-oriented bachelor and master programs in various disciplines. These English and German language programs are all accredited and state-recognized. As a pioneer in digital education, we continuously improve the learning experience of our students with the help of innovative technologies and consistently focus on their satisfaction. Through our employees\u00e2\u0080\u0099 entrepreneurial mindset we continue to achieve our ambitious goals and high growth rate of more than 50 percent.\u00a0</p><p>We are currently looking for an\u00a0<strong>Freelance Academic Author</strong>\u00a0(m/f/d)\u00a0with an additional option to become a <strong>Lecturer</strong> in bachelor preparation courses\u00a0for:\u00a0 \u00a0</p><p><strong>AS/A Level Economics \u00e2\u0080\u008b</strong></p><p><strong>YOUR RESPONSIBILITIES</strong></p><p>Creating a coursebook and reading list (130-180 pages) from an existing module description\u00a0\u00a0</p><p>Creating various assessment types\u00a0\u00a0</p><p>Creating videos per chapter</p><p><strong>YOUR PROFILE</strong></p><p>A completed academic degree and profile (Master or Ph.D.) related to the subject area</p><p>Own AS/A level experience desirable</p><p>Previous experience developing course materials for AS/A Levels is advantageous</p><p>Industry experience in the advanced education sector and/or topic field</p><p>An affinity for online-education / e-learning and web-based programs</p><p>Sound knowledge of MS Office\u00a0</p><p><strong>WHAT WE OFFER</strong></p><p>Remote and freelance contract\u00a0\u00a0</p><p>Ability to develop your academic writing\u00a0\u00a0</p><p>Guidelines and support from internal departments\u00a0</p><p>Opportunities to work on similar future projects\u00a0</p><p><strong>For your application to be considered please submit the following documents (in English and in a single .pdf file):\u00a0</strong>\u00a0</p><p>Tailored CV and Cover Letter (including your earliest start date)\u00a0</p><p>An independent writing sample (3-5 pages) related to one of the topics listed under \u00e2\u0080\u0098Course Content\u00e2\u0080\u0099\u00a0\u00a0</p><p>Academic Transcripts</p><p>We look forward to your application.\u00e2\u0080\u00afFor questions and/or further details about the course content please contact <strong>Ms Koller </strong>(lehrbeauftragte-fernstudium@iu.org).</p><p>For further information please visit our <a href=\"https://wd3.myworkdaysite.com/en-US/recruiting/iubh/IUBH_WD_Jobboard\" target=\"_blank\"><u>career page</u></a><u> or </u><a href=\"http://www.iu.de/en/\" target=\"_blank\"><u>www.iu.de/en/</u></a>.</p>\n</div>", "requirements_description": "N/A", "conditions_description": "N/A", "employer_description": "N/A", "department_description": "N/A", "additional_information": "N/A", "apply_link": "N/A", "employer_link": "N/A", "job_type": "N/A", "logo": "https://content.academicpositions.com/eyJidWNrZXQiOiJhcC1wcm9kdWN0aW9uLW1lZGlhLWFyY2hpdmUiLCJrZXkiOiIzNTBcL2M3NlwvMzUwYzc2ZjY1MTBlMGIwNDc1MDE4NGI2MzQ4ZjhmMmYucG5nIiwiZWRpdHMiOltdfQ=="}