{"url": "https://academicpositions.com/ad/leiden-university/2022/assistant-professor-of-digitalisation-and-artificial-intelligence-ai-in-the-public-sector/175378", "title": "Assistant Professor of Digitalisation and Artificial Intelligence (AI) in the Public Sector", "publish_date": "2022-02-17", "deadline": "2022-08-01", "location": "Rapenburg 70 Leiden, Netherlands", "city": "Rapenburg 70 Leiden", "country": "Netherlands", "position": "Assistant Professor", "field": "Artificial Intelligence, Computing in Social science, Arts and Humanities, Information Technology and Politics, Public Administration, Public Policy, and 1 moreSociology", "salary": "N/A", "max_working_hours": "N/A", "employer": "Leiden University", "job_description": "N/A", "requirements_description": "N/A", "conditions_description": "N/A", "employer_description": "N/A", "department_description": "N/A", "additional_information": "N/A", "apply_link": "N/A", "employer_link": "N/A", "job_type": "N/A", "logo": "https://content.academicpositions.com/eyJidWNrZXQiOiJhcC1wcm9kdWN0aW9uLW1lZGlhLWFyY2hpdmUiLCJrZXkiOiI5NWZcLzc3Y1wvOTVmNzdjYjE3YjNmODExNDlkZmNlYmIyYWRmYzc1MWQucG5nIiwiZWRpdHMiOltdfQ=="}