{"url": "https://academicpositions.com/ad/university-of-cologne/2022/phd-position-f-m-d-in-solid-state-physics/175161", "title": "PhD position (f/m/d) in solid state physics", "publish_date": "2022-02-11", "deadline": "2022-02-27", "location": "Frangenheimstra\u00c3\u009fe 4 Cologne, Germany", "city": "Frangenheimstra\u00c3\u009fe 4 Cologne", "country": "Germany", "position": "PhD", "field": "Experimental Physics, Materials Physics, Quantum Physics, Solid-state Physics, Spectroscopy, and 1 moreTheoretical Physics", "salary": "N/A", "max_working_hours": "N/A", "employer": "University of Cologne", "job_description": "N/A", "requirements_description": "N/A", "conditions_description": "N/A", "employer_description": "N/A", "department_description": "N/A", "additional_information": "N/A", "apply_link": "N/A", "employer_link": "N/A", "job_type": "N/A", "logo": "https://content.academicpositions.com/eyJidWNrZXQiOiJhcC1wcm9kdWN0aW9uLW1lZGlhLWFyY2hpdmUiLCJrZXkiOiIyMDEzXC8wOFwvQ29sb2duZUxvZ28ucG5nIiwiZWRpdHMiOltdfQ=="}