{"url": "https://academicpositions.com/ad/university-of-oulu/2022/doctoral-student-for-water-resources-research/174524", "title": "Doctoral Student for Water Resources Research", "publish_date": "2022-01-27", "deadline": "2022-02-27", "location": "Pentti Kaiteran katu 1 Oulu, Finland", "city": "Pentti Kaiteran katu 1 Oulu", "country": "Finland", "position": "PhD", "field": "Environmental Engineering, Environmental Science, Hydrology, Programming Languages, Water Science,", "salary": "N/A", "max_working_hours": "N/A", "employer": "University of Oulu", "job_description": "N/A", "requirements_description": "N/A", "conditions_description": "N/A", "employer_description": "N/A", "department_description": "N/A", "additional_information": "N/A", "apply_link": "N/A", "employer_link": "N/A", "job_type": "N/A", "logo": "https://content.academicpositions.com/eyJidWNrZXQiOiJhcC1wcm9kdWN0aW9uLW1lZGlhLWFyY2hpdmUiLCJrZXkiOiJmNjJcLzg4Y1wvZjYyODhjMGNjZDI0NzAzMTNlNDRhOWQzNjM2M2IzZGMucG5nIiwiZWRpdHMiOltdfQ=="}