{"url": "https://academicpositions.com/ad/adagio/2022/adagio-advanced-manufacturing-research-fellowship-programme-in-the-basque-new-aquitaine-region/174767", "title": "ADAGIO - Advanced Manufacturing Research Fellowship Programme in the Basque \u00e2\u0080\u0093 New Aquitaine Region", "publish_date": "2022-02-02", "deadline": "2022-03-31", "location": "Barrio Sarriena Leioa, Spain", "city": "Barrio Sarriena Leioa", "country": "Spain", "position": "Researcher", "field": "Aeronautical Engineering, Aerospace Engineering, Applied Mathematics, Applied Physics, Automotive Engineering, and 11 moreAutomotive Systems Engineering,Computing in Mathematics, Natural Science, Engineering and Medicine,Energy Technology,Industrial Engineering,Manufacturing Engineering,Materials Chemistry,Materials Engineering,Materials Physics,Mechanical Engineering,Mechatronics,Robotics", "salary": "N/A", "max_working_hours": "N/A", "employer": "ADAGIO", "job_description": "<div class=\"editor ck-content mt-6 mb-6 mb-md-8 mt-md-8\" id=\"editor\">\n<p>Advanced Manufacturing Research Fellowship Programme in the Basque \u00e2\u0080\u0093 New Aquitaine Region (ADAGIO) is a cross-border Programme aimed at enhancing the research and innovation (R&amp;I) capacity and high-quality human resources of the regions of Euskadi (Spain) and New Aquitaine (France) in the selected field of Advanced Manufacturing.</p><p>ADAGIO is aimed at incorporating postdoctoral talent in the area of Advanced Manufacturing, specifically in the following fields:</p><ul><li>Advanced Materials &amp; Processes</li><li>Intelligent, Flexible &amp; Efficient Production Systems</li><li>Digital &amp; Connected Factory</li><li>Energy Efficiency</li><li>Sustainable Manufacturing.</li></ul><p>ADAGIO will bring together 15 experienced researchers to develop a 36 month stay through 2 open calls at international level. The fellows may decide whether to carry out a 36 month advanced research project in one of the two hosting institutions, namely the <strong>University of the Basque Country (Spain)\u00a0</strong>and<strong>\u00a0</strong>the<strong> University of Bordeaux (France)</strong>, or combine it with a more applied research path oriented towards market needs, by doing up to 12 months secondments (with a minimum of 3 months) in one or more of the industrial partner organisations associated with the programme, or in another partner organisation of their own choice.</p><p>More detailed information can be found on the programme's website:\u00a0<a href=\"http://www.ehu.eus/cofund-adagio\" target=\"_blank\">www.ehu.eus/cofund-adagio\u00a0</a></p><p><strong>Eligibility criteria</strong></p><ul><li>To be Experienced Researchers (ER): to hold a doctoral degree (PhD) at the date of the call deadline.</li><li>To comply with the MSCA mobility rule: not have resided or carried out their main activity (work, studies, etc.) in the country of the recruiting institution (Spain and/or France) for more than 12 months in the 3 years immediately prior to the respective call deadline.</li><li>Applicants cannot be permanent employees of any of the hosting organisations</li><li>Applicants must be able to communicate fluently in English (written and spoken). This last aspect will be checked during the interview process.</li><li>To submit a complete application, including all required documentation, before the call deadline.</li><li>All applications must be submitted via the ADAGIO web application currently available on the ADAGIO website.</li></ul>\n</div>", "requirements_description": "N/A", "conditions_description": "N/A", "employer_description": "N/A", "department_description": "N/A", "additional_information": "N/A", "apply_link": "N/A", "employer_link": "N/A", "job_type": "N/A", "logo": "https://content.academicpositions.com/eyJidWNrZXQiOiJhcC1wcm9kdWN0aW9uLW1lZGlhLWFyY2hpdmUiLCJrZXkiOiJ1cGxvYWRzXC9mRng1QVNSUnBXM1JxR2ZJMVFHS2pxYzBvTHRySXVhbUZscmxpQUFMLnBuZyIsImVkaXRzIjpbXX0="}