{"url": "https://academicpositions.com/ad/bi-norwegian-business-school/2022/msca-postdoctoral-fellowship-centre-for-construction-industry/175046", "title": "MSCA Postdoctoral Fellowship - Centre for Construction Industry", "publish_date": "2022-02-08", "deadline": "2022-03-06", "location": "Nydalsveien 37 Oslo, Norway", "city": "Nydalsveien 37 Oslo", "country": "Norway", "position": "Postdoc", "field": "Industrial Economics, Industrial Engineering, Management, Organizational Economics, Strategic Management,", "salary": "N/A", "max_working_hours": "N/A", "employer": "BI Norwegian Business School", "job_description": "N/A", "requirements_description": "N/A", "conditions_description": "N/A", "employer_description": "N/A", "department_description": "N/A", "additional_information": "N/A", "apply_link": "N/A", "employer_link": "N/A", "job_type": "N/A", "logo": "https://content.academicpositions.com/eyJidWNrZXQiOiJhcC1wcm9kdWN0aW9uLW1lZGlhLWFyY2hpdmUiLCJrZXkiOiI5ZDRcLzlmZlwvOWQ0OWZmMjA0NmFlYzg4YTQ4OTRiOTgzMDJiNGY2YzAucG5nIiwiZWRpdHMiOltdfQ=="}