{"url": "https://academicpositions.com/ad/orebro-university/2022/postdoctoral-researcher-in-plant-biology-biochemistry/175197", "title": "Postdoctoral researcher in Plant Biology/Biochemistry", "publish_date": "2022-02-11", "deadline": "2022-03-06", "location": "Fakultetsgatan 1 \u00c3\u0096rebro, Sweden", "city": "Fakultetsgatan 1 \u00c3\u0096rebro", "country": "Sweden", "position": "Postdoc", "field": "Biochemistry, Botany and plant science, Genetics, Molecular Biology, Physiology, and 1 morePhytochemistry", "salary": "N/A", "max_working_hours": "N/A", "employer": "\u00c3\u0096rebro University", "job_description": "N/A", "requirements_description": "N/A", "conditions_description": "N/A", "employer_description": "N/A", "department_description": "N/A", "additional_information": "N/A", "apply_link": "N/A", "employer_link": "N/A", "job_type": "N/A", "logo": "https://content.academicpositions.com/eyJidWNrZXQiOiJhcC1wcm9kdWN0aW9uLW1lZGlhLWFyY2hpdmUiLCJrZXkiOiIwN2NcL2NiMVwvMDdjY2IxODE3NzRlM2RiMjhiN2U5OGIxNGE0YTgxM2IucG5nIiwiZWRpdHMiOltdfQ=="}