{"url": "https://academicpositions.com/ad/federal-institute-risk-assessment-bfr/2022/phd-student-on-the-topic-of-logics-in-risk-controversies-f-m-d/173732", "title": "PhD student on the topic of logics in risk controversies (f/m/d)", "publish_date": "2022-01-06", "deadline": "2022-03-03", "location": "Max-Dohrn-Str. 8-10 D Berlin, Germany", "city": "Max-Dohrn-Str. 8-10 D Berlin", "country": "Germany", "position": "PhD", "field": "Business Administration, Sociology,", "salary": "N/A", "max_working_hours": "N/A", "employer": "Federal Institute for Risk Assessment (BfR)", "job_description": "<div class=\"editor ck-content mt-6 mb-6 mb-md-8 mt-md-8\" id=\"editor\">\n<p>The employment is based on 65 % of full-time weekly working hours (currently 25,35 h). Fixed-term employment is based on the German \u00e2\u0080\u009cWissenschaftszeitvertragsgesetz\u00e2\u0080\u009d.</p><p>The candidate is envisioned to obtain a doctoral degree through this employment. The employment is part of a newly established junior research group on the topic of trust in regulatory scientific organizations. Aim of the research group is to study the effects of structural, processual, strategic and individual factors on the construction of trust in the context of regulatory science. <strong>The PhD project will focus on the construction and effects of institutional logics and other structural arrangements.</strong> It is intended to be supervised by Professor Dr. Ortwin Renn at the University of Stuttgart.\u00a0</p><p>Participation in BfR\u00e2\u0080\u0098s PhD program is mandatory. The program aims to convey scientific and methodological knowledge. It offers the opportunity to present the progress of the PhD project in regular internal events and to benefit from scientific exchange.</p><p><strong>Tasks:</strong></p><ul><li>Reviewing relevant literature on the discursive construction of risks and the role of regulatory scientific organizations in selected risk fields</li><li>Analysing (risk)controversies (e.g. around animal testing or pesticide authorisation) from the perspectives of organizational and risk sociology</li><li>Publishing research results in scientific journals</li><li>Presenting research results at scientific events</li><li>Developing research proposals for third party funding</li></ul><p><strong>Requirements:</strong></p><ul><li>University degree (master\u00e2\u0080\u0099s, diploma (university) or a comparable university degree) in sociology, business administration or a similar discipline</li><li>Familiarity with organizational sociology, in particular institutional approaches</li><li>Experience in qualitative data analysis, ideally using MAXQDA software</li><li>Experience in literature management, ideally using Citavi software</li><li>Knowledge of risk and science studies</li><li>Very good knowledge of written and spoken German and English</li><li>Handling of standard IT applications, conscientious work ethic, flexibility, resilience and ability to work in a team</li><li>Willingness to travel</li></ul><p><strong>What we can offer you:</strong></p><ul><li>trust-based work time</li><li>30 days\u00e2\u0080\u0099 annual leave (based on a 5-day week)</li><li>Mobile working opportunities</li><li>Excellent links to the public transport network</li><li>Wide range of further training opportunities</li><li>Travel pass</li><li>VBL occupational pension</li><li>Capital-forming benefits</li><li>AWO-Familienservice/Family Service</li></ul><p><strong>The place of employment is Berlin.</strong></p><p><strong>Application process:</strong></p><p>Does this position appeal to you?</p><p>Then please apply by <strong>03. March 2022</strong> via our online system:</p><p>Please address any questions in connection with the application process to: bewerbung@bfr.bund.de</p><p><strong>\u00e2\u0080\u0093 Please do not send any applications to this email address \u00e2\u0080\u0093</strong></p><p>Bundesinstitut f\u00c3\u00bcr Risikobewertung / Personalreferat - 11.17 - / Max-Dohrn-Str. 8-10 / 10589 Berlin</p><p><strong>For further information please contact: </strong>Dr. Dendler Rafael <strong>Tel.: + 49(0)30 18412-22105</strong></p>\n</div>", "requirements_description": "N/A", "conditions_description": "N/A", "employer_description": "N/A", "department_description": "N/A", "additional_information": "N/A", "apply_link": "N/A", "employer_link": "N/A", "job_type": "N/A", "logo": "https://content.academicpositions.com/eyJidWNrZXQiOiJhcC1wcm9kdWN0aW9uLW1lZGlhLWFyY2hpdmUiLCJrZXkiOiJ1cGxvYWRzXC95Rzh4eUZWOFhSMnd6UEQ0aGxVZXdqZzk3d2dhbW02T2VZRzl2NEtPLmpwZyIsImVkaXRzIjpbXX0="}