{"url": "https://academicpositions.com/ad/malmo-university/2022/doctoral-student-in-computer-science/175292", "title": "Doctoral student in Computer Science", "publish_date": "2022-02-16", "deadline": "2022-03-31", "location": "Matrosgatan 1 Malmo, Sweden", "city": "Matrosgatan 1 Malmo", "country": "Sweden", "position": "PhD", "field": "Algorithms, Analysis, Computational Mathematics, Computational Sciences, Geometry and Topology, and 1 moreProgramming Languages", "salary": "N/A", "max_working_hours": "N/A", "employer": "Malm\u00c3\u00b6 University", "job_description": "<div class=\"editor ck-content mt-6 mb-6 mb-md-8 mt-md-8\" id=\"editor\">\n<h2><strong>About\u00a0Malm\u00c3\u00b6 University</strong></h2><p>Malm\u00c3\u00b6 University is an innovative, urban and international institute of higher education, located in the centre of Malm\u00c3\u00b6. We have around 1,800 employees and 24,000 students. Our research and education are characterised by the role we believe a university should play in an open society \u00e2\u0080\u0094 to contribute to sustainability and equality in a scientifically grounded way with external partners and stakeholders. Identifying and addressing the challenges of the future are of highest priority. Our researchers and students work collaboratively to create, share and spread knowledge in order to understand, explain and develop society \u00e2\u0080\u0094 both locally and globally.</p><h2><strong>Faculty</strong></h2><p>The Faculty of Technology and Society conducts education and research focusing on technology and natural sciences at two departments: Computer Science and Media Technology and Materials Science and Applied Mathematics. The faculty collaborates with companies and other organisations in order to raise the level of competence, create new products, develop activities and offer students an early connection to their future working life. Our research collaborations and staff from many different countries give our activities an international profile.</p><h2><strong>Department</strong></h2><p>The Department of Computer Science and Media Technology offers research-linked education at first-cycle, second-cycle and doctoral levels. The department conducts research in computer science, information systems, software engineering and media technology. We are interested in research and education areas such as artificial intelligence, digital media, e-health, internet of things and game development.</p><p><u>Department of Computer Science and Media Technology</u></p><h2><strong>Work duties</strong></h2><p>Those appointed to doctoral studentships shall primarily devote themselves to their studies. Those appointed to doctoral studentships may, however, work to a limited extent with educational tasks, research, artistic research and administration, however, duties of this kind may not comprise more than 20 per cent of a full-time post (Chapter 5, Section 2 of the Higher Education Ordinance).</p><p>In the project \"Illuminate: provably good algorithms for guarding problems\" we study visibility based problems--specifically those, where several stationary or mobile guards need to monitor each point of a domain. These problems play a larger role in an increasing number of applications (e.g., surveillance, illumination and domain covering, and also in manufacturing) and are known to be computationally hard to solve in general. Hence, finding efficient ways to approximate them is important. We consider restricted polygonal domains with the goal to obtain efficient optimal solutions or better approximate solutions than those known for simple polygons. Also we will study k-transmitters: modems that can connect to \"see\" another device that is obstructed by at most k walls. If all points of an environment need to frequently connect to a k-transmitter, we want to find the shortest tour for the transmitter that allows for these connections.<br/>The project is a cooperation between the universities in Link\u00c3\u00b6ping and Malm\u00c3\u00b6.</p><p>The research focuses on the basic geometric properties, worst-case combinatorial bounds, the design and analysis of algorithms and the computational complexity of these problems.</p><p>Additional teaching duties at the department of Computer Science and Media Technology will also be part of the employment.</p><h2><strong>Qualifications</strong></h2><p>Only those who are or have been admitted to third-cycle courses and study programmes at a higher education may be appointed to doctoral studentships (Chapter 5, Section 3 of the Higher Education Ordinance).\u00a0Preparation of admission to postgraduate education and employment as a doctoral student take place in parallel. Those who have\u00a0basic eligibility for admission will have:</p><ul><li>passed a degree at advanced level, or</li><li>completed course requirements of at least 240 ECTS, of which 60 ECTS at advanced level, or</li><li>in some other way, in- or outside Sweden, have acquired equivalent knowledge (HEO Chapter 7 section 39)</li></ul><p>Special eligibility is accorded to those who:</p><ul><li>have knowledge and skills equivalent to a second-cycle degree in computer science or in another subject that has relevance for computer science, or</li><li>have acquired essentially equivalent knowledge in or outside Sweden</li><li>are proficient in English to the extent required for conducting postgraduate studies in computer science</li></ul><h2><strong>Assessment criteria</strong></h2><p>When selecting between applicants for vacant positions, the ability to complete postgraduate education is assessed (HEO Chapter 7 Section 5).</p><p>The following general criteria will be used.</p><ul><li>Subject competence</li><li>Scientific quality in previous work</li><li>Methodological and scientific maturity</li><li>Communication and collaborative skills</li></ul><p>The following specific criteria will be used:</p><ul><li>Experience with analysis of algorithms and computational complexity</li><li>Experience with combinatorial and/or computational geometry</li><li>Good programming skills</li><li>Excellent communication skills in spoken and written English</li><li>Documented ability to work collaboratively</li><li>Documented ability to work independently</li><li>Documented ability to meet deadlines</li></ul><h2><strong>Further information</strong></h2><p>Head of department, Bengt J Nilsson, 040-6657244, <a href=\"mailto:bengt.nilsson.ts@mau.se\"><u>bengt.nilsson.ts@mau.se</u></a></p><p>HR-specialist, Sara Eriksson, 040-665 76 59,\u00a0<a href=\"mailto:sara.eriksson@mau.se\"><u>sara.eriksson@mau.se</u></a></p><p>In our recruitment work, Malm\u00c3\u00b6 University has taken a stand regarding recruitment channels and marketing. We therefore decline all offers of advertising and recruitment assistance in connection with this advertisement.</p><h2><strong>Application</strong></h2><p>You may apply for this position via Malm\u00c3\u00b6 University's recruitment system by clicking on the \"Apply\" button. As an applicant, you are responsible for ensuring that your application is completed in accordance with the advertisement, and that it is provided to the University no later than 2022-03-31.\u00a0The applicant is responsible for ensuring that the University can read what is written in the application. If the application is not written in Swedish, English or any of the Nordic languages, the applicant is responsible for the application and its appendices being translated.</p><p>The application must include:</p><ul><li>Completed application form for admission to Research Education <a href=\"https://mau.app.box.com/s/xe74zorhnlfmst7ejy65440r77f0n2l6\" target=\"_blank\"><u>https://mau.app.box.com/s/xe74zorhnlfmst7ejy65440r77f0n2l6</u></a></li><li>Curriculum Vitae</li><li>Diplomas, transcript of records and other certificates relevant for the position</li><li>A brief research plan presenting the focus of research and a thesis concept, and how this relates to the specific post (max 4 pages). The research plan must contain an overall purpose, questions that the project intends to answer, an account of the methodological approach, a description of material collection and type of research material and an account of the theoretical framework</li><li>Independent work at advanced level (including master thesis or equivalent)</li></ul><h2><strong>Miscellaneous</strong></h2><p>The post is full-time and for a limited period, in accordance with the Higher Education Ordinance Chapter 5 Section 7</p><p>Malm\u00c3\u00b6 University is a workplace and higher education institution that is characterised by an open and inclusive approach, where gender equality and equal terms add value to our activities.</p><h2><strong>Start date</strong></h2><p>2022-08-01</p><h2><strong>Union representatives</strong></h2><p>SACO-S Mats Syde,\u00a0<a href=\"mailto:mats.syde@mau.se\"><u>mats.syde@mau.se</u></a></p><p>OFR/ST Bodil Sterner,\u00a0<a href=\"mailto:bodil.sterner@mau.se\"><u>bodil.sterner@mau.se</u></a></p><p><strong>We are looking forward to receiving your application!</strong></p><p>You apply no later than 31/03/2022 by clicking the apply button.</p>\n</div>", "requirements_description": "N/A", "conditions_description": "N/A", "employer_description": "N/A", "department_description": "N/A", "additional_information": "N/A", "apply_link": "N/A", "employer_link": "N/A", "job_type": "N/A", "logo": "https://content.academicpositions.com/eyJidWNrZXQiOiJhcC1wcm9kdWN0aW9uLW1lZGlhLWFyY2hpdmUiLCJrZXkiOiJiODBcLzcwYlwvYjgwNzBiY2FiNDg5Y2UyY2I4N2E1YTVmZjQ5NzM3ZmIucG5nIiwiZWRpdHMiOltdfQ=="}