{"url": "https://academicpositions.com/ad/funglass/2022/17-fully-funded-phd-positions-in-inorganic-materials-and-technology-4-years-study-at-funglass/173975", "title": "17 fully funded PhD positions in Inorganic materials and technology, 4- years study at FunGlass", "publish_date": "2022-01-13", "deadline": "2022-04-21", "location": "\u00c5\u00a0tudentsk\u00c3\u00a1 2911 50 Tren\u00c4\u008d\u00c3\u00adn, Slovakia Tren\u00c4\u008d\u00c3\u00adn, Slovakia", "city": "\u00c5\u00a0tudentsk\u00c3\u00a1 2911 50 Tren\u00c4\u008d\u00c3\u00adn", "country": "Slovakia", "position": "PhD", "field": "Chemical Engineering, Chemical Thermodynamics, Inorganic Chemistry, Materials Chemistry,", "salary": "N/A", "max_working_hours": "N/A", "employer": "FunGlass", "job_description": "<div class=\"editor ck-content mt-6 mb-6 mb-md-8 mt-md-8\" id=\"editor\">\n<p><strong>What we offer:</strong></p><ul><li>Unique opportunity to participate in the European project integrating significant international know-how and experience with access to up to 1-year internships with FunGlass international partners at their home sites in Germany, Italy or Spain under supervision of world leading scientists,</li><li>individual training plans including not only scientific but also complementary competencies,</li><li>scholarships to cover living cost during study,</li><li>access and training on high-end laboratories and equipment/techniques; for full list see\u00a0<a href=\"http://www.funglass.eu/equipment/\" target=\"_blank\"><span style=\"color:#333333;\">http://www.funglass.eu/equipment/</span></a>,</li><li>program of visiting scientists/lectures, workshops,</li><li>FunGlass school (twice a year), summer schools (Montpellier), conferences,</li><li>Slovak language classes, English competence program.</li></ul><p><strong>Admission requirements:</strong></p><ol><li>M.Sc./graduate degree in inorganic materials and technology and related study programs,</li><li>with the desire for independent laboratory work are also eligible,</li><li>high English language proficiency skills,</li><li>strive for excellence and be able to focus on solving scientific problems,</li><li>be a team player of high cultural awareness.</li></ol><p>for more information, refer to Daniela Vavrov\u00c3\u00a1, PhD study Advisor, daniela.vavrova@tnuni.sk</p><p><strong>Admission exam terms:\u00a0\u00a0\u00a0\u00a0\u00a0\u00a0\u00a0\u00a0\u00a0\u00a0\u00a0\u00a0\u00a0\u00a0\u00a0\u00a0\u00a0\u00a0\u00a0\u00a0\u00a0\u00a0\u00a0\u00a0\u00a0\u00a0\u00a0\u00a0\u00a0\u00a0\u00a0\u00a0\u00a0\u00a0\u00a0\u00a0\u00a0\u00a0\u00a0\u00a0\u00a0\u00a0\u00a0\u00a0\u00a0\u00a0\u00a0\u00a0\u00a0\u00a0\u00a0\u00a0\u00a0\u00a0\u00a0\u00a0\u00a0\u00a0\u00a0\u00a0\u00a0\u00a0\u00a0\u00a0application submission terms:</strong></p><p>21-25.03.2022\u00a0\u00a0\u00a0\u00a0\u00a0\u00a0\u00a0\u00a0\u00a0\u00a0\u00a0\u00a0\u00a0\u00a0\u00a0\u00a0\u00a0\u00a0\u00a0\u00a0\u00a0\u00a0\u00a0\u00a0\u00a0\u00a0\u00a0\u00a0\u00a0\u00a0\u00a0\u00a0\u00a0\u00a0\u00a0\u00a0\u00a0\u00a0\u00a0\u00a0\u00a0\u00a0\u00a0\u00a0\u00a0\u00a0\u00a0\u00a0\u00a0\u00a0\u00a0\u00a0\u00a0\u00a0\u00a0\u00a0\u00a0\u00a0\u00a0\u00a0\u00a0\u00a0\u00a0\u00a0\u00a0\u00a0\u00a0\u00a0\u00a0\u00a0\u00a0\u00a0\u00a0\u00a0\u00a0\u00a0\u00a0\u00a0\u00a0\u00a0\u00a0\u00a0\u00a0\u00a0\u00a0 17.02.2022</p><p>23-27.05.2022\u00a0\u00a0\u00a0\u00a0\u00a0\u00a0\u00a0\u00a0\u00a0\u00a0\u00a0\u00a0\u00a0\u00a0\u00a0\u00a0\u00a0\u00a0\u00a0\u00a0\u00a0\u00a0\u00a0\u00a0\u00a0\u00a0\u00a0\u00a0\u00a0\u00a0\u00a0\u00a0\u00a0\u00a0\u00a0\u00a0\u00a0\u00a0\u00a0\u00a0\u00a0\u00a0\u00a0\u00a0\u00a0\u00a0\u00a0\u00a0\u00a0\u00a0\u00a0\u00a0\u00a0\u00a0\u00a0\u00a0\u00a0\u00a0\u00a0\u00a0\u00a0\u00a0\u00a0\u00a0\u00a0\u00a0\u00a0\u00a0\u00a0\u00a0\u00a0\u00a0\u00a0\u00a0\u00a0\u00a0\u00a0\u00a0\u00a0\u00a0\u00a0\u00a0\u00a0\u00a0\u00a0 21.04.2022</p>\n</div>", "requirements_description": "N/A", "conditions_description": "N/A", "employer_description": "N/A", "department_description": "N/A", "additional_information": "N/A", "apply_link": "N/A", "employer_link": "N/A", "job_type": "N/A", "logo": "https://content.academicpositions.com/eyJidWNrZXQiOiJhcC1wcm9kdWN0aW9uLW1lZGlhLWFyY2hpdmUiLCJrZXkiOiJjMDZcLzgyYlwvYzA2ODJiNDA5ZWNhNzdlNWE1NjllZTdiZGFkYWEwN2YucG5nIiwiZWRpdHMiOltdfQ=="}