{"url": "https://academicpositions.com/ad/technion-israel-institute-technology/2022/faculty-positions-in-aerospace-engineering-all-ranks/174204", "title": "Faculty Positions in Aerospace Engineering (all ranks)", "publish_date": "2022-01-19", "deadline": "N/A", "location": "Mauerberger Building, 2nd floor Technion City Haifa, Israel", "city": "Mauerberger Building", "country": "Israel", "position": "Engineer/Technician", "field": "Aerospace Engineering, Computational Physics, Control Systems Engineering, Experimental Physics, Fluid Dynamics, and 4 moreFluid Mechanics,Mechanics,Robotics,Signal Processing", "salary": "N/A", "max_working_hours": "N/A", "employer": "Technion - Israel Institute of Technology", "job_description": "<div class=\"editor ck-content mt-6 mb-6 mb-md-8 mt-md-8\" id=\"editor\">\n<p><strong>The Department of Aerospace Engineering (AE) at the Technion \u00e2\u0080\u0093 Israel institute of Technology invites applications for multiple tenured or tenure-track faculty positions\u00a0</strong><br/><strong>at all ranks (Assistant/Associate/Full Professor).</strong></p><p>Technion\u00e2\u0080\u0099s AE Department is a world-class academic hub for aeronautics and astronautics, dedicated to the creation, expansion and dissemination of ideas and knowledge in aerospace science and engineering. The AE Department is globally recognized (16th in the world according to the 2021 Shanghai Ranking), and it is committed to fostering interdisciplinary research that can address societal grand challenges.\u00a0</p><p>We are looking to expand research programs with applications to autonomous aviation, air traffic management, and future aircraft design, high-efficiency energy systems in propulsion, hypersonic and high-speed air vehicles, underwater vehicles and platforms, and microsatellites and nanosatellites, among others. Based on our developmental vision, we are seeking to hire several faculty members with a strong commitment to excellence and a potential for or a record of sustained scientific accomplishments.\u00a0</p><p>We seek individuals with outstanding research achievements who will conduct independent world-class research, contribute to both undergraduate- and graduate-level teaching and add to the professional diversity and internationality of our academic community. Exceptional candidates will be considered for all technical areas and at all ranks. Of particular interest are candidates focusing on the following scientific disciplines:</p><ul><li>Multi-disciplinary Design &amp; Optimization</li><li>Computational Fluid Dynamics (including reacting and/or high-speed flows)</li><li>Experimental High-Speed Aerodynamics (including laser diagnostics)</li><li>Computational Solid Mechanics and Computational Structural Dynamics</li><li>Lightweight Structural Materials and Additive Manufacturing Technologies</li><li>Guidance, Navigation, Control, and Robotics</li><li>Orbital Mechanics and Attitude Dynamics</li><li>Data science, Signal processing, and Machine learning</li></ul><p>Technion is Israel\u00e2\u0080\u0099s primary technological university; its faculty members include three Nobel Laureates; and it is the major driver behind the growth of Israel\u00e2\u0080\u0099s high-tech industry. Enrolling around 400 undergraduate and 150 graduate students, the AE Department is the only academic entity in Israel dedicated to aerospace engineering education, and seeks maintaining cutting-edge, international and highly collaborative research environment. Successful candidates will receive a competitive start-up budget, recurring allowances (including an annual budget for research salaries and consumables), and state-of-the-art departmental facilities will be made available.</p><p>A review of applications will be ongoing until available positions are filled. Interested candidates should submit: (1) a cover letter briefly summarizing their scientific background, strengths, and plans, (2) a curriculum vitae including a list of publications, (3) a research statement, (4) a brief teaching statement, and (5) contact details of at least three references.</p><p>Applications should be submitted to:</p><p><strong>Professor Tal Shima, Dean</strong></p><p>Department of Aerospace Engineering</p><p>Technion \u00e2\u0080\u0093 Israel Institute of Technology</p><p>Haifa 3200003, Israel</p><p>E-mail:\u00a0<a href=\"mailto:aedean@technion.ac.il\">aedean@technion.ac.il</a></p><p><a href=\"https://aerospace.technion.ac.il/\" target=\"_blank\">Website:\u00a0aerospace.technion.ac.il/</a></p><p>Technion is an equal opportunity employer and committed to increasing the diversity of its faculty and staff. The Department of Aerospace Engineering strongly encourages international academics to apply<i>.</i></p>\n</div>", "requirements_description": "N/A", "conditions_description": "N/A", "employer_description": "N/A", "department_description": "N/A", "additional_information": "N/A", "apply_link": "N/A", "employer_link": "N/A", "job_type": "N/A", "logo": "https://content.academicpositions.com/eyJidWNrZXQiOiJhcC1wcm9kdWN0aW9uLW1lZGlhLWFyY2hpdmUiLCJrZXkiOiJ1cGxvYWRzXC9sMzBzNlkyZTlKUVZ0WTNNZlVPbDdkTUhsMXJ5RFpLM3R4M2lFeVdJLnBuZyIsImVkaXRzIjpbXX0="}