{"url": "https://academicpositions.com/ad/university-of-geneva/2022/assistant-or-associate-professor-in-cancer-epidemiology/175253", "title": "Assistant or Associate Professor in Cancer Epidemiology", "publish_date": "2022-02-15", "deadline": "2022-03-31", "location": "Rue du G\u00c3\u00a9n\u00c3\u00a9ral- Dufour 24 Geneva, Switzerland", "city": "Rue du G\u00c3\u00a9n\u00c3\u00a9ral- Dufour 24 Geneva", "country": "Switzerland", "position": "Associate Professor", "field": "Cancer Research, Cell Biology, Epidemiology, Oncology,", "salary": "N/A", "max_working_hours": "N/A", "employer": "University of Geneva", "job_description": "<div class=\"editor ck-content mt-6 mb-6 mb-md-8 mt-md-8\" id=\"editor\">\n<p><strong>CHARGE</strong>: This full-time position will involve undergraduate and postgraduate teaching in cancer epidemiology, as well as supervising Masters' and doctoral theses. The incumbent will undertake research in this area at the highest national and international levels and secure external funding. He/She will also take on administrative and organizational duties at the Geneva Tumour Registry, at the Institute of Global Health, and at the Faculty of Medicine.</p><p><strong>REQUIREMENTS:\u00a0</strong></p><p>Doctorate of Medicine (MD) or PhD or equivalent degree</p><p>Full postgraduate training in epidemiology is required</p><p>Previous teaching and independent research experience</p><p>Publications in leading international journals</p><p>Good knowledge of French is required; knowledge of German would be an asset</p><p><strong>STARTING DATE:\u00a0 </strong>January 1st, 2023 or according to agreement.</p><p>Please fill in your CV according to the attached template</p><p>Applications should include a cover letter, curriculum vitae (following template in French or English), list of publications from the last 5 years, H-Index (Google Scholar) and copies of diplomas.</p><p>Information for the constitution of the CV : <a href=\"https://www.unige.ch/medecine/en/faculty/hr-careers/\" target=\"_blank\">https://www.unige.ch/medecine/en/faculty/hr-careers/</a></p><p>They must be submitted exclusively online by clicking on the button below \"Postuler/Apply now\" <strong>until March 31th, 2022</strong>. APPLICATIONS SENT BY EMAIL WILL NOT BE ACCEPTED.</p><p>Additional information can be obtained from <a href=\"mailto:sylvia.deraemy@unige.ch\">sylvia.deraemy@unige.ch</a></p>\n</div>", "requirements_description": "N/A", "conditions_description": "N/A", "employer_description": "N/A", "department_description": "N/A", "additional_information": "N/A", "apply_link": "N/A", "employer_link": "N/A", "job_type": "N/A", "logo": "https://content.academicpositions.com/eyJidWNrZXQiOiJhcC1wcm9kdWN0aW9uLW1lZGlhLWFyY2hpdmUiLCJrZXkiOiIyMDEyXC8wNFwvR2VuZXZhX2xvZ28ucG5nIiwiZWRpdHMiOltdfQ=="}