{"url": "https://academicpositions.com/ad/university-of-geneva/2022/assistant-professor-tenure-track-in-marketing/174963", "title": "Assistant Professor (tenure track) in Marketing", "publish_date": "2022-02-07", "deadline": "2022-03-31", "location": "Rue du G\u00c3\u00a9n\u00c3\u00a9ral- Dufour 24 Geneva, Switzerland", "city": "Rue du G\u00c3\u00a9n\u00c3\u00a9ral- Dufour 24 Geneva", "country": "Switzerland", "position": "Assistant Professor", "field": "Behavioural Economics, Business Administration, Consumer Economics, Management, Marketing,", "salary": "N/A", "max_working_hours": "N/A", "employer": "University of Geneva", "job_description": "<div class=\"editor ck-content mt-6 mb-6 mb-md-8 mt-md-8\" id=\"editor\">\n<p>This is a full-time position involving teaching at the bachelor, master and post-graduate levels including the supervision of master theses and doctoral dissertations. The major emphasis of this open position in marketing will be on consumer behaviour in order to complement the current research profiles within the Institute of Management. Thus, the candidate should have a strong foundation in consumer behavior both in research and in teaching. Preferably, the candidate conducts research related to the GSEM\u00e2\u0080\u0099s strategic areas such as sustainability and data analytics. The successful candidate will actively contribute to research and teaching activities of the GSEM in the area of marketing. Teaching obligations include courses at the Bachelor and Master levels, such as in the new MSc in Responsible Management and MSc in Business Analytics programs. The candidate is also expected to engage in the GSEM\u00e2\u0080\u0099s community, to actively collaborate with its various stakeholders, and to contribute to initiatives of the School. \u00a0</p><p><strong>Candidate profile:</strong> The candidate must hold a PhD in marketing (or equivalent) and should have a demonstrated track-record or the potential for conducting research in marketing. The candidate should be capable to publish in top-tier journals and to acquire advanced research grants (e.g., from the Swiss National Science Foundation and EU). The candidate should have experience and interest in teaching foundational and advanced courses at all levels in areas such as consumer behaviour, digital marketing, or marketing analytics. Experience in teaching in executive education programs will be a plus. The candidate is expected to teach in English, and the ability to teach in French is an advantage.</p><p><strong>Starting date:</strong> September 1st, 2022 or on a later date upon agreement.</p><p><strong>Further information:</strong> Applications should include a cover letter, a detailed curriculum vitae, a list of publications, copies of diplomas, two recommendation letters, and three selected publications or working papers. They must be submitted exclusively online via the University of Geneva website. Email applications will be not considered. <strong>Deadline for applications is March 31st, 2022, midnight, Geneva time.</strong></p><p>Information on the position can be obtained from Professor Paulssen: <a href=\"mailto:marcel.paulssen@unige.ch\"><strong>marcel.paulssen@unige.ch</strong></a></p><p><i>To promote gender parity, we encourage female scholars to apply.</i></p>\n</div>", "requirements_description": "N/A", "conditions_description": "N/A", "employer_description": "N/A", "department_description": "N/A", "additional_information": "N/A", "apply_link": "N/A", "employer_link": "N/A", "job_type": "N/A", "logo": "https://content.academicpositions.com/eyJidWNrZXQiOiJhcC1wcm9kdWN0aW9uLW1lZGlhLWFyY2hpdmUiLCJrZXkiOiIyMDEyXC8wNFwvR2VuZXZhX2xvZ28ucG5nIiwiZWRpdHMiOltdfQ=="}