{"url": "https://academicpositions.com/ad/university-of-antwerp/2021/medior-business-developer/165079", "title": "Medior Business Developer", "publish_date": "2021-10-26", "deadline": "N/A", "location": "Prinsstraat 13 Antwerp, Belgium", "city": "Prinsstraat 13 Antwerp", "country": "Belgium", "position": "Engineer/Technician", "field": "Artificial Intelligence, Business Administration, Business and Economics, Computer Communications (Networks), Computer Science, and 3 moreData Structures,Machine Learning,Strategic Management", "salary": "N/A", "max_working_hours": "N/A", "employer": "University of Antwerp", "job_description": "N/A", "requirements_description": "N/A", "conditions_description": "N/A", "employer_description": "N/A", "department_description": "N/A", "additional_information": "N/A", "apply_link": "N/A", "employer_link": "N/A", "job_type": "N/A", "logo": "https://content.academicpositions.com/eyJidWNrZXQiOiJhcC1wcm9kdWN0aW9uLW1lZGlhLWFyY2hpdmUiLCJrZXkiOiJlY2FcLzc1NlwvZWNhNzU2NzRiYmMzZGVlNjNmNjk0MWRmZTdmYWRmYTAucG5nIiwiZWRpdHMiOltdfQ=="}