{"url": "https://academicpositions.com/ad/xamk-south-eastern-finland-university-of-applied-sciences/2022/language-specialist/174627", "title": "Language Specialist", "publish_date": "2022-01-28", "deadline": "2022-02-27", "location": "Patteristonkatu 3 Mikkeli, Finland", "city": "Patteristonkatu 3 Mikkeli", "country": "Finland", "position": "Engineer/Technician", "field": "Applied Linguistics, Germanic languages, Scandinavian languages, West Germanic languages,", "salary": "N/A", "max_working_hours": "N/A", "employer": "XAMK (South-Eastern Finland University of Applied Sciences)", "job_description": "N/A", "requirements_description": "N/A", "conditions_description": "N/A", "employer_description": "N/A", "department_description": "N/A", "additional_information": "N/A", "apply_link": "N/A", "employer_link": "N/A", "job_type": "N/A", "logo": "https://content.academicpositions.com/eyJidWNrZXQiOiJhcC1wcm9kdWN0aW9uLW1lZGlhLWFyY2hpdmUiLCJrZXkiOiI5NmRcLzYwZVwvOTZkNjBlM2QwMDUyMDgyNTkyMjdjMTI2ZTFkMzRjMjMucG5nIiwiZWRpdHMiOltdfQ=="}