{"url": "https://academicpositions.com/ad/ghent-university/2022/professor-in-paediatric-neurology-and-congenital-metabolic-diseases-bof-21621-faculty-of-medicine-and-health-sciences/174238", "title": "Professor in Paediatric Neurology and Congenital Metabolic Diseases (BOF) (21621) - Faculty of Medicine and Health Sciences", "publish_date": "2022-01-19", "deadline": "2022-03-01", "location": "Sint-Pietersnieuwstraat 33 Ghent, Belgium", "city": "Sint-Pietersnieuwstraat 33 Ghent", "country": "Belgium", "position": "Assistant Professor", "field": "Biochemistry, Clinical Sciences, Genetics, Health Science, Neurology, and 1 morePediatrics", "salary": "N/A", "max_working_hours": "N/A", "employer": "Ghent University", "job_description": "N/A", "requirements_description": "N/A", "conditions_description": "N/A", "employer_description": "N/A", "department_description": "N/A", "additional_information": "N/A", "apply_link": "N/A", "employer_link": "N/A", "job_type": "N/A", "logo": "https://content.academicpositions.com/eyJidWNrZXQiOiJhcC1wcm9kdWN0aW9uLW1lZGlhLWFyY2hpdmUiLCJrZXkiOiIyMDE2XC8xMVwvZ2hlbnQtbG9nby1lbmcuanBnIiwiZWRpdHMiOltdfQ=="}