{"url": "https://academicpositions.com/ad/university-of-antwerp/2022/doctoral-scholarship-holder-health-economics-and-public-health/174677", "title": "Doctoral scholarship holder, Health Economics and Public Health", "publish_date": "2022-01-31", "deadline": "2022-03-24", "location": "Prinsstraat 13 Antwerp, Belgium", "city": "Prinsstraat 13 Antwerp", "country": "Belgium", "position": "PhD", "field": "Health Economics, Programming Languages, Public Health, Socioeconomics,", "salary": "N/A", "max_working_hours": "N/A", "employer": "University of Antwerp", "job_description": "N/A", "requirements_description": "N/A", "conditions_description": "N/A", "employer_description": "N/A", "department_description": "N/A", "additional_information": "N/A", "apply_link": "N/A", "employer_link": "N/A", "job_type": "N/A", "logo": "https://content.academicpositions.com/eyJidWNrZXQiOiJhcC1wcm9kdWN0aW9uLW1lZGlhLWFyY2hpdmUiLCJrZXkiOiJlY2FcLzc1NlwvZWNhNzU2NzRiYmMzZGVlNjNmNjk0MWRmZTdmYWRmYTAucG5nIiwiZWRpdHMiOltdfQ=="}