{"url": "https://academicpositions.com/ad/cemm/2021/project-scientists-to-join-the-superti-furga-lab-at-cemm-m-f-d/173111", "title": "Project Scientists to join the Superti-Furga Lab at CeMM (m/f/d)", "publish_date": "2021-12-17", "deadline": "N/A", "location": "Lazarettgasse 14, AKH BT 25.3 Vienna, Austria", "city": "Lazarettgasse 14", "country": "Austria", "position": "Other Category", "field": "Biochemistry, Bioinformatics, Biophysics, Cell Biology, Computational Biology, and 5 moreGenetics,Molecular Biology,Pharmacy & Pharmacology,Structural Biology,Systems Biology", "salary": "N/A", "max_working_hours": "N/A", "employer": "CeMM", "job_description": "<div class=\"editor ck-content mt-6 mb-6 mb-md-8 mt-md-8\" id=\"editor\">\n<p><span style=\"color:#333333;\"><strong>Do you want to be part of a very large multidisciplinary e\u00ef\u00ac\u0080ort committed to understand human membrane transporters governing the interface between biological systems and the environment?</strong></span></p><p><span style=\"color:#333333;\">We are looking for five dynamic individuals to complement the existing team and drive the e\u00ef\u00ac\u0080ort to interpret, validate, publish and communicate the output of the public-private partnership\u00a0</span><a href=\"https://re-solute.eu/\" target=\"_blank\"><span style=\"color:#337AB7;\">RESOLUTE</span></a><span style=\"color:#333333;\">, comprising six pharmaceutical companies, one biotech and six academic research</span><span style=\"color:#337AB7;\">\u00a0</span><span style=\"color:#333333;\">institutions (</span><a href=\"https://media.nature.com/original/magazine-assets/d41573-020-00056-6/d41573-020-00056-6.pdf\" target=\"_blank\"><span style=\"color:#337AB7;\">Superti-Furga et al, Nat Rev Drug Discov. 2020</span></a><span style=\"color:#333333;\">). Using hundreds of isogenic cell lines with loss and gain of function for each human SLC transporter, we obtained metabolomic/ionomic, transcriptomic and proteomic large-scale data sets annotated with subcellular localization. We also have single and combinatorial genetic data and a large collection of assays (</span><a href=\"https://doi.org/10.3389/fphar.2021.722889\" target=\"_blank\"><span style=\"color:#337AB7;\">Dvorak et al, Front.</span></a><span style=\"color:#333333;\">\u00a0</span><a href=\"https://doi.org/10.3389/fphar.2021.722889\" target=\"_blank\"><span style=\"color:#337AB7;\">Pharmacol. 2021</span></a><span style=\"color:#333333;\">). You will work in the Giulio Superti-Furga group (CeMM, Vienna) in close</span><span style=\"color:#337AB7;\">\u00a0</span><span style=\"color:#333333;\">collaboration with other project and data scientists. Together we want to bring knowledge on human transporters to the next level by turning data into biological insights.</span></p><p><span style=\"color:#333333;\"><strong>Project scientist in network biology and metabolism</strong></span></p><p><span style=\"color:#333333;\"><i>Computational and systems biologist with an interest in integrative approaches to deorphanize transporters and derive a novel functional map linking using multidimensional data sets.</i></span></p><p><span style=\"color:#333333;\"><strong>Project scientist in metabolism and transporters</strong></span></p><p><span style=\"color:#333333;\"><i>Biochemist/ molecular biologist/ cell biologist to validate selected transporter-metabolite relationships of a novel functional map using a variety of approaches.</i></span></p><p><span style=\"color:#333333;\"><strong>Project scientist in protein biochemistry</strong></span></p><p><span style=\"color:#333333;\"><i>Protein biochemist to characterize and functionally validate new high-a\u00ef\u00ac\u0083nity binders to transporters.</i></span></p><p><span style=\"color:#333333;\"><strong>Project scientist in molecular cell biology</strong></span></p><p><span style=\"color:#333333;\"><i>Molecular biologist / cell biologist to validate biochemically and functionally the most intriguing findings of the large-scale transporter interactome.</i></span></p><p><span style=\"color:#333333;\"><strong>Project scientist responsible for communication and business development</strong></span></p><p><span style=\"color:#333333;\"><i>Scientist responsible for divulgation of the consortium output (data, reagents, technologies) and possible continuation/expansion of consortium activities.</i></span></p><p><span style=\"color:#333333;\"><strong>Requirements &amp; desired qualifications</strong></span></p><p><span style=\"color:#333333;\"><strong>Project scientist in network biology and metabolism</strong></span></p><ul><li><span style=\"color:#333333;\">PhD in computational biology, bioinformatics or similar experience</span></li><li><span style=\"color:#333333;\">Experience in systems biology research</span></li><li><span style=\"color:#333333;\">Experience in integrative, biological network analysis</span></li><li><span style=\"color:#333333;\">Strong data visualization skills</span></li><li><span style=\"color:#333333;\">Understanding of basic statistics and experience in application of advanced statistical approaches</span></li></ul><p><span style=\"color:#333333;\"><strong>Project scientist in metabolism and transporters</strong></span></p><ul><li><span style=\"color:#333333;\">PhD in cell biology, biochemistry, molecular biology or similar</span></li><li><span style=\"color:#333333;\">Proficient knowledge in mammalian metabolism</span></li><li><span style=\"color:#333333;\">Experience in mammalian cell culture (immortalized cell line models) and viral delivery systems</span></li><li><span style=\"color:#333333;\">Experience with biochemical/pharmacological analysis of transporters or membrane proteins desired</span></li><li><span style=\"color:#333333;\">Experience in at least one field of systems biology research is plus (genomics, transcriptomics, proteomics, metabolomics)</span></li></ul><p><span style=\"color:#333333;\"><strong>Project scientist in protein biochemistry</strong></span></p><ul><li><span style=\"color:#333333;\">PhD in biochemistry, biophysics, cell biology or similar</span></li><li><span style=\"color:#333333;\">Experience in quantitative biophysics</span></li><li><span style=\"color:#333333;\">Familiarity with validation technologies such as IF, WB, IP-MS</span></li><li><span style=\"color:#333333;\">Knowledge in structural biology is an advantage</span></li><li><span style=\"color:#333333;\">Experience with biochemical/pharmacological analysis of transporters or membrane proteins is a plus</span></li></ul><p><span style=\"color:#333333;\"><strong>Project scientist in molecular cell biology</strong></span></p><ul><li><span style=\"color:#333333;\">PhD in molecular biology, cell biology, biochemistry or similar</span></li><li><span style=\"color:#333333;\">Experience in site-directed mutagenesis and with CRISPR/Cas9 technologies</span></li><li><span style=\"color:#333333;\">Experience in mammalian cell culture (immortalized cell line models) and viral delivery systems</span></li><li><span style=\"color:#333333;\">Experience in validation technologies such as IF, WB, IP-MS</span></li><li><span style=\"color:#333333;\">Experience with biochemical/pharmacological analysis of transporters or membrane proteins is desirable</span></li></ul><p><span style=\"color:#333333;\"><strong>Project scientist responsible for communication and business development</strong></span></p><ul><li><span style=\"color:#333333;\">PhD in natural sciences or equivalent</span></li><li><span style=\"color:#333333;\">Excellent communication and writing skills</span></li><li><span style=\"color:#333333;\">Interest to travel on a regular basis</span></li><li><span style=\"color:#333333;\">Prior experience in promoting businesses or large initiatives</span></li></ul><p><span style=\"color:#333333;\"><strong>For all positions</strong></span></p><ul><li><span style=\"color:#333333;\">Inclination to work in a team is important</span></li><li><span style=\"color:#333333;\">A proactive attitude is required</span></li><li><span style=\"color:#333333;\">Excellent written / oral communication skills in English</span></li></ul><p><span style=\"color:#333333;\"><strong>The RESOLUTE Consortium</strong></span></p><p><span style=\"color:#333333;\">Starting on July 1st of 2018, the RESOLUTE consortium is supported by the Innovative Medicines Initiative (IMI, www.imi.europa.eu) with 13 partners from academia and the pharmaceutical industry and is coordinated by the Superti-Furga laboratory. The RESOLUTE consortium\u00e2\u0080\u0099s mission is to de-orphanize human SLC transporters at a large scale and unlock them as potential pharmacological targets (</span><a href=\"https://media.nature.com/original/magazine-assets/d41573-020-00056-6/d41573-020-00056-6.pdf\" target=\"_blank\"><span style=\"color:#337AB7;\">Superti-Furga et al, Nat Rev Drug Discov. 2020</span></a><span style=\"color:#333333;\">). With a well-defined action plan, we are currently pushing towards a paradigm-shift in the science of human cellular transporters by creating a massive, historical advance in knowledge on hundreds of individual transporters and the way they act together.</span></p><p><span style=\"color:#333333;\"><strong>The Superti-Furga Laboratory</strong></span></p><p><span style=\"color:#333333;\">The Superti-Furga group (</span><a href=\"http://superti-furga-lab.at/\" target=\"_blank\"><span style=\"color:#337AB7;\">http://superti-furga-lab.at/</span></a><span style=\"color:#333333;\"><u>)</u> is composed of an international and highly productive team of more than 30 scientists. As a leader in the field, the laboratory investigates how cells and biological systems in general manage access to the environment through cellular transport. In particular how access to nutrients and energy source is tuned to metabolism and need of individual cell types. Moreover, the lab has pioneered approaches for functional precision medicine. The laboratory operates on a truly multidisciplinary basis and involves functional genomics and proteomics, structural analysis, chemical biology, high-content imaging, bioinformatics and physiology, reflecting the blend of expertise of the laboratory members (</span><a href=\"https://www.nature.com/articles/s41586-020-2282-0\" target=\"_blank\"><span style=\"color:#337AB7;\">Heinz et</span></a><span style=\"color:#333333;\">\u00a0</span><a href=\"https://www.nature.com/articles/s41586-020-2282-0\" target=\"_blank\"><span style=\"color:#337AB7;\">al, Nature. 2020</span></a><span style=\"color:#333333;\">;</span><span style=\"color:#337AB7;\">\u00a0</span><a href=\"https://www.nature.com/articles/s41589-020-0483-3\" target=\"_blank\"><span style=\"color:#337AB7;\">Girardi et al, Nat Chem Biol. 2020</span></a><span style=\"color:#333333;\">;</span><span style=\"color:#337AB7;\">\u00a0</span><a href=\"https://www.nature.com/articles/s41467-020-19871-x\" target=\"_blank\"><span style=\"color:#337AB7;\">Girardi et al, Nat Commun. 2020</span></a><span style=\"color:#333333;\">;</span><span style=\"color:#337AB7;\">\u00a0</span><a href=\"https://www.nature.com/articles/s42255-021-00386-8\" target=\"_blank\"><span style=\"color:#337AB7;\">Li et al, Nat</span></a><span style=\"color:#337AB7;\">\u00a0</span><a href=\"https://www.nature.com/articles/s42255-021-00386-8\" target=\"_blank\"><span style=\"color:#337AB7;\">Metab. 2021</span></a><span style=\"color:#333333;\">;</span><span style=\"color:#337AB7;\">\u00a0</span><a href=\"https://www.nature.com/articles/s41467-021-27329-x\" target=\"_blank\"><span style=\"color:#337AB7;\">Pemovska et al, Nat Commun. 2021</span></a><span style=\"color:#333333;\">).</span></p><p><span style=\"color:#333333;\"><strong>About the Institute</strong></span></p><p><span style=\"color:#333333;\">CeMM is one of Europe\u00e2\u0080\u0099s leading biomedical research institutes. CeMM researchers routinely publish important discoveries in top journals. Over the last seven years, this included &gt;10 papers in Nature/Cell/Science/NEJM and &gt;30 papers in Nature/Cell sister journals \u00e2\u0080\u0093 with a team of 120-150 scientists. Research at CeMM is exceptionally collaborative and has strong focus on medical impact, based on a profound molecular understanding of diseases such as cancer and immune disorders.</span></p><p><span style=\"color:#333333;\">CeMM is part of the Austrian Academy of Sciences and a founding member of EU-LIFE. It is located at the center of one of the largest medical campuses in Europe, within walking distance of Vienna\u00e2\u0080\u0099s historical city center. A study by \u00e2\u0080\u009cThe Scientist\u00e2\u0080\u009d put CeMM among the top-5 best places to work in academia worldwide (</span><a href=\"https://www.the-scientist.com/features/best-places-to-work-academia-2012-40676\" target=\"_blank\"><span style=\"color:#337AB7;\">https://www.the-scientist.com/features/best-places-to-work-academia-2012-40676</span></a><span style=\"color:#333333;\">). Vienna is frequently ranked the world\u00e2\u0080\u0099s best city to live. It is a United Nations city with a large English-speaking community. The o\u00ef\u00ac\u0083cial language at CeMM is English, and &gt;49 di\u00ef\u00ac\u0080erent nationalities are represented at the institute. CeMM promotes equal opportunity and harbors a mix of di\u00ef\u00ac\u0080erent talents, backgrounds, competences, and interests.</span></p><p><span style=\"color:#333333;\"><strong>We o\u00ef\u00ac\u0080er</strong></span></p><ul><li><span style=\"color:#333333;\">Work within an experienced, interdisciplinary, and international team at one of Austria\u00e2\u0080\u0099s leading research institutes</span></li><li><span style=\"color:#333333;\">Ample opportunities to contribute and gain experience in a key area of biomedical research and precision medicine</span></li><li><span style=\"color:#333333;\">An inspiring workplace with an international setting, strong team spirit, and an excellent work climate</span></li><li><span style=\"color:#333333;\">A wide range of social, cultural, and sports activities organized by the institute</span></li><li><span style=\"color:#333333;\">Excellent employee benefits including full insurance coverage (health, accident, retirement), health care services, subsidized cafeteria</span></li><li><span style=\"color:#333333;\">Starting monthly gross salary of at least EUR 3.945,90 (following the </span><a href=\"https://m.fwf.ac.at/en/research-funding/personnel-costs\" target=\"_blank\"><span style=\"color:#337AB7;\">recommendations of FWF</span></a><span style=\"color:#333333;\">)</span></li><li><span style=\"color:#333333;\">Support for relocating to Vienna is provided (relocation reimbursement, visa support, etc.)</span></li></ul><p><span style=\"color:#333333;\">The contract for the position will be initially limited to 2 years, matching the project\u00e2\u0080\u0099s duration until December 2023.</span></p><p><span style=\"color:#333333;\"><strong>Application details</strong></span></p><p><span style=\"color:#333333;\">Please apply online (</span><a href=\"https://cemm.jobbase.io/job/m3htrrf0\" target=\"_blank\"><span style=\"color:#337AB7;\">https://cemm.jobbase.io/job/m3htrrf0</span></a><span style=\"color:#333333;\">) with cover letter, CV and contact details of 2 referees, all in a single PDF document with up to 3 pages. Applications are evaluated on a rolling basis and the starting date for all positions is as soon as possible.</span></p><p><span style=\"color:#333333;\">Additional information</span></p><p><span style=\"color:#333333;\">City <strong>Vienna</strong></span></p><p><span style=\"color:#333333;\">Position type <strong>Full-time employee</strong></span></p><p><span style=\"color:#333333;\">Start of work <strong>01.02.2022</strong></span></p><p><span style=\"color:#333333;\">Responsible Memo Mokhles</span></p>\n</div>", "requirements_description": "N/A", "conditions_description": "N/A", "employer_description": "N/A", "department_description": "N/A", "additional_information": "N/A", "apply_link": "N/A", "employer_link": "N/A", "job_type": "N/A", "logo": "https://content.academicpositions.com/eyJidWNrZXQiOiJhcC1wcm9kdWN0aW9uLW1lZGlhLWFyY2hpdmUiLCJrZXkiOiIyMDEzXC8wMlwvQ2VNTUxvZ28ucG5nIiwiZWRpdHMiOltdfQ=="}