{"url": "https://academicpositions.com/ad/empa/2022/post-doc-100-in-the-field-of-safety-assessment-of-nanomaterial-enabled-antiviralantimicrobial-surfaces/174476", "title": "Post-Doc (100%) in the field of safety assessment of nanomaterial-enabled antiviral/antimicrobial surfaces", "publish_date": "2022-01-26", "deadline": "N/A", "location": "Ueberlandstrasse 129Zurich, Switzerland", "city": "Ueberlandstrasse 129Zurich", "country": "Switzerland", "position": "Postdoc", "field": "Animal Biology & Ethology, Bioinformatics, Biostatistics, Biotechnology, Botany and plant science, and 26 moreCancer Research,Cell Biology,Chronobiology,Computational Biology,Developmental Biology,Ecology,Entomology,Evolutionary Biology,Genetics,Histology,Human Biology,Limnology,Marine Biology,Microbiology,Molecular Biology,Mycology,Nanobiology,Neuroscience,Paleobiology,Parasitology,Physiology,Structural Biology,Systematics (Taxonomy),Systems Biology,Virology,Zoology", "salary": "N/A", "max_working_hours": "N/A", "employer": "Empa", "job_description": "N/A", "requirements_description": "N/A", "conditions_description": "N/A", "employer_description": "N/A", "department_description": "N/A", "additional_information": "N/A", "apply_link": "N/A", "employer_link": "N/A", "job_type": "N/A", "logo": "https://content.academicpositions.com/eyJidWNrZXQiOiJhcC1wcm9kdWN0aW9uLW1lZGlhLWFyY2hpdmUiLCJrZXkiOiIyMDEyXC8wN1wvRW1wYS1sb2dvLW5ldy5qcGciLCJlZGl0cyI6W119"}