{"url": "https://academicpositions.com/ad/paul-ehrlich-institut/2021/leiter-m-w-d-teilprojekt-impfstoffdistribution/163922", "title": "Head (m / f / d) - subproject vaccine distribution", "publish_date": "2021-09-28", "deadline": "N/A", "location": "Paul-Ehrlich-Stra\u00c3\u009fe 51-59 Langen, Germany", "city": "Paul-Ehrlich-Stra\u00c3\u009fe 51-59 Langen", "country": "Germany", "position": "Management", "field": "Business Administration, Business and Economics, Epidemiology, Health Economics, Immunology, and 5 moreInformation Systems,Management,Medicine,Pharmacy & Pharmacology,Supply Chain Management", "salary": "N/A", "max_working_hours": "N/A", "employer": "Paul-Ehrlich-Institut", "job_description": "N/A", "requirements_description": "N/A", "conditions_description": "N/A", "employer_description": "N/A", "department_description": "N/A", "additional_information": "N/A", "apply_link": "N/A", "employer_link": "N/A", "job_type": "N/A", "logo": "https://content.academicpositions.com/eyJidWNrZXQiOiJhcC1wcm9kdWN0aW9uLW1lZGlhLWFyY2hpdmUiLCJrZXkiOiIyMDEyXC8wN1wvUEVJTG9nby5wbmciLCJlZGl0cyI6W119"}