{"url": "https://academicpositions.com/ad/european-synchrotron-radiation-facility-esrf/2021/biosafety-engineer/172945", "title": "Biosafety Engineer", "publish_date": "2021-12-15", "deadline": "N/A", "location": "71 avenue des Martyrs Grenoble, France", "city": "71 avenue des Martyrs Grenoble", "country": "France", "position": "Engineer/Technician", "field": "Biochemistry, Bioengineering, Cell Biology, Genetics, Human Biology, and 2 moreMolecular Biology,Safety Engineering", "salary": "N/A", "max_working_hours": "N/A", "employer": "European Synchrotron Radiation Facility (ESRF)", "job_description": "<div class=\"editor ck-content mt-6 mb-6 mb-md-8 mt-md-8\" id=\"editor\">\n<p>The European Synchrotron, the ESRF, is an international research centre based in Grenoble, France.</p><p>Through its innovative engineering, pioneering scientific vision and a strong commitment from its 700 staff members, the ESRF is recognised as one of the top research facilities worldwide. Its particle accelerator produces intense X-ray beams that are used by thousands of scientists each year for experiments in diverse fields such as biology, medicine, environmental sciences, cultural heritage, materials science, and physics.</p><p>Supported by 22 countries, the ESRF is an equal opportunity employer and encourages diversity.</p><p>Within the safety group, under the responsibility of the safety officer in charge of the experimental safety unit, your mission consists in assisting and advising the Management and the staff concerning the elaboration of the ESRF Safety Policy in the field of the biology:</p><p>- Assistance to the Experimental safety Unit in various safety matters related to biological and biochemical safety</p><p>- Safety follow-up of the MX experiments on ESRF and CRG beamline</p><p>- Safety follow-up of biological laboratories at the ESRF</p><p>- to perform the safety evaluation of laboratories and experience in the field of Biology</p><p>- Ensuring that all staff and users are informed about, trained in and comply with these regulations</p><p>- Applying for and renewing as appropriate administrative licenses (e.g. genetically modified organisms (E.N.E.S.R.), human samples export/import authorization (CODECOH), ANSM...</p><p>- You should old a University Degree (Master, MSc, DESS, Diplom, Diploma, Ingeniera) in Biology / Biochemistry /Chemistry and have minimum 3 years of relevant experience.</p><p>You should have:</p><p>- Good knowledge of relevant French and European legislation in terms of technical safety</p><p>- Good working knowledge of English and French</p><p>- Strong awareness of safety</p><p>- Strong team spirit</p><p>Permanent position.</p><p>We offer a comprehensive benefits package designed to support your quality of life and your installation in the Grenoble area when relocation is needed.</p><p>The annual gross salary may be completed by additional allowances (shift allowance, standby allowance, expatriation allowance, etc.).</p>\n</div>", "requirements_description": "N/A", "conditions_description": "N/A", "employer_description": "N/A", "department_description": "N/A", "additional_information": "N/A", "apply_link": "N/A", "employer_link": "N/A", "job_type": "N/A", "logo": "https://content.academicpositions.com/eyJidWNrZXQiOiJhcC1wcm9kdWN0aW9uLW1lZGlhLWFyY2hpdmUiLCJrZXkiOiIyMDE0XC8wMVwvZXNyZi1sb2dvLnBuZyIsImVkaXRzIjpbXX0="}