{"url": "https://academicpositions.com/ad/kimep-university/2021/faculty-position-open-rank-in-finance/164467", "title": "Faculty position (open rank) in Finance", "publish_date": "2021-10-08", "deadline": "2022-02-24", "location": "KIMEP University 2 Abay Ave Almaty, Kazakhstan", "city": "KIMEP University 2 Abay Ave Almaty", "country": "Kazakhstan", "position": "Other Category", "field": "Finance, Financial Economics,", "salary": "N/A", "max_working_hours": "N/A", "employer": "KIMEP University", "job_description": "N/A", "requirements_description": "N/A", "conditions_description": "N/A", "employer_description": "N/A", "department_description": "N/A", "additional_information": "N/A", "apply_link": "N/A", "employer_link": "N/A", "job_type": "N/A", "logo": "https://content.academicpositions.com/eyJidWNrZXQiOiJhcC1wcm9kdWN0aW9uLW1lZGlhLWFyY2hpdmUiLCJrZXkiOiI0ZmNcLzNkZVwvNGZjM2RlMjFhYjUwN2ZkZmY4NTQ0NGM3OTE4YmY2YjMucG5nIiwiZWRpdHMiOltdfQ=="}