{"url": "https://academicpositions.com/ad/kth-royal-institute-of-technology/2022/assist-prof-in-materials-science-spec-mechanical-properties-of-materials/174555", "title": "Assist. prof. in Materials Science spec. Mechanical Properties of Materials", "publish_date": "2022-01-28", "deadline": "2022-03-04", "location": "Valhallav\u00c3\u00a4gen 79 Stockholm, Sweden", "city": "Valhallav\u00c3\u00a4gen 79 Stockholm", "country": "Sweden", "position": "Researcher", "field": "Materials Engineering, Mechanics,", "salary": "N/A", "max_working_hours": "N/A", "employer": "KTH Royal Institute of Technology", "job_description": "N/A", "requirements_description": "N/A", "conditions_description": "N/A", "employer_description": "N/A", "department_description": "N/A", "additional_information": "N/A", "apply_link": "N/A", "employer_link": "N/A", "job_type": "N/A", "logo": "https://content.academicpositions.com/eyJidWNrZXQiOiJhcC1wcm9kdWN0aW9uLW1lZGlhLWFyY2hpdmUiLCJrZXkiOiIyMDE2XC8wNlwvS1RIX0xvZ290eXBfUkdCXzIwMTMuanBnIiwiZWRpdHMiOltdfQ=="}