{"url": "https://academicpositions.com/ad/university-of-nicosia-medical-school/2021/academic-position-in-psychiatry/161519", "title": "Academic Position in Psychiatry", "publish_date": "2021-10-08", "deadline": "N/A", "location": "93 Agiou Nikolaou Street, Engomi Nicosia, Cyprus", "city": "93 Agiou Nikolaou Street", "country": "Cyprus", "position": "Other Category", "field": "Clinical Sciences, Medicine, Psychiatry & Psychology,", "salary": "N/A", "max_working_hours": "N/A", "employer": "University of Nicosia Medical School", "job_description": "N/A", "requirements_description": "N/A", "conditions_description": "N/A", "employer_description": "N/A", "department_description": "N/A", "additional_information": "N/A", "apply_link": "N/A", "employer_link": "N/A", "job_type": "N/A", "logo": "https://content.academicpositions.com/eyJidWNrZXQiOiJhcC1wcm9kdWN0aW9uLW1lZGlhLWFyY2hpdmUiLCJrZXkiOiJjNDVcLzNjYlwvYzQ1M2NiNjI0YTljNjVjMWU0NGEyNTI2N2IzMjdmZTUuYmluIiwiZWRpdHMiOltdfQ=="}