{"url": "https://academicpositions.com/ad/ghent-university/2021/professor-in-lymphology-and-breast-cancer-radiotherapy-21615-faculty-of-medicine-and-health-sciences/173532", "title": "Professor in Lymphology and Breast Cancer Radiotherapy (21615) - Faculty of Medicine and Health Sciences", "publish_date": "2021-12-24", "deadline": "2022-03-01", "location": "Sint-Pietersnieuwstraat 33 Ghent, Belgium", "city": "Sint-Pietersnieuwstraat 33 Ghent", "country": "Belgium", "position": "Assistant Professor", "field": "Cancer Research, Cell Biology, Hematology, Oncology, Pathology, and 1 moreRadiology", "salary": "N/A", "max_working_hours": "N/A", "employer": "Ghent University", "job_description": "N/A", "requirements_description": "N/A", "conditions_description": "N/A", "employer_description": "N/A", "department_description": "N/A", "additional_information": "N/A", "apply_link": "N/A", "employer_link": "N/A", "job_type": "N/A", "logo": "https://content.academicpositions.com/eyJidWNrZXQiOiJhcC1wcm9kdWN0aW9uLW1lZGlhLWFyY2hpdmUiLCJrZXkiOiIyMDE2XC8xMVwvZ2hlbnQtbG9nby1lbmcuanBnIiwiZWRpdHMiOltdfQ=="}