{"url": "https://academicpositions.com/ad/cornell-maryland-max-planck-pre-doctoral-summer-school/2022/the-cornell-maryland-max-planck-pre-doctoral-research-school-2022/175016", "title": "The Cornell, Maryland, Max Planck Pre-doctoral Research School 2022", "publish_date": "2022-02-08", "deadline": "2022-02-21", "location": "Campus E1 5 Saarbr\u00c3\u00bccken, Germany", "city": "Campus E1 5 Saarbr\u00c3\u00bccken", "country": "Germany", "position": "PhD", "field": "Acoustic Engineering, Aeronautical Engineering, Aerospace Engineering, Agricultural Engineering, Algorithms, and 76 moreArtificial Intelligence,Artificial Neural Network,Audio Systems Engineering,Automotive Engineering,Automotive Systems Engineering,Big Data,Bioengineering,Biomedical Engineering,Biosystems Engineering,Chemical Engineering,Civil Engineering,Communication Engineering,Computational Engineering,Computational Sciences,Computer Architecture,Computer Communications (Networks),Computer Engineering,Computer Graphics,Computer Vision,Computer and Society,Computing in Mathematics, Natural Science, Engineering and Medicine,Computing in Social science, Arts and Humanities,Control Systems Engineering,Cyber Security,Data Mining,Data Structures,Databases,Distributed Computing,Ecological Engineering,Electrical Engineering,Electronics,Energy Technology,Engineering Education,Engineering Physics,Environmental Engineering,Fire Safety Engineering,Game Design,Geotechnical Engineering,Human-computer Interaction,Hydraulics,Image Processing,Industrial Engineering,Informatics,Information Science,Information Systems (Business Informatics),Instrumentation Engineering,Machine Learning,Machine Vision,Manufacturing Engineering,Marine Engineering,Materials Engineering,Mechanical Engineering,Mechanics,Mechatronics,Military Engineering,Mining Engineering,Nuclear Engineering,Operating Systems,Optical Engineering,Parallel Computing,Petroleum Engineering,Programming Languages,Quality Assurance Engineering,Quantum Computing,Railway Engineering,Renewable Energy,Robotics,Safety Engineering,Signal Processing,Software Engineering,Structural Engineering,Systems Engineering,Technology Management,Telecommunications Engineering,Theory of Computation,Transportation Engineering", "salary": "N/A", "max_working_hours": "N/A", "employer": "Cornell, Maryland, Max Planck Pre-doctoral SummerSchool", "job_description": "<div class=\"editor ck-content mt-6 mb-6 mb-md-8 mt-md-8\" id=\"editor\">\n<p><strong>Emerging Research Trends in Computer Science</strong></p><p><strong>August 1-6, 2022, Saarbr\u00c3\u00bccken, Germany.</strong></p><p>Outstanding undergraduate and Masters students are invited to learn about cutting-edge research in computer science. Leading researchers will engage with attendees in their areas of expertise: the curriculum will include lectures and interaction with faculty from participating institutions.</p><p>Attendees will be exposed to state-of-the-art research in computer science, have the opportunity to interact one-on-one with internationally leading scientists from three of the foremost academic institutions in research and higher learning in the US and in Europe, and network with like-minded students. They will get a sense of what it is like to pursue an academic or an industrial research career in computer science and have a head start when applying for graduate school.</p><p>We are currently planning for CMMRS 2022 to be held <strong>in-person</strong> at the Max Planck Institute for Software Systems in Saarbr\u00c3\u00bccken, Germany!\u00a0 However, we will continue to monitor the pandemic very closely and adjust the format if needed.</p><p>For full consideration, please <a href=\"https://apply.cis.mpg.de/register/cmmrs/\" target=\"_blank\">apply here</a> by <strong>February 21, 2022</strong></p>\n</div>", "requirements_description": "N/A", "conditions_description": "N/A", "employer_description": "N/A", "department_description": "N/A", "additional_information": "N/A", "apply_link": "N/A", "employer_link": "N/A", "job_type": "N/A", "logo": "https://content.academicpositions.com/eyJidWNrZXQiOiJhcC1wcm9kdWN0aW9uLW1lZGlhLWFyY2hpdmUiLCJrZXkiOiI2NGJcLzRlMFwvNjRiNGUwMWE0YmIwY2RiZGU1YjU4MzIzOWQyZDRmM2QucG5nIiwiZWRpdHMiOltdfQ=="}