{"url": "https://academicpositions.com/ad/university-of-eastern-finland/2022/two-senior-researcher-positions/174843", "title": "Two Senior Researcher positions", "publish_date": "2022-02-03", "deadline": "2022-02-23", "location": "Tulliportinkatu 1 Joensuu, Finland", "city": "Tulliportinkatu 1 Joensuu", "country": "Finland", "position": "Researcher", "field": "Analytical Chemistry, Bioengineering, Biomedicine, Biotechnology, Pharmacy & Pharmacology,", "salary": "N/A", "max_working_hours": "N/A", "employer": "University of Eastern Finland", "job_description": "<div class=\"editor ck-content mt-6 mb-6 mb-md-8 mt-md-8\" id=\"editor\">\n<p><span style=\"color:#414141;\"><i>The University of Eastern Finland\u00a0(UEF) is\u00a0inviting applications for\u00a0two Senior Researcher position in Kuopio, Finland.\u00a0</i>The positions are filled for a fixed term\u00a0</span><span style=\"color:black;\">until 31.7.2026, with a start date in June 2022\u00a0</span><span style=\"color:#414141;\">or by agreement.\u00a0<i>Please find more information below and submit your application\u00a0no later than\u00a0</i></span><span style=\"color:black;\"><i>23.2.2022 using the UEF electronic system only.</i></span></p><p><span style=\"color:#414141;\"><strong>1. Senior researcher for Recombinant protein production, characterization and formulation</strong></span></p><p><span style=\"color:#414141;\">As our new Senior Researcher, you will be working\u00a0in\u00a0the School of Pharmacy, at the Faculty of Health Sciences as a member of the DrugTech research community. You should organize and develop the functions of the protein production laboratory. You should be able to express, purify and characterize recombinant proteins. It would be advantagenous if you have skills on stability evaluation, conjugation and formulation as necessary for pharmaceutical proteins. The latter techniques could also be learned during the employment term.\u00a0</span></p><p><span style=\"color:#414141;\"><strong>Our expectations</strong></span></p><ul><li>relevant PhD degree with a solid training and expertise in molecular biology and production, purification and characterization of recombinant or therapeutic proteins</li><li>experience in determination of protein stability, conjugation and formulation of pharmaceutical proteins is advantagenous</li><li>fluent English language skills</li><li>adaptability to work both independently and as a team member</li><li>ability to maintain and develop protein production laboratory</li></ul><p><span style=\"color:#414141;\"><strong>2.\u00a0</strong></span><strong>Senior Researcher for Drug transport and metabolism</strong></p><p><span style=\"color:#414141;\">As our new Senior Researcher, you will be working\u00a0in\u00a0the School of Pharmacy, at the Faculty of Health Sciences as a member of the DrugTech research community. You should investigate and analyze drug transport and metabolism in relevant test models. It would be advantageous if you have skills in mass spectrometry, particularly in proteomics and quantitative analysis of drugs and metabolites. The latter techniques could also be learned during the employment term.\u00a0</span></p><p><span style=\"color:#414141;\"><strong>Our expectations</strong></span></p><ul><li>relevant PhD degree with a solid training and expertise in drug transport and/or metabolism\u00a0</li><li>experience in mass spectrometry related to proteomics and quantitation of drugs and metabolites is advantageous</li><li>fluent English language skills</li><li>adaptability to work both independently and as a team member</li></ul><p><span style=\"color:#414141;\"><strong>Additional (non-mandatory) strengths</strong> of both applicants may include e.g. teaching and supervisory experience, project management skills, verbal and written presentation skills, international research experience and networks, and grant funding received.</span></p><p><span style=\"color:#414141;\"><strong>Employment and salary</strong></span></p><p><span style=\"color:#414141;\">Both positions are funded by PROFI6 initiative and\u00a0filled for a fixed term\u00a0</span><span style=\"color:black;\">until 31.7.2026, with a start date in June 2022\u00a0</span><span style=\"color:#414141;\">or by agreement. They are full-time University Researcher positions that approximate to senior scientist positions. A probationary period of 6 months is applied to all new members of the staff.\u00a0</span></p><p><span style=\"color:#414141;\">The salary of the position is determined in accordance with the salary system of the Finnish universities. The salary comprises two components: a job requirement component and a personal performance component. Senior Researcher positions are based on level 6 - 7 of the job requirement level chart for teaching and research staff (3499,00 \u00e2\u0080\u0093 4034,00 \u00e2\u0082\u00ac/month). The personal performance component can be a minimum of 6 % and a maximum of 50 % of the above-mentioned sum. The estimated salary in the beginning of the employment will be 4000,00 \u00e2\u0080\u0093 5000,00 \u00e2\u0082\u00ac/month. The salary depends on the past experience as well as personal performance.</span></p><p><span style=\"color:#414141;\"><strong>What we can offer you\u00e2\u0080\u00af</strong>\u00a0</span></p><p><span style=\"color:#414141;\">You will have an opportunity to work in an\u00e2\u0080\u00afinteresting role as part of our international, creative, participatory and inclusive academic community. In addition, you will have access to the University\u00e2\u0080\u0099s staff benefits, including:</span></p><ul><li><span style=\"color:#414141;\">extensive occupational health care\u00e2\u0080\u00af</span></li><li><span style=\"color:#414141;\">staff discount on lunch in our campus restaurants, as well as on a range of other services\u00e2\u0080\u00af</span></li><li><span style=\"color:#414141;\">affordable sports services\u00e2\u0080\u00af\u00e2\u0080\u00af</span></li></ul><p><span style=\"color:#414141;\">Please read more in the\u00a0</span><a href=\"https://www.uef.fi/en/university#paragraph-4467\" target=\"_blank\"><span style=\"color:#009FB8;\">Work at UEF section on our website</span></a><span style=\"color:#414141;\">.\u00a0</span></p><p><span style=\"color:#414141;\"><strong>How to apply</strong></span></p><p><span style=\"color:#414141;\">The application needs to be submitted no later than\u00a0</span><span style=\"color:black;\"><strong>23.2.2022 </strong></span><span style=\"color:#414141;\">(by 24.00 hours Finnish time) by <strong>using the electronic application form only</strong>. Written or email applications will not be considered.</span></p><p><span style=\"color:#414141;\">Link to the Recombinant protein production application:\u00a0</span></p><p><a href=\"https://eur03.safelinks.protection.outlook.com/?url=https%3A%2F%2Frekry.saima.fi%2Fcertiahome%2Fopen_job_view.html%3Fdid%3D5600%26lang%3Den%26id%3D000012649%26jc%3D16&amp;data=04%7C01%7C%7C514cd84044094a9403be08d9e6e17b61%7C87879f2e73044bf2baf263e7f83f3c34%7C0%7C0%7C637794678372883014%7CUnknown%7CTWFpbGZsb3d8eyJWIjoiMC4wLjAwMDAiLCJQIjoiV2luMzIiLCJBTiI6Ik1haWwiLCJXVCI6Mn0%3D%7C3000&amp;sdata=j0mO1nJT6y7ZoDivIuX%2Bt91xcTlcNgdbQTFbfEJ8%2FvI%3D&amp;reserved=0\" target=\"_blank\">https://rekry.saima.fi/certiahome/open_job_view.html?did=5600&amp;lang=en&amp;id=000012649&amp;jc=16</a></p><p><span style=\"color:#414141;\">Link to the Drug transport and metabolism application:</span></p><p><a href=\"https://eur03.safelinks.protection.outlook.com/?url=https%3A%2F%2Frekry.saima.fi%2Fcertiahome%2Fopen_job_view.html%3Fdid%3D5600%26lang%3Den%26id%3D000012644%26jc%3D16&amp;data=04%7C01%7C%7C514cd84044094a9403be08d9e6e17b61%7C87879f2e73044bf2baf263e7f83f3c34%7C0%7C0%7C637794678372883014%7CUnknown%7CTWFpbGZsb3d8eyJWIjoiMC4wLjAwMDAiLCJQIjoiV2luMzIiLCJBTiI6Ik1haWwiLCJXVCI6Mn0%3D%7C3000&amp;sdata=I1kbgqJ77zdAF%2F42YF9Wu1aZZjhmHg%2Bh3Xnbh13AkxM%3D&amp;reserved=0\" target=\"_blank\">https://rekry.saima.fi/certiahome/open_job_view.html?did=5600&amp;lang=en&amp;id=000012644&amp;jc=16</a></p><p><span style=\"color:#414141;\"><strong>Please note that you must include the following appendices\u00e2\u0080\u00afin your application:\u00e2\u0080\u00af\u00a0</strong></span></p><ul><li><span style=\"color:#414141;\">a r\u00c3\u00a9sume or CV\u00a0(</span><a href=\"https://tenk.fi/en/advice-and-materials/template-researchers-curriculum-vitae\" target=\"_blank\"><span style=\"color:#009FB8;\">Template for researcher's curriculum vitae | Finnish National Board on Research Integrity TENK</span></a><span style=\"color:#414141;\">)</span></li><li><span style=\"color:#414141;\">copy of the applicant's highest academic degree certificate</span></li><li><span style=\"color:#414141;\">complete list of publications, articles relevant for this position highlighted</span></li><li><span style=\"color:#414141;\">motivation letter</span></li><li><span style=\"color:#414141;\">an Appendix listing experience in academic teaching, grant funding obtained and other research merits not present in the CV</span></li></ul><p><span style=\"color:#414141;\">In addition, attaching at least two reference letters is highly encouraged.</span></p><p><span style=\"color:#414141;\"><strong>More information about the principal investigators and the group:\u00a0</strong></span></p><p><a href=\"https://uefconnect.uef.fi/en/person/arto.urtti/\" target=\"_blank\">https://uefconnect.uef.fi/en/person/arto.urtti/</a>\u00a0</p><p><a href=\"https://uefconnect.uef.fi/en/person/paavo.honkakoski/\" target=\"_blank\">https://uefconnect.uef.fi/en/person/paavo.honkakoski/</a></p><p><a href=\"https://www.uef.fi/en/research-community/drug-discovery-and-delivery-technologies-drugtech\" target=\"_blank\">https://www.uef.fi/en/research-community/drug-discovery-and-delivery-technologies-drugtech</a></p><p><span style=\"color:#414141;\"><i><strong>For further information on the position, please contact</strong>\u00a0</i></span>Professor Paavo Honkakoski, +358 29\u00a0445 4302, email:\u00a0<a href=\"mailto:paavo.honkakoski@uef.fi\">paavo.honkakoski@uef.fi</a> or Professor Arto Urtti, +358 29\u00a0445 3183, email:\u00a0<a href=\"mailto:arto.urtti@uef.fi\">arto.urtti@uef.fi</a>\u00a0</p><p><span style=\"color:#414141;\"><strong>For further information on the application procedure, please contact</strong>\u00a0HR Secretary, Sari Palviainen, email:\u00a0</span><a href=\"mailto:sari.palviainen@uef.fi\">sari.palviainen@uef.fi</a><span style=\"color:#414141;\"> , +358 29\u00a0445 4324</span></p><p><span style=\"color:#414141;\"><strong>University of Eastern Finland and Faculty of Health Sciences in brief</strong></span></p><p><span style=\"color:#414141;\">The University of Eastern Finland, UEF, is one of the largest multidisciplinary universities in Finland. We offer education in nearly one hundred major subjects and are home to approximately 16,000 students and 2,750 members of staff.\u00a0We operate in Joensuu and Kuopio.\u00a0In international rankings, we are ranked among the leading universities in the world.\u00a0</span><a href=\"https://www.uef.fi/en\" target=\"_blank\"><span style=\"color:#009FB8;\">https://www.uef.fi/en</span></a></p><p><span style=\"color:#414141;\">The Faculty of Health Sciences operates at the\u00a0<strong>Kuopio Campus</strong>\u00a0of the University of Eastern Finland. The Faculty offers\u00a0<strong>education in medicine, dentistry,\u00a0nutrition and pharmacy, as well as in some other central fields of the health care sector</strong>. The Faculty is research-intensive, and its internationally recognised research activities are closely linked to the strategic research areas of the University. There are approximately 3,100 degree students and about 580 PhD students in the Faculty.\u00a0The Faculty has\u00a0795 staff members.\u00a0</span><a href=\"http://www.uef.fi/en/ttdk/etusivu\" target=\"_blank\"><span style=\"color:#009FB8;\">http://www.uef.fi/en/ttdk/etusivu</span></a><span style=\"color:#414141;\">\u00a0</span></p>\n</div>", "requirements_description": "N/A", "conditions_description": "N/A", "employer_description": "N/A", "department_description": "N/A", "additional_information": "N/A", "apply_link": "N/A", "employer_link": "N/A", "job_type": "N/A", "logo": "https://content.academicpositions.com/eyJidWNrZXQiOiJhcC1wcm9kdWN0aW9uLW1lZGlhLWFyY2hpdmUiLCJrZXkiOiI3YTFcLzc3YVwvN2ExNzdhMDBmNTViOTcyODJmYTlmZWMzZTZiNjA3NmUucG5nIiwiZWRpdHMiOltdfQ=="}