{"url": "https://academicpositions.com/ad/university-of-nottingham/2022/machine-learning-antibody-discovery-scientist-ktp-associate-fixed-term/175390", "title": "Machine Learning \u00e2\u0080\u0093 Antibody Discovery Scientist (KTP Associate) (Fixed term)", "publish_date": "2022-02-17", "deadline": "2022-03-06", "location": "University Park Nottingham, United Kingdom", "city": "University Park Nottingham", "country": "United Kingdom", "position": "Researcher", "field": "Bioinformatics, Computational Biology, Immunology, Machine Learning,", "salary": "N/A", "max_working_hours": "N/A", "employer": "University of Nottingham", "job_description": "N/A", "requirements_description": "N/A", "conditions_description": "N/A", "employer_description": "N/A", "department_description": "N/A", "additional_information": "N/A", "apply_link": "N/A", "employer_link": "N/A", "job_type": "N/A", "logo": "https://content.academicpositions.com/eyJidWNrZXQiOiJhcC1wcm9kdWN0aW9uLW1lZGlhLWFyY2hpdmUiLCJrZXkiOiIxZTdcL2UwMFwvMWU3ZTAwZDI1MTMyMTNjMGIxN2EyNTkwY2QwYTM3NDkuanBlZyIsImVkaXRzIjpbXX0="}