{"url": "https://academicpositions.com/ad/university-of-geneva/2022/full-or-associate-professor-head-of-the-division-of-cariology-and-endodontology-of-the-university-clinics-of-dental-medicine/174967", "title": "FULL OR ASSOCIATE PROFESSOR, Head of the Division of Cariology and Endodontology of the University Clinics of Dental Medicine", "publish_date": "2022-02-07", "deadline": "2022-03-31", "location": "Rue du G\u00c3\u00a9n\u00c3\u00a9ral- Dufour 24 Geneva, Switzerland", "city": "Rue du G\u00c3\u00a9n\u00c3\u00a9ral- Dufour 24 Geneva", "country": "Switzerland", "position": "Associate Professor", "field": "Clinical Sciences, Dentistry,", "salary": "N/A", "max_working_hours": "N/A", "employer": "University of Geneva", "job_description": "<div class=\"editor ck-content mt-6 mb-6 mb-md-8 mt-md-8\" id=\"editor\">\n<p><strong>CHARGE </strong>: This full-time position involves undergraduate and postgraduate teaching in Cariology and Endodontology, the supervision of Master\u00e2\u0080\u0099s and doctoral theses, as well as the supervision of and participation in clinical activity.</p><p>The incumbent will undertake research at the highest national and international levels in the area of cariology and the related oral biology and secure external funding.</p><p>He/She will also take on administrative and organizational duties concerning the Division of Cariology and Endodontology within the Department of Preventive Dental Medicine and Primary Care of the University Clinics of Dental Medicine.</p><p>He/She shall demonstrate an ability to link with basic research groups of the Faculty of Medicine.</p><p><strong>REQUIREMENTS :</strong></p><p>Doctorate in Dental Medicine (DMD), MD-PhD in Dental Medicine or equivalent degree.</p><p>Previous teaching and independent research experience.</p><p>Publications in leading international journals.</p><p>Solid clinical experience.</p><p>Good knowledge of French desired.</p><p><strong>STARTING DATE:\u00a0 </strong>1st October 2022 or according to agreement.</p><p>Please fill in your CV according to the attached template</p><p>Application should include a cover letter, curriculum vitae (following template in French or English), list of publications from the last 5 years, H-Index (Google Scholar) and copies of diplomas.</p><p>Information for the constitution of the CV : <a href=\"https://www.unige.ch/medecine/en/faculty/hr-careers/\" target=\"_blank\">https://www.unige.ch/medecine/en/faculty/hr-careers/</a></p><p>They must be submitted exclusively online by clicking on the button below \"Postuler/Apply now\" <strong>until March 31th, 2022</strong>. APPLICATIONS SENT BY EMAIL WILL NOT BE ACCEPTED.</p><p>Additional information can be obtained from : <a href=\"mailto:viviane.burghardt@unige.ch\">viviane.burghardt@unige.ch</a></p>\n</div>", "requirements_description": "N/A", "conditions_description": "N/A", "employer_description": "N/A", "department_description": "N/A", "additional_information": "N/A", "apply_link": "N/A", "employer_link": "N/A", "job_type": "N/A", "logo": "https://content.academicpositions.com/eyJidWNrZXQiOiJhcC1wcm9kdWN0aW9uLW1lZGlhLWFyY2hpdmUiLCJrZXkiOiIyMDEyXC8wNFwvR2VuZXZhX2xvZ28ucG5nIiwiZWRpdHMiOltdfQ=="}