{"url": "https://academicpositions.com/ad/university-of-cologne/2022/professorship-in-theoretical-physics-w1-with-tenure-track-to-w3-f-m-d/174998", "title": "Professorship in Theoretical Physics(W1) with tenure track to W3 (f/m/d)", "publish_date": "2022-02-08", "deadline": "2022-03-24", "location": "Frangenheimstra\u00c3\u009fe 4 Cologne, Germany", "city": "Frangenheimstra\u00c3\u009fe 4 Cologne", "country": "Germany", "position": "Assistant Professor", "field": "Condensed Matter Physics, Information Science, Quantum Computing, Quantum Physics, Theoretical Physics,", "salary": "N/A", "max_working_hours": "N/A", "employer": "University of Cologne", "job_description": "N/A", "requirements_description": "N/A", "conditions_description": "N/A", "employer_description": "N/A", "department_description": "N/A", "additional_information": "N/A", "apply_link": "N/A", "employer_link": "N/A", "job_type": "N/A", "logo": "https://content.academicpositions.com/eyJidWNrZXQiOiJhcC1wcm9kdWN0aW9uLW1lZGlhLWFyY2hpdmUiLCJrZXkiOiIyMDEzXC8wOFwvQ29sb2duZUxvZ28ucG5nIiwiZWRpdHMiOltdfQ=="}