{"url": "https://academicpositions.com/ad/vlerick-business-school/2021/junior-researcher-organisational-behaviour/172970", "title": "Junior Researcher Organisational Behaviour", "publish_date": "2021-12-15", "deadline": "N/A", "location": "Reep 1 Ghent, Belgium", "city": "Reep 1 Ghent", "country": "Belgium", "position": "Researcher", "field": "Behavioural Economics, Entrepreneurship, Organizational Economics, Supply Chain Management,", "salary": "N/A", "max_working_hours": "N/A", "employer": "Vlerick Business School", "job_description": "<div class=\"editor ck-content mt-6 mb-6 mb-md-8 mt-md-8\" id=\"editor\">\n<p><strong>Does conducting impactful applied research on the topic of behavioural skills in the smart, digitized supply chain sound like music to your ears? Are you up for developing content &amp; methods, and disseminating knowledge through written content &amp; the organisation of workshops? Let\u00e2\u0080\u0099s talk!</strong></p><p><strong>JUNIOR RESEARCHER ORGANISATIONAL BEHAVIOUR</strong></p><p>Vlerick Business School is a <strong>triple-accredited</strong>, international business school at the heart of Europe \u00e2\u0080\u0093 ranked <strong>number one in the Benelux for executive education</strong> and 19 in Europe. We strive to make a difference, offering high quality, interactive and impactful learning journeys and in doing so, helping form <strong>positive change-makers</strong> with a vision that is rooted in a dream.</p><p>Vlerick is a school, but it is run as a company, aligned with the high standards we foster in our different programmes. At our core is an international community of talented researchers and faculty. Our <strong>Centre for People in the Smart Digitised Supply Chain</strong> are exploring how industry 4.0 technologies are changing the way people work. We are looking for a driven <strong>Junior Researcher</strong> to join this team!</p><p><strong>The job</strong></p><ul><li>Perform fundamental &amp; applied research as a member of the Centre for People in the Smart Digitised Supply Chain. Find out how companies can deal with digitization of the supply chain and the role people play in this.<ul><li>Plan research projects: ask the right questions, use the right methodology, etc.</li><li>Conduct desk research: find and synthesize relevant publications.</li><li>Develop questionnaires and other setups for data collection.</li></ul></li><li>Initiate, organise, and prepare workshops for and with the member companies of the research centre.</li><li>Develop tools and new teaching materials.</li><li>Disseminate knowledge to both business and academic audiences by writing papers, reports, articles, social media posts, attending conferences, etc.</li><li>Provide support for our teaching and other activities of the department or Vlerick business School at large.</li></ul><p><strong>You</strong></p><ul><li>Have obtained your master\u00e2\u0080\u0099s degree with excellent academic results.</li><li>Love(d) working on your thesis and have a research mindset.</li><li>Have a keen interest in organisational behaviour &amp; behavioural skills.</li><li>Have an excellent knowledge of English, written &amp; verbal. Knowledge of Dutch is a plus.</li><li>Are a team player who can work autonomously. You are eager to join forces with colleague researchers and faculty members.</li><li>Are looking forward to organising workshops, connecting with members of the centre, developing new teaching content, and working on new teaching methods.</li><li>Have a proactive and entrepreneurial attitude.</li><li>Will be working on one of our beautiful campuses in Ghent, Leuven or Brussels in combination with your home office.</li></ul><p><strong>#ProudtobeVlerick</strong></p><ul><li>Autonomy and responsibility in a challenging work environment.</li><li>A dynamic, open, and international company culture.</li><li>Internal &amp; externa opportunities for professional and personal development.</li><li>An international and supportive research community.</li><li>The chance to become a content expert whilst developing and maintaining interesting contacts within the business world.</li><li>Flexibility: 30+ holiday days, working on one of our beautiful campuses in combination with your home-office, flexible benefits based on your personal needs, \u00e2\u0080\u00a6.</li><li>Be a part of something bigger and inspire people to live, learn and leap.</li></ul><p>At Vlerick, <strong>openness to the world</strong> is part of our DNA. We are continuously working towards being a truly diverse, equitable and inclusive place to work and learn at. So, no matter who you are, where you come from, or what your dreams are, we are looking forward to receiving your application.</p><p><strong>Take the leap and join us</strong></p><p>If you think you meet these criteria, please apply with your resume and motivation letter on our website. We look forward to hearing from you!</p>\n</div>", "requirements_description": "N/A", "conditions_description": "N/A", "employer_description": "N/A", "department_description": "N/A", "additional_information": "N/A", "apply_link": "N/A", "employer_link": "N/A", "job_type": "N/A", "logo": "https://content.academicpositions.com/eyJidWNrZXQiOiJhcC1wcm9kdWN0aW9uLW1lZGlhLWFyY2hpdmUiLCJrZXkiOiIyMDEzXC8xMVwvdmxlcmlja2xvZ28ucG5nIiwiZWRpdHMiOltdfQ=="}