{"url": "https://academicpositions.com/ad/universitat-hamburg/2022/postdoctoral-fellows-4-positions-28-subsection-3-hmbhg/174415", "title": "Postdoctoral Fellows (4 Positions) \u00c2\u00a7 28 subsection 3 HmbHG", "publish_date": "2022-01-25", "deadline": "2022-03-13", "location": "Mittelweg 177 Hamburg, Germany", "city": "Mittelweg 177 Hamburg", "country": "Germany", "position": "Postdoc", "field": "Applied Philosophy, Cognitive Psychology, Health Economics, International Law, Modern History, and 1 moreNeuroscience", "salary": "N/A", "max_working_hours": "N/A", "employer": "Universit\u00c3\u00a4t Hamburg", "job_description": "<div class=\"editor ck-content mt-6 mb-6 mb-md-8 mt-md-8\" id=\"editor\">\n<p><strong>Institution:</strong> Faculty of Mathematics, Informatics and Natural Sciences, Faculty of Humanities, Faculty of Business, Economics and Social Sciences, Faculty of Law\u00a0<br/><strong>Salary level:</strong> EGR. 13 TV-L / EGR. 14 TV-L\u00a0<br/><strong>Start date:</strong> as early as possible, fixed for a period of 36 months (This is a fixed-term contract in accordance with Section 2 of the academic fixed-term labor contract act [Wissenschaftszeitvertragsgesetz, WissZeitVG]).\u00a0<br/><strong>Application deadline:</strong> 2022-03-13\u00a0<br/><strong>Scope of work:</strong> full-time position suitable for part-time</p><h4>Responsibilities</h4><p>Duties primarily include teaching and research. Postdoctoral Fellows may also pursue independent research and further academic qualifications.</p><h4>Specific Duties</h4><p>These four positions allow to carry out own ambitious research projects and include a generous research budget of up to 20.000 Euros per annum. All Postdoctoral Fellows can decide freely on their research topic, but must demonstrate that their project fruitfully links up with the emerging research fields of the University of Hamburg (Health Economics; Neurosciences and Cognitive Systems; Law in Global Contexts; The Early Modern World; Grounds, Causes, Reasons). A professor from one of these fields will therefore act as mentor to each Postdoctoral Fellow. The University offers an academic environment that ensures that Postdoctoral Fellows enjoy extensive support as well as access to all services offered by the Hamburg Research Academy.</p><p>The position asks for teaching hours according to the LVVO (Lehrverpflichtungsverordnung f\u00c3\u00bcr die Hamburger Hochschulen).</p><h4>Requirements</h4><p>A university degree in a relevant subject plus doctorate.</p><p>The doctorate must have been completed within the past 36 months (from the date of the doctoral degree certificate).</p><p>Applications must include the following documents:</p><ul><li>Project description (objectives, preparatory work, work plan, methods and milestones) with a general plan of how the supporting project funds of up to \u00e2\u0082\u00ac 20,000 per annum will be used. The project description must not exceed 12 pages.</li><li>A supporting document explaining (1) why the project is relevant to the individual career goals, (2) why University of Hamburg\u00e2\u0080\u0099s research environment fits in with the proposed project, and (3) what career steps will be pursued after the position as research associate. This document may not exceed three pages.</li><li>Supporting letter from a professor from one of the five emerging fields of the University of Hamburg who commits to act as a mentor and outlines why the proposed project fits with existing research (group).</li><li>Two academic reference letters, one of which should be from the current supervisor.</li><li>A tabular CV.</li><li>All degree certificates as well as the doctoral degree certificate or a confirmation of the successful defence of the doctorate (the doctoral degree certificate must be provided at the start of the employment).</li></ul><p>All application documents can be submitted either in English or German.</p><p>For further information, please consult our website at <a href=\"https://www.hra-hamburg.de/en/postdocs-juniorprofs/research-associates-uhh/uhh-postdoc-ausschreibung.html\" target=\"_blank\">www.hra-hamburg.de/en/postdocs-juniorprofs/research-associates-uhh/uhh-postdoc-ausschreibung.html</a> or contact Dr. Linda Jauch (Hamburg Research Academy). Digital interviews are planned for April 2022.</p><h4>We offer</h4><ul><li>Reliable remuneration based on wage agreements</li><li>Continuing education opportunities</li><li>University pensions</li><li>Attractive location</li><li>Flexible working hours</li><li>Work-life balance opportunities</li><li>Public transport pass (ProfiTicket) and much more</li><li>Health management</li><li>Educational leave</li><li>30 days of vacation per annum</li></ul><p>As a University of Excellence, Universit\u00c3\u00a4t Hamburg is one of the strongest research universities in Germany. As a flagship university in the greater Hamburg region, it nurtures innovative, cooperative contacts to partners within and outside academia. It also provides and promotes sustainable education, knowledge, and knowledge exchange locally, nationally, and internationally.</p><p>The Free and Hanseatic City of Hamburg promotes equal opportunity. As women are currently underrepresented in this job category at Universit\u00c3\u00a4t Hamburg according to the evaluation conducted under the Hamburg act on gender equality (Hamburgisches Gleichstellungsgesetz, HambGleiG), we encourage women to apply for this position. Equally qualified and suitable female applicants will receive preference.</p><p>Severely disabled and disabled applicants with the same status will receive preference over equally qualified non-disabled applicants.</p><h4>Tips on applying</h4><p><strong>Contact</strong></p><p>Dr. Linda Jauch, Referentin f\u00c3\u00bcr Postdocs und W1 Professuren &amp;\u00a0<br/>strategische Nachwuchsf\u00c3\u00b6rderung, Hamburg Research Academy\u00a0<br/><a href=\"mailto:linda.jauch@hra-hamburg.de\">linda.jauch@hra-hamburg.de</a> \u00a0</p><p><strong>Reference number</strong>\u00a0<br/>16</p><p><strong>Location</strong>\u00a0<br/>Gorch-Fock-Wall 7\u00a0<br/>20354 Hamburg\u00a0<br/><a href=\"https://www.google.com/maps/@?api=1&amp;map_action=map&amp;center=53.557657,9.9845139&amp;zoom=18&amp;basemap=roadmap\" target=\"_blank\">To Google Maps</a></p><p><strong>Application deadline</strong>\u00a0<br/>2022-03-13</p><p>Send us your complete application documents (cover letter, CV, letters of reference, list of publications, if available, proof of teaching experience and external funding track record [acquiring and conducting external funding projects], if necessary, further documents stipulated in the job advertisement, ID attesting to your disability or proof of equivalent status) via the <a href=\"https://www.uni-hamburg.de/stellenangebote/formular.html?jobID=2fb4ac4322622610fec242de1bcec496504a93c6\" target=\"_blank\">online application form</a> only.</p><p>If you experience technical problems, send an email to <a href=\"mailto:bewerbungen@uni-hamburg.de\">bewerbungen@uni-hamburg.de</a>.</p><p>More information on <a href=\"https://www.uni-hamburg.de/en/stellenangebote/datenschutz.html\" target=\"_blank\">data protection in selection procedures.</a></p>\n</div>", "requirements_description": "N/A", "conditions_description": "N/A", "employer_description": "N/A", "department_description": "N/A", "additional_information": "N/A", "apply_link": "N/A", "employer_link": "N/A", "job_type": "N/A", "logo": "https://content.academicpositions.com/eyJidWNrZXQiOiJhcC1wcm9kdWN0aW9uLW1lZGlhLWFyY2hpdmUiLCJrZXkiOiIyMDEzXC8wMlwvdW5pLWhhbWJ1cmcyLmpwZyIsImVkaXRzIjpbXX0="}