{"url": "https://academicpositions.com/ad/western-university/2022/director-of-ian-o-ihnatowycz-institute-for-leadership/174840", "title": "Director of Ian O. Ihnatowycz Institute for Leadership", "publish_date": "2022-02-03", "deadline": "N/A", "location": "1151 Richmond St London, Canada", "city": "1151 Richmond St London", "country": "Canada", "position": "Management", "field": "Behavioural Economics, Business Administration, Economic Psychology, Educational Leadership, Educational Management, and 3 moreManagement,Organizational Economics,Strategic Management", "salary": "N/A", "max_working_hours": "N/A", "employer": "Western University", "job_description": "<div class=\"editor ck-content mt-6 mb-6 mb-md-8 mt-md-8\" id=\"editor\">\n<p>The <strong>Ivey Business School</strong> at Western University seeks candidates for the role of Director of the Ian O. Ihnatowycz Institute for Leadership.\u00a0Applicants will be considered for a Tenured appointment at the rank of Associate or Full Professor.\u00a0The position is available to begin in July 2022, although alternate start dates may be arranged. The initial appointment for the role of Director will be a five-year term with the potential for renewal. \u00a0</p><p>The Institute\u00e2\u0080\u0099s mission is to influence individuals, organizations, and societies through the creation and application of new knowledge on leader character.\u00a0 It aims to:\u00a0</p><ul><li>be a globally leading Institute for research, teaching and outreach for awareness, assessment and development of leader character;\u00a0</li><li>elevate the importance of character alongside competence in the practice of leadership; and\u00a0</li><li>develop global citizens who have strength of character, strive to make a difference and contribute to the flourishing of their teams, organizations, communities, and societies.\u00a0</li></ul><p>The Institute is integral to the Ivey Business School\u00e2\u0080\u0099s mission \u00e2\u0080\u009cto develop business leaders who think globally, act strategically, and contribute to the societies within which they operate.\u00e2\u0080\u009d It plays a pivotal role in bringing together an array of leadership-related activities within the School as well as engaging external contributors from industry and academia.</p><p>The successful candidate will have a background that balances academic research and innovation in programming with a successful track record in stakeholder outreach and engagement. As an ambassador and advocate promoting the values of leadership character and leadership across the Ivey Business School, the Director will support thought leadership and research funding, leadership curriculum and partnerships to enhance leader character programming and play a central role in supporting the School\u00e2\u0080\u0099s and University\u00e2\u0080\u0099s commitment to develop future leaders for the public, private, and not for profit sectors. In addition to advancing leader character, the Director should consider other complementary areas of research that will broaden the Institute\u00e2\u0080\u0099s portfolio of research. The Director will bring excellence and innovation to the position and be a respected mentor, builder and collaborative team member, comfortable with being a champion for the mission of the Institute in a complex environment. Along with in-depth knowledge of the leading research in leader character and leadership, the Director will be a visionary leader with outstanding communication and relationship-building skills who will share their knowledge with faculty in all program areas and across Western University.\u00a0</p><p>Tenured Appointment: Applicants for a tenured appointment at the rank of Associate or Full Professor will hold a PhD or other earned Doctorate in organizational behavior, psychology, strategy, or related fields. The successful candidate will be an internationally recognized scholar in <span style=\"color:black;\">their</span> field of research, as demonstrated by publications in the highest quality academic journals, an active continuing research program, external research funding, scholarly awards, and invited presentations at seminars and major conferences. Candidates should provide evidence of strong teaching at the undergraduate and graduate levels. Experience with the case teaching method is preferred.\u00a0</p><p>Application Procedure: The Recruitment Committee is being assisted in its search by Katherine Frank and Mark Gillis from Knightsbridge Robertson Surrette (KBRS). Applicants are encouraged to submit the following materials to\u00a0<a href=\"http://www.kbrs.ca/Career/14898\" target=\"_blank\">www.kbrs.ca/Career/14898</a>:<span style=\"color:blue;\"><u>\u00a0</u></span></p><ul><li>Completed application form<i> (</i><a href=\"http://www.uwo.ca/facultyrelations/faculty/Application-FullTime-Faculty-Position-Form.pdf\" target=\"_blank\"><i>http://www.uwo.ca/facultyrelations/faculty/Application-FullTime-Faculty-Position-Form.pdf</i></a><i>)</i></li><li>Cover letter</li><li><span style=\"color:black;\">Curriculum vitae</span></li><li>Copies of research papers</li><li>a diversity statement that speaks to how the candidate\u00e2\u0080\u0099s leadership/research/teaching program will further equity, diversity, inclusion and decolonization within the School and Institution.\u00a0</li><li>Names and email addresses of three referees (who will not be approached without permission). Letters of reference will be required for shortlisted candidates.\u00a0</li></ul><p><i>Please ensure that the application form is completed and included in your application submission.\u00a0</i>All materials will be provided to the Recruitment Committee. Review of applicants will commence on <strong>March 30, 2022.\u00a0</strong>Applications will be considered until the position is filled.</p><p>To learn more about this opportunity, contact Katherine Frank (<a href=\"mailto:kfrank@kbrs.ca\">kfrank@kbrs.ca</a>) or Mark Gillis (<a href=\"mailto:mgillis@kbrs.ca\">mgillis@kbrs.ca</a>).</p><p>The <strong>Ivey Business School\u00e2\u0080\u0099s</strong> mission is to develop leaders who think globally, act strategically and contribute to the societies within which they operate. Ivey is committed to values and practices of equity, diversity and inclusion. It is Canada\u00e2\u0080\u0099s premier business school and is recognized globally for the quality of its research and management education. The School is internationally oriented in terms of research, curricula, faculty, and student exchanges, with campuses in London (Canada), Toronto and Hong Kong. Ivey is the world\u00e2\u0080\u0099s second largest producer of case studies.</p><p><span style=\"color:black;\"><strong>Effective September 7, 2021, all employees and visitors to campus are required to comply with Western's\u00a0</strong></span><a href=\"https://www.uwo.ca/univsec/pdf/policies_procedures/section3/mapp311_covid19.pdf\" target=\"_blank\"><strong>COVID-19 Vaccination Policy</strong></a><span style=\"color:black;\"><strong>.\u00a0\u00a0</strong></span></p><p><span style=\"color:black;\"><i>The University seeks applications from all qualified individuals. Western is committed to employment equity and diversity in the workplace and welcomes applications from women, members of racialized groups, Indigenous peoples, persons with disabilities, persons of any sexual orientation, and persons of any gender identity or gender expression.\u00a0</i></span></p><p><span style=\"color:black;\"><i>Western University has recently committed $6 million in funding for EDI initiatives (</i></span><a href=\"https://news.westernu.ca/2021/06/western-invests-6-million-to-support-new-edi-initiatives/\" target=\"_blank\"><i>https://news.westernu.ca/2021/06/western-invests-6-million-to-support-new-edi-initiatives/</i></a><span style=\"color:black;\"><i>). Ivey has established an EDI Advisory Council and launched a series of initiatives to ensure that our faculty, staff and students are a diverse community, committed to long-term career development.\u00a0</i></span>We especially encourage applicants from under-represented populations to apply.<span style=\"color:black;\"><i> Spousal and family relocation assistance programs are in place.\u00a0</i></span></p><p><span style=\"color:black;\"><i>Positions are subject to budget approval. Applicants should have fluent written and oral communication skills in English. In accordance with Canadian Immigration requirements, priority will be given to Canadian citizens and permanent residents.\u00a0</i></span></p><p><span style=\"color:black;\"><i>Accommodations are available for applicants with disabilities throughout the recruitment process. If you require accommodations for interviews or other meetings, please contact\u00a0</i></span><a href=\"mailto:accommodate@kbrs.ca\"><i>accommodate@kbrs.ca</i></a><span style=\"color:black;\"><i>.\u00a0</i></span></p>\n</div>", "requirements_description": "N/A", "conditions_description": "N/A", "employer_description": "N/A", "department_description": "N/A", "additional_information": "N/A", "apply_link": "N/A", "employer_link": "N/A", "job_type": "N/A", "logo": "https://content.academicpositions.com/eyJidWNrZXQiOiJhcC1wcm9kdWN0aW9uLW1lZGlhLWFyY2hpdmUiLCJrZXkiOiJmNDFcLzQzOFwvZjQxNDM4OGIxYjJjMmU1NGEwMWNhZDgxOGVmYmNiOWIuZ2lmIiwiZWRpdHMiOltdfQ=="}