{"url": "https://academicpositions.com/ad/university-of-nottingham/2022/research-associate-fellow-fixed-term-part-time/174745", "title": "Research Associate/Fellow (Fixed term, Part time)", "publish_date": "2022-02-01", "deadline": "2022-02-21", "location": "University Park Nottingham, United Kingdom", "city": "University Park Nottingham", "country": "United Kingdom", "position": "Research Assistant", "field": "Abnormal Psychology, Applied Psychology, Behavioural Science, Biological Psychology, Cognitive Psychology, and 21 moreCommunity Psychology,Developmental Psychology,Differential Psychology,Educational Psychology,Emotion,Evolutionary Psychology,Experimental Psychology,Forensic Psychology,Health Psychology,Intrapersonal Communications,Legal Psychology (Psychology and Law),Media Psychology,Neuropsychology,Organizational Psychology,Personality Psychology,Positive Psychology,Psychoanalysis,Psychophysics,Quantitative Psychology,Social Psychology,Sport Psychology", "salary": "N/A", "max_working_hours": "N/A", "employer": "University of Nottingham", "job_description": "N/A", "requirements_description": "N/A", "conditions_description": "N/A", "employer_description": "N/A", "department_description": "N/A", "additional_information": "N/A", "apply_link": "N/A", "employer_link": "N/A", "job_type": "N/A", "logo": "https://content.academicpositions.com/eyJidWNrZXQiOiJhcC1wcm9kdWN0aW9uLW1lZGlhLWFyY2hpdmUiLCJrZXkiOiIxZTdcL2UwMFwvMWU3ZTAwZDI1MTMyMTNjMGIxN2EyNTkwY2QwYTM3NDkuanBlZyIsImVkaXRzIjpbXX0="}