{"url": "https://academicpositions.com/ad/alpen-adria-universitat-klagenfurt/2022/doctoral-ph-d-candidate/174804", "title": "Doctoral (Ph.D.) Candidate", "publish_date": "2022-02-02", "deadline": "2022-03-20", "location": "Universit\u00c3\u00a4tsstrasse 65-67 Klagenfurt, Austria", "city": "Universit\u00c3\u00a4tsstrasse 65-67 Klagenfurt", "country": "Austria", "position": "PhD", "field": "Artificial Intelligence, Biomedical Engineering, Biomedicine, Machine Learning, Medical Imaging, and 3 moreObstetrics & Gynecology,Software Engineering,Surgery", "salary": "N/A", "max_working_hours": "N/A", "employer": "Alpen-Adria-Universit\u00c3\u00a4t Klagenfurt", "job_description": "<div class=\"editor ck-content mt-6 mb-6 mb-md-8 mt-md-8\" id=\"editor\">\n<p>The Institute of Information Technology at Alpen-Adria-Universit\u00c3\u00a4t Klagenfurt, Austria,<br/>announces the following job vacancy:</p><p><strong>DOCTORAL (Ph.D.) CANDIDATE</strong></p><p>(fixed-term employment for three years, 40 hours/week)</p><p>At the Faculty of Technical Sciences, Institute of Information Technology (ITEC).\u00a0</p><p>This position's gross monthly salary is \u00e2\u0082\u00ac 3.058,60 (pre-tax, 14 times a year). The estimated commencement of duties will be the 1st of April, 2022.</p><p>Your primary duties include conducting scientific research in the context of the SQUASH (\"<i>Surgical Quality Assessment in Gynecologic Laparoscopy</i>\") FWF research project to publish at international, high-quality conferences and academic journals. You will work under the supervision of experienced researchers at ITEC.</p><p>More precisely, your duties will be:</p><ul><li>Independent scientific research in the field of <i>medical video content analysis</i> and <i>deep learning</i> with the ultimate goal to obtain the Ph.D. degree at Alpen-Adria-Universit\u00c3\u00a4t Klagenfurt</li><li>Evaluation of state-of-the-art methods for <i>instrument tracking</i> and <i>motion analysis/modeling</i> and publishing results in high-quality research papers</li><li>Collaboration with the research team at ITEC and partnering clinicians</li><li>Participation in the supervision of master students</li><li>Assistance with project-related administrative tasks within the department and in university committees</li><li>Assistance with project-related public relations activities within the institute and faculty</li></ul><p>Your profile:</p><ul><li>Master or diploma degree in the field of computer science, medical imaging, biomedical engineering, or artificial intelligence, completed at a domestic or foreign university (with good final degrees)</li><li>Knowledge and experience in deep learning, image/video content analysis, and software engineering</li><li>Experience with deep learning frameworks</li><li>Excellent programming skills, especially in Python and Java</li><li>Fluency in English in both written and oral form</li></ul><p>All relevant documents for the application (at least a curriculum vitae and the master's certificate, including final grades) must be submitted via email to Assoc.Prof. Dr. Klaus Sch\u00c3\u00b6ffmann (<a href=\"mailto:ks@itec.aau.at\">ks@itec.aau.at</a>) no later than the\u00a020th of March,\u00a02022.</p>\n</div>", "requirements_description": "N/A", "conditions_description": "N/A", "employer_description": "N/A", "department_description": "N/A", "additional_information": "N/A", "apply_link": "N/A", "employer_link": "N/A", "job_type": "N/A", "logo": "https://content.academicpositions.com/eyJidWNrZXQiOiJhcC1wcm9kdWN0aW9uLW1lZGlhLWFyY2hpdmUiLCJrZXkiOiIyMDE0XC8wNlwva2xhZ2VuZnVydC1sb2dvLnBuZyIsImVkaXRzIjpbXX0="}