{"url": "https://academicpositions.com/ad/european-synchrotron-radiation-facility-esrf/2022/postdoctoral-fellow-id13/173681", "title": "Postdoctoral fellowID13", "publish_date": "2022-01-05", "deadline": "N/A", "location": "71 avenue des Martyrs Grenoble, France", "city": "71 avenue des Martyrs Grenoble", "country": "France", "position": "Postdoc", "field": "Biophysics, Physical Chemistry, Polymer Chemistry, Programming Languages, Solid-state Chemistry, and 1 moreSpectroscopy", "salary": "N/A", "max_working_hours": "N/A", "employer": "European Synchrotron Radiation Facility (ESRF)", "job_description": "<div class=\"editor ck-content mt-6 mb-6 mb-md-8 mt-md-8\" id=\"editor\">\n<p>The European Synchrotron, the ESRF, is an international research centre based in Grenoble, France.</p><p>Through its innovative engineering, pioneering scientific vision and a strong commitment from its 700 staff members, the ESRF is recognised as one of the top research facilities worldwide. Its particle accelerator produces intense X-ray beams that are used by thousands of scientists each year for experiments in diverse fields such as biology, medicine, environmental sciences, cultural heritage, materials science, and physics.</p><p>Supported by 22 countries, the ESRF is an equal opportunity employer and encourages diversity.</p><p>You will participate in the operation of the beamline, ongoing in-house research programmes, provide support to external users as local contact, and develop your own research programme.</p><p>ID13 offers the unique opportunity to combine cutting-the-edge scanning micro-/nano-beam diffraction/scattering methods with sub-millisecond time resolution using highly efficient pixel array detectors. With the considerable gain in performance due to the recently upgraded X-ray source (ESRF EBS), it is ideally suited for in-vivo/operando experiments and 3D techniques (SAXS/WAXS tensor tomography). The coherence of X-ray nano-beams can also be exploited for ptychography and similar applications. The current research programme is covering a wide range of materials such as bio-materials, biological cells, polymers, nano-particles, materials for sustainable energy generation and storage. In particular, you will join in the effort of the group to upgrade the performance of the experimental end-stations and to implement new experimental techniques. You will be encouraged to develop your own research projects, which should exploit and further develop the beamline's distinctive capabilities.</p><p>Further information may be obtained from Dr. Manfred Burghammer (<a href=\"mailto:burgham@esrf.fr\"><span style=\"color:windowtext;\">burgham@esrf.fr</span></a>).</p><p>- PhD in Physics, Chemistry, Biophysics or a closely related subject obtained less than 3 years ago</p><p>- Some experience in applying X-ray diffraction (crystallography)/scattering techniques (SAXS/WAXS) would be desirable</p><p>- Strong aptitude for instrumentation and data analysis</p><p>- Basic knowledge of data analysis related programming e.g. with Python or MATLAB</p><p>- Ability to interact with multi-disciplinary staff and facility users</p><p>- Proficiency in English (working language at the ESRF)</p><p>We offer a comprehensive benefits package designed to support your quality of life and your installation in the Grenoble area when relocation is needed.</p><p>The monthly salary may be complemented by additional allowances upon eligibility (expatriation allowance, etc...).</p><p>Contract of 18 months, renewable for a further 6 to 18 month-period. Only candidates holding a Ph.D. obtained less than 3 years ago are eligible for postdoctoral positions.</p>\n</div>", "requirements_description": "N/A", "conditions_description": "N/A", "employer_description": "N/A", "department_description": "N/A", "additional_information": "N/A", "apply_link": "N/A", "employer_link": "N/A", "job_type": "N/A", "logo": "https://content.academicpositions.com/eyJidWNrZXQiOiJhcC1wcm9kdWN0aW9uLW1lZGlhLWFyY2hpdmUiLCJrZXkiOiIyMDE0XC8wMVwvZXNyZi1sb2dvLnBuZyIsImVkaXRzIjpbXX0="}