{"url": "https://academicpositions.com/ad/university-of-oulu/2022/one-doctoral-student-for-research-project-intervening-in-sexual-harassment-in-primary-school-how-arts-and-research-activism-matter/174654", "title": "One Doctoral Student for research project \u00e2\u0080\u0098Intervening in Sexual Harassment in Primary School: How Arts and Research Activism Matter\u00e2\u0080\u0099", "publish_date": "2022-02-02", "deadline": "2022-02-27", "location": "Pentti Kaiteran katu 1 Oulu, Finland", "city": "Pentti Kaiteran katu 1 Oulu", "country": "Finland", "position": "PhD", "field": "Gender Studies, Primary Education,", "salary": "N/A", "max_working_hours": "N/A", "employer": "University of Oulu", "job_description": "N/A", "requirements_description": "N/A", "conditions_description": "N/A", "employer_description": "N/A", "department_description": "N/A", "additional_information": "N/A", "apply_link": "N/A", "employer_link": "N/A", "job_type": "N/A", "logo": "https://content.academicpositions.com/eyJidWNrZXQiOiJhcC1wcm9kdWN0aW9uLW1lZGlhLWFyY2hpdmUiLCJrZXkiOiJmNjJcLzg4Y1wvZjYyODhjMGNjZDI0NzAzMTNlNDRhOWQzNjM2M2IzZGMucG5nIiwiZWRpdHMiOltdfQ=="}