{"url": "https://academicpositions.com/ad/graz-university-of-technology/2022/23-research-assistant-phd-positions-all-genders/175367", "title": "23 Research Assistant/PhD positions (all genders)", "publish_date": "2022-02-17", "deadline": "N/A", "location": "Rechbauerstra\u00c3\u009fe 12 Graz, Austria", "city": "Rechbauerstra\u00c3\u009fe 12 Graz", "country": "Austria", "position": "Research Assistant", "field": "Applied Mathematics, Computational Engineering, Computational Mathematics, Computer Engineering, Electrical Engineering, and 6 moreElectromagnetism,Fluid Dynamics,Fluid Mechanics,Information Science,Mechanical Engineering,Software Engineering", "salary": "N/A", "max_working_hours": "N/A", "employer": "Graz University of Technology", "job_description": "<div class=\"editor ck-content mt-6 mb-6 mb-md-8 mt-md-8\" id=\"editor\">\n<p>The first ever German-Austrian Collaborative Research Centre (CRC) <strong>\u00e2\u0080\u009cComputational Electric Machine Laboratory\u00e2\u0080\u009d</strong> will announce in the near future</p><p><strong>23 Research Assistant/PhD positions (all genders)</strong></p><p>This CRC connects three interdisciplinary and internationally renowned research groups in computational engineering, at Technical University Darmstadt, in Germany, and at Graz University of Technology and Johannes Kepler University Linz, in Austria. The close cooperation of the partners fosters interdisciplinary collaborations and guarantees the candidates excellent future career opportunities in research and industry.\u00a0</p><p><strong>Each position is associated to one of the following research areas</strong></p><ul><li><i><strong>Electromagnetism</strong></i></li><li><i><strong>Fluid Mechanics</strong></i></li><li><i><strong>Numerics</strong></i></li><li><i><strong>Optimisation</strong></i></li></ul><p><strong>This CRC offers:\u00a0</strong></p><ul><li>First-class PhD training in the fields of computational engineering</li><li>Fully funded positions for 4 years (part-time possible)</li><li>The chance to conduct high level research projects in a vivid academic network and a great working environment. Information concerning the research projects may be found at\u00a0<a href=\"http://www.trr361.de/projects\" target=\"_blank\">www.trr361.de/projects</a>.</li><li>A unique opportunity to link fundamental research with application-oriented aspects</li><li>Excellent career opportunities\u00a0</li><li>Funding for visits of summer schools, conferences and international mobility to partner</li></ul><p><strong>Candidate profile and requirements:\u00a0</strong></p><p>Applicants must hold a completed master\u00e2\u0080\u0099s degree in (computational, computer, electrical, information, mechanical or software) engineering, (computer, information or material) science, (applied or engineering) mathematics or a related field of study. Students who have not yet finished their masters' degree can apply but must graduate before their appointment. Eligible are persons with a diploma degree (240 ECTS) or a bachelor's degree (180 ECTS) and a master's degree with at least 90 ECTS (in total 270 ECTS).</p><p>We expect candidates to have interest (and, ideally, prior experience with) in all fields of the above-mentioned topics. Interest in mathematics and engineering, as well as hands-on experience with programming or experimental work in laboratories is expected.</p><p><strong>Good candidates have:</strong></p><ul><li>Solid programming skills (e.g. C, Python, Matlab);</li><li>Very good proficiency in written and spoken English, which is the language of the research group and of external collaborators (knowledge of German is not required, and we offer German language courses);</li><li>High motivation, self-initiative, as well as strong passion and commitment to research;</li><li>Ability to work collaboratively in an interdisciplinary and international team with both senior and junior researchers;</li><li>Willingness to publish research results and to complete a dissertation (in the case of PhD students);</li><li>Very good knowledge in the field of the chosen project, e.g. on electrical machines, fluid mechanics, computer aided design, finite elements, functional analysis or optimization.</li></ul><p>We offer a minimum annual gross salary based on full-time of \u00e2\u0082\u00ac 42.820,40, overpayment possible depending on qualification and experience. Graz University of Technology actively promotes diversity and equal opportunities. People with disabilities and who have the relevant qualifications are expressly invited to apply.</p><p>Please note that the specific job profiles and working conditions may be published separately on the job portals of the participating universities. Please visit the CRC website\u00a0<a href=\"http://www.trr361.de/jobs\" target=\"_blank\">www.trr361.de/jobs</a> for more information.</p><p>General inquiries (questions, contact information, documents etc.) may be sent to\u00a0<a href=\"mailto:jobs@ce.tu-darmstadt.de\">jobs@ce.tu-darmstadt.de</a>.</p>\n</div>", "requirements_description": "N/A", "conditions_description": "N/A", "employer_description": "N/A", "department_description": "N/A", "additional_information": "N/A", "apply_link": "N/A", "employer_link": "N/A", "job_type": "N/A", "logo": "https://content.academicpositions.com/eyJidWNrZXQiOiJhcC1wcm9kdWN0aW9uLW1lZGlhLWFyY2hpdmUiLCJrZXkiOiIyMDEyXC8wMVwvVFVfR3Jhel9sb2dvLnBuZyIsImVkaXRzIjpbXX0="}