{"url": "https://academicpositions.com/ad/american-university-of-iraq-baghdad/2022/assistant-associate-professor-of-pharmacology-and-toxicology/174810", "title": "Assistant/Associate Professor of Pharmacology and Toxicology", "publish_date": "2022-02-02", "deadline": "N/A", "location": "Airport Road Baghdad, Iraq", "city": "Airport Road Baghdad", "country": "Iraq", "position": "Associate Professor", "field": "Biomedicine, Clinical Sciences, Molecular Medicine, Pharmacy & Pharmacology, Toxicology,", "salary": "N/A", "max_working_hours": "N/A", "employer": "American University of Iraq - Baghdad", "job_description": "<div class=\"editor ck-content mt-6 mb-6 mb-md-8 mt-md-8\" id=\"editor\">\n<p><strong>College of Pharmacy</strong></p><p><strong>Why the American University of Iraq \u00e2\u0080\u0093 Baghdad?</strong></p><p>Opening its doors in January of 2021, the new American University of Iraq \u00e2\u0080\u0093 Baghdad (AUIB) began as a dream of influential individuals in Iraqi and the United States business, industry and government who want to see a world-class institution of higher learning established in the city, reminiscent of the days when Baghdad was an educational mecca and flourishing capital of the Muslim world.\u00a0 With a great library, palatial college buildings and student centers, state-of-the-art classrooms, laboratories, and athletic facilities, AUIB will be a beautiful campus attracting students, faculty, and staff from throughout the world.\u00a0 We invite you to join us in this exciting new venture.</p><p>We invite applications and nominations for the position of:</p><p><strong>Assistant/Associate Professor of Pharmacology and Toxicology</strong></p><p>This position will report directly to\u00a0the <strong>Dean of the College of Pharmacy</strong></p><p><strong>Job description, duties, and responsibilities:</strong></p><ul><li>Teach basic and advanced theoretical and laboratory courses for undergraduate and postgraduate Pharmacy, Pharmacology and Toxicology students.</li><li>Participate in designing modules and programs in novel pharmacology, toxicology, and biomedical domains to reflect the latest developments in the field.</li><li>Develop and lead multidisciplinary research collaborations in pharmacology and toxicology domains leading to publications in reputed journals and establish an extramural funded research program that augments the research directions of the college.</li><li>Contribute to development of pioneer testing and research facilities and laboratories in the College of Pharmacy and the CORE laboratories.</li><li>Contribute to advancing pharmacy practice in the region through designing and delivering various continuous education (CE) programs.</li><li>Be involved in assessment and committee work at the College and the University</li><li>Have strong commitment to continuous professional development</li></ul><p><strong>Qualifications:</strong></p><ul><li>PhD degree from a reputed university with postdoctoral experience in Pharmacology and/or Toxicology. Candidates with a PharmD degree from an ACPE accredited school/college of pharmacy will be highly considered.</li><li>Preference will be given to candidates with extensive research credentials and interests in any of the areas of translational and clinical pharmacology, drug metabolism, pharmacokinetics, applied toxicology, molecular toxicology, etc.</li><li>Minimum of 2 years of teaching experience in a reputed university.</li><li>Excellent communication skills in English and familiarity with the American system of higher education.</li><li>Interpersonal, planning, and organizational skills with ability to effectively manage multiple projects and competing priorities.</li><li>A good team player with strong ability to work harmoniously with colleagues and students of all cultures and to build positive spirit and always look for a better way.</li><li>High standard and significant record of institutional, professional, and community service leadership in research, along with successful receipt and management of funded research projects, including the supervision of research staff and students and publications of high impact outputs.</li></ul><p><strong>Application Procedure:\u00a0</strong></p><p>Applications should include:</p><ul><li><strong>Cover Letter</strong></li><li><strong>Curriculum Vita</strong></li><li><strong>Passport First Data Page</strong></li><li><strong>Contact Information For Three (3) Professional References</strong></li><li><strong>Copies Of Degrees Or Certification</strong></li></ul><p>Applications will be accepted until the position is filled. Confidential review of materials and screening of candidates will begin immediately.\u00a0</p><p>Please apply through AUIB website OR send your application and supporting documents to the following email address:</p><p><a href=\"mailto:jobs@auib.edu.iq\">jobs@auib.edu.iq</a>\u00a0with\u00a0<a href=\"mailto:Karin.Jesuis@auib.edu.iq\">Karin.Jesuis@auib.edu.iq</a>\u00a0in copy.<strong>\u00a0</strong></p><p><strong>A declaration of a relation at AUIB is obligatory</strong></p><p><strong>We will contact you if you are selected for interview.</strong></p><p><i>AUIB is seeking to diversify its workforce and actively encourages candidates of all backgrounds to apply. AUIB especially welcomes applications from native English speaking\u00a0candidates and those with academic qualifications obtained in Europe and North America.\u00a0</i></p>\n</div>", "requirements_description": "N/A", "conditions_description": "N/A", "employer_description": "N/A", "department_description": "N/A", "additional_information": "N/A", "apply_link": "N/A", "employer_link": "N/A", "job_type": "N/A", "logo": "https://content.academicpositions.com/eyJidWNrZXQiOiJhcC1wcm9kdWN0aW9uLW1lZGlhLWFyY2hpdmUiLCJrZXkiOiJ1cGxvYWRzXC9pNGszZzI0c3NUb0VuOFpCbG8zVDI3Wm5TRU1RdXppU2hLRFdTdGVkLmpwZyIsImVkaXRzIjpbXX0="}