{"url": "https://academicpositions.com/ad/federal-institute-risk-assessment-bfr/2022/scientific-researcher-working-in-health-assessment-of-food-contaminants-f-m-d/174198", "title": "Scientific Researcher working in health assessment of food contaminants (f/m/d)", "publish_date": "2022-01-19", "deadline": "2022-02-17", "location": "Max-Dohrn-Str. 8-10 D Berlin, Germany", "city": "Max-Dohrn-Str. 8-10 D Berlin", "country": "Germany", "position": "Researcher", "field": "Biochemistry, Food Science, Health Science, Nutrition and Dietetics, Pharmacy & Pharmacology, and 1 moreToxicology", "salary": "N/A", "max_working_hours": "N/A", "employer": "Federal Institute for Risk Assessment (BfR)", "job_description": "<div class=\"editor ck-content mt-6 mb-6 mb-md-8 mt-md-8\" id=\"editor\">\n<p><strong>The German Federal Institute for Risk Assessment (BfR) is the national institute which prepares expert reports and opinions on questions of food, feed and chemical safety and consumer health protection in Germany on the basis of internationally recognised scientific assessment criteria. It advises the Federal Government and other institutions and interest groups in these areas. The BfR conducts its own research on topics that are closely linked to its assessment tasks. It is an institution with legal capacity within the portfolio of the Federal Ministry of Food and Agriculture (BMEL).</strong></p><p><strong>In the department\u00a0Safety in the Food Chain of the BfR\u00a0is\u00a0from\u00a0immediately\u00a0permanent to fill the following position:</strong></p><h3><strong>Scientific Researcher</strong><br/><strong>working in health assessment of food contaminants (f/m/d)</strong></h3><p><strong>Reference number:\u00a02963/2022</strong> |\u00a0Salary group\u00a013\u00a0TV\u00c3\u00b6D</p><p>Part-time employment is possible.</p><p>This position provides opportunity to qualify towards salary group 14 TV\u00c3\u00b6D. Remuneration will be paid in line with the tasks undertaken and the applicant's qualifications.</p><p><strong>Tasks:</strong></p><ul><li>Scientific assessment of health risks from the presence of contaminants in the food chain</li><li>Participation in drafting statements to advise the federal government on questions of consumer health protection with regard to contaminants in the food chain</li><li>Participation in projects and working groups of the department or the BfR, e.g. for further development, establishment and application of toxicological assessment concepts</li><li>Participation in management of the BfR Commission \u00e2\u0080\u009cContaminants in the food chain\u00e2\u0080\u009d</li><li>Developing proposals for risk communication and answering press inquiries</li><li>Representation of the BfR in national and international expert panels</li><li>Support in identifying research needs as well as acquisition and implementation of research projects on questions of safety along the food chain</li></ul><p><strong>Requirements:</strong></p><ul><li>University degree (master\u00e2\u0080\u0099s, diploma or a comparable university degree) in food chemistry, nutritional science, pharmacy, human or veterinary medicine, biology, biochemistry or a comparable subject, doctorate or a doctorate in the near future desired</li><li>Basic toxicological knowledge required, (started) training as a specialist toxicologist is an advantage</li><li>Research experience (publication of own research results and ideally the successful acquisition of third-party funds) or professional experience in the field of toxicological assessment of substances is an advantage</li><li>Experience in committee work is an advantage</li><li>Willingness for interdisciplinary cooperation is required</li><li>Very good knowledge of German and English, both spoken and written, is required</li><li>Good computer skills and a conscientious way of working, flexibility, the ability to work in a team and resilience as well as the willingness to travel on business are required</li></ul><p><strong>What we can offer you:</strong></p><ul><li>Flexible working hours without fixed working hours</li><li>30 days\u00e2\u0080\u0099 annual leave (based on a 5-day week)</li><li>Mobile working options</li><li>Very good connection to the public transport network</li><li>Extensive training opportunities</li><li>Job ticket</li><li>VBL company pension</li><li>Capital accumulation benefits</li><li>Employee welfare (AWO) family service</li></ul><p><strong>The place of employment is Berlin.</strong></p><p><strong>Application process:</strong></p><p>Does this position appeal to you?</p><p>Then please apply by <strong>17.\u00a0February 2022</strong> via our online system. Please address any questions in connection with the application process to bewerbung@bfr.bund.de.</p><p><strong>\u00e2\u0080\u0093 Please do not send any applications to this email address \u00e2\u0080\u0093</strong></p><p>If you cannot apply online, please send a postal application to Bundesinstitut f\u00c3\u00bcr Risikobewertung / Personalreferat - 11.17 - / Max-Dohrn-Str. 8--10 / 10589 Berlin</p><p><strong>Please address any questions about the area of responsibility to:</strong></p><p>Dr. Pieper\u00a0\u00a0\u00a0\u00a0 <strong>Tel.: +49 30 18412-28400</strong></p><p>You will find more information on our homepage:\u00a0<a href=\"http://www.bfr.bund.de/de/stellenanzeigen\" target=\"_blank\">www.bfr.bund.de/de/stellenanzeigen</a></p><p><i>The BfR welcomes applications from people of all nationalities.</i></p><p><i>The BfR is an innovative scientific institute offering family-friendly working conditions. For which the BfR was awarded the \u00e2\u0080\u009caudit berufundfamilie\u00c2\u00ae\u00e2\u0080\u009d (work and family) certificate. The BfR guarantees equal career opportunities for women and men. In the case of equal suitability, severely disabled applicants will be given preferential consideration and are only required to have a minimum level of physical suitability.</i></p>\n</div>", "requirements_description": "N/A", "conditions_description": "N/A", "employer_description": "N/A", "department_description": "N/A", "additional_information": "N/A", "apply_link": "N/A", "employer_link": "N/A", "job_type": "N/A", "logo": "https://content.academicpositions.com/eyJidWNrZXQiOiJhcC1wcm9kdWN0aW9uLW1lZGlhLWFyY2hpdmUiLCJrZXkiOiJ1cGxvYWRzXC95Rzh4eUZWOFhSMnd6UEQ0aGxVZXdqZzk3d2dhbW02T2VZRzl2NEtPLmpwZyIsImVkaXRzIjpbXX0="}