{"url": "https://academicpositions.com/ad/aix-marseille-universite/2021/post-doctoral-position-research-engineer-in-drone-tracking-automated-drone-application-development-for-security-purposes/166112", "title": "Post-Doctoral position (Research Engineer) in \u00c2\u00ab DRONE TRACKING: Automated drone application development for security purposes \u00c2\u00bb", "publish_date": "2021-11-18", "deadline": "N/A", "location": "Jardin du Pharo 58, bd Charles Livon Marseille, France", "city": "Jardin du Pharo 58", "country": "France", "position": "Postdoc", "field": "Communication Engineering, Control Systems Engineering, Electrical Engineering, Electronics, Programming Languages, and 2 moreSoftware Engineering,Systems Engineering", "salary": "N/A", "max_working_hours": "N/A", "employer": "Aix-Marseille Universit\u00c3\u00a9", "job_description": "N/A", "requirements_description": "N/A", "conditions_description": "N/A", "employer_description": "N/A", "department_description": "N/A", "additional_information": "N/A", "apply_link": "N/A", "employer_link": "N/A", "job_type": "N/A", "logo": "https://content.academicpositions.com/eyJidWNrZXQiOiJhcC1wcm9kdWN0aW9uLW1lZGlhLWFyY2hpdmUiLCJrZXkiOiIxNzZcLzFlY1wvMTc2MWVjMWYwZGFkNGU2MmViMDllZDk2NzNkMjQ5YzQucG5nIiwiZWRpdHMiOltdfQ=="}