{"url": "https://academicpositions.com/ad/orebro-university/2022/postdoctoral-researchers-in-computer-science/174964", "title": "Postdoctoral researchers in Computer Science", "publish_date": "2022-02-07", "deadline": "2022-02-28", "location": "Fakultetsgatan 1 \u00c3\u0096rebro, Sweden", "city": "Fakultetsgatan 1 \u00c3\u0096rebro", "country": "Sweden", "position": "Postdoc", "field": "Algorithms, Artificial Intelligence, Computer Vision, Human-computer Interaction, Information Systems (Business Informatics), and 5 moreMachine Learning,Programming Languages,Robotics,Software Engineering,Theory of Computation", "salary": "N/A", "max_working_hours": "N/A", "employer": "\u00c3\u0096rebro University", "job_description": "N/A", "requirements_description": "N/A", "conditions_description": "N/A", "employer_description": "N/A", "department_description": "N/A", "additional_information": "N/A", "apply_link": "N/A", "employer_link": "N/A", "job_type": "N/A", "logo": "https://content.academicpositions.com/eyJidWNrZXQiOiJhcC1wcm9kdWN0aW9uLW1lZGlhLWFyY2hpdmUiLCJrZXkiOiIwN2NcL2NiMVwvMDdjY2IxODE3NzRlM2RiMjhiN2U5OGIxNGE0YTgxM2IucG5nIiwiZWRpdHMiOltdfQ=="}