{"url": "https://academicpositions.com/ad/inria/2022/2022-04409-post-doctoral-research-visit-f-m-musculoskeletal-modeling-and-machine-learning-to-quantify-the-biomechanical-activity-of-manual-wheelchair-users/174954", "title": "2022-04409 - Post-Doctoral Research Visit F/M Musculoskeletal modeling and machine learning to quantify the biomechanical activity of manual wheelchair users", "publish_date": "2022-02-07", "deadline": "2022-02-25", "location": "Avenue du G\u00c3\u00a9n\u00c3\u00a9ral Leclerc Rennes, France", "city": "Avenue du G\u00c3\u00a9n\u00c3\u00a9ral Leclerc Rennes", "country": "France", "position": "PhD", "field": "Biomedical Engineering, Data Structures, Databases, Machine Learning, Mechanics,", "salary": "N/A", "max_working_hours": "N/A", "employer": "Inria", "job_description": "<div class=\"editor ck-content mt-6 mb-6 mb-md-8 mt-md-8\" id=\"editor\">\n<p><strong>Contract type : </strong>Fixed-term contract</p><p><strong>Level of qualifications required : </strong>PhD or equivalent</p><p><strong>Fonction : </strong>Post-Doctoral Research Visit</p><h4>About the research centre or Inria department</h4><p>The Inria Rennes - Bretagne Atlantique Centre is one of Inria's eight centres and has more than thirty research teams. The Inria Center is a major and recognized player in the field of digital sciences. It is at the heart of a rich R&amp;D and innovation ecosystem: highly innovative PMEs, large industrial groups, competitiveness clusters, research and higher education players, laboratories of excellence, technological research institute, etc</p><h4>Context</h4><p>The MimeTIC research team and the INI-CERAH\u00a0are hiring a postdoctoral fellow for\u00a012 month\u00a0 at MimeTIC research team, Rennes, France, on the topic of the quantification of the biomechanical demand associated to wheelchair locomotion in various daily situations.</p><p>Locomotion with a manual wheelchair (MWC) generates an important stress on the upper limbs of manual wheelchair users (MWU), that varies according to the environment. To assist MWU to choose the path that best preserve their upper limbs, a cost based on the biomechanical demand of the successive situations along the possible paths must be attributed. In the current accessibility standards, obstacles have no graduation and are only marked as crossable or not. This reflects neither the variety of the situations, nor the link between accessibility and physical or technical abilities of the MWU. To go beyond these limitations, this project aims at defining biomechanical costs attributed to various environmental situations and implementing them in optimal path selection algorithms. This would provide individualized paths to MWU considering their own capacities. To do so, a musculoskeletal model will be developed to quantify biomechanical costs. These costs will be computed for various situations, reproduced in a realistic MWC locomotion simulator developed in the framework of this proposal. Such a project will provide original and useful data for accessibility evaluation, urban development planning and MWC assistance adaptation. It will be the basis for further MWU evaluation and paths characterization to provide personalized cost-optimal paths.</p><p>The project CapaCITIES, granted by the French National Research Agency (ANR), is a collaborative project involving the:</p><ul><li>Centre d'Etudes et de Recherche sur l'Appareillage des Handicap\u00c3\u00a9s (CERAH, Institution Nationale des Invalides)</li><li>MimeTIC Team (IRISA/M2S/INRIA joint team, Rennes France)</li><li>Institut de Biom\u00c3\u00a9canique Humaine Georges Charpak (IBHGC, Arts et M\u00c3\u00a9tiers Sciences et Technologies)</li><li>Laboratoire d'Automatique, de M\u00c3\u00a9canique et d'informatique industrielle et humaine (LAMIH, Universit\u00c3\u00a9 Polytechnique des Hauts de France)</li></ul><h4>Assignment</h4><p>\u00a0The post-doctoral fellow\u00a0will be involved in personalized musculoskeletal modeling and simulation, experiments, and data preparation to provide the biomechanical costs of WCH locomotion.</p><h4>Main activities</h4><p>First, he/she will be involved in the development of a comprehensive musculoskeletal model of the upper limb and its interaction with a wheelchair, in collaboration with a PhD student already hired on the project. The postdoctoral fellow will have to implement specific interaction rules between the user and the wheelchair inside such simulations, involving contact representation and detection as well as interaction forces prediction.</p><p>Second, he/she will be involved in the model scaling issues relative to the model proposed above. For the scaling of the user muscle capacities in specific configurations, he/she will develop specific data-based scaling methods.</p><p>Third, he/she will focus on the data mining of experimental data gathered along the project (he/she will also be involved in these experimentations), to be applied to the model developed above. .</p><h4>Skills</h4><p>The candidates ideally have a significant experience in musculoskeletal modeling, and a certified background in machine learning. A strong experience in biomechanical data processing and experimentations is also relevant for this work. Fluent english is required.</p><h4>Benefits package</h4><ul><li>Subsidized meals</li><li>Partial reimbursement of public transport costs</li></ul><h4>Remuneration</h4><p>Monthly gross salary amounting to 2653 euros</p><h4>General Information</h4><ul><li><strong>Theme/Domain :</strong> Modeling and Control for Life Sciences<br/>Biologie et sant\u00c3\u00a9, Sciences de la vie et de la terre (BAP A)</li><li><strong>Town/city :</strong> Rennes</li><li><strong>Inria Center :</strong> <a href=\"http://www.inria.fr/centre/rennes\" target=\"_blank\">CRI Rennes - Bretagne Atlantique</a></li><li><strong>Starting date :</strong> 2022-03-01</li><li><strong>Duration of contract :</strong> 12 months</li><li><strong>Deadline to apply :</strong> 2022-02-25</li></ul><h4>Contacts</h4><ul><li><strong>Inria Team :</strong> <a href=\"https://www.inria.fr/equipes/MIMETIC\" target=\"_blank\">MIMETIC</a></li><li><strong>Recruiter :</strong><br/>Pontonnier Charles / <a href=\"mailto:Charles.Pontonnier@irisa.fr\">Charles.Pontonnier@irisa.fr</a></li></ul><h4>The keys to success</h4><p>Teamwork and supervision experiences may be a plus for this highly cooperative project.</p><h4>About Inria</h4><p>Inria is the French national research institute dedicated to digital science and technology. It employs 2,600 people. Its 200 agile project teams, generally run jointly with academic partners, include more than 3,500 scientists and engineers working to meet the challenges of digital technology, often at the interface with other disciplines. The Institute also employs numerous talents in over forty different professions. 900 research support staff contribute to the preparation and development of scientific and entrepreneurial projects that have a worldwide impact.</p><h4>Instruction to apply</h4><p>Please submit online : your resume, cover letter and letters of recommendation eventually</p><p><strong>Defence Security :</strong><br/>This position is likely to be situated in a restricted area (ZRR), as defined in Decree No. 2011-1425 relating to the protection of national scientific and technical potential (PPST).Authorisation to enter an area is granted by the director of the unit, following a favourable Ministerial decision, as defined in the decree of 3 July 2012 relating to the PPST. An unfavourable Ministerial decision in respect of a position situated in a ZRR would result in the cancellation of the appointment.</p><p><strong>Recruitment Policy :</strong><br/>As part of its diversity policy, all Inria positions are accessible to people with disabilities.</p><p><strong>Warning</strong> : you must enter your e-mail address in order to save your application to Inria. Applications must be submitted online on the Inria website. Processing of applications sent from other channels is not guaranteed.</p>\n</div>", "requirements_description": "N/A", "conditions_description": "N/A", "employer_description": "N/A", "department_description": "N/A", "additional_information": "N/A", "apply_link": "N/A", "employer_link": "N/A", "job_type": "N/A", "logo": "https://content.academicpositions.com/eyJidWNrZXQiOiJhcC1wcm9kdWN0aW9uLW1lZGlhLWFyY2hpdmUiLCJrZXkiOiIxYmRcL2MwOFwvMWJkYzA4MTc4N2M5ZGY3ZThhMGE0NzYzZDQ4NGZjNTEuanBlZyIsImVkaXRzIjpbXX0="}