{"url": "https://academicpositions.com/ad/ghent-university/2021/assistant-22026-department-of-marketing-innovation-and-organisation/173525", "title": "Assistant (22026) - Department of Marketing, Innovation and Organisation", "publish_date": "2021-12-24", "deadline": "2022-02-22", "location": "Sint-Pietersnieuwstraat 33 Ghent, Belgium", "city": "Sint-Pietersnieuwstraat 33 Ghent", "country": "Belgium", "position": "Research Assistant", "field": "Behavioural Economics, Business Administration, Business Economics, Human Resource Management, Organizational Economics, and 2 moreOrganizational Psychology,Sociology", "salary": "N/A", "max_working_hours": "N/A", "employer": "Ghent University", "job_description": "N/A", "requirements_description": "N/A", "conditions_description": "N/A", "employer_description": "N/A", "department_description": "N/A", "additional_information": "N/A", "apply_link": "N/A", "employer_link": "N/A", "job_type": "N/A", "logo": "https://content.academicpositions.com/eyJidWNrZXQiOiJhcC1wcm9kdWN0aW9uLW1lZGlhLWFyY2hpdmUiLCJrZXkiOiIyMDE2XC8xMVwvZ2hlbnQtbG9nby1lbmcuanBnIiwiZWRpdHMiOltdfQ=="}