{"url": "https://academicpositions.com/ad/universitat-hohenheim/2022/phd-position-in-agronomy-in-the-tropics-and-subtropics-at-the-hans-ruthenberg-institute/175082", "title": "PhD Position in Agronomy in the Tropics and Subtropics at the Hans-Ruthenberg Institute", "publish_date": "2022-02-09", "deadline": "2022-03-04", "location": "Universit\u00c3\u00a4t Hohenheim Stuttgart, Germany", "city": "Universit\u00c3\u00a4t Hohenheim Stuttgart", "country": "Germany", "position": "PhD", "field": "Agronomy, Biogeography, Climatology, Crop Science, Soil Science,", "salary": "N/A", "max_working_hours": "N/A", "employer": "University of Hohenheim", "job_description": "<div class=\"editor ck-content mt-6 mb-6 mb-md-8 mt-md-8\" id=\"editor\">\n<p><strong>The department of Agronomy in the Tropics and Subtropics of the Hans-Ruthenberg Insitute is seeking a talented and motivated PhD student to conduct innovative research on assessing the resilience of tropical legume based intercrops under climate change conditions through process orientated modelling approaches.</strong></p><p>The PhD position is placed within the EU-LEG4DEV project (https://leg4dev.org/) on legume-based agroecological intensification of maize and cassava cropping systems in sub-Saharan Africa (SSA). Grain and agroforestry legume crops have major unrealised potential for climate-smart transformation of nutritional, income, sustainability and resilience outcomes from smallholder systems in SSA. The LEG4DEV project is led by the National University of Ireland Galway (NUI Galway), in partnership with Wageningen University &amp; Research (WUR), University of Hohenheim, Swedish University of Agricultural Sciences (SLU), International Institute for Tropical Agriculture (IITA), The International Maize and Wheat Improvement Center (CIMMYT) and the International Livestock Research Institute (ILRI). LEG4DEV\u00e2\u0080\u0099s research and innovation activities are focused on Zambia, Malawi, Tanzania, and Ethiopia. We are seeking a talented and motivated researcher to join the LEG4DEV project as a PhD student at the Institute of Agricultural Sciences, University Hohenheim to conduct innovative research on assessing the resilience of legume-maize or legume-cassava intercrops under climate change conditions through process orientated modelling approaches. While most past research has been done to explore the adaptation of monocropping systems to different agro-ecological conditions and climate change not much is known for legume based inter- or relay-cropping systems. Additionally, not many crop models are capable of dealing with such integrated cropping systems. The work thus includes a meta-analysis on existing legume-maize/cassava intercrop experimental data and existing modelling approaches and concepts. Subsequently, existing legume-maize or legume-cassava intercrops datasets from our partners (CYMMIT, ILRI, IITA, Wageningen, Uppsala) across different agro-ecologies and/or different contrasting seasons would be used to calibrate and validate a chosen model(s) (incl. our own developed model, LUCIA, <a href=\"https://lucia.uni-hohenheim.de%29/\" target=\"_blank\">lucia.uni-hohenheim.de)</a>. Using existing climate change predictions for suitable East-Africa regions growth and soil fertility responses to altered temperature and rainfall conditions would be simulated and uncertainties estimated to test the robustness of intercrops under changing conditions. We are particularly interested in applications from talented and motivated researchers with strong backgrounds in at least one of the fields of agronomy, crop science, soil fertility, climate change, and a strong interest in soil-crop modelling. The successful applicant will have good mathematical and computing skills and be willing to actively interact and collect necessary data with our international partners. The stipend (ca. 50% E13 research position) covers for 4 years of research. We are seeking PhD students who are available to start their research immediately.</p><p><strong>Application deadline:</strong> 04.03.2022</p><p>Please attach the following documents to your application: Applicants should send an e-mail outlining in less than 200 words your interest and motivations in relation to this position, including; (a) your CV (list grades, interests, experience, skills, etc) &amp; (b) contact details (e-mail + phone) for 3 referees.</p><p>The University of Hohenheim accepts applications via a secure internet site. <a href=\"https://www.uni-hohenheim.de/en/job-openings?tx_unijobs_joboffers%5Bjoboffer%5D=2777&amp;tx_unijobs_joboffers%5Baction%5D=new&amp;tx_unijobs_joboffers%5Bcontroller%5D=Application&amp;cHash=346d675aa1f8e51d0c76b667af1dd898\" target=\"_blank\">To the application</a></p>\n</div>", "requirements_description": "N/A", "conditions_description": "N/A", "employer_description": "N/A", "department_description": "N/A", "additional_information": "N/A", "apply_link": "N/A", "employer_link": "N/A", "job_type": "N/A", "logo": "https://content.academicpositions.com/eyJidWNrZXQiOiJhcC1wcm9kdWN0aW9uLW1lZGlhLWFyY2hpdmUiLCJrZXkiOiI5NDhcLzM0MlwvOTQ4MzQyMjVkZmIwMzg3N2QyY2FiN2QxYjBlNWFhZTAucG5nIiwiZWRpdHMiOltdfQ=="}