{"url": "https://academicpositions.com/ad/university-of-nizwa/2021/academic-positions-foundation-institute-english-language/171926", "title": "Academic positions - Foundation Institute (English language)", "publish_date": "2021-12-09", "deadline": "N/A", "location": "Nizwa Nizw\u00c3\u00a1, Oman", "city": "Nizwa Nizw\u00c3\u00a1", "country": "Oman", "position": "Other Category", "field": "Applied Linguistics, Germanic languages, West Germanic languages,", "salary": "N/A", "max_working_hours": "N/A", "employer": "University of Nizwa", "job_description": "<div class=\"editor ck-content mt-6 mb-6 mb-md-8 mt-md-8\" id=\"editor\">\n<p><strong>About University of Nizwa\u00a0</strong></p><p>The University of Nizwa is the second top universities in the Sultanate of Oman and the first among the private universities in research. It is a non-profit academic institution, governed by its faculty. Its purpose is to broadly educate students and equip them with values, knowledge and life skills needed to enrich their lives and enable them to meaningfully contribute to the progress of society.\u00a0</p><figure class=\"table\"><table><tbody><tr><td><strong>Position</strong></td><td><strong>Specialization</strong></td><td><strong>Code</strong></td></tr><tr><td><strong>Instructor/Lecturer \u00a0</strong></td><td>Translation/Interpretation, Linguistics (TEFL/TESOL)</td><td>FI21</td></tr></tbody></table></figure><p><strong>Minimum Requirement</strong></p><ul><li>Master in the field of specialization (Bachelor's degree should be in the same field of general specialization) from a recognized university.</li><li>3 -5 \u00a0year teaching /research experience in a recognized University or a postgraduate Institution or professional\u00a0</li><li>Has a strong and broad experience in curriculum development, accreditation process, institutional partnership/linkages, academic advising, strategic and operational planning, quality management and organization of conferences, seminars, workshops and exhibitions</li><li>Knowledge of contemporary teaching practices and E-learning.</li><li>To pass the personal interview according to the University criteria.\u00a0</li></ul><p>Application Process:\u00a0Submit a formal application letter, curriculum vitae, educational and experience certificates (including reference Contact information), letter of experience, electronically through the following email:\u00a0<a href=\"mailto:fi-recruit@unizwa.edu.om\"><span style=\"color:#006666;\">fi-recruit@unizwa.edu.om</span></a></p><p><i><strong>Please note: </strong></i><span style=\"color:hsl(0, 0%, 0%);\"><i><strong>Position code should be included in the email subject.\u00a0</strong></i></span></p>\n</div>", "requirements_description": "N/A", "conditions_description": "N/A", "employer_description": "N/A", "department_description": "N/A", "additional_information": "N/A", "apply_link": "N/A", "employer_link": "N/A", "job_type": "N/A", "logo": "https://content.academicpositions.com/eyJidWNrZXQiOiJhcC1wcm9kdWN0aW9uLW1lZGlhLWFyY2hpdmUiLCJrZXkiOiI0OWNcL2EyMFwvNDljYTIwMGY5MjMyZmViOWZjYWExN2ZmZWIzMzIxZmUuanBlZyIsImVkaXRzIjpbXX0="}