{"url": "https://academicpositions.com/ad/amsterdam-umc/2021/full-professor-chairman-department-human-genetics/164878", "title": "Full professor/ Chairman | Department Human Genetics", "publish_date": "2021-10-19", "deadline": "N/A", "location": "De Boelelaan Amsterdam, Netherlands", "city": "De Boelelaan Amsterdam", "country": "Netherlands", "position": "Full Professor", "field": "Clinical Sciences, Education, Health Science, Medicine, Science Education,", "salary": "N/A", "max_working_hours": "N/A", "employer": "Amsterdam UMC", "job_description": "N/A", "requirements_description": "N/A", "conditions_description": "N/A", "employer_description": "N/A", "department_description": "N/A", "additional_information": "N/A", "apply_link": "N/A", "employer_link": "N/A", "job_type": "N/A", "logo": "https://content.academicpositions.com/eyJidWNrZXQiOiJhcC1wcm9kdWN0aW9uLW1lZGlhLWFyY2hpdmUiLCJrZXkiOiI5ZjVcL2U0MlwvOWY1ZTQyMjc0MWZmNTUwZWRjNDRkYWRmYmNkZjc1NDgucG5nIiwiZWRpdHMiOltdfQ=="}