{"url": "https://academicpositions.com/ad/university-of-luxembourg/2021/post-doctoral-researcher-in-labour-economics/173147", "title": "Post-doctoral researcher in Labour Economics", "publish_date": "2021-12-20", "deadline": "N/A", "location": "6, rue Richard Coudenhove-Kalergi , Luxembourg", "city": "6", "country": "Luxembourg", "position": "Postdoc", "field": "Econometrics, International and Comparative Labour, Labour Economics,", "salary": "N/A", "max_working_hours": "N/A", "employer": "University of Luxembourg", "job_description": "<div class=\"editor ck-content mt-6 mb-6 mb-md-8 mt-md-8\" id=\"editor\">\n<p>The Department of Economics and Management of the Faculty of Law, Economics and Finance of the University of Luxembourg is looking for a Postdoctoral researcher to conduct research in the broad field of labour economics.</p><p><strong>Your Role...</strong></p><p>The postdoctoral researcher will be working under the supervision of Professors Arnaud Dupuy and Konstantinos Tatsiramos. In particular, the Postdoctoral Researcher will assist by:</p><ul><li>Contribute to research in the area of labour economics. We particularly encourage researchers with interests in collective models, (search and) matching models, empirical research using survey or administrative data and in policy evaluation to apply</li><li>The main tasks include writing academic papers, participating actively in the life of the department (e.g. seminars, workshops), and interacting with the Ph.D. candidates, especially within the labour group</li><li>Teaching is not compulsory but can be arranged upon request within the Doctoral School in Economics and Finance</li></ul><p><strong>Qualifications...</strong></p><p>We are looking for a candidate with a PhD in Economics with strong background in labour economics, family economics, applied structural econometrics or program evaluation. (N.B. applications from PhD candidates who will have started their final year of doctoral studies before that date may be considered).</p><p>In particular, the following requirements apply:</p><ul><li>Proven ability to autonomously conduct research at a post-doctoral level</li><li>Good IT skills</li><li>Proven ability to work individually as well as part of a team</li><li>Very good English language skills</li><li>Willingness to work in an inter-cultural and international environment</li><li>Curiosity and self-motivation</li></ul><p><strong>In Short...</strong></p><ul><li>Contract Type: Befristeter Vertrag 24 Monat</li><li>Work Hours: Full Time 40.0 Stunden pro Woche</li><li>Starting date: October 15, 2022 (subject to common agreement)</li><li>Location:\u00a0Kirchberg</li><li>Job Reference:\u00a0UOL04656</li></ul><p>In particular, we offer:</p><ul><li>An exciting international and multilingual research environment</li><li>Excellent facilities including personal work space at the University</li><li>Travel opportunities for training and learning</li><li>The University offers highly competitive salaries based on the candidate's experience and is an equal opportunity employer</li></ul><p><strong>How to apply...</strong></p><p>Applications should be submitted online and include:</p><ul><li>A motivation letter with a description of research interests and plans for the coming two years (2 pages max)</li><li>A copy of the PhD diploma or a letter indicating the expected defense date</li><li>A detailed curriculum vitae with a complete bibliography of published works</li><li>Copies of three research papers or a copy of the PhD Thesis</li><li>Three letters of recommendation and questions about the position should be sent to <a href=\"mailto:arnaud.dupuy@uni.lu\">arnaud.dupuy@uni.lu</a> or <a href=\"mailto:konstantinos.tatsiramos@uni.lu\">konstantinos.tatsiramos@uni.lu</a></li></ul><p>We encourage early application.</p><p>Please apply formally through the HR system. Applications by email will not be considered.\u00a0The University of Luxembourg embraces inclusion and diversity as key values. We are fully committed to removing any discriminatory barrier related to gender, and not only, in recruitment and career progression of our staff.</p><p><strong>About us...</strong></p><p>The<strong> University of Luxembourg</strong> is an\u00a0<strong>international research</strong> university with a distinctly <strong>multilingual</strong> and <strong>interdisciplinary</strong> character. The University was founded in 2003 and counts more than 6,700 students and more than 2,000 employees from around the world. The University\u00e2\u0080\u0099s faculties and interdisciplinary centres focus on research in the areas of Computer Science and ICT Security, Materials Science, European and International Law, Finance and Financial Innovation, Education, Contemporary and Digital History. In addition, the University focuses on cross-disciplinary research in the areas of Data Modelling and Simulation as well as Health and System Biomedicine. Times Higher Education ranks the University of Luxembourg #3 worldwide for its \u00e2\u0080\u009cinternational outlook,\u00e2\u0080\u009d #20 in the Young University Ranking 2021 and among the top 250 universities worldwide.</p><p>The\u00a0<strong>Faculty of Law, Economics and Finance </strong>offers three Bachelor programmes, four Master programmes of Management and Economics and six Masters of Laws (LL.M.), as well as several continuing education courses. It also includes the Doctoral School in Law and the Doctoral School in Economics and Finance. Around\u00a0<strong>2,500 students\u00a0</strong>from\u00a0<strong>90 different nationalities</strong> are enrolled at the Faculty. Academic staff from 18 different nationalities teach at the Faculty, supported by practitioners from the field, visiting scholars and guest professors. Rooted in Luxembourg but with a\u00a0<strong>European and international outlook</strong>, the Faculty counts three departments:</p><ul><li>Department of Law</li><li>Department of Economics and Management (DEM)</li><li>Department of Finance</li></ul><p>Teaching and research benefit from the proximity of the European institutions, Luxembourg\u00e2\u0080\u0099s world-class financial centre ranked second in the world in investment fund asset domicile, and its vibrant business community. Institutional and private sector partnerships, sponsored Chairs, and a growing network of international partner universities make the FDEF a <strong>vibrant academic hub within the University at the heart of Europe</strong>.</p><ul><li><a href=\"https://wwwfr.uni.lu/fdef\" target=\"_blank\">Find out more about the FDEF</a></li><li><a href=\"https://wwwen.uni.lu/university/about_%3Cspan%20class=\" target=\"_blank\">Find out more about the University</a></li><li><a href=\"https://wwwen.uni.lu/contact\" target=\"_blank\">Addresses, maps &amp; routes to the various sites of the University</a></li></ul>\n</div>", "requirements_description": "N/A", "conditions_description": "N/A", "employer_description": "N/A", "department_description": "N/A", "additional_information": "N/A", "apply_link": "N/A", "employer_link": "N/A", "job_type": "N/A", "logo": "https://content.academicpositions.com/eyJidWNrZXQiOiJhcC1wcm9kdWN0aW9uLW1lZGlhLWFyY2hpdmUiLCJrZXkiOiIyMDEwXC8wOVwvTG9nby13ZWItUlZCLWtvcGllcmEucG5nIiwiZWRpdHMiOltdfQ=="}