{"url": "https://academicpositions.com/ad/iu-international-university-of-applied-sciences/2021/freelance-academic-author-m-f-d-principles-of-hospitality-management/172125", "title": "Freelance Academic Author (m/f/d) \u00e2\u0080\u0093 Principles of Hospitality Management", "publish_date": "2021-12-10", "deadline": "N/A", "location": "N/A", "city": "N/A", "country": "N/A", "position": "Management", "field": "Management, Tourism Economics,", "salary": "N/A", "max_working_hours": "N/A", "employer": "IU International University of Applied Sciences", "job_description": "<div class=\"editor ck-content mt-6 mb-6 mb-md-8 mt-md-8\" id=\"editor\">\n<p><strong>Be part of a growing business \u00e2\u0080\u0093 start your career at IU!\u00a0</strong>\u00a0</p><p>Since its founding in 1998, the IU International University of Applied Sciences has developed into the largest private university for online and dual study programs in Europe. We offer more than 80 career-oriented bachelor and master programs in various disciplines. These English and German language programs are all accredited and state-recognized. As a pioneer in digital education, we continuously improve the learning experience of our students with the help of innovative technologies and consistently focus on their satisfaction. Through our employees\u00e2\u0080\u0099 entrepreneurial mindset we continue to achieve our ambitious goals and high growth rate of more than 50 percent.\u00a0</p><p><strong>Course Title:</strong> Principles of Hospitality Management<br/><strong>Study Programme:</strong> Bachelor Hospitality Management, Distance Learning\u00a0<br/><strong>Language:</strong> English \u00a0</p><p><strong>COURSE CONTENT</strong></p><p>Classification of the Hospitality Industry in the Tourism Industry</p><p>Structural Features of the Hospitality Industry</p><p>Service Provision in the Hospitality Industry</p><p>Evaluation of Performance Standards</p><p>Introduction to Hospitality Management</p><p>Special Features of the Hospitality and Gastronomy Industry</p><p>Developments in the Hospitality Industry</p><p><strong>WHAT WE OFFER</strong></p><p>Remote and freelance contract\u00a0\u00a0</p><p>Ability to develop your academic writing\u00a0\u00a0</p><p>Guidelines and support from internal departments\u00a0</p><p>Opportunities to work on similar future projects\u00a0</p><p><strong>YOUR RESPONSIBILITIES</strong></p><p>Creating a course book and reading list (130-180 pages) from an existing module description\u00a0\u00a0</p><p>Creating various assessment types\u00a0\u00a0</p><p><strong>YOUR PROFILE</strong></p><p>A completed academic degree and profile (Master or PhD) related to the subject area\u00a0\u00a0</p><p>Industry experience and/or previous experience developing course materials is advantageous\u00a0</p><p><strong>For your application to be considered please submit the following documents (in English and in a single .pdf file):\u00a0</strong>\u00a0</p><p><strong>Tailored CV and Cover Letter (including your earliest start date)</strong>\u00a0</p><p><strong>An independent writing sample (3-5 pages) related to one of the topics listed under \u00e2\u0080\u0098Course Content\u00e2\u0080\u0099\u00a0</strong>\u00a0</p><p><strong>Academic Transcripts\u00a0</strong>\u00a0</p><p>We look forward to receiving your application.\u00e2\u0080\u00af \u00a0</p><p>For questions please contact Ms Hayre<strong> (</strong><a href=\"mailto:recruiting-medienproduktion-fernstudium@iu.org\"><u>recruiting-medienproduktion-fernstudium@iu.org</u></a><strong>).</strong> Please note that we cannot accept applications via email.\u00a0 \u00a0</p><p>For further information please visit <a href=\"https://www.iu-careers.com/\" target=\"_blank\"><strong><u>https://www.iu-careers.com/</u></strong></a> or <a href=\"https://www.iubh-international.com/\" target=\"_blank\"><strong><u>https://www.iu.de/en/</u></strong></a><strong>\u00a0</strong>\u00a0</p>\n</div>", "requirements_description": "N/A", "conditions_description": "N/A", "employer_description": "N/A", "department_description": "N/A", "additional_information": "N/A", "apply_link": "N/A", "employer_link": "N/A", "job_type": "N/A", "logo": "https://content.academicpositions.com/eyJidWNrZXQiOiJhcC1wcm9kdWN0aW9uLW1lZGlhLWFyY2hpdmUiLCJrZXkiOiIzNTBcL2M3NlwvMzUwYzc2ZjY1MTBlMGIwNDc1MDE4NGI2MzQ4ZjhmMmYucG5nIiwiZWRpdHMiOltdfQ=="}