{"url": "https://academicpositions.com/ad/empa/2022/3-year-postdoc-position-on-estimating-co2-emissions-of-the-cities-of-paris-and-zurich-by-inverse-modelling/175258", "title": "3-year postdoc position on Estimating CO2 emissions of the cities of Paris and Zurich by inverse modelling", "publish_date": "2022-02-15", "deadline": "N/A", "location": "Ueberlandstrasse 129Zurich, Switzerland", "city": "Ueberlandstrasse 129Zurich", "country": "Switzerland", "position": "Postdoc", "field": "Atmospheric Sciences, Computational Sciences, Programming Languages,", "salary": "N/A", "max_working_hours": "N/A", "employer": "Empa", "job_description": "N/A", "requirements_description": "N/A", "conditions_description": "N/A", "employer_description": "N/A", "department_description": "N/A", "additional_information": "N/A", "apply_link": "N/A", "employer_link": "N/A", "job_type": "N/A", "logo": "https://content.academicpositions.com/eyJidWNrZXQiOiJhcC1wcm9kdWN0aW9uLW1lZGlhLWFyY2hpdmUiLCJrZXkiOiIyMDEyXC8wN1wvRW1wYS1sb2dvLW5ldy5qcGciLCJlZGl0cyI6W119"}