{"url": "https://academicpositions.com/ad/abo-akademi-university/2022/postdoctoral-researcher-in-minority-studies-1-8-2022-31-7-2025/175360", "title": "Postdoctoral researcher in Minority studies 1.8.2022-31.7.2025", "publish_date": "2022-02-17", "deadline": "2022-03-25", "location": "Domkyrkotorget 3 Turku, Finland", "city": "Domkyrkotorget 3 Turku", "country": "Finland", "position": "Postdoc", "field": "Disability Research, Human Geography, Social Research, Social Stratification,", "salary": "N/A", "max_working_hours": "N/A", "employer": "\u00c3\u0085bo Akademi University", "job_description": "<div class=\"editor ck-content mt-6 mb-6 mb-md-8 mt-md-8\" id=\"editor\">\n<p><i>\u00c3\u0085bo Akademi University is an internationally acknowledged research university with an extensive responsibility for providing education in Swedish in Finland.\u00a0</i></p><p>\u00c3\u0085bo Akademi University offers a postdoctoral position in minority studies. <strong>This is a fixed-term position for three years, starting on 1.8.2022 or as per agreement.\u00a0In this recruitment we are looking for a researcher that specializes in issues related to\u00a0</strong>health and well-being broadly conceived, and as impacted by the inequality axes of gender, social class, age, disability, minority status and origin.</p><p>Minority research is one of four strategic research areas at \u00c3\u0085bo Akademi University, and the hired researcher\u00e2\u0080\u0099s thematic focus will form a link between the \u00c3\u0085bo Akademi University strategic research areas \u00e2\u0080\u009cMinority research\u00e2\u0080\u009d and \u00e2\u0080\u009cSolutions for health\u00e2\u0080\u009d.</p><p>\u00c3\u0085bo Akademi University research on minorities builds on a broad understanding of minority research and its focus extends to minorities on a global level and encompasses both old and new minorities (migrants and refugees) as well as the processes of minoritization and resistance they engender. Four thematic areas form our research strengths and topics: Equal rights, discrimination and democracy; Minority identities and culture; Minoritization processes and minority positions in history; Culturally and linguistically responsive teacher education.</p><p>Research within the minority profile is conducted in collaboration between the Faculty of Arts, Psychology and Theology (in Turku), the Faculty of Social Sciences, Business and Economics (in Turku and Vaasa) and the Faculty of Education and Welfare Studies (in Vaasa). In addition to research collaboration between the faculties, a minor subject in Minority studies (25 credits) is offered at Master\u00e2\u0080\u0099s and Bachelor levels. The postdoctoral researcher in minority studies is expected to participate in and contribute to this dynamic and cross-border academic environment.</p><p>Read more on Minority Research: <a href=\"https://www.abo.fi/en/minority-research/\" target=\"_blank\"><strong>https://www.abo.fi/en/minority-research/</strong></a>\u00a0</p><p>And Solutions for health: <a href=\"https://www.abo.fi/en/solutions-for-health/\" target=\"_blank\"><strong>https://www.abo.fi/en/solutions-for-health/</strong></a>\u00a0</p><p><strong>Description of the position</strong></p><p>The work tasks of a postdoctoral researcher are comprised primarily of research intended to deepen and expand the field of research. The work tasks include duties relating to teaching and supervision up to one third of the working hours.</p><p>The postdoctoral researcher will be a member of a collaborative research team and the placement will be at one of the collaborative faculties. The position is located in Turku or in Vaasa.\u00a0</p><p>The postdoctoral researcher is required to work a total of 1612 hours per year. The work tasks are defined in detail in an annual work plan. \u00a0</p><p><strong>Qualifications and evaluation</strong></p><p>In accordance with the Personnel Regulations of \u00c3\u0085AU, a postdoctoral researcher is required to hold a Doctor\u00e2\u0080\u0099s degree in a relevant field and pedagogical competence. As a rule, the time elapsed since taking the Doctor\u00e2\u0080\u0099s degree should not exceed four years (a copy of the diploma of a doctoral degree should be submitted in the application).</p><p>When assessing the applicant\u00e2\u0080\u0099s qualifications for the position, the following criteria will be taken into consideration:</p><ul><li>Scientific merits (50 %), including scientific publications in a relevant field, relevance of the research plan, and experience from participation in research projects</li><li>Interactive skills (30 %) including administrative experience, societal collaboration within the field of minority studies, good collaboration skills and intercultural competence</li><li>Pedagogic competence (20 %), including experience in teaching and supervision, planning and development of courses, studies in university pedagogics or similar that is evaluated in compliance with the Rector's decision on pedagogical skills for teachers and researchers at \u00c3\u0085AU (20 June 2012).</li></ul><p>We especially invite applicants with an interdisciplinary research profile. The successful applicant will be appointed following a general assessment of the competence in relation to the assignment and the value added to the existing research in minorities, without overlapping the existing research fields that are represented in the team.\u00a0</p><p>The appointment is carried through after an overall assessment of the candidate\u00e2\u0080\u0099s capabilities to carry out the work duties included in the position.</p><p>The applicants can be invited to an interview. A trial period of six months applies to all new employees.</p><p><strong>Language proficiency</strong></p><p>The teaching and administrative language of \u00c3\u0085bo Akademi University is mainly Swedish. Proficiency in English is also necessary for managing the duties of the position successfully. For native Finnish citizens excellent proficiency in Swedish and the ability to understand Finnish is required. Non-Finnish and non-native Finnish citizens will be exempted from the requirement to have proficiency in Swedish or Finnish.\u00a0</p><p>Requirements concerning the language proficiency for teaching positions at \u00c3\u0085bo Akademi University are prescribed in Section 78 of the Universities Act and in the Guideline for proficiency in Swedish and Finnish required of teachers at \u00c3\u0085bo Akademi University (25.2.2010).</p><p><strong>Salary</strong></p><p>The postdoctoral researcher\u00e2\u0080\u0099s salary is based on Levels 5\u00e2\u0080\u00936 of the job demand levels for teaching and research staff. In addition, an individual salary component based on personal work performance is added to the salary. Please see salary chart for teaching and research personnel: <a href=\"https://www.sivista.fi/wp-content/uploads/2020/04/Salary-Scales-010820-and-010621.pdf\" target=\"_blank\"><strong>https://www.sivista.fi/wp-content/uploads/2020/04/Salary-Scales-010820-and-010621.pdf</strong></a>\u00a0</p><p><strong>Application</strong></p><p>The application should be submitted electronically in the university\u00e2\u0080\u0099s recruitment system (\u00e2\u0080\u009cleave an application\u00e2\u0080\u009d at www.abo.fi/rekrytering) no later than <strong>25th March</strong> <strong>at 3.00 pm (Finnish time zone).</strong> Guidelines for the electronic application can be found here: <a href=\"https://www.abo.fi/en/instructions-for-submitting-an-application/\" target=\"_blank\"><strong>https://www.abo.fi/en/instructions-for-submitting-an-application/</strong></a>\u00a0</p><p>The application should include the following enclosures:</p><ul><li>A CV prepared in accordance with recommendations of the Finnish National Board in Research Integrity (TENK): <a href=\"https://tenk.fi/en/advice-and-materials/template-researchers-curriculum-vitae\" target=\"_blank\"><strong>https://tenk.fi/en/advice-and-materials/template-researchers-curriculum-vitae</strong></a> Including a complete list of publications: <a href=\"https://www.abo.fi/en/instructions-appendices-in-applications-reserach-and-teaching-staff/\" target=\"_blank\"><strong>https://www.abo.fi/en/instructions-appendices-in-applications-reserach-and-teaching-staff/</strong></a></li><li>Three publications (maximum) that support the scientific qualifications of the applicant. One of the publications should be the doctoral thesis. The publications are listed with links to the online version, alternatively appended in .pdf-format.</li><li>Research plan for the position (maximum 5 pages)</li><li>A report of relevant experiences for the appointment and a reflection on how the appointee would develop the assignment (maximum 3 pages)</li><li>Doctoral degree certificate and relevant diplomas with transcripts of records</li><li>Other possible certificates (language certificates, pedagogical studies)</li><li>Contact details of two referees</li></ul><p><strong>Contact information</strong></p><p>For more information regarding the position, please contact professor Siv Bj\u00c3\u00b6rklund, professor Elina Pirjatanniemi, head of research Lauri Rapeli or professor Pamela Slotte (email: <a href=\"mailto:firstname.familyname@abo.fi\"><strong>firstname.familyname@abo.fi</strong></a>) For questions regarding the recruitment process, please contact HR-specialist Ann-Katrin Laine, email: <a href=\"mailto:ann-katrin.laine@abo.fi\"><strong>ann-katrin.laine@abo.fi</strong></a>.\u00a0</p><p><i>\u00c3\u0085bo Akademi University is actively working for gender inclusion and increased diversity.</i></p>\n</div>", "requirements_description": "N/A", "conditions_description": "N/A", "employer_description": "N/A", "department_description": "N/A", "additional_information": "N/A", "apply_link": "N/A", "employer_link": "N/A", "job_type": "N/A", "logo": "https://content.academicpositions.com/eyJidWNrZXQiOiJhcC1wcm9kdWN0aW9uLW1lZGlhLWFyY2hpdmUiLCJrZXkiOiIyMDE2XC8wNFwvXHUwMGM1Ym9Ba2FkZW1pU21hbGwucG5nIiwiZWRpdHMiOltdfQ=="}