{"url": "https://academicpositions.com/ad/oslo-school-of-architecture-and-design-aho/2022/phd-position-designing-for-additive-manufacturing/173693", "title": "PhD position: Designing For Additive Manufacturing", "publish_date": "2022-01-05", "deadline": "2022-03-05", "location": "Maridalsveien 29 Oslo, Norway", "city": "Maridalsveien 29 Oslo", "country": "Norway", "position": "PhD", "field": "Industrial Design, Manufacturing,", "salary": "N/A", "max_working_hours": "N/A", "employer": "Oslo School of Architecture and Design (AHO)", "job_description": "<div class=\"editor ck-content mt-6 mb-6 mb-md-8 mt-md-8\" id=\"editor\">\n<p><br/>The Institute of Design, AHO\u00a0offers a PhD position\u00a0directed towards developments in\u00a0Designing for Additive Manufacturing (DFAM)\u00a0that extend early investment in expensive\u00a0hardware and claims to customization and tailoring of products and artifacts to affordable and accessible practices of designing. Where DIY 3D-printing has emerged in popular and consumer culture, internationally little research has been done (outside engineering domains) into ongoing dynamics of working with artisanal expertise paths and performances into and through AM tools and platforms. Consequently, there is a dearth of design-centered studies of how these technologies may be understood in wider arguments for the transformative potential of product design in the context of post-industrial economies. This extends to related making, exchange and evaluation of what may be termed a mode of collaborative digital artisanry in the context of designing for long term sustainable futures.</p><p>This PhD will focus on Designing for Additive Manufacturing (DFAM). Currently, this is still about designing for different technologies, topology optimization and material handling. A smaller portion is about artisan work, unique artifacts and bespoke products. There is still a lack of knowledge as to how the holistic product development process might be envisaged, co-created, implemented and assessed. This PhD will therefore need to address matters of such developmental expertise in AM and Product Design and its place in the onlysignificant model of design-based AM (AICE Model developed at AHO and circulated internationally). The applicant will need to use this model and resituate it with respect to contemporary\u00a0transdisciplinary research\u00a0in the context technical change with respect to the Internet of Things (IoT) and socio-technical artifact\u00a0production and circulation in new models of use. The candidate is invited to critically elaborate on how\u00a0research in AM can contribute to more sustainable New Product Development models and practices, with\u00a0attention to key aspects of designing in AM (e.g. recyclable materials, just-in-time co\u00a0creation, modes of optimization-customisation). AM will need to be situated within critical perspectives on the\u00a0circular economy,\u00a0drawing on literatures on critical theories of technology, post-industrial collaborative manufacturing\u00a0approaches, and new material-re-use relations. The goal of the research should be an advancement of\u00a0methods, tools and approaches developed both by the AHO research environment, the\u00a0applicant and with\u00a0regard to international inquiry into AM.</p><p>The candidate should define one or more research questions relating to their practice regarding DFAM. This should be clearly located within a developmental and professional setting in which actual and conceptual results will be delivered, assessed and shared with practice and research communities. The applicant will need to propose pragmatic cases using key research-by-design methodologies, including the AHO published approach to AM that seeks to involve practitioners in developing research in the service of their ongoing practice. The PhD will address key potentials and actual practices identified and developed collaboratively with industry partners. Together, these aspects will form a vital move to shift current models and approaches to AM towards a high value with re-use and just-in-time sustainable tailoring to need and context in collaborative future NPD development processes. The cases will inform theory, enrich practice, support design education at master\u00e2\u0080\u0099s levels and provide grist for needed policy shifts around materials and technological product consumption use and re-use for sustainable durative futures. Hence, the methodology will be based on cases from existing and possible research partners.\u00a0</p><p>The candidate will engage in research through work in practice, using studio projects, required collaborations with the industry and through self-driven research by design activities. This work will be carried out within the AHO PhD program, with the aim to develop the candidate\u00e2\u0080\u0099s practice-based creative work through designedly approaches. The selected candidate will be supervised by a team led by a main supervisor at the Institute for Design at AHO. This team will combine practice and academic expertise, and will support the definition of the theoretical framework and demarcation of cases devised by the candidate, the domain area specialists at AHO and close collaboration with industry informants and partners.\u00a0</p><p>AHO seeks a qualified practitioner who is engaged in processes and outcomes centered on creatively designing for AM to contribute to changing understandings of product-technology-use and related societal practices. The outcome will be an academic doctorate in which creative, critical and collaborative practice is prominent.\u00a0</p><p>The study will be practice based in character and take the form of a thesis-by-compilation to make strategic contributions to excellence in design research internationally. The practice aspect of the connected study will inform the reappraisal of the AICE model and contribute to ongoing inquiry by senior researchers at the Institute of Design. This will entail relating value from creative practice to the giving of form to concepts and designs. Such connections will need to be situated within and contribute to critical assessments of emerging and project approaches to DFAM in contexts of societal technological applications and long-term sustainable futures. These are ones in which the ongoing negotiation of NPD is an essential, difficult and needed \u00e2\u0080\u0098additive\u00e2\u0080\u0099 concern for Design. This matters in relations between the contexts and emergent and changing political economies of production and consumption, through informing practices of participative reflexive uptake of applied technologies and by way of processes and policies of re-use in NPD. This PhD will contribute to the terms of novelty, via collaboration and through excellence in making with analysis, thereby aligning with AHO\u00e2\u0080\u0099s expressed strategic goals.</p><h2>About the candidate</h2><p><strong>Formal requirements\u00a0</strong></p><ul><li>The candidate must hold a master\u00e2\u0080\u0099s degree; In design or another relevant field that supports the proposed research.</li><li>Relevant practise from product development process\u00a0using AM technology as production method.</li><li>Applicants who do not have English or a Scandinavian language as their mother tongue must submit attested documentation of their proficiency in\u00a0English by the deadline of the application (TOEFL test or similar). Applicants with university studies where\u00a0English\u00a0comprised\u00a0the\u00a0major\u00a0component\u00a0of\u00a0thestudies\u00a0are\u00a0exempted\u00a0from\u00a0this\u00a0requirement.</li></ul><p><strong>Personal characteristics\u00a0</strong></p><ul><li>Ambitious, curious and highly motivated.</li><li>The ability to work systematically and complete tasks within given deadlines.</li><li>The ability to work independently as well as in teams.</li><li>A strong motivation to contributing\u00a0to a good working and social environment.</li></ul><h2>The Application must include</h2><ul><li>An application letter describing relevant background, motivation, research experience and network. (Two A4 pages maximum).</li><li>A tentative project outline of maximum 5 pages, formulating and discussing research tasks, types of problems and methodology.</li><li>A portfolio of\u00a0professional\u00a0design\u00a0work if available.</li><li>CV</li><li>Certified copies of educational certificates, transcript of records, diplomas and letters of recommendation.</li><li>A list of publications and/or academic work if available</li><li>2 references (name, relation to candidate, e-mail address and telephone number).</li></ul><p>Please note that all documentation must be in English or a Scandinavian language. Applications that do not comply with the formal requirements will not be considered. Attachments beyond the required documents will not be taken into consideration.</p><p><strong>The material for the PhD application will be assessed according to the following criteria:\u00a0</strong></p><ul><li>The quality of the project description (outline).</li><li>The applicant's suitability for the research tasks.</li><li>The academic competence of the applicant.</li></ul><h2>We offer</h2><ul><li>The PhD scholarship is fully funded and there is no tuition fee.</li><li>The position (SKO1017) has a pay grade of 54 with salary NOK\u00a0491\u00a0200\u00a0per year for a full position; extensive relevant experience can give a higher start salary. From the salary, there will be a mandatory deduction of 2 % as a contribution to the State Pension fund (SPK). Standard employment conditions for state employees in Norway apply for the position.</li><li>The PhD is a full-time 3-year position, with the possibility for negotiating a 4-year position with 25% teaching.</li><li>An annual sum of 20 000 NOK for literature and other necessary academic activities.</li><li>Attractive welfare benefits and generous pension agreement, in addition to Oslo\u00e2\u0080\u0099s family-friendly environment with its rich opportunities for culture and outdoor activities.</li></ul><p><strong>Formal regulations</strong></p><p>The educational component in the AHO PhD Programme is mandatory and requires fulltime attendance. Residency in Oslo for the employment period is mandatory. Research stay at a relevant international academic institution is encouraged. The PhD fellowship will start September 1st\u00a02022.</p><h2>Information meeting</h2><p>The PhD Programme at The Oslo School of Architecture and Design (AHO) will arrange an online information meeting about the AHO PhD Programme on Friday, February 4th\u00a02022 at 14:00 CET. See\u00a0<a href=\"http://www.ahophdlive.com/information-meeting-phd-positions-2022\" target=\"_blank\"><u>www.ahophdlive.com</u></a>\u00a0for more information.</p><p><strong>Contact Information:\u00a0</strong></p><p>Questions about this PhD position can be directed to:\u00a0</p><ul><li>Professor Steinar Killi, email:\u00a0<a href=\"mailto:steinar.killi@aho.no\"><u>steinar.killi@aho.no</u></a></li></ul><p>For more information about the PhD Programme, please visit our <a href=\"https://aho.no/en/content/phd-program\" target=\"_blank\"><u>website</u></a>.</p><h2>About AHO</h2><p>The Oslo School of Architecture and Design (AHO) is an internationally leading, specialized university within the disciplines design, architecture, landscape architecture and urbanism. AHO offers a unique research-based education of international standing. Established in 1945, today it has built a solid national funding base and is prominently ranked internationally. AHO awards three Master\u00e2\u0080\u0099s degrees in Architecture, Landscape Architecture, and Design, as well as a PhD programme. The school has approximately 800 students and 155 employees.</p><p>The Institute of Design (IDE) at AHO is one of the leading Nordic design-institutions. The institute takes a broad, holistic approach to design that emphasizes the relevance and importance of design within contemporary society. Our perspective is that good design creates aesthetic and functional products, services and experiences that delight and improve the lives of people and contribute to a sustainable future.</p><p>The Institute of Design develops research and teaching within and across the fields of industrial design, interaction design, service design, and systems oriented design. IDE collaborates closely with industry, public sector and governance, and is an important actor in research- and innovation-projects. The institute has an extensive international and national network across industry and academia, covering both the growing digital sector, as well as established areas such as healthcare, maritime industry, future-studies and innovation, and service development in the public and private sector. AHO\u00e2\u0080\u0099s design alumni are found in leading design studios and consultancies, in tech-companies, in industry, in research and innovation projects, as well as in policy and governance. The Institute of Design is internationally recognized and highly ranked; projects from the institute are frequently represented in national and international design awards.</p>\n</div>", "requirements_description": "N/A", "conditions_description": "N/A", "employer_description": "N/A", "department_description": "N/A", "additional_information": "N/A", "apply_link": "N/A", "employer_link": "N/A", "job_type": "N/A", "logo": "https://content.academicpositions.com/eyJidWNrZXQiOiJhcC1wcm9kdWN0aW9uLW1lZGlhLWFyY2hpdmUiLCJrZXkiOiIyMDE2XC8wNFwvQVJLSVRFS1RVUi0gT0cgREVTSUdOSFx1MDBkNkdTS09MQU4gSSBPU0xPLnBuZyIsImVkaXRzIjpbXX0="}