{"url": "https://academicpositions.com/ad/eth-zurich/2022/8-junior-fellowships-at-the-collegium-helveticum/173756", "title": "8 Junior Fellowships at the Collegium Helveticum", "publish_date": "2022-01-07", "deadline": "N/A", "location": "R\u00c3\u00a4mistrasse 101 Zurich, Switzerland", "city": "R\u00c3\u00a4mistrasse 101 Zurich", "country": "Switzerland", "position": "Other Category", "field": "Acoustic Engineering, Addiction Medicine, Aeronautical Engineering, Aerospace Engineering, Agricultural Engineering, and 174 moreAllergology,Anatomy,Andrology,Anesthesiology,Animal Biology & Ethology,Architecture,Audio Systems Engineering,Audiology,Automotive Engineering,Automotive Systems Engineering,Bacteriology,Bariatrics,Bioengineering,Bioinformatics,Biomedical Engineering,Biomedicine,Biostatistics,Biosystems Engineering,Biotechnology,Botany and plant science,Cancer Research,Cardiology,Cell Biology,Chemical Engineering,Child and Youth Studies,Chronobiology,Civil Engineering,Clinical Sciences,Communication Design,Communication Engineering,Computational Biology,Computational Engineering,Computer Engineering,Control Systems Engineering,Criminology,Cultural Studies,Dentistry,Dermatology,Design History,Developing Country Research,Developmental Biology,Disability Research,Disaster Medicine,Ecological Engineering,Ecology,Electrical Engineering,Electronics,Emergency Medicine,Endocrinology,Energy Technology,Engineering Education,Engineering Physics,Entomology,Environmental Engineering,Epidemiology,Evolutionary Biology,Fashion Design,Fire Safety Engineering,Forensic Science,Gastroenterology,Gender Studies,Genetics,Geotechnical Engineering,Geriatrics,Gerontology,Graphic Design,Health Science,Hematology,Hepatology,Histology,Human Biology,Human Geography,Hydraulics,Image Processing,Immunology,Implantology,Industrial Design,Industrial Engineering,Infectious Diseases,Instrumentation Engineering,Interior Design,Internal Medicine (General Medicine),International and Humanitarian Medicine,Landscape Architecture,Limnology,Logopedics,Manufacturing Engineering,Marine Biology,Marine Engineering,Materials Engineering,Mechanical Engineering,Mechanics,Mechatronics,Media and Communication Studies,Medical Imaging,Medical Management,Medical Technology,Microbiology,Military Engineering,Mining Engineering,Molecular Biology,Molecular Medicine,Mycology,Nanobiology,Nephrology,Neurology,Neuroscience,Nuclear Engineering,Nursing Science,Nutrition and Dietetics,Observation Medicine,Obstetrics & Gynecology,Occupational Therapy,Oncology,Ophthalmology,Optical Engineering,Optometry,Orthopedics,Otolaryngology,Paleobiology,Parasitology,Pathology,Pediatrics,Petroleum Engineering,Pharmacy & Pharmacology,Physiology,Physiotherapy,Product Design,Psychiatry & Psychology,Public Health,Quality Assurance Engineering,Radiology,Railway Engineering,Regenerative Medicine,Rehabilitation Medicine,Renewable Energy,Respiratory Medicine,Rheumatology,Robotics,Safety Engineering,Signal Processing,Social Research,Social Stratification,Social Theory,Social Work,Sociobiology,Sociocybernetics,Sociology,Software Design,Spatial Planning,Sport Science,Sports Medicine & Exercise Physiology,Structural Biology,Structural Engineering,Surgery,Systematics (Taxonomy),Systems Biology,Systems Engineering,Technology Management,Telecommunications Engineering,Textile Design,Tourism,Toxicology,Transfusion Medicine,Transplantation,Transportation Engineering,Traumatology,Urban Design,Urban Studies,Urology,Vascular Medicine,Veterinary sciences,Virology,Zoology", "salary": "N/A", "max_working_hours": "N/A", "employer": "ETH Zurich", "job_description": "N/A", "requirements_description": "N/A", "conditions_description": "N/A", "employer_description": "N/A", "department_description": "N/A", "additional_information": "N/A", "apply_link": "N/A", "employer_link": "N/A", "job_type": "N/A", "logo": "https://content.academicpositions.com/eyJidWNrZXQiOiJhcC1wcm9kdWN0aW9uLW1lZGlhLWFyY2hpdmUiLCJrZXkiOiJkZGRcLzQzYlwvZGRkNDNiNjg4NjEyZDM1MDI1NGFiNzQ4MzY3NTNiMjUucG5nIiwiZWRpdHMiOltdfQ=="}