{"url": "https://academicpositions.com/ad/karolinska-institutet/2022/erc-funded-postdoctoral-researcher-in-adipocyte-biology/174774", "title": "ERC-funded postdoctoral researcher in adipocyte biology", "publish_date": "2022-02-02", "deadline": "2022-03-08", "location": "Nobels v\u00c3\u00a4g 6 Stockholm, Sweden", "city": "Nobels v\u00c3\u00a4g 6 Stockholm", "country": "Sweden", "position": "Postdoc", "field": "Cell Biology, Genetics, Molecular Biology, Systems Biology,", "salary": "N/A", "max_working_hours": "N/A", "employer": "Karolinska Institutet", "job_description": "N/A", "requirements_description": "N/A", "conditions_description": "N/A", "employer_description": "N/A", "department_description": "N/A", "additional_information": "N/A", "apply_link": "N/A", "employer_link": "N/A", "job_type": "N/A", "logo": "https://content.academicpositions.com/eyJidWNrZXQiOiJhcC1wcm9kdWN0aW9uLW1lZGlhLWFyY2hpdmUiLCJrZXkiOiIyMDEwXC8wNVwvS2Fyb2xpbnNrYUxvZ28yLnBuZyIsImVkaXRzIjpbXX0="}