{"url": "https://academicpositions.com/ad/imprs-for-molecular-organ-biology/2022/upcoming-phd-positions-at-the-imprs-for-molecular-organ-biology-in-autumn-2022/166202", "title": "Upcoming PhD positions at the IMPRS for Molecular Organ Biology in Autumn 2022", "publish_date": "2022-02-05", "deadline": "2022-11-16", "location": "Ludwigstrasse 43 Friedberg, Germany", "city": "Ludwigstrasse 43 Friedberg", "country": "Germany", "position": "PhD", "field": "Biochemistry, Biology, Cancer Research, Cell Biology, Chemistry, and 9 moreDevelopmental Biology,Genetics,Medicine,Molecular Biology,Pharmacy & Pharmacology,Physiology,Regenerative Medicine,Respiratory Medicine,Vascular Medicine", "salary": "N/A", "max_working_hours": "N/A", "employer": "IMPRS for Molecular Organ Biology", "job_description": "N/A", "requirements_description": "N/A", "conditions_description": "N/A", "employer_description": "N/A", "department_description": "N/A", "additional_information": "N/A", "apply_link": "N/A", "employer_link": "N/A", "job_type": "N/A", "logo": "https://content.academicpositions.com/eyJidWNrZXQiOiJhcC1wcm9kdWN0aW9uLW1lZGlhLWFyY2hpdmUiLCJrZXkiOiIxMzlcLzgzY1wvMTM5ODNjNmY2ZDdlM2M5Mzc4NzMyZDI5OGYwMmZlN2IuanBlZyIsImVkaXRzIjpbXX0="}