{"url": "https://academicpositions.com/ad/university-of-luxembourg/2021/research-associates-in-computer-vision/150473", "title": "Research Associates in Computer Vision", "publish_date": "2021-11-16", "deadline": "N/A", "location": "6, rue Richard Coudenhove-Kalergi , Luxembourg", "city": "6", "country": "Luxembourg", "position": "Researcher", "field": "Algorithms, Computer Graphics, Computer Science, Computer Vision, Electrical Engineering, and 5 moreEngineering,Image Processing,Machine Learning,Programming Languages,Signal Processing", "salary": "N/A", "max_working_hours": "N/A", "employer": "University of Luxembourg", "job_description": "N/A", "requirements_description": "N/A", "conditions_description": "N/A", "employer_description": "N/A", "department_description": "N/A", "additional_information": "N/A", "apply_link": "N/A", "employer_link": "N/A", "job_type": "N/A", "logo": "https://content.academicpositions.com/eyJidWNrZXQiOiJhcC1wcm9kdWN0aW9uLW1lZGlhLWFyY2hpdmUiLCJrZXkiOiIyMDEwXC8wOVwvTG9nby13ZWItUlZCLWtvcGllcmEucG5nIiwiZWRpdHMiOltdfQ=="}