{"url": "https://academicpositions.com/ad/university-of-geneva/2022/full-or-associate-professor-head-of-the-division-of-oncology/175255", "title": "Full or Associate Professor, Head of the Division of Oncology", "publish_date": "2022-02-15", "deadline": "2022-03-31", "location": "Rue du G\u00c3\u00a9n\u00c3\u00a9ral- Dufour 24 Geneva, Switzerland", "city": "Rue du G\u00c3\u00a9n\u00c3\u00a9ral- Dufour 24 Geneva", "country": "Switzerland", "position": "Associate Professor", "field": "Clinical Sciences, Medical Management, Oncology,", "salary": "N/A", "max_working_hours": "N/A", "employer": "University of Geneva", "job_description": "<div class=\"editor ck-content mt-6 mb-6 mb-md-8 mt-md-8\" id=\"editor\">\n<p>This is a University Hospital position as Head of the Division of Oncology, including a fraction of professor\u00e2\u0080\u0099s position. This position is attached to the Academic Department of Medicine and the Hospital Department of Oncology.</p><p>The candidate should have an extensive clinical record in Oncology along with outstanding managerial and leadership skills to lead an important Division at the cutting-edge of technology, whose main role is to carry out both in- and outpatient consultations for oncology patients and to guarantee and promote the quality of diagnosis and therapy. She/He should also have abilities to collaborate with other Divisions/Centers in a transversal perspective, particularly with the Division of Precision Oncology.</p><p>The successful candidate must possess the capacity to conduct high-level clinical and translational research in the area of Oncology. In addition, He/She will have mentoring skills, and be dedicated to a strong medical education at the undergraduate and postgraduate levels to maintain the excellence of the current training given by the Division.</p><p><strong>TITLES AND QUALIFICATIONS REQUIRED:</strong></p><p>M.D. title and board certifications in Medical Oncology, or equivalent, are required.</p><p>Good knowledge of French.</p><p>Relevant experience as an independent investigator and teacher.</p><p>Publications in leading international journals.</p><p><strong>STARTING DATE: </strong>October 1st 2022 or upon agreement</p><p>Please fill in your CV according to the attached template</p><p>Applications should include a cover letter, curriculum vitae (following template in French or English), list of publications from the last 5 years, H-Index (Google Scholar) and copies of diplomas.</p><p>Information for the constitution of the CV : <a href=\"https://www.unige.ch/medecine/en/faculty/hr-careers/\" target=\"_blank\">https://www.unige.ch/medecine/en/faculty/hr-careers/</a></p><p>They must be submitted exclusively online by clicking on the button below \"Postuler/Apply now\" <strong>until March 31th, 2022</strong>.</p><p>APPLICATIONS SENT BY EMAIL WILL NOT BE ACCEPTED.</p><p>Additional information can be obtained from : <a href=\"mailto:sylvia.deraemy@unige.ch\">sylvia.deraemy@unige.ch</a></p>\n</div>", "requirements_description": "N/A", "conditions_description": "N/A", "employer_description": "N/A", "department_description": "N/A", "additional_information": "N/A", "apply_link": "N/A", "employer_link": "N/A", "job_type": "N/A", "logo": "https://content.academicpositions.com/eyJidWNrZXQiOiJhcC1wcm9kdWN0aW9uLW1lZGlhLWFyY2hpdmUiLCJrZXkiOiIyMDEyXC8wNFwvR2VuZXZhX2xvZ28ucG5nIiwiZWRpdHMiOltdfQ=="}