{"url": "https://academicpositions.com/ad/nioz-royal-netherlands-institute-for-sea-research/2022/postdoc-position-forage-fish-extending-ecosystem-models-with-sandeel-to-capture-spatial-temporal-dynamic-feedback-mechanisms/174377", "title": "Postdoc position: \u00e2\u0080\u009cForage fish; Extending ecosystem models with sandeel to capture spatial-temporal dynamic feedback mechanisms\u00e2\u0080\u009d", "publish_date": "2022-01-24", "deadline": "2022-03-10", "location": "Landsdiep 4 Den Helder, Netherlands", "city": "Landsdiep 4 Den Helder", "country": "Netherlands", "position": "Postdoc", "field": "Biochemistry, Ecology, Fluid Dynamics, Geochemistry, Geophysics, and 3 moreMarine Biology,Marine Geoscience,Oceanography", "salary": "N/A", "max_working_hours": "N/A", "employer": "NIOZ Royal Netherlands Institute for Sea Research", "job_description": "N/A", "requirements_description": "N/A", "conditions_description": "N/A", "employer_description": "N/A", "department_description": "N/A", "additional_information": "N/A", "apply_link": "N/A", "employer_link": "N/A", "job_type": "N/A", "logo": "https://content.academicpositions.com/eyJidWNrZXQiOiJhcC1wcm9kdWN0aW9uLW1lZGlhLWFyY2hpdmUiLCJrZXkiOiIyMDEyXC8wOFwvTklPWkxvZ28ucG5nIiwiZWRpdHMiOltdfQ=="}