{"url": "https://academicpositions.com/ad/inria/2022/2022-04372-research-engineer-on-self-adaptive-management-for-cps-applications/174558", "title": "2022-04372 - Research Engineer on Self-adaptive management for CPS applications", "publish_date": "2022-01-28", "deadline": "2022-02-28", "location": "Rh\u00c3\u00b4ne-Alpes Inovall\u00c3\u00a9e 655 Avenue de l\u00e2\u0080\u0099Europe Montbonnot-Saint-Martin, France", "city": "Rh\u00c3\u00b4ne-Alpes Inovall\u00c3\u00a9e 655 Avenue de l\u00e2\u0080\u0099Europe Montbonnot-Saint-Martin", "country": "France", "position": "Engineer/Technician", "field": "Artificial Intelligence, Computing in Mathematics, Natural Science, Engineering and Medicine, Cyber Security, Information Systems (Business Informatics), Programming Languages, and 1 moreSoftware Engineering", "salary": "N/A", "max_working_hours": "N/A", "employer": "Inria", "job_description": "<div class=\"editor ck-content mt-6 mb-6 mb-md-8 mt-md-8\" id=\"editor\">\n<p><strong>Contract type : </strong>Fixed-term contract</p><p><strong>Level of qualifications required : </strong>Graduate degree or equivalent</p><p><strong>Other valued qualifications : </strong>Master and or PhD</p><p><strong>Fonction : </strong>Tempary Research Position</p><h4>About the research centre or Inria department</h4><p>The Inria Grenoble - Rh\u00c3\u00b4ne-Alpes research center groups together almost 600 people in 22 research teams and 7 research support departments.</p><p>Staff is present on three campuses in Grenoble, in close collaboration with other research and higher education institutions (Universit\u00c3\u00a9 Grenoble Alpes, CNRS, CEA, INRAE, \u00e2\u0080\u00a6), but also with key economic players in the area.</p><p>Inria Grenoble - Rh\u00c3\u00b4ne-Alpes is active in the fields of high-performance computing, verification and embedded systems, modeling of the environment at multiple levels, and data science and artificial intelligence. The center is a top-level scientific institute with an extensive network of international collaborations in Europe and the rest of the world.</p><h4>Context</h4><p>We are looking for a post-doc or engineer for a short position of 6 months to work in the CPS4EU European project ending in june 2022, and contribute to ongoing work [1,2] on self-adaptive computing in Cyber Physical Systems, in cooperation with industrial partners of the project.</p><p>Context</p><p>Cyber Physical Systems (CPS) are systems that create a link between physical and digital worlds and enable cooperation among systems. Applications are in domains like automotive, energy and industry automation, involving technologies like sensors, AI, cybersecurity and computing. Middleware support for CPS is required for their design, providing for abstraction layers for the communication with sensors and actuators, as well as implementation and execution of control loops of the Physical Systems. In CPS collaborative systems, individual CPSs require coordination because of the growing number of nodes and level of autonomy of systems, for which a mastery of modes of local and decentralized cooperation will be needed to exploit the potential of the CPS.<br/>Autonomic, self-adaptive and reconfigurable computing systems are required in smart environments like CPS, because they have the ability to adapt to their environment in order to achieve a set of objectives (e.g., comfort, security and energy savings). This is done by changing their architecture configuration and behavior upon the occurrence of specific events. Building such systems requires to design and implement autonomic feedback loops that collect events and measurements, make decisions and execute the corresponding actions. The design and the implementation of such loops are made difficult by several factors: the complexity of systems with multiple objectives, the risk of conflicting decisions between multiple loops, the inconsistencies that can result from communication errors and hardware failures and the heterogeneity of the devices.<br/>The research takes place in the H2020 project CPS4EU, more particularly in Work Packages concerning CPS collaborative systems, and CPS for use cases. It will be done in cooperation with our industrial partners RTE and ACOEM, and with a former post-doc now at U. Odense, DK.</p><h4>Assignment</h4><p>The objective is to contribute to the software architectures supporting the cooperation and coordination of multiple management and control loops, some concerning the physical systems, others the management of the middleware and the loop processes themselves.<br/>The work will contribute to ongoing work, building upon previous results [1,2] in design frameworks for reliable and self-adaptive systems, where multiple autonomic loops can be composed into complex managers, with application to smart environments.<br/>[1] Mahyar T Moghaddam, Eric Rutten, Philippe Lalanda, Guillaume Giraud<br/>IAS: an IoT Architectural Self-adaptation Framework<br/>ECSA 2020 \u00e2\u0080\u0093 14th European Conference on Software Architecture, Sep 2020, L\u00e2\u0080\u0099Aquila, Italy. pp.1-16<br/>https://hal.inria.fr/hal-02900674<br/>[2] Mahyar T. Moghaddam, Eric Rutten, Guillaume Giraud.<br/>Hierarchical Control for Self-adaptive IoT Systems: A Constraint Programming-Based Adaptation Approach.<br/>Hawaii International Conference on System Sciences (HICSS), 4\u00e2\u0080\u00937 jan. 2022, Maui, HI, USA.<br/>(to appear)</p><h4>Main activities</h4><p>Main activities<br/>The work will involve to :</p><ul><li>identify the requirements and build the specification of an extended self-adaptation management loop in order to take into account resiliency and self-protection by the integration of a risk analysis component, in cooperation with U. Odedense, DK, and instantiate the framework in the application domain of energy distribution and smart grids, with our partner RTE ;</li><li>specify the self-adaptive management of computing and communication resources in a network of street monitoring pods, building upon Agent-Based Models, and instantiate the framework in the application domain of smart city acoustic monitoring, with our industrial partner ACOEM ;</li></ul><h4>Skills</h4><p>Relational skills : autonomy</p><p>Other valued appreciated : redaction of reports and articles</p><h4>Benefits package</h4><ul><li>Subsidized meals</li><li>Partial reimbursement of public transport costs</li><li>Leave: 7 weeks of annual leave + 10 extra days off due to RTT (statutory reduction in working hours) + possibility of exceptional leave (sick children, moving home, etc.)</li><li>Possibility of teleworking and flexible organization of working hours</li><li>Professional equipment available (videoconferencing, loan of computer equipment, etc.)</li><li>Social, cultural and sports events and activities</li><li>Access to vocational training</li><li>Social security coverage</li></ul><h4>Remuneration</h4><p>A gross salary from 2 562 \u00e2\u0082\u00ac / month before income taxes depending on the experience and degree</p><h4>General Information</h4><ul><li><strong>Theme/Domain :</strong> Distributed Systems and middleware</li><li><strong>Town/city :</strong> Grenoble</li><li><strong>Inria Center :</strong> <a href=\"http://www.inria.fr/centre/grenoble\" target=\"_blank\">CRI Grenoble - Rh\u00c3\u00b4ne-Alpes</a></li><li><strong>Starting date :</strong> 2022-03-01</li><li><strong>Duration of contract :</strong> 6 months</li><li><strong>Deadline to apply :</strong> 2022-02-28</li></ul><h4>Contacts</h4><ul><li><strong>Inria Team :</strong> <a href=\"https://www.inria.fr/equipes/CTRL-A\" target=\"_blank\">CTRL-A</a></li><li><strong>Recruiter :</strong><br/>Rutten Eric / <a href=\"mailto:eric.rutten@inria.fr\">eric.rutten@inria.fr</a></li></ul><h4>The keys to success</h4><p>Expected technical competences are amongst the following :<br/>- Software architectures<br/>- Self-adaptive systems<br/>- Autonomic computing</p><h4>About Inria</h4><p>Inria is the French national research institute dedicated to digital science and technology. It employs 2,600 people. Its 200 agile project teams, generally run jointly with academic partners, include more than 3,500 scientists and engineers working to meet the challenges of digital technology, often at the interface with other disciplines. The Institute also employs numerous talents in over forty different professions. 900 research support staff contribute to the preparation and development of scientific and entrepreneurial projects that have a worldwide impact.</p><h4>Instruction to apply</h4><p><strong>Defence Security :</strong><br/>This position is likely to be situated in a restricted area (ZRR), as defined in Decree No. 2011-1425 relating to the protection of national scientific and technical potential (PPST).Authorisation to enter an area is granted by the director of the unit, following a favourable Ministerial decision, as defined in the decree of 3 July 2012 relating to the PPST. An unfavourable Ministerial decision in respect of a position situated in a ZRR would result in the cancellation of the appointment.</p><p><strong>Recruitment Policy :</strong><br/>As part of its diversity policy, all Inria positions are accessible to people with disabilities.</p><p><strong>Warning</strong> : you must enter your e-mail address in order to save your application to Inria. Applications must be submitted online on the Inria website. Processing of applications sent from other channels is not guaranteed.</p>\n</div>", "requirements_description": "N/A", "conditions_description": "N/A", "employer_description": "N/A", "department_description": "N/A", "additional_information": "N/A", "apply_link": "N/A", "employer_link": "N/A", "job_type": "N/A", "logo": "https://content.academicpositions.com/eyJidWNrZXQiOiJhcC1wcm9kdWN0aW9uLW1lZGlhLWFyY2hpdmUiLCJrZXkiOiIxYmRcL2MwOFwvMWJkYzA4MTc4N2M5ZGY3ZThhMGE0NzYzZDQ4NGZjNTEuanBlZyIsImVkaXRzIjpbXX0="}