{"url": "https://academicpositions.com/ad/uit-the-arctic-university-of-norway/2022/postdoctoral-research-fellow-in-haematopoietic-stem-cell-research/173766", "title": "Postdoctoral Research Fellow in Haematopoietic Stem Cell Research", "publish_date": "2022-01-07", "deadline": "2022-04-02", "location": "Hansine Hansens veg 14 Troms\u00c3\u00b8, Norway", "city": "Hansine Hansens veg 14 Troms\u00c3\u00b8", "country": "Norway", "position": "Postdoc", "field": "Bioinformatics, Biomedicine, Cell Biology, Genetics, Hematology,", "salary": "N/A", "max_working_hours": "N/A", "employer": "UiT The Arctic University of Norway", "job_description": "<div class=\"editor ck-content mt-6 mb-6 mb-md-8 mt-md-8\" id=\"editor\">\n<h2>The position</h2><p>A Postdoctoral Research Fellow position is available at the <a href=\"https://en.uit.no/enhet/imb?p_dimension_id=88110\" target=\"_blank\"><u>Department of Medical Biology</u></a> (IMB), <a href=\"https://en.uit.no/enhet/helsefak?p_dimension_id=88108\" target=\"_blank\"><u>Faculty of Health Sciences</u></a>\u00a0in Haematopoietic Stem Cell Research. The position is affiliated with the<strong> </strong>research group <a href=\"https://en.uit.no/forskning/forskningsgrupper/gruppe?p_document_id=396834\" target=\"_blank\"><u>Stem Cells, Ageing and Cancer</u></a> (SAC).</p><p>The position is a fixed term position for a duration of three years. Appointment to the position of Postdoctoral Research Fellow is mainly intended to provide qualification for work in top academic positions. It is a prerequisite that the applicant can carry out the project over the full course of the employment period. No person may hold more than one fixed term position as a Postdoctoral Research Fellow at the same institution.</p><p>The position can<strong>\u00a0</strong>additionally be assigned to teaching and related work for UiT in an amount equivalent to a maximum 10\u00a0% of a full-time employment.</p><p>The workplace is at UiT in Troms\u00c3\u00b8<strong>.</strong> You must be able to start in the position within a reasonable time after receiving the offer.</p><p>Unless special circumstances indicate otherwise, postdoctoral projects shall be planned with stays abroad. The duration should be at least 6 months.</p><h2>Department of Medical Biology</h2><p>More than 200 staff members from all over the world have their workplace at the <a href=\"https://en.uit.no/enhet/imb?p_dimension_id=88110\" target=\"_blank\"><u>Department of Medical Biology</u></a> (IMB). The department consists of 13 research groups concentrating on fundamental biomedical research problems, including research on various cancer forms, cardiovascular diseases, the body's immune system and antibiotic resistance. The department is also involved in marine bio-prospecting and testing of new drugs.</p><p>IMB provides education for students studying medicine, dentistry, biomedical laboratory sciences, biomedicine and pharmacy.</p><p>The position is organized within the recently reappointed <a href=\"https://en.uit.no/forskning/forskningsgrupper/gruppe?p_document_id=396834\" target=\"_blank\"><u>Stem Cells, Ageing and Cancer Research Group</u></a> (SAC). The group aims at understanding malignant haematopoietic stem cell behaviour and regulation. Our goal is the identification of novel therapeutic targets of potential clinical interest. We use a variety of state-of-the-art techniques, including novel mouse genetic tools, stem cells, omics and advanced imaging. Our group has a broad international network and strengthens translational research through established collaborations with the University Hospital of North Norway (UNN).</p><h2>The position's field of research</h2><p>Acute myeloid leukaemia (AML) is a highly aggressive haematopoietic malignancy often associated with poor response to chemotherapy and outcome. Our recent work shows that the anti-inflammatory properties of the stem cell and its niche are low in AML, and this may contribute to the origin or progression of malignancy in both in vivo models and patients. In a follow-up project, the successful candidate will contribute now to understand the molecular (genetic/epigenetic) mechanisms underlying the process of HSC malignant transformation, aiming at using this knowledge for better patient treatment. Further project details will be directly discussed with the applicants.</p><p>The successful applicant may contribute to the Department's teaching activities (up to 10% of the time). Teaching duties will be allocated based on the applicant's qualifications and the needs of the Department, and may include exam work, teaching seminars, and supervising or assisting in lab courses.</p><p>You must submit a description\u00a0of your past research project(s) and its relevance to the advertised position (maximum 2 pages).</p><p>It is expected that the successful candidate shall prepare progress reports some months after commencing employment, and thereafter on a regular basis. The successful candidate will be involved in writing manuscripts and future grants in collaboration with the group leader, Dr. Lorena Arranz.</p><h2>Contact</h2><p>For further information about the position, please contact Group Leader and NCMM Associate Investigator Dr. Lorena Arranz:</p><ul><li>phone:\u00a0\u00a0+47 77 62 08 41</li><li>email:\u00a0<a href=\"mailto:lorena.arranz@uit.no\"><u>lorena.arranz@uit.no</u></a></li></ul><p>UiT</p><p><img alt=\"Banner med campusoversikt og jente med VR-briller\" class=\"image_resized\" src=\"https://www.jobbnorge.no/logos/617/42ffdd4e-0fbb-4e45-bebb-b4f674919dbc.png\" style=\"width:1440px;\"/></p><h2>Qualifications</h2><p>To be awarded the position of Postdoctoral Fellow, a Norwegian doctorate in biomedical sciences or equivalent is required, or a corresponding international doctorate degree which is recognised as being equal to the Norwegian doctorate degree.</p><p>In addition, for the position announced, the applicant must have prior education and experience in both bioinformatics and wet lab genomics. The position requires good knowledge in the performance, analysis and integration of omics including RNAseq, CHIPseq and/or DNAseq.</p><p>Experience with techniques relevant for cell biology research including microscopy and/or flow cytometry, and for molecular biology including qRT-PCR are required.</p><p>Experience with mouse models of haematopoietic diseases and knowledge of the HSC microenvironment will be considered advantageous. If not present, the candidate must be willing to acquire the FELASA C certificate as soon as possible, and agree to work with animal models.</p><p>Qualification with a PhD is required before commencement in the position. If you\u00e2\u0080\u0099re at the final stages of your PhD, you may still apply if you have submitted your PhD thesis for doctoral degree evaluation within the application deadline. You must submit the thesis with your application. You must have dissertated before the start-up date of the position.</p><p>Fluency in English is required.</p><p>The candidate must have experience with publishing scientific data, and have at least one or two manuscripts published as first or second author in highly regarded international journals.</p><p>Personal skills will be emphasized, including his/her enthusiasm for haematology research and ability to work independently and interactively in a team setting. Importance shall be placed to personal suitability for the position and motivation..</p><p>At UiT we put emphasis on the quality, relevance and significance of the research work and not on where the work is published, in accordance with the principles of The San Francisco Declaration on Research Assessment (<a href=\"https://sfdora.org/read/\" target=\"_blank\"><u>DORA</u></a>).</p><h2>Inclusion and diversity\u00a0\u00a0</h2><p>UiT\u00a0The Arctic University\u00a0i\u00a0Norway is working actively to promote equality, gender balance and diversity among employees and students, and to create an inclusive and safe working environment. We believe that inclusion and diversity is a strength, and we want employees with different competencies, professional experience, life experience and perspectives.\u00a0\u00a0</p><p>If you have a disability, a gap in your CV or immigrant background, we encourage you to tick the box for this in your application. If there are qualified applicants, we invite least one in each group for an interview. If you get the job, we will adapt the working conditions if you need it. Apart from selecting the right candidates, we will only use the information for anonymous statistics.\u00a0</p><h2>We offer</h2><ul><li>Interesting work tasks and science of excellence</li><li>A highly competitive academic environment with dedicated colleagues</li><li>International environment and visibility</li><li>Good career opportunities</li><li>A large degree of independence in work</li><li>Flexible working hours and a state collective pay agreement</li><li>Pension scheme through the state pension fund</li></ul><p>More practical information for working and living in Norway can be found here:\u00a0<a href=\"https://uit.no/staffmobility\" target=\"_blank\"><u>https://uit.no/staffmobility</u></a>\u00a0</p><h2>Application</h2><p>Your application must include:</p><ul><li>Cover letter including a short description of interests and reasons for applying for the position</li><li>Description of your past research project(s) and its relevance to the advertised position (maximum 2 pages)</li><li>CV containing a complete overview of education, experience, professional work and references</li><li>Diplomas and transcripts (all degrees)</li><li>Contact information to 1-2\u00a0references</li><li>Documentation of teaching experience and qualifications, if applicable</li><li>A list of your academic production</li><li>Description of your academic production, stating which works you consider most important</li><li>Academic works, up to four. The doctoral thesis is regarded as one work</li></ul><p>In order to achieve a targeted use of the postdoctoral position, and to strengthen the employee\u00e2\u0080\u0099s career development, a development plan must be available no later than three months after the appointment contract is signed. The development plan must be approved by the immediate leader with personnel responsibility.</p><p>All documentation to be considered must be in a Scandinavian language or English. We only accept applications and documentation sent via Jobbnorge within the application deadline.</p><h2>Assessment</h2><p>The applicants will be assessed by an expert committee. The committee's mandate is to undertake an assessment of the applicants' qualifications based on the written material presented by the applicants, and the detailed description draw up for the position.</p><p>The applicants who are assessed as best qualified will be called to an interview. The interview should among other things, aim to clarify the applicant\u00e2\u0080\u0099s motivation and personal suitability for the position. A trial lecture may also be held.</p><h2>General information</h2><p>The appointment is made in accordance with State regulations and guidelines at UiT. At our website, you will find <a href=\"https://en.uit.no/om/jobbeveduit\" target=\"_blank\"><u>more information for applicants</u></a>.\u00a0</p><p>The remuneration for Postdoctoral\u00a0research fellow\u00a0is in accordance with the State salary scale code 1352. A compulsory contribution of 2 % to the Norwegian Public Service Pension Fund will be deducted.</p><p>The successful candidate must be willing to get involved in the ongoing development of their department and the university as a whole.</p><p>According to the Norwegian Freedom and Information Act (Offentleglova) information about the applicant may be included in the public applicant list, also in cases where the applicant has requested non-disclosure.\u00a0</p><h2>UiT\u00a0- Developing the high north</h2><p><strong>UiT \u00e2\u0080\u0093 Developing the High North</strong><br/>UiT The Arctic University of Norway is a multi-campus research university and the northernmost university of the world. Our central location in the High North, our broad and diverse research and study portfolio, and our interdisciplinary qualities make us uniquely suited to meet the challenges of the future. At UiT you can explore global issues from a close-up perspective.<br/>\u00a0<br/>Credibility, academic freedom, closeness, creativity and commitment shall be hallmarks of the relationship between our employees, between our employees and our students and between UiT and our partners.</p><p><br/><strong>The Faculty of Health Sciences</strong><br/>The Faculty of Health Sciences represents a newly created entity gathering almost all possible health study programs. This facilitates an unique interdisciplinarity and innovation in health education and research. We work closely with the services in the North to solve tomorrow's challenges.</p>\n</div>", "requirements_description": "N/A", "conditions_description": "N/A", "employer_description": "N/A", "department_description": "N/A", "additional_information": "N/A", "apply_link": "N/A", "employer_link": "N/A", "job_type": "N/A", "logo": "https://content.academicpositions.com/eyJidWNrZXQiOiJhcC1wcm9kdWN0aW9uLW1lZGlhLWFyY2hpdmUiLCJrZXkiOiIxZTZcLzgxOFwvMWU2ODE4NzM4MTVjNzcyMzRkMmM4YzZhN2ZkYWM3NmYuZ2lmIiwiZWRpdHMiOltdfQ=="}