{"url": "https://academicpositions.com/ad/fraunhofer-iis-erlangen/2022/hardware-developer-for-integrated-circuits-ic-analog-circuit-technology/174895", "title": "Hardware Developerfor integrated circuits (IC) - analog circuit technology", "publish_date": "2022-02-04", "deadline": "N/A", "location": "Am Wolfsmantel 33 Erlangen, Germany", "city": "Am Wolfsmantel 33 Erlangen", "country": "Germany", "position": "Engineer/Technician", "field": "Computational Engineering, Computer Architecture, Computer Engineering, Electrical Engineering, Information Systems (Business Informatics),", "salary": "N/A", "max_working_hours": "N/A", "employer": "Fraunhofer IIS, Erlangen", "job_description": "<div class=\"editor ck-content mt-6 mb-6 mb-md-8 mt-md-8\" id=\"editor\">\n<p><img alt=\"Header\" class=\"image_resized\" src=\"https://pms.imgix.net/ce0a733c31cff3d9c2e1959ab345a575\" style=\"width:100%;\"/></p><p><strong>Location:</strong> Erlangen</p><h2><span style=\"color:rgb(22,160,133);\"><strong>Hardware Developer</strong></span></h2><h2><span style=\"color:rgb(22,160,133);\">for integrated circuits (IC) - analog circuit technology</span></h2><p>The Fraunhofer-Gesellschaft (<a href=\"https://www.fraunhofer.com/\" target=\"_blank\">www.fraunhofer.com</a>) currently operates 75 institutes and research institutions throughout Germany and is the world's leading applied research organization. Around 29,000 employees work with an annual research budget of 2.8 billion euros.</p><p>We are one of Europe's leaders in IC design. Our many years of design experience are supplemented by deep systems expertise in multimedia, digital communications, image processing and sensor systems. Our scientists develop solutions that flow into applications in the automotive sector, household device technology, industrial technology, data transmission, plus lifestyle and medical technology products, where they enjoy widespread use. At the core of our research and development activities is the design of predominantly analogue circuits for ASICs designed for reliable data transmission via copper and fiber-optic connections in the MBd to the larger 50 GBd range as well as for complex mixed-signal SoCs.</p><p><span style=\"color:rgb(22,160,133);\"><strong>What you will do</strong></span></p><p>As a member of our team of developers and researchers, your job as a hardware developer for ICs will be to specify, design and verify hardware components. You will then integrate these into a wide range of semiconductor technologies (350nm CMOS to 22/12nm FD-SOI CMOS, also SiGe BiCMOS and BCD) using state-of-the-art simulation and layout tools. In addition, you will construct prototypes and carry out metrological verifications of the circuits.</p><p><span style=\"color:rgb(22,160,133);\"><strong>What you bring to the table</strong></span></p><ul><li>A degree in electrical engineering, physics or similar subject</li><li>Deep knowledge of analoge circuit design as well as experience working with simulation and layout tools</li><li>Basic knowledge of circuit technology for data transmission</li><li>Interest in developing domain knowledge or expertise and in working on specifications for projects, systems and chips</li><li>Strong written and spoken English</li><li>Initial project experience in analoge or mixed-signal IC design</li><li>Experience in standardization bodies, e.g., as for IEEE 802, is a plus</li></ul><p><span style=\"color:rgb(22,160,133);\"><strong>What you can expect</strong></span></p><ul><li>Multifaceted projects with high relevance for practical application, featuring interdisciplinary system aspects</li><li>A broad array of design activities, ranging from developments suitable for production (fulfilling yield, QM, design-for-test requirements) to scientific prototypes of new technologies and for future applications</li><li>An open, communicative and collegial environment throughout the institute</li><li>Freedom to exercise a high degree of independence and individual responsibility in organizing work</li><li>Professional development through further training/education</li><li>A good work-life balance thanks to flexible working hours and support offers</li></ul><p>We value and promote the diversity of our employees' skills and therefore welcome all applications - regardless of age, gender, nationality, ethnic and social origin, religion, ideology, disability, sexual orientation and identity.</p><p>The weekly working time is 39 hours. The position is also available in part-time. The position is initially limited to 2 years with the aim to extend it subsequently.<br/>Appointment, remuneration and social security benefits based on the public-sector collective wage agreement (TV\u00c3\u00b6D). Additionally, Fraunhofer may grant performance-based variable remuneration components.</p><p>With its focus on developing key technologies that are vital for the future and enabling the commercial utilization of this work by business and industry, Fraunhofer plays a central role in the innovation process. As a pioneer and catalyst for groundbreaking developments and scientific excellence, Fraunhofer helps shape society now and in the future.</p><p>Interested? <a href=\"https://jobs.fraunhofer.de/job/Erlangen-Hardware-developer-for-integrated-circuits-(IC)-analog-circuit-technology-91058/765211601/\" target=\"_blank\">Apply online now</a>. We look forward to getting to know you!</p><p><strong>Should you have questions please contact:</strong><br/>Meike Hillenbrand<br/>Phone: +49 9131-776 1651<br/>Fraunhofer-Institut f\u00c3\u00bcr Integrierte Schaltungen IIS<br/><a href=\"https://www.iis.fraunhofer.de/\" target=\"_blank\">www.iis.fraunhofer.de</a></p><p>Requisition Number: 4609</p><p><img alt=\"Siegel universium 2021\" class=\"image_resized\" src=\"https://pms.imgix.net/56cf8fb0509d830ed9032964cfb157a0\" style=\"width:11.22%;\"/><img alt=\"Siegel Attraktivste Arbeitgeber\" class=\"image_resized\" src=\"https://pms.imgix.net/b8f2a4bbc01dff6cf62e83ed8b62dbe2\" style=\"width:31.34%;\"/></p>\n</div>", "requirements_description": "N/A", "conditions_description": "N/A", "employer_description": "N/A", "department_description": "N/A", "additional_information": "N/A", "apply_link": "N/A", "employer_link": "N/A", "job_type": "N/A", "logo": "https://content.academicpositions.com/eyJidWNrZXQiOiJhcC1wcm9kdWN0aW9uLW1lZGlhLWFyY2hpdmUiLCJrZXkiOiIyMDE1XC8wM1wvZnJhdW5ob2Zlci1paXMuanBnIiwiZWRpdHMiOltdfQ=="}