{"url": "https://academicpositions.com/ad/university-of-jyvaskyla/2022/1-3-doctoral-researchers-music-research/174688", "title": "1-3 Doctoral Researchers, Music research", "publish_date": "2022-02-01", "deadline": "2022-02-28", "location": "Seminaarinkatu 15 Jyv\u00c3\u00a4skyl\u00c3\u00a4, Finland", "city": "Seminaarinkatu 15 Jyv\u00c3\u00a4skyl\u00c3\u00a4", "country": "Finland", "position": "PhD", "field": "Cognitive Psychology, Information Science, Musicology, Neuroscience,", "salary": "N/A", "max_working_hours": "N/A", "employer": "University of Jyv\u00c3\u00a4skyl\u00c3\u00a4", "job_description": "N/A", "requirements_description": "N/A", "conditions_description": "N/A", "employer_description": "N/A", "department_description": "N/A", "additional_information": "N/A", "apply_link": "N/A", "employer_link": "N/A", "job_type": "N/A", "logo": "https://content.academicpositions.com/eyJidWNrZXQiOiJhcC1wcm9kdWN0aW9uLW1lZGlhLWFyY2hpdmUiLCJrZXkiOiIyMDEyXC8wMVwvVW5pSnl6U2VldGhyLnBuZyIsImVkaXRzIjpbXX0="}