{"url": "https://academicpositions.com/ad/american-university-of-beirut/2021/tenure-track-position-in-epidemiology/171631", "title": "Tenure track position in Epidemiology", "publish_date": "2021-12-08", "deadline": "N/A", "location": "Riad El-Solh Beirut, Lebanon", "city": "Riad El-Solh Beirut", "country": "Lebanon", "position": "Assistant Professor", "field": "Biostatistics, Epidemiology, Health Science, Public Health,", "salary": "N/A", "max_working_hours": "N/A", "employer": "American University of Beirut", "job_description": "<div class=\"editor ck-content mt-6 mb-6 mb-md-8 mt-md-8\" id=\"editor\">\n<p>The <strong>Faculty of Health Sciences\u00a0</strong>(FHS) of the <strong>American University of Beirut\u00a0</strong><span style=\"color:windowtext;\">located in Lebanon,\u00a0</span>currently seeks for its <strong>Department of Epidemiology and Population Health\u00a0</strong>(EPHD) a candidate with a\u00a0<span style=\"color:windowtext;\"><strong>doctoral degree in Epidemiology</strong></span>, for a tenure track position in the rank of assistant, associate, or full professor, depending on qualifications. Visiting positions at all levels may be considered. The Department offers an MS and a PhD in Epidemiology and contributes to the FHS-wide MPH program and its concentration in Epidemiology and Biostatistics which are accredited by the US Council on Education for Public Health (CEPH). \u00a0EPHD faculty also contribute to teaching at the Faculty of Medicine (FM). The Department welcomes applicants whose research, teaching, and practice align with the missions of FHS and EPHD:\u00a0<a href=\"file:///C:/Users/am00/AppData/Local/Microsoft/Windows/Temporary%20Internet%20Files/Content.Outlook/8QFUPD2Q/www.aub.edu.lb/fhs\">www.aub.edu.lb/fhs</a>.\u00a0</p><p>The candidate should have a strong record of teaching Epidemiology, advising, and mentoring graduate students.\u00a0 Using innovative methods of teaching is highly desirable.\u00a0 The candidate should demonstrate excellence in research via independent contributions to epidemiologic studies,\u00a0seeking and/or securing external research funding,\u00a0and via a record of original research published in peer reviewed journals. \u00a0\u00a0<span style=\"color:black;\">Expertise in methodology (such as survey methods, program evaluation, field epidemiology, causal inference) is desirable.\u00a0</span></p><p>The candidate should be prepared to:</p><ul><li>Contribute to teaching of basic and advanced Epidemiology courses to undergraduate and graduate (master\u00e2\u0080\u0099s and doctoral) students at FHS and at the Faculty of Medicine. \u00a0\u00a0</li><li>Mentor MPH, MS and PhD students on their integrative learning experience and thesis, respectively.</li><li>Secure external research grant funding, develop and maintain a collaborative research agenda.\u00a0</li><li>Contribute to outreach programs at FHS and participate in professional service.</li></ul><p>Interested candidates should submit their applications including\u00a0<span style=\"color:windowtext;\">curriculum vitae,\u00a0</span>a letter outlining their research, teaching interests,\u00a0<span style=\"color:windowtext;\">and contact information for three referees\u00a0</span>to\u00a0<span style=\"color:windowtext;\">Interim Dean Abla<strong>\u00a0</strong>Sibai</span><strong> (</strong><a href=\"mailto:am00@aub.edu.lb\">am00@aub.edu.lb</a><strong>)\u00a0</strong>copied to Ms. Mona Katul (<a href=\"mailto:mkatul@aub.edu.lb\">mkatul@aub.edu.lb</a>). \u00a0</p><p><strong>Review of applications will start on January 15, 2022 and will continue until the position is filled.\u00a0</strong></p><p><i>Within the framework of Lebanese Law, the American University of Beirut is an equal opportunity employer. </i><span style=\"color:#707070;\"><i>\u00e2\u0080\u008b</i></span><i>AUB campus is smoke-free.</i></p>\n</div>", "requirements_description": "N/A", "conditions_description": "N/A", "employer_description": "N/A", "department_description": "N/A", "additional_information": "N/A", "apply_link": "N/A", "employer_link": "N/A", "job_type": "N/A", "logo": "https://content.academicpositions.com/eyJidWNrZXQiOiJhcC1wcm9kdWN0aW9uLW1lZGlhLWFyY2hpdmUiLCJrZXkiOiIzYWZcL2ZjNFwvM2FmZmM0NDg4YTRjMDkwNGNjMTY4ZWU1NmE4OGNlZjkucG5nIiwiZWRpdHMiOltdfQ=="}