{"url": "https://academicpositions.com/ad/vid-specialized-university/2022/phd-research-fellowship/175288", "title": "PhD Research Fellowship", "publish_date": "2022-02-16", "deadline": "2022-04-11", "location": "Diakonveien 14-18 Oslo, Norway", "city": "Diakonveien 14-18 Oslo", "country": "Norway", "position": "PhD", "field": "Human Geography, Sociology, Taoic Religions,", "salary": "N/A", "max_working_hours": "N/A", "employer": "VID Specialized University", "job_description": "N/A", "requirements_description": "N/A", "conditions_description": "N/A", "employer_description": "N/A", "department_description": "N/A", "additional_information": "N/A", "apply_link": "N/A", "employer_link": "N/A", "job_type": "N/A", "logo": "https://content.academicpositions.com/eyJidWNrZXQiOiJhcC1wcm9kdWN0aW9uLW1lZGlhLWFyY2hpdmUiLCJrZXkiOiIyMDE2XC8wOVwvVklELWxvZ28uanBnIiwiZWRpdHMiOltdfQ=="}