{"url": "https://academicpositions.com/ad/aalto-university/2022/phd-positions-in-physics-driven-machine-learning-and-quantum-computing/175279", "title": "PhD positions in physics-driven machine learning and quantum computing", "publish_date": "2022-02-16", "deadline": "2022-03-31", "location": "L\u00c3\u00a4mp\u00c3\u00b6miehenkuja 2 Helsinki, Finland", "city": "L\u00c3\u00a4mp\u00c3\u00b6miehenkuja 2 Helsinki", "country": "Finland", "position": "PhD", "field": "Computational Physics, Electrical Engineering, Machine Learning, Programming Languages, Quantum Computing,", "salary": "N/A", "max_working_hours": "N/A", "employer": "Aalto University", "job_description": "N/A", "requirements_description": "N/A", "conditions_description": "N/A", "employer_description": "N/A", "department_description": "N/A", "additional_information": "N/A", "apply_link": "N/A", "employer_link": "N/A", "job_type": "N/A", "logo": "https://content.academicpositions.com/eyJidWNrZXQiOiJhcC1wcm9kdWN0aW9uLW1lZGlhLWFyY2hpdmUiLCJrZXkiOiIyMDExXC8wMVwvQWFsdG9fRU5Mb2dvLnBuZyIsImVkaXRzIjpbXX0="}