{"url": "https://academicpositions.com/ad/universite-catholique-de-louvain/2022/call-for-application-postdoc-position-at-uclouvain-mathematical-finance-credit-risk/174521", "title": "Call for Application: Postdoc position at UCLouvain : mathematical finance/ credit risk", "publish_date": "2022-01-27", "deadline": "2022-03-31", "location": "Place de l'Universit\u00c3\u00a9 1 Louvain-la-Neuve, Belgium", "city": "Place de l'Universit\u00c3\u00a9 1 Louvain-la-Neuve", "country": "Belgium", "position": "Postdoc", "field": "Applied Mathematics, Finance, Financial Economics, Mathematical Economics, Risk Management, and 2 moreStatistics,Stochastics", "salary": "N/A", "max_working_hours": "N/A", "employer": "Universit\u00c3\u00a9 catholique de Louvain", "job_description": "N/A", "requirements_description": "N/A", "conditions_description": "N/A", "employer_description": "N/A", "department_description": "N/A", "additional_information": "N/A", "apply_link": "N/A", "employer_link": "N/A", "job_type": "N/A", "logo": "https://content.academicpositions.com/eyJidWNrZXQiOiJhcC1wcm9kdWN0aW9uLW1lZGlhLWFyY2hpdmUiLCJrZXkiOiJjMzlcLzYyNVwvYzM5NjI1NmU5NTg5YjI4MzIzZjU2YzY4MjE3NTU1NWUucG5nIiwiZWRpdHMiOltdfQ=="}