{"url": "https://academicpositions.com/ad/tib-leibniz-information-centre-for-science-and-technology-and-university-library/2022/coordinator-for-curation-of-the-open-research-knowledge-graph-m-f-d/175224", "title": "Coordinator for curation of the Open Research Knowledge Graph (m/f/d)", "publish_date": "2022-02-14", "deadline": "2022-03-15", "location": "Welfengarten 1 B Hanover, Germany", "city": "Welfengarten 1 B Hanover", "country": "Germany", "position": "Researcher", "field": "Computational Sciences, Computing in Mathematics, Natural Science, Engineering and Medicine, Data Structures, Databases, Information Science,", "salary": "N/A", "max_working_hours": "N/A", "employer": "Leibniz Information Centre for Science and Technology and University Library (TIB)", "job_description": "<div class=\"editor ck-content mt-6 mb-6 mb-md-8 mt-md-8\" id=\"editor\">\n<p>Job advertisement No. 7/2022</p><p>As the German National Library of Science and Technology our future-oriented services ensure the infrastructural requirements for a high-quality supply of information and literature for research in science and industry. With the Open Research Knowledge Graph (<a href=\"https://www.orkg.org/orkg/\" target=\"_blank\">ORKG</a>), we are working to revolutionise the exchange and use of scientific knowledge in the digital age.</p><p>The\u00a0<a href=\"https://www.tib.eu/en/\" target=\"_blank\">Technische Informationsbibliothek (TIB)</a>\u00a0\u00e2\u0080\u0093 Leibniz Information Centre for Science and Technology \u00e2\u0080\u0093 Program Area C, Research and Development, is looking to employ a</p><p><strong>Coordinator for curation of the Open Research Knowledge Graph (m/f/d)</strong></p><p>to join the\u00a0<a href=\"https://www.tib.eu/en/research-development/data-science-digital-libraries\" target=\"_blank\">Data Science &amp; Digital Libraries Research Group</a> (Prof. Dr. S\u00c3\u00b6ren Auer) at the earliest possible opportunity.</p><p>The position is initially limited to 3 years with envisioned extension. The regular weekly working time is 39.8\u00a0hours (full-time). The position is only suitable for part-time work to a limited extent. The remuneration is based on\u00a0<a href=\"http://oeffentlicher-dienst.info/c/t/rechner/tv-l/west?id=tv-l-2021&amp;matrix=1\" target=\"_blank\">pay scale group 13 TV-L</a>.</p><p>Your challenge</p><p>The focus of this position lies on the curation of semantic descriptions of research contributions in technology and natural sciences for the Open Research Knowledge Graph.</p><p>Your competence domain should be in the area of structured semantic description of research contributions including training and community engagement for scientific communities. You can quickly understand research results in different subject areas, organise them semantically structured according to the FAIR principles in the ORKG and work with the relevant subject and research communities in organising their knowledge on an equal footing. You should be able to think creatively, grasp new knowledge quickly as well as combine abstract thinking with concrete problem solving and have an interest in working with different expert communities in technology and science.</p><p>Your tasks will focus on</p><ul><li>Supporting the scientific communities in the semantic structuring, organisation, curation and quality assurance of their research contributions in the Open Research Knowledge Graph</li><li>Creation of templates for the description of contributions to typical research problems and creation of corresponding training materials (e.\u00a0g. presentations, screencasts) as well as support in the documentation of the Open Research Knowledge Graph for users</li><li>Support of digital public relations and community engagement in social networks</li><li>Identification of multipliers and stakeholders (e.\u00a0g. scientific publishers, research institutes) for the ORKG and establishment of cooperative relationships</li></ul><p>Your qualities</p><ul><li>Completed university degree (Master\u00e2\u0080\u0099s degree or equivalent)\u00a0</li><li>Very good knowledge of German and English, both written and spoken</li><li>Experience in the semantic organisation of knowledge with thesauri, ontologies, knowledge graphs and a high affinity to digital services</li><li>Good communication skills and fun in curating scientific information in different subject areas</li><li>Strong implementation skills, a high degree of user orientation, commitment, initiative, ability to work in a team, creativity and sense of humor</li></ul><p>Desirable additions to your profile</p><ul><li>A completed PhD in a subject-related field of study</li><li>Ideally, in-depth knowledge of a research area in the field of technology and natural sciences as well as in digital research infrastructures</li></ul><p>What we offer</p><p>In\u00a0<a href=\"https://www.tib.eu/en/research-development/\" target=\"_blank\">TIB\u00e2\u0080\u0099s Research and Development Department</a>, you have the opportunity to further your scientific development in a dynamic and excellent research environment.\u00a0We provide a scientifically and intellectually inspiring environment with an entrepreneurial mindset embedded in a\u00a0<a href=\"https://www.tu9.de/en/\" target=\"_blank\">leading technical university</a> and one of the largest technical information centres being part of the\u00a0<a href=\"https://www.leibniz-gemeinschaft.de/en/\" target=\"_blank\">Leibniz Association</a>.</p><p>The research department at the TIB is relatively young and offers many opportunities.\u00a0It is our vision to rethink the representation and provision of data and information and to organize them in an Open Research Knowledge Graph (<a href=\"https://projects.tib.eu/orkg/\" target=\"_blank\">ORKG</a>) in the future. There is a close cooperation with the\u00a0<a href=\"https://www.l3s.de/en\" target=\"_blank\">L3S Research Centre</a> at Leibniz University Hannover, one of the world's leading research institutes in the field of Web &amp; Data Science, within the Leibniz\u00a0<a href=\"https://www.tib.eu/en/research-development/joint-lab\" target=\"_blank\">Joint Lab</a> Data Science &amp; Open Knowledge.</p><p>Last but not least, we attach great importance to an open and creative working atmosphere in which it is fun to work.</p><p>Furthermore, we offer</p><ul><li>Financing for necessary equipment, conference and research visit travel</li><li>Work in the context of a national, European or international research and innovation project</li><li>A modern workplace in a central location of Hanover with a collegial, attractive and versatile working environment</li><li>A comprehensive and in-depth training</li><li>Flexible working hours (flexitime) as well as\u00a0<a href=\"https://www.tib.eu/en/tib/careers-and-apprenticeships/equal-opportunities/\" target=\"_blank\">offers for reconciling work and family life</a> such as mobile work and remote work options</li><li>An employer with a wide range of internal and external further education and training measures, workplace health promotion and a supplementary pension scheme for the public sector (<a href=\"https://www.vbl.de/de?t=/VBL/english&amp;i=1113979957474&amp;l=0&amp;e=UTF-8&amp;ParentID=1228245487465\" target=\"_blank\">VBL</a>)</li><li>Discount for employees in the canteens of the\u00a0<a href=\"https://www.studentenwerk-hannover.de/essen/uebersicht\" target=\"_blank\">Studentenwerk Hannover</a> as well as the possibility to use the various offers of the\u00a0<a href=\"https://www.hochschulsport-hannover.de/en/\" target=\"_blank\">University Sports Hannover</a></li><li>A job in the public service with a salary in\u00a0<a href=\"http://oeffentlicher-dienst.info/c/t/rechner/tv-l/west?id=tv-l-2021&amp;matrix=1\" target=\"_blank\">pay scale group 13 TV-L</a> according to the provisions of the collective agreement for the public service in Germany (TV-L),\u00a0including a special annual payment\u00a0and 30 days of vacation per year</li></ul><p>If you are interested, questions regarding the position can be addressed to Prof. Dr. S\u00c3\u00b6ren Auer, Director of TIB and head of TIB\u00e2\u0080\u0099s research department, by mail at\u00a0<a href=\"mailto:auer@tib.eu\">auer@tib.eu</a>.</p><p>How to apply</p><p>We look forward to receiving your application. To submit your application, please click\u00a0<a href=\"https://tib.eu/bewerbungsformular-7-2022eng\" target=\"_blank\">here</a>.</p><p>Paper applications are also possible on an equal basis. In this case, please send your complete application documents with the subject <strong>7/2022</strong> before <strong>March 15, 2022</strong> addressed to</p><p>Technische Informationsbibliothek (TIB)<br/>Personalservice<br/>Herrn Daniel Eilers<br/>Welfengarten 1 B<br/>30167 Hannover<br/>Germany</p><p>or alternatively as a single PDF document file to\u00a0<a href=\"mailto:bewerbung@tib.eu\">bewerbung@tib.eu</a>. For applications in digital from, please send a PDF file with a maximum size of 10 MB.</p><p>In the case of foreign university degrees, it is mandatory to submit a Statement of Comparability from the Central Office for Foreign Education (ZAB) for the final assessment of the hiring requirements during the hiring process (<a href=\"https://www.kmk.org/zab/statement-of-comparability.html\" target=\"_blank\">link for more information</a>). A fee will be charged for this. This obligation does not apply if the foreign university degree has already been assessed by an expert and is listed in the ANABIN database of the ZAB as an equivalent university degree (<a href=\"https://anabin.kmk.org/anabin.html\" target=\"_blank\">link to ANABIN database</a>).</p><p>Who we are</p><p>TIB, being part of the Leibniz Research Association, is with around 550 employees one of the\u00a0largest technical information centres in Germany,\u00a0having three main functions:</p><ol><li>Acting in the capacity of the\u00a0Leibniz Information Centre for Science and Technology, our forward-looking services secure the infrastructural requirements for providing researchers in science and industry with high-quality information and literature.</li><li>Carrying out cutting edge research to further expand TIB\u00e2\u0080\u0099s role as a German information centre for the digitisation of science and technology.</li><li>Offer library services for the Leibniz University Hannover.</li></ol><p>TIB is an equal opportunity employer, providing ideal working conditions, and continuously taking action to enable its employees to combine career interests with family life. It wants to promote equal career opportunities for women and men in particular and therefore urges qualified women to apply.</p><p>Severely disabled candidates with comparable qualifications will be given preferential treatment. We welcome applications from all nationalities.</p><p>Please note that your application documents will not be returned and application and travel costs cannot be reimbursed.</p><p>Please indicate in the subject line of your application through which job board you became aware of our offer.</p><p>For more information about the TIB, please visit:\u00a0<a href=\"http://www.tib.eu/en/\" target=\"_blank\">www.tib.eu/en/</a></p>\n</div>", "requirements_description": "N/A", "conditions_description": "N/A", "employer_description": "N/A", "department_description": "N/A", "additional_information": "N/A", "apply_link": "N/A", "employer_link": "N/A", "job_type": "N/A", "logo": "https://content.academicpositions.com/eyJidWNrZXQiOiJhcC1wcm9kdWN0aW9uLW1lZGlhLWFyY2hpdmUiLCJrZXkiOiIyMDE2XC8wN1wvVElCX0xvZ29fZW4ucG5nIiwiZWRpdHMiOltdfQ=="}