{"url": "https://academicpositions.com/ad/oslo-school-of-architecture-and-design-aho/2021/phd-position-inclusive-and-sustainable-design-of-technologies-of-care/173468", "title": "PhD position: Inclusive and Sustainable Design of Technologies of Care", "publish_date": "2021-12-23", "deadline": "2022-02-27", "location": "Maridalsveien 29 Oslo, Norway", "city": "Maridalsveien 29 Oslo", "country": "Norway", "position": "PhD", "field": "Communication Design, Computer Graphics, Graphic Design, Human-computer Interaction, Industrial Design, and 1 moreTextile Design", "salary": "N/A", "max_working_hours": "N/A", "employer": "Oslo School of Architecture and Design (AHO)", "job_description": "<div class=\"editor ck-content mt-6 mb-6 mb-md-8 mt-md-8\" id=\"editor\">\n<h2>About the position</h2><p>The Institute of Design, AHO offers a\u00a0PhD position that focus on inclusive and sustainable design of technologies of care. The position will contribute to research on the role that interaction design plays in supporting intersecting issues of health, social and environmental justice. It seeks to explore feminist posthumanities theories and more-than-human design approaches that attend to and design-with the relations between human bodies and the environment. The PhD position will research this in the context of health and wellbeing, by inquiring into the social, cultural, and ecological dimensions of health technologies, and by designing technologies that nurture caring practices for humans and the Earth.</p><p>The PhD will explore a designerly and theoretical feminist lens on care that requires a speculative commitment to neglected relations which have often been taken for granted or rendered invisible. Such neglected relations, that may be connected with social justice and/or climate change, often disproportionately effect the health and well-being of marginalized communities.\u00a0This position will seek to use design to render visible and support neglected care relations and amplify the work of marginalized people as agents of change, with the goal of researching how technologies of care can be designed for more equitable and sustainable futures. The PhD will include critical and curious hands-on experimentation with new technologies and materials used in health care, such as biodesign, body-based soft technologies, and machine learning, to design concrete exemplars of what inclusive and sustainable technologies of care could look and feel like.\u00a0</p><p><strong>The PhD could include projects such as:</strong></p><ul><li>Designing climate wearables: body-based environmental monitoring</li><li>Crafting care through textile, knitting, weaving, and soft robotics</li><li>Designing justice-oriented and community-led health practices</li><li>Biodesign and the use of biomaterials in the design of medical/health technologies</li><li>Speculative fabulations and Arctic futures of human health and climate crises</li><li>Feminist programming and data feminism practices for human and planetary health</li></ul><p>For more information on this research program, please visit\u00a0<a href=\"http://www.ahophdlive.com/inclusive-and-sustainable-design\" target=\"_blank\"><u>www.ahophdlive.com.\u00a0</u></a></p><h2>About the candidate</h2><p><strong>Formal requirements\u00a0</strong></p><ul><li>The candidate should have a master\u00e2\u0080\u0099s degree in design, art or a technical discipline, such as interaction design, industrial design, human computer interaction, digital art, software\u00a0studies. Applicants with a background in humanities and social science\u00a0with a strong knowledge of design research and creative practices are welcome to apply.</li><li>Experience with\u00a0design\u00a0is an advantage.</li><li>Experience with\u00a0academic or creative\u00a0writing\u00a0is a requirement.</li></ul><p><strong>Personal characteristics</strong></p><ul><li>Ambitious, curious and highly motivated.</li><li>The ability to understand\u00a0interaction design from a professional\u00a0perspective.</li><li>The ability to work systematically and complete tasks within given deadlines.</li><li>The ability to work independently as well as in teams.</li><li>A strong motivation to contributing to a good working and social environment.</li></ul><h2>The Application must include</h2><ul><li>An application letter describing relevant background, motivation, research experience and network. (Two A4 pages maximum).</li><li>A tentative\u00a0project description\u00a0of maximum 5 pages,\u00a0formulating core questions/concerns, theoretical positioning,\u00a0research\u00a0approach/methodology,\u00a0project\u00a0plan,\u00a0and\u00a0intended\u00a0results\u00a0(academic,\u00a0artistic,\u00a0etc.).</li><li>A portfolio that documents relevant practice within design (can be online)</li><li>CV</li><li>Certified copies of educational certificates, transcript of records, diplomas and letters of recommendation.</li><li>A list of publications and/or academic work if available.</li><li>Examples of work written by the applicant if available. (Three works maximum.)</li><li>2 references (name, relation to candidate, e-mail address and telephone number).</li></ul><p>We are committed to an\u00a0anti-discriminatory hiring process and work culture, and value lived experiences including\u00a0those of marginalized identities. We are seeking qualified applicants regardless of their\u00a0gender, background, race, religion, sexual orientation, etc.\u00a0</p><p>Please note that all documentation must be in English or a Scandinavian language. Applications that do not comply with the formal requirements will not be considered. Attachments beyond the required documents will not be taken into consideration.</p><p><strong>The material for the PhD application will be assessed according to the following criteria:\u00a0</strong></p><ul><li>The quality of the project description (outline)</li><li>The applicant's suitability for the research tasks</li><li>The academic competence of the applicant</li><li>Relevance and quality of the design portfolio</li></ul><h2>We offer</h2><ul><li>The PhD scholarship is fully funded and there is no tuition fee.</li><li>The position (SKO1017) has a pay grade of 54 with salary NOK 491\u00a0200 per year for a full position; extensive relevant experience can give a higher start salary. From the salary, there will be a mandatory deduction of 2 % as a contribution to the State Pension fund (SPK). Standard employment conditions for state employees in Norway apply for the position.</li><li>The PhD is a full-time 3-year position, with the possibility for negotiating a 4-year position with 25% teaching.</li><li>An annual sum of 20 000 NOK for literature and other necessary academic activities.</li><li>Attractive welfare benefits and generous pension agreement, in addition to Oslo\u00e2\u0080\u0099s family-friendly environment with its rich opportunities for culture and outdoor activities.</li></ul><p><strong>Formal regulations\u00a0</strong></p><p>The educational component in the AHO PhD Programme is mandatory and requires fulltime attendance. Residency in Oslo for the employment period is mandatory. Research stay at a relevant international academic institution is encouraged. The PhD fellowship will start September 1st\u00a02022.</p><h2>Information meeting</h2><p>The PhD Programme at The Oslo School of Architecture and Design (AHO) will arrange an online information meeting about the AHO PhD Programme on Friday, February 4th\u00a02022 at 14:00 CET. See\u00a0<a href=\"http://www.ahophdlive.com/information-meeting-phd-positions-2022\" target=\"_blank\"><u>www.ahophdlive.com</u></a>\u00a0for more information.</p><p><strong>Contact Information:\u00a0</strong></p><p>Questions about this PhD position can be directed to the main supervisors:</p><ul><li>Postdoctoral Researcher Marie Louise Juul S\u00c3\u00b8ndergaard, email:<a href=\"http://mljuul@aho.no/\" target=\"_blank\"><u>\u00a0mljuul@aho.no</u></a></li><li>Associate Professor Josina Vink, email:\u00a0<a href=\"mailto:josina.vink@aho.no\"><u>josina.vink@aho.no</u></a></li></ul><p>For more information about the PhD Programme, please visit our <a href=\"https://aho.no/en/content/phd-program\" target=\"_blank\"><u>website</u></a>.</p>\n</div>", "requirements_description": "N/A", "conditions_description": "N/A", "employer_description": "N/A", "department_description": "N/A", "additional_information": "N/A", "apply_link": "N/A", "employer_link": "N/A", "job_type": "N/A", "logo": "https://content.academicpositions.com/eyJidWNrZXQiOiJhcC1wcm9kdWN0aW9uLW1lZGlhLWFyY2hpdmUiLCJrZXkiOiIyMDE2XC8wNFwvQVJLSVRFS1RVUi0gT0cgREVTSUdOSFx1MDBkNkdTS09MQU4gSSBPU0xPLnBuZyIsImVkaXRzIjpbXX0="}