{"url": "https://academicpositions.com/ad/universite-catholique-de-louvain/2022/deep-learning-for-3d-porous-media-reconstruction-of-clay-and-cement-based-materials/173952", "title": "Deep learning for 3D porous media reconstruction of clay and cement-based materials", "publish_date": "2022-01-13", "deadline": "2022-03-31", "location": "Place de l'Universit\u00c3\u00a9 1 Louvain-la-Neuve, Belgium", "city": "Place de l'Universit\u00c3\u00a9 1 Louvain-la-Neuve", "country": "Belgium", "position": "Other Category", "field": "Applied Mathematics, Computational Mathematics, Geoinformatics (GIS), Geology, Geometry and Topology, and 4 moreGeophysics,Informatics,Machine Learning,Stochastics", "salary": "N/A", "max_working_hours": "N/A", "employer": "Universit\u00c3\u00a9 catholique de Louvain", "job_description": "N/A", "requirements_description": "N/A", "conditions_description": "N/A", "employer_description": "N/A", "department_description": "N/A", "additional_information": "N/A", "apply_link": "N/A", "employer_link": "N/A", "job_type": "N/A", "logo": "https://content.academicpositions.com/eyJidWNrZXQiOiJhcC1wcm9kdWN0aW9uLW1lZGlhLWFyY2hpdmUiLCJrZXkiOiJjMzlcLzYyNVwvYzM5NjI1NmU5NTg5YjI4MzIzZjU2YzY4MjE3NTU1NWUucG5nIiwiZWRpdHMiOltdfQ=="}