{"url": "https://academicpositions.com/ad/lut-university/2022/associate-professor-non-tenure-track-in-hydrocarbon-syntheses/173366", "title": "Associate professor (non-tenure track) in hydrocarbon syntheses", "publish_date": "2022-02-07", "deadline": "2022-02-18", "location": "Yliopistonkatu 34 Lappeenranta, Finland", "city": "Yliopistonkatu 34 Lappeenranta", "country": "Finland", "position": "Associate Professor", "field": "Analytical Chemistry, Atmospheric Chemistry, Biochemistry, Catalysis, Chemical Biology, and 30 moreChemical Engineering,Chemical Thermodynamics,Chemo-informatics,Computational Chemistry,Electrochemistry,Environmental Chemistry,Immunochemistry,Inorganic Chemistry,Materials Chemistry,Mathematical Chemistry,Medicinal Chemistry,Molecular Chemistry,Nanobiochemistry,Nanochemistry,Nanotechnology,Nuclear Chemistry,Organic Chemistry,Organometallic Chemistry,Petrochemistry,Photochemistry,Physical Chemistry,Phytochemistry,Polymer Chemistry,Radiochemistry,Solid-state Chemistry,Spectroscopy,Surface Chemistry,Synthetic Chemistry,Theoretical Chemistry,Thermochemistry", "salary": "N/A", "max_working_hours": "N/A", "employer": "LUT University", "job_description": "N/A", "requirements_description": "N/A", "conditions_description": "N/A", "employer_description": "N/A", "department_description": "N/A", "additional_information": "N/A", "apply_link": "N/A", "employer_link": "N/A", "job_type": "N/A", "logo": "https://content.academicpositions.com/eyJidWNrZXQiOiJhcC1wcm9kdWN0aW9uLW1lZGlhLWFyY2hpdmUiLCJrZXkiOiIyMDExXC8xMFwvTFVULUxvZ28xLnBuZyIsImVkaXRzIjpbXX0="}