{"url": "https://academicpositions.com/ad/nioz-royal-netherlands-institute-for-sea-research/2022/phd-position-activity-of-methanotrophs-in-the-north-sea/174353", "title": "PhD position: \u00e2\u0080\u0098Activity of methanotrophs in the North Sea\u00e2\u0080\u0099", "publish_date": "2022-01-21", "deadline": "2022-02-20", "location": "Landsdiep 4 Den Helder, Netherlands", "city": "Landsdiep 4 Den Helder", "country": "Netherlands", "position": "PhD", "field": "Biochemistry, Ecology, Geochemistry, Geomicrobiology, Marine Geoscience, and 3 moreMicrobiology,Molecular Biology,Oceanography", "salary": "N/A", "max_working_hours": "N/A", "employer": "NIOZ Royal Netherlands Institute for Sea Research", "job_description": "N/A", "requirements_description": "N/A", "conditions_description": "N/A", "employer_description": "N/A", "department_description": "N/A", "additional_information": "N/A", "apply_link": "N/A", "employer_link": "N/A", "job_type": "N/A", "logo": "https://content.academicpositions.com/eyJidWNrZXQiOiJhcC1wcm9kdWN0aW9uLW1lZGlhLWFyY2hpdmUiLCJrZXkiOiIyMDEyXC8wOFwvTklPWkxvZ28ucG5nIiwiZWRpdHMiOltdfQ=="}