{"url": "https://academicpositions.com/ad/coventry-university/2022/assistant-professor-in-international-business-management/174416", "title": "Assistant Professor in International Business Management", "publish_date": "2022-01-25", "deadline": "2022-02-24", "location": "Priory Street Coventry Coventry, United Kingdom", "city": "Priory Street Coventry Coventry", "country": "United Kingdom", "position": "Assistant Professor", "field": "Business Administration, Business Economics, Entrepreneurship, International Economics, Management,", "salary": "N/A", "max_working_hours": "N/A", "employer": "Coventry University", "job_description": "<div class=\"editor ck-content mt-6 mb-6 mb-md-8 mt-md-8\" id=\"editor\">\n<p>School of Strategy and Leadership,</p><p>Faculty of Business and Law</p><p><strong>Assistant Professor in International Business Management</strong></p><p><strong>Grade 8</strong> <strong>\u00c2\u00a340,927 \u00e2\u0080\u0093\u00a0\u00c2\u00a358279 per annum</strong></p><p><strong>Role: Full time and Permanent\u00a0</strong></p><p>We are seeking an Assistant Professor (Senior Lecturer) in International Business Management for the School of Strategy and Leadership.\u00a0</p><p>Coventry University is achieving an unprecedented level of success. Having earned a place in the 2019 Times Higher Education (THE) Young University Rankings\u00e2\u0080\u0099 world top 250, secured 15th spot in the 2020 Guardian league table, and achieved a gold rating in the UK government\u00e2\u0080\u0099s 2017 Teaching Excellence Framework (TEF), our vision is to continue\u00a0to enhance our position as a leading global provider of innovative education and impactful research.</p><p>The Faculty of Business and Law is a key part of this dynamic and innovative University Group, with excellent links to major national and international organisations and close partnerships with universities around the world; we are currently home to around 8,500 students, of whom 40% are international.\u00a0 If you are a talented and ambitious individual who thrives on challenge, this could be your next move.\u00a0</p><p>The School of Strategy and Leadership is one of four schools in the Faculty of Business and Law and is home to subject disciplines in International Business Management, Strategy, Leadership, Project Management, Decision Making, Logistic and Risk Management. The School is the largest in the Faculty and is comprised of a wide range of programmes and an increasing number of activities in the area of enterprise and innovation.\u00a0 Our collaborative and supportive ethos builds a strong community of academics and makes it a place where people want to work. We have made significant investment in staff areas and resources to create a modern working environment, which also allows colleagues the freedom to build their own communities on campus and online in virtual settings.</p><p>The Faculty has two vibrant centres, producing world leading research\u00a0- Centre\u00a0for Business in Society and Centre for Financial and Corporate and Financial Integrity. Successful candidates who are established independent researchers may be eligible to join a Centre immediately as an Associate Member.</p><p>In addition to teaching and research, there are also opportunities for career progression through internationalisation and enterprise tracks.\u00a0To support these ambitious plans, we are seeking new talent to join our expanding team.</p><p>If you share our values and ambition and want to be part of this vibrant academic community, we look forward to hearing from you.\u00a0</p><p>To fulfil this role, you will need a PhD or an equivalent, in a relevant subject, and have a record of accomplishment in teaching and/or scholarship and/or research and/or enterprise.\u00a0All Applicants must complete our online application form, but may include a CV and covering letter.\u00a0</p><p>For further information or for an informal discussion, please contact Curriculum Lead (Associate Professor) Suresh George <a href=\"mailto:aa3262@coventry.ac.uk\">aa3262@coventry.ac.uk</a></p><p>Closing date: 24/02/22</p>\n</div>", "requirements_description": "N/A", "conditions_description": "N/A", "employer_description": "N/A", "department_description": "N/A", "additional_information": "N/A", "apply_link": "N/A", "employer_link": "N/A", "job_type": "N/A", "logo": "https://content.academicpositions.com/eyJidWNrZXQiOiJhcC1wcm9kdWN0aW9uLW1lZGlhLWFyY2hpdmUiLCJrZXkiOiIyMDE1XC8wM1wvY292ZW50cnktdW5pLWxvZ28uanBnIiwiZWRpdHMiOltdfQ=="}