{"url": "https://academicpositions.com/ad/vtt/2022/research-senior-scientists-for-plastics-r-d/175281", "title": "Research / Senior Scientists for plastics R&D", "publish_date": "2022-02-16", "deadline": "2022-03-02", "location": "Vuorimiehentie 3 Helsinki, Finland", "city": "Vuorimiehentie 3 Helsinki", "country": "Finland", "position": "Researcher", "field": "Analytical Chemistry, Environmental Chemistry, Environmental Engineering, Materials Chemistry, Organic Chemistry, and 3 morePhysical Chemistry,Polymer Chemistry,Thermochemistry", "salary": "N/A", "max_working_hours": "N/A", "employer": "VTT", "job_description": "<div class=\"editor ck-content mt-6 mb-6 mb-md-8 mt-md-8\" id=\"editor\">\n<p><strong>Are you interested in plastics research and looking for a new job opportunity in the field? Would you like to do impactful research with superb colleagues who are top expert in their field? Do you want to build a science career and work in a versatile role at the interface of academy and industry? VTT might be just the place for you.</strong></p><p><i>VTT is one of the leading applied research organisations in Europe. What unites us are curiosity, a passion for learning and a purpose: to solve the biggest challenges of our time\u00a0and turn them into sustainable growth and well-being. Our cross-disciplinary community of over 2000 brilliant minds is focused on creating impact through science-based innovation. Get to know us further\u00a0by exploring VTT\u00e2\u0080\u0099s research infra at\u00e2\u0080\u00af</i><a href=\"https://www.vttresearch.com/en/vtt-world/\" target=\"_blank\"><i><strong>VTT World</strong></i></a><i><strong>.\u00a0</strong></i>\u00a0</p><p><strong>We are now looking for two Senior / Research Scientists to join our Materials processing and circular solutions team.</strong></p><p>In these positions, you will have an essential role in participating, implementation and leading of projects in the field of new plastics, and in the sustainability of future materials.</p><p>Your responsibilities includes participation in the preparation and selling of public research projects and private industrial commission work. You will be planning and making experiments from the laboratory to the pilot scales, and you will be part of plastics development team, providing your chemistry and material science expertise to our R&amp;D projects.</p><p>Our team, Materials processing and circular solutions, focuses on developing and up-scaling various novel thermoplastic polymer compounds and routes for better circularity of plastics. The team works with all kinds of thermoplastic materials covering most relevant industrial applications areas. We have unique plastic processing pilot facilities and a recognized team with competence more than 20 years in collaboration with industry from different sectors.</p><p>Learn more about our research <a href=\"https://www.youtube.com/watch?app=desktop&amp;v=Ubed1-d7u7s\" target=\"_blank\">here</a></p><h2><strong>Your responsibilities as Senior / Research Scientist:</strong></h2><ul><li>Applying your material science and chemistry skills in wide range of plastics related R&amp;D projects, both internally at VTT and externally, and contributing to excellence in our research.</li><li>Participation in planning, implementation and leading of projects.</li><li>Mastering a wide range of analytical chemistry and physical characterization tools and techniques relevant for polymer materials science.</li><li>Generating high profile publications, such as writing journal articles in peer-reviewed journals, applying patents for new innovations, and presenting research results in international conferences.</li></ul><h2><strong>Who we are looking for:</strong></h2><ul><li>Work experience in polymer chemistry, organic chemistry, materials chemistry or environmental engineering. You have relevant experience on analysis and processing methods related to plastics and their additives.</li><li>Minimum M.Sc. degree (focus in polymers, plastics, chemistry or environmental engineering). Doctoral degree can be considered as a benefit.</li><li>Motivation and capacity to build and manage projects in an international, multi-project environment.</li><li>Previous experience in industrial R&amp;D and/or participation in multi-national R&amp;D projects in international or European level is considered as a benefit.</li><li>Good English skills, both written and spoken, are required</li></ul><h2><strong>As a person, we hope that you are:</strong></h2><p>We are looking for a candidate who is able to work efficiently and proactively in our research team and be independently responsible for carrying out project assignments. Good communication and team working skills are required, as you will be collaborating regularly with scientists, technicians and other stakeholders. You love to learn and develop your expertise.</p><h2><strong>What we offer you:</strong>\u00a0</h2><ul><li><strong>Natural sciences with\u00a0an\u00a0impact.</strong>\u00a0VTT works on the cutting-edge of natural sciences, and we\u00e2\u0080\u0099ve invested into building state-of-the-art research facilities for natural sciences, such as the Bioruukki pilot infrastructure for bio- and circular economy. Our research agenda is dedicated to solving systemic and technological challenges, such as reaching carbon neutrality and unleashing the power of synthetic biology. That means that at VTT, your expertise in natural sciences will go towards creating real impact. Read more about our strategy \u00e2\u0080\u0093\u00a0<a href=\"https://www.vttresearch.com/en/news-and-ideas/welcome-path-exponential-hope-how-turn-turbulence-2020s-sustainable-growth\" target=\"_blank\">the path of exponential hope</a>.</li><li><strong>Superb colleagues and community. </strong>With VTT, you\u00e2\u0080\u0099ll join a community of over 2000 multidisciplinary experts who foster a culture of trust, openness and sharing knowledge. We work truly across disciplines, and house all the cutting-edge sciences from quantum computing to synthetic biology under one roof. Collaborating with superb colleagues is a source of learning, inspiration, and fun.</li><li><strong>Excellent career in research. </strong>At VTT, excellence in research is a strategic priority. We offer long-term positions and stable career paths in top-level research. People tend to stay with us over 10 years since there are always new roles and responsibilities to grow into. A combination of cutting-edge academic research and applied customer projects keeps\u00a0your career path\u00a0interesting.</li><li><strong>Support for your well-being. </strong>Our people are our main asset, so we take good care of them. We aim to nurture great team spirit and leadership and offer versatile well-being services to enable a good work\u00e2\u0080\u0093life balance. On top of 6 weeks of paid holidays we offer exercise and culture benefits, hobby clubs, and voluntary well-being services such as meditation programmes and trainings on cognitive ergonomics.\u00a0\u00a0\u00a0</li></ul><p><strong>Apply now\u00a0and\u00a0join our community of brilliant minds!</strong></p><p>Please\u00e2\u0080\u00afsend your CV and application with your salary request via our recruitment system as soon as possible\u00e2\u0080\u00afbut\u00a0<strong>at the latest by 2 March 2022.</strong></p><h2><strong>Interested and want to hear more?</strong></h2><p>For further information, please contact Research Team Leader Mika Paajanen,\u00a0+358407370910, on Mondays and Tuesdays at 10-11 during the application period. Email: mika.paajanen@vtt.fi.</p><p><strong>We look forward to hearing from you!</strong></p><p><strong>Location:</strong>\u00a0Tampere, Finland</p><p>Apply between <strong>10 February 2022</strong> and <strong>2 March 2022 23:59 (Europe/Helsinki)</strong></p><p><strong>Employment type:</strong> Fulltime, permanent</p><h2>VTT</h2><p><i>VTT is a visionary research, development and innovation partner. We drive sustainable growth and tackle the biggest global challenges of our time and turn them into growth opportunities. We go beyond the obvious to help the society and companies to grow through technological innovations. We have over 75 years of experience of top-level research and science-based results. VTT\u00c2\u00b4s turnover and other operating income is 258 M\u00e2\u0082\u00ac. VTT is at the sweet spot where innovation and business come together.</i></p><p>VTT \u00e2\u0080\u0093 beyond the obvious.</p>\n</div>", "requirements_description": "N/A", "conditions_description": "N/A", "employer_description": "N/A", "department_description": "N/A", "additional_information": "N/A", "apply_link": "N/A", "employer_link": "N/A", "job_type": "N/A", "logo": "https://content.academicpositions.com/eyJidWNrZXQiOiJhcC1wcm9kdWN0aW9uLW1lZGlhLWFyY2hpdmUiLCJrZXkiOiIxYjJcLzA2Y1wvMWIyMDZjODQ0MTljY2ZlNWNjODU2MzM0MTZjMWVhMmUucG5nIiwiZWRpdHMiOltdfQ=="}