{"url": "https://academicpositions.com/ad/university-of-stuttgart/2021/open-ph-d-and-postdoc-positions-tvl-e13-100-in-mixed-signal-ic-design-and-quantum-technologies-at-the-university-of-stuttgart/170145", "title": "Open Ph.D. and PostDoc Positions (TVL-E13/100 %) in mixed-signal IC design and quantum technologies at the University of Stuttgart", "publish_date": "2021-11-29", "deadline": "2022-02-28", "location": "Keplerstra\u00c3\u009fe 7 Stuttgart, Germany", "city": "Keplerstra\u00c3\u009fe 7 Stuttgart", "country": "Germany", "position": "Postdoc", "field": "Applied Physics, Atomic, Molecular and Optical Physics, Electrical Engineering, Electronics, Engineering Physics, and 4 moreExperimental Physics,Instrumentation Engineering,Quantum Physics,Signal Processing", "salary": "N/A", "max_working_hours": "N/A", "employer": "University of Stuttgart", "job_description": "<div class=\"editor ck-content mt-6 mb-6 mb-md-8 mt-md-8\" id=\"editor\">\n<p>The Institute of Smart Sensors at the University of Stuttgart is looking for candidates holding a Master\u00e2\u0080\u0099s (or equivalent) or Ph.D. degree in electrical engineering, physics, or related subjects interested in pursuing research as part of one of the following projects. All research projects are suitable for a Ph.D. thesis. The candidates should have a strong background in mixed-signal integrated circuit design or quantum technologies.</p><p><strong>Integrated interface electronics for diamond-based quantum sensing</strong></p><p>As part of the DFG research training group \u00e2\u0080\u009cGRK 2642: Towards Graduate Experts in Photonic Quantum Technologies\u00e2\u0080\u009d (<a href=\"https://www.pqe.uni-stuttgart.de/\" target=\"_blank\">https://www.pqe.uni-stuttgart.de/</a>), we are looking for candidates with a strong background in mixed-signal integrated circuit design with the desire to strengthen their knowledge in quantum physics in a coordinated Ph.D. program and a stimulating interdisciplinary research environment.\u00a0</p><p><strong>Integrated transceivers for SIC-based quantum sensing</strong></p><p>The BMBF-Cluster4Future \u00e2\u0080\u009cQSens \u00e2\u0080\u0093 Quantum sensors of the future\u00e2\u0080\u009d (<a href=\"https://www.clusters4future.de/die-zukunftscluster/qsens\" target=\"_blank\">https://www.clusters4future.de/die-zukunftscluster/qsens</a>) is a large scale initiative between the Universities of Stuttgart and Ulm and 19 industrial partners. Apart from cluster-integrating measures, QSens consists of seven joint research projects. One of these research projects deals with the scalable manufacturing of quantum sensors based on silicon-vacancy centers (SiV centers) in silicon carbide. The Ph.D. student working at the Institute of Smart Sensors deals with chip-integrated microwave generation schemes as well as the chip-integrated low-noise readout of the electrical and optical responses of the sensor.</p><p><strong>Integrated transceivers for in-situ EPR spectrometry</strong></p><p>As part of the upcoming BMBF \u00e2\u0080\u009cHydrospin \u00e2\u0080\u0093 New catalysts for the efficient generation of hydrogen\u00e2\u0080\u009d, we are looking for candidates with a strong background in mixed-signal integrated circuit design who are willing to expand their horizon in a stimulating multidisciplinary research project with partners from chemistry, physics, and engineering. The Ph.D. student in Stuttgart will design an on-chip, in-situ EPR spectrometer in combination with a chip-integrated microwave heating for the EPR-based characterization of new catalysts.</p><p><strong>Integrated millimeter-wave EPR transceivers</strong></p><p>As part of the upcoming DFG priority program \u00e2\u0080\u009cINtegrated TERahErtz sySTems Enabling Novel Functionality (INTEREST)\u00e2\u0080\u009d (<a href=\"https://interest-thz.de/en/\" target=\"_blank\">https://interest-thz.de/en/</a>), we are looking for candidates with a strong background in mixed-signal integrated circuit design, ideally, with an emphasis on high-frequency electronics, who are willing to broaden their horizon towards the upcoming application of on-chip manipulation and detection of electron spins at very high frequencies up to 1\u00a0THz.</p><p><strong>Integrated interface electronics for diamond-based quantum sensing</strong></p><p>In collaboration with the 3rd Institute of Physics (Prof. Wrachtrup) and our industrial research partner Bosch, the IIS is launching a three-year research initiative towards the commercial use of quantum sensors based on NV centers in diamond. We are looking for candidates with a strong background in mixed-signal integrated circuit design and, ideally, also a good background in photonic engineering. The Ph.D. students in our group will design and characterize integrated interface electronics for scalable, miniaturized magnetic field sensors based on NV centers in diamond.</p><p><strong>In addition to the above-listed projects, the Institute of Smart Sensors is continuously looking for excellent Ph.D. students and PostDocs in a variety of other topics and encourages candidates to apply.</strong></p><p><strong>What we offer:</strong></p><ul><li>A stimulating research environment with currently 26 Ph.D. students working on a broad range of IC design topics for various applications in smart sensing for biomedical and materials science applications as well as quantum technologies</li><li>The possibility of obtaining a Ph.D. degree from one of Germany\u00e2\u0080\u0099s leading technical universities</li><li>Access to all state-of-the-art IC design tools</li><li>Large experience in IC manufacturing</li><li>A fully equipped mixed-signal lab for chip characterizations</li><li>Access to state-of-the-art cleanroom manufacturing technologies via a strong collaboration with IMS CHIPS in Stuttgart</li><li>Collaborations with leading industrial and academic partners</li><li>Competitive annual gross salary - depending on experience level - of &gt;40.000\u00e2\u0082\u00ac\u00a0</li></ul><p><strong>What we expect</strong>:\u00a0</p><ul><li>Experience in analog and mixed-signal integrated circuit design</li><li>Strong background in microelectronics or a similar field of study</li><li>Curiosity to expand your knowledge into interesting applications</li><li>Very good knowledge of the English language\u00a0</li><li>Strong motivation to introduce innovations into a current research topic</li><li>The ability to work in a team</li><li>Flexibility and dedication</li></ul><p>Candidates should send their application electronically by e-mail to:\u00a0<a href=\"mailto:application@ite.uni-stuttgart.de\">application@iis.uni-stuttgart.de</a>. The application in English or German should include a CV, a short motivation letter, and a transcript of records of the Bachelor\u00e2\u0080\u0099s and Master\u00e2\u0080\u0099s degrees. An abstract of the Master\u00e2\u0080\u0099s or Ph.D. thesis may also be included.</p>\n</div>", "requirements_description": "N/A", "conditions_description": "N/A", "employer_description": "N/A", "department_description": "N/A", "additional_information": "N/A", "apply_link": "N/A", "employer_link": "N/A", "job_type": "N/A", "logo": "https://content.academicpositions.com/eyJidWNrZXQiOiJhcC1wcm9kdWN0aW9uLW1lZGlhLWFyY2hpdmUiLCJrZXkiOiIyMDExXC8xMFwvc3R1dHRnYXJ0LXVuaS1lbi1sb2dvLmpwZyIsImVkaXRzIjpbXX0="}