{"url": "https://academicpositions.com/ad/rmit-international-university-vietnam-rmit-vietnam/2022/head-of-department-business-innovation/173788", "title": "Head of Department Business Innovation", "publish_date": "2022-01-10", "deadline": "2022-02-27", "location": "702 Nguyen Van Linh, District 7 Nh\u00c3\u00a0 B\u00c3\u00a8, Vietnam", "city": "702 Nguyen Van Linh", "country": "                                            702 Nguyen Van Linh, District 7 Nh\u00c3\u00a0 B\u00c3\u00a8, Vietnam\n                        \n                                    ", "position": "Engineer/Technician", "field": "Business Administration, Business Economics, Logistics, Management, Marketing, and 2 moreStrategic Management,Supply Chain Management", "salary": "N/A", "max_working_hours": "N/A", "employer": "RMIT International University Vietnam (RMIT Vietnam)", "job_description": "<div class=\"editor ck-content mt-6 mb-6 mb-md-8 mt-md-8\" id=\"editor\">\n<h3>Overview:</h3><p>An outstanding opportunity exists for an accomplished academic leader to join RMIT Vietnam as the Head of Department Business Innovation in our School of Business and Management based at our HCMC campus.</p><p>RMIT University is the Asian hub of RMIT University. RMIT Vietnam is leading the way in creating an innovative research, teaching and learning culture. It is committed to providing internationally recognised high-quality education and professional training for its students, clients and members of the community.</p><p>The School of Business and Management at RMIT Vietnam is closely affiliated with the College of Business and Law at RMIT University Melbourne and has established a world-class reputation for excellence in business and management education, providing high quality, industry responsive programs relevant to the national and global marketplace.</p><p>The largest of three Schools at RMIT Vietnam, the School of Business and Management has around 5000 enrolled students and 150 staff and delivers eight undergraduate Bachelor programs and three growing post-graduate programs across both campuses, HCMC and Hanoi.</p><p>The Head of Department \u00e2\u0080\u0093 Business Innovation is responsible for providing strategic leadership for the Department and for leadership of the academic and administrative function of the Department in disciplines of digital business, digital marketing, supply chain and logistics, and related disciplines.\u00a0 Reporting directly into the Dean SBM this role will support to lead and position the School of Business and Management as the centre of excellence for digital futures in Vietnam and the Asian region.\u00a0 Importantly, the Head of Department will lead high level engagements with relevant industries, government departments and will represent RMIT University in public events to ensure the School is well connected to industry and the community.</p><p>The Department of Business Innovation aspires to grow significantly in student numbers through the roll out of new courses and programs and strengthen its research impact including enhanced industry engagement. To be eligible to apply for this position, the candidate must be an Associate Professor or Professor with significant experience in leading a department of School, extensive experience in managing people with a solid and up to date academic research profile.</p><p>For further information, please click on the following link:\u00a0</p><p><strong>Benefits for successful applicants:</strong></p><ul><li>Highly competitive USD/VND salary for both local and expatriate candidates plus allowances and benefits.</li><li>Head of Department allowance in addition to package.</li><li><strong>Expatriate candidates</strong>: \u00a0Generous relocation allowance plus flights for you and your family.\u00a0 School tuition fee support of up to US$15,000 per child per year</li><li>Private insurance coverage for staff and family; plus, annual health check-up</li><li>An experienced Mobility and Relocation Advisor to support you with work permit process and resident cards for you and your family.</li><li><strong>Vietnamese candidates</strong>: 13th month Tet bonus + private medical insurance + annual health check.</li><li>Free on-site gym facilities plus variety of well-being and fitness classes available to staff.</li><li>Access to extensive international online library and resources</li><li>Undergraduate education fee support for dependents after a two-year qualifying period.</li></ul><p><strong>Further information</strong></p><ul><li>English is the language of teaching and communication at RMIT Vietnam. For this role, the minimum requirement is IELTS 7.0 with no band under 6.5</li><li>As an expatriate candidate please note that you will require a work permit to be employed in Vietnam.\u00a0 To qualify for a work permit you will need a PhD qualification and you will need to be able to demonstrate at least 5 years of tertiary education managerial and leadership experience.</li></ul><p><strong>Initial enquiries and requests for further information may be directed in confidence to Esther Walker, Manager Talent Acquisition at </strong><a href=\"mailto:esther.walker@rmit.edu.vn\"><strong>esther.walker@rmit.edu.vn</strong></a></p><h2>Applications Close:</h2><p><span style=\"color:rgb(74,74,74);\">27th 02 2022 11.59 pm</span></p><p>RMIT University Vietnam (RMIT Vietnam) is a campus of RMIT University. RMIT Vietnam is creating an innovative research, teaching and learning culture. We are committed to providing internationally recognised high-quality education and professional training for our students, clients and members of the community.\u00a0 As an internationally recognised Australian university based in Asia, RMIT Vietnam is assisting in the development of human resources capability in Vietnam and the region.</p><p><a href=\"https://www.rmit.edu.vn/about-us\" target=\"_blank\">https://www.rmit.edu.vn/about-us</a></p>\n</div>", "requirements_description": "N/A", "conditions_description": "N/A", "employer_description": "N/A", "department_description": "N/A", "additional_information": "N/A", "apply_link": "N/A", "employer_link": "N/A", "job_type": "N/A", "logo": "https://content.academicpositions.com/eyJidWNrZXQiOiJhcC1wcm9kdWN0aW9uLW1lZGlhLWFyY2hpdmUiLCJrZXkiOiIyMDE2XC8wN1wvUk1JVExvZ28ucG5nIiwiZWRpdHMiOltdfQ=="}