{"url": "https://academicpositions.com/ad/vrije-universiteit-brussel/2022/phd-scholarship-multi-dimensional-liquid-chromatography-for-the-analysis-of-oligonucleotides/175111", "title": "PhD Scholarship 'Multi-dimensional liquid chromatography for the analysis of oligonucleotides'", "publish_date": "2022-02-10", "deadline": "2022-03-31", "location": "Boulevard de la Plaine 2 Brussels, Belgium", "city": "Boulevard de la Plaine 2 Brussels", "country": "Belgium", "position": "PhD", "field": "Analytical Chemistry, Bioengineering, Chemical Engineering, Medicinal Chemistry, Pharmacy & Pharmacology,", "salary": "N/A", "max_working_hours": "N/A", "employer": "Vrije Universiteit Brussel (VUB)", "job_description": "<div class=\"editor ck-content mt-6 mb-6 mb-md-8 mt-md-8\" id=\"editor\">\n<h2><strong>1 - Working at the VUB</strong></h2><p>For already 50 years, the <strong>Vrije Universiteit Brussel</strong> has stood for freedom, equality and connectedness. These values are strongly present on our campuses, in our students as well as our staff. At the VUB, you\u00e2\u0080\u0099ll find a diverse collection of personalities: pure innovators and especially <strong>people who are 100% their authentic selves</strong>. With about <strong>3.500 employees</strong>, we are the <strong>largest Flemish-speaking employer in Brussels</strong>, an international city with which we are all too happy to be connected, and around which our four campuses are located.</p><p>Our education and research are grounded in the principles of <strong>free research</strong> with an eye on human progress. We disapprove of every purely authoritative argument and guarantee the free formation of judgement that is necessary for this basic principle to be incorporated in the community.</p><p>The VUB is autonomous and managed <strong>democratically</strong>. As such, we guarantee fundamental freedoms within our university, as well as the right of the university community to be involved in making and checking university policy.</p><p>The mission of the university includes:</p><ul><li>the development, the transfer and the application of high-standing academic education and scientific research, free from any prejudice;</li><li>community integration of this in a spirit of social compassion;</li><li>critical development of everyone in light of the responsibilities borne in the community.</li></ul><h2><strong>2 - Position description</strong></h2><p>The\u00a0<strong>Faculteit Ingenieurswetenschappen</strong>, Department <strong>Chemische ingenieurstechnieken en industri\u00c3\u00able scheikunde</strong>, is looking for a <strong>PhD-student with a doctoral grant</strong>.\u00a0</p><p>More concretely your work package, <strong>for the preparation of a doctorate</strong>, contains:\u00a0</p><p><u>Context:</u></p><p>The next-generation therapeutics is based on oligonucleotides. This project aims at establishing unprecedented resolving power using of two- and three-dimensional ultra-high-pressure liquid chromatography \u00e2\u0080\u0093 mass spectrometry for the comprehensive analysis of the primary structure and higher order structures of therapeutic oligonucleotides and their impurities. In addition, we will design, develop, and validate novel microfluidic membrane technology for on-line mobile-phase adaptation and \u00e2\u0080\u009cdecouple LC from MS\u00e2\u0080\u009d.\u00a0</p><p><u>Tasks and responsibilities:</u></p><ul><li>Develop analytical separation strategies for the advanced and in-depth characterization of oligonucleotide therapeutics (ASO, siRNA, etc.) in development, including their starting materials and intermediates.</li><li>Work independently with a high level of productivity to solve challenging analytical problems.</li><li>Write scientific papers aimed at high-impact journals.</li><li>Present data and reports on project status at group meetings and international conferences.</li><li>Teaching and knowledge dissemination activities.</li><li>Write and defend a PhD thesis.</li></ul><p>For this function, our\u00a0<strong>Brussels Humanities, Sciences &amp; Engineering Campus (Elsene)</strong>\u00a0will serve as your home base, but part of the project will be executed in the Janssen laboratories in Beerse.\u00a0</p><h2><strong>3 - Profile</strong></h2><p>What do we expect from you?</p><p><strong>You hold a Master\u00e2\u0080\u0099s degree in the field of (Analytical) Chemistry, Pharmacy, Bio-Engineering Sciences, or a related subject.</strong></p><ul><li>You have good knowledge on analytical sciences and practical experience with chromatography.</li><li>You have excellent English communication and writing skills.</li><li>You should be highly motivated, proactive, and self-organized.</li></ul><ul><li><u>You have not performed any works in the execution of a mandate as an assistant, paid from operating resources, over a total (cumulated) period of more than 12 months.</u></li></ul><h2><strong>4 - Offer</strong></h2><p>Are you going to be our new colleague?</p><p>You\u00e2\u0080\u0099ll be offered a <strong>full-time PhD-scholarship</strong>, for\u00a0<strong>12</strong>\u00a0<strong>months </strong>(extendable up to max. 48 months, on condition of the positive evaluation of the PhD activities), with planned starting date\u00a0<strong>01/09/2022</strong>.\u00a0</p><p>You\u00e2\u0080\u0099ll receive a grant linked to one of the scales set by the government.</p><p><strong><u>IMPORTANT:</u> The effective result of the doctorate scholarship is subject to the condition precedent of your enrolment as a doctorate student at the university.</strong></p><p>At the VUB, you\u00e2\u0080\u0099re guaranteed an open, involved and diverse workplace where you are offered opportunities to (further) build on your career.</p><p>As well as this, you\u00e2\u0080\u0099ll enjoy various benefits:</p><ul><li><strong>Full reimbursement for your home-work commute with public transport </strong>according to VUB-policy, or compensation if you come by bike;</li><li>Cost-free <strong>hospitalisation insurance</strong>;</li><li>The space to form your job content and <strong>continuously learn</strong> via VUB LRN;</li><li><strong>Excellent facilities for sport and exercise</strong>;</li><li><strong>Ecocheques</strong>;</li><li>Delicious meals at attractive prices in our <strong>campus restaurants</strong>;</li><li>An open, family-friendly work environment where attention is paid to work-life balance, and exceptional holiday arrangements with <strong>35 days of leave</strong> (based on a fulltime contract).</li></ul><h2><strong>5 - Interested?</strong></h2><p>Is this the job you\u00e2\u0080\u0099ve been dreaming of?</p><p>Send us <strong><u>ONLINE</u></strong> and <strong><u>at latest on 31/03/2022</u></strong>:</p><ul><li>your letter of motivation,\u00a0with a brief description of research ideas relevant to the project (max. 2 pages);</li><li>your curriculum vitae;</li><li>the grade list of your master;</li><li>two recent letters of recommendation;</li><li>the highest degree you\u00e2\u0080\u0099ve attained (not applicable for VUB alumni).</li></ul><p>Do you have questions about the job content? Contact Prof. Dr.Sebastiaan Eeltink\u00a0at Sebastiaan.Eeltink@vub.be\u00a0or on +32 (0)2 629 3324.</p><p>Would you like to know what it\u00e2\u0080\u0099s like to work at the VUB? Go to <strong><u>www.vub.ac.be/vacatures</u></strong> and find all there is to know about our campuses, benefits, strategic goals and your future colleagues.</p>\n</div>", "requirements_description": "N/A", "conditions_description": "N/A", "employer_description": "N/A", "department_description": "N/A", "additional_information": "N/A", "apply_link": "N/A", "employer_link": "N/A", "job_type": "N/A", "logo": "https://content.academicpositions.com/eyJidWNrZXQiOiJhcC1wcm9kdWN0aW9uLW1lZGlhLWFyY2hpdmUiLCJrZXkiOiJlYmRcL2NmZFwvZWJkY2ZkZTdkNmZhZDM2Mzc5N2U0Yjk1MGRjM2MzODkucG5nIiwiZWRpdHMiOltdfQ=="}