{"url": "https://academicpositions.com/ad/stockholm-university/2022/associate-professor-in-mathematical-statistics/175278", "title": "Associate Professor in Mathematical Statistics", "publish_date": "2022-02-16", "deadline": "2022-03-20", "location": "Universitetsv\u00c3\u00a4gen 10 Stockholm, Sweden", "city": "Universitetsv\u00c3\u00a4gen 10 Stockholm", "country": "Sweden", "position": "Associate Professor", "field": "Applied Mathematics, Computational Mathematics, Machine Learning, Probability Theory, Statistics, and 1 moreStochastics", "salary": "N/A", "max_working_hours": "N/A", "employer": "Stockholm University", "job_description": "<div class=\"editor ck-content mt-6 mb-6 mb-md-8 mt-md-8\" id=\"editor\">\n<p><strong>at </strong><a href=\"https://www.su.se/department-of-mathematics/\" target=\"_blank\"><strong>the Department of Mathematics</strong></a><strong>. Closing date: 20\u00a0March\u00a02022.</strong></p><p>The Department of Mathematics at Stockholm University has 38 faculty staff members, divided into three divisions: Mathematics, Mathematical Statistics and Computational Mathematics.<br/>The Division of Mathematical Statistics carries out research in a wide range of topics in probability theory and statistics, including\u00a0 biostochastics and biostatistics (in particular applications towards genetics and epidemic spread), discrete random structures (in particular random networks, graphs and random growth models), mathematical and statistical aspects of finance and insurance (in particular portfolio theory, stochastic control theory, valuation and risk measurement in finance and insurance, predictive modelling).\u00a0</p><p><strong>Subject</strong><br/>Mathematical Statistics.</p><p><strong>Subject description</strong><br/>Mathematical statistics consists of statistical theory and probability theory, and their applications.</p><p><strong>Main responsibilities</strong><br/>Research, teaching and supervision.</p><p><strong>Qualification requirements</strong><br/>In order to qualify for the position as associate professor, the applicant must have demonstrated good teaching skills and have a doctoral degree, or equivalent research expertise, of relevance to the subject area and the main responsibilities of the position.</p><p>All teaching positions at Stockholm University require the ability to collaborate and the general ability and suitability to perform one\u00e2\u0080\u0099s duties.</p><p><strong>Assessment criteria</strong><br/>In the appointment process, special attention will be given to research and teaching skills.<br/>The assessment of research skills will focus primarily on merits within the subject area of the position.</p><p>The following will also be considered:</p><ul><li>Research skills demonstrating ability to mathematically analyse and develop methods in statistical machine learning or computational statistics,</li><li>Teaching experience in modern statistics,</li><li>Broad knowledge in Mathematical Statistics.</li></ul><p>In the case of otherwise similar qualifications, ability to\u00a0collaborate with researchers from the department in for instance, method development and mathematical analysis in statistical machine learning, computational statistics, epidemiology and insurance mathematics will be used to distinguish between candidates.</p><p><strong>Teaching and learning in higher education</strong><br/>Completed training in teaching and learning in higher education, or equivalent knowledge, is an advantage.<br/>An applicant who has not completed at least 15 credits of teaching and learning in higher education and is not considered to have otherwise acquired equivalent knowledge should undergo such training within the first two years of employment.</p><p><strong>Additional information</strong><br/>*Swedish \u00e2\u0080\u009cuniversitetslektor\u00e2\u0080\u009d; tenured position approximately equivalent to Senior Lecturer (UK) or Associate Professor (US).</p><p>Proficiency in Swedish is not a requirement at the time of appointment, but the candidate should be prepared to carry out teaching and administrative duties that require proficiency in Swedish within two years of employment.\u00a0</p><p>Female applicants are particularly welcome, as most associate professors at the department are men.</p><p>Stockholm University strives to be a workplace free from discrimination and with equal opportunities for all.</p><p><strong>Contact</strong><br/>Further information about the position can be obtained from the Head of the Department, professor Joanna Tyrcha, telephone: +46 8 16 45 67, <a href=\"mailto:joanna@math.su.se\"><u>joanna@math.su.se</u></a>\u00a0or Head of the Division of Mathematical Statistics, professor\u00a0Filip Lindskog, telephone:\u00a008-16 45 64,\u00a0<a href=\"mailto:lindskog@math.su.se\"><u>lindskog@math.su.se</u></a>.</p><p>For questions regarding the application process, please contact administrator Rahwa Ghebresellase, telephone: +46 8 16 21 27, <a href=\"mailto:fornamn.efternamn@su.se\"><u>rahwa.ghebresellase@su.se</u></a>.</p><p><strong>Union representatives</strong><br/>Ingrid Lander\u00a0(Saco-S), telephone: +46 708 16 26 64,\u00a0<a href=\"mailto:saco@saco.su.se\"><u>saco@saco.su.se</u></a>, Alejandra Pizarro Carrasco (Fackf\u00c3\u00b6rbundet ST/L\u00c3\u00a4rarf\u00c3\u00b6rbundet), telephone: +46 8 16 34 89, <a href=\"mailto:alejandra@st.su.se\"><u>alejandra@st.su.se</u></a>, and <a href=\"mailto:seko@seko.su.se\"><u>seko@seko.su.se</u></a> (SEKO).</p><p><strong>Application</strong><br/>Apply for the position at Stockholm University's recruitment system. It is the responsibility of the applicant to ensure that the application is complete in accordance with the instructions in the job advertisement, and that it is submitted before the deadline.</p><p>We would appreciate it if your application is written in English. Since it will be examined by international experts, English is the working language.</p><p>The University\u00e2\u0080\u0099s rules of employment and instructions for applicants are available at: <a href=\"https://www.su.se/english/about-the-university/work-at-su/how-to-apply-for-a-position\" target=\"_blank\"><u>How to apply for a position</u></a>.</p><p><strong>You are welcome to apply!</strong></p><p><i>Stockholm University contributes to the development of sustainable democratic society through knowledge, enlightenment and the pursuit of truth.</i></p>\n</div>", "requirements_description": "N/A", "conditions_description": "N/A", "employer_description": "N/A", "department_description": "N/A", "additional_information": "N/A", "apply_link": "N/A", "employer_link": "N/A", "job_type": "N/A", "logo": "https://content.academicpositions.com/eyJidWNrZXQiOiJhcC1wcm9kdWN0aW9uLW1lZGlhLWFyY2hpdmUiLCJrZXkiOiIyMDEwXC8wNVwvc3RvY2tob2xtLXVuaS1sb2dvLnBuZyIsImVkaXRzIjpbXX0="}