{"url": "https://academicpositions.com/ad/american-university-of-iraq-baghdad/2022/associate-director-human-resources/175369", "title": "Associate Director Human Resources", "publish_date": "2022-02-17", "deadline": "N/A", "location": "Airport Road Baghdad, Iraq", "city": "Airport Road Baghdad", "country": "Iraq", "position": "Management", "field": "Educational Leadership, Educational Management, Human Resource Management, Labour Economics, Management, and 2 moreOrganizational Economics,Strategic Management", "salary": "N/A", "max_working_hours": "N/A", "employer": "American University of Iraq - Baghdad", "job_description": "<div class=\"editor ck-content mt-6 mb-6 mb-md-8 mt-md-8\" id=\"editor\">\n<p><strong>Human Resources Department</strong></p><p><strong>Why the American University of Iraq \u00e2\u0080\u0093 Baghdad?</strong></p><p>Opening its doors in January of 2021, the new American University of Iraq \u00e2\u0080\u0093 Baghdad (AUIB) began as a dream of influential individuals in Iraqi and the United States business, industry and government who want to see a world-class institution of higher learning established in the city, reminiscent of the days when Baghdad was an educational mecca and flourishing capital of the Muslim world.\u00a0 With a great library, palatial college buildings and student centers, state-of-the-art classrooms, laboratories, and athletic facilities, AUIB will be a beautiful campus attracting students, faculty, and staff from throughout the world.\u00a0 We invite you to join us in this exciting new venture.</p><p>This position will report directly to\u00a0<strong>Director of Human Resources</strong></p><p><strong>Job Summary:</strong><br/>The successful candidate\u00e2\u0080\u0099s primary responsibility will be the daily operations of the HR department with a focus on faculty.</p><p>Developing and implementing HR strategies, policies, and standard operating procedures so as to create operational excellence. The successful candidate will conduct human resource support activities and assist in the implementation of organizational change.</p><p>This position will perform employee/and or labor relation activities, report on external benchmarking and support HR compliance.</p><p>Drive the HR accreditation/certification in various industry bodies.\u00a0</p><p><strong>Strategic Goals:</strong></p><ul><li>Accreditation of AUIB HR</li></ul><p><strong>Essential Requirements:</strong></p><ul><li>Expat position AUIB is seeking to diversify its workforce and actively encourages candidates of all backgrounds to apply. AUIB especially welcomes applications from native English-speaking\u00a0candidates and those with academic qualifications obtained in Europe and North America.<i>\u00a0</i></li><li>Deep work experience in the Middle East (Iraq)</li><li>Extensive knowledge of the American Education system and integration into the host country\u00e2\u0080\u0099s education processes.</li><li>Proven track record in educational institutions.</li></ul><p><strong>Essential Roles &amp; Responsibilities:</strong></p><ul><li>Daily operations of HR according to SOP and AUIB policies.</li><li>Pursues self-development and effective relationships with others by proactively providing resources, information, advice, and expertise with colleagues, providing mentoring to team members; listening and responding to, seeking, and addressing performance feedback; creating plans to capitalize on strengths and develop weaknesses; anticipating and responding to the needs of others; and adapting to and learning from change, difficulties, and feedback.</li><li>Completes work assignments by applying up-to-date HR expertise in the subject area to generate creative solutions; ensuring all procedures and policies are followed; leveraging an understanding of data, and resources to support projects or initiatives; collaborating cross-functionally to solve business problems; identifying and monitoring priorities, deadlines, and expectations; communicating progress and information; identifying, recommending, and implementing ways to address improvement opportunities; and escalating issues or risks as appropriate.</li><li>Supports the development and deployment of strategies, programs, policies, and procedures with HR Director, departments, colleges by assessing HR impact in consideration of changing strategies; researching and analyzing organizational data and processes to identify trends, root causes, and potential solutions to HR issues; delivering data-driven recommendations on HR efforts; and providing solutions in consideration of both HR and business objectives.</li><li>Assists in the implementation of organizational change efforts by identifying requirements; assessing information to identify solutions to obstacles and mitigating risks.\u00a0</li><li>Performs employee and/or labor relations activities by conducting research and providing recommendations and assistance on employment-related regulations.</li><li>Supports reporting of AUIB employee information and external benchmarks by compiling, completing, and interpreting reports and analyses; and identifying key insights to assist in the development of solutions for HR issues.</li><li>Supports HR compliance by staying abreast of regulatory changes; interpreting and acting on regulatory updates; and supporting the implementation of designated changes.</li></ul><p><strong>Critical Skills:</strong></p><ul><li>Effective communication skills.</li><li>Adaptability skills</li><li>Relationship building</li><li>Technological skills</li><li>Critical thinking</li><li>Interpersonal skills</li><li>Complexity translation skills</li></ul><p><strong>Minimum Qualifications:</strong></p><p>Bachelor\u00e2\u0080\u0099s degree in human sciences</p><p>HR experience of minimum 10 years</p><p><strong>Application Procedure:\u00a0</strong></p><p>Applications should include:</p><ul><li><strong>Cover Letter</strong>\u00a0</li><li><strong>Curriculum Vita</strong></li><li><strong>Passport First Data Page</strong></li><li><strong>Contact Information For Three (3) Professional References</strong></li><li><strong>Copies Of Degrees Or Certification</strong></li></ul><p>Applications will be accepted until the position is filled. Confidential review of materials and screening of candidates will begin immediately.\u00a0</p><p>Please apply through AUIB website OR send your application and supporting documents to the following email address:</p><p><a href=\"mailto:jobs@auib.edu.iq\">jobs@auib.edu.iq</a>\u00a0with\u00a0<a href=\"mailto:Karin.Jesuis@auib.edu.iq\">Karin.Jesuis@auib.edu.iq</a>\u00a0in copy.<strong>\u00a0</strong></p><p><strong>A declaration of a relation at AUIB is obligatory</strong></p><p><strong>We will contact you if you are selected for interview.</strong></p><p><i>AUIB is seeking to diversify its workforce and actively encourages candidates of all backgrounds to apply. AUIB especially welcomes applications from native English speaking\u00a0candidates and those with academic qualifications obtained in Europe and North America.\u00a0</i></p>\n</div>", "requirements_description": "N/A", "conditions_description": "N/A", "employer_description": "N/A", "department_description": "N/A", "additional_information": "N/A", "apply_link": "N/A", "employer_link": "N/A", "job_type": "N/A", "logo": "https://content.academicpositions.com/eyJidWNrZXQiOiJhcC1wcm9kdWN0aW9uLW1lZGlhLWFyY2hpdmUiLCJrZXkiOiJ1cGxvYWRzXC9pNGszZzI0c3NUb0VuOFpCbG8zVDI3Wm5TRU1RdXppU2hLRFdTdGVkLmpwZyIsImVkaXRzIjpbXX0="}