{"url": "https://academicpositions.com/ad/kimep-university/2022/dean-bang-college-of-business/174577", "title": "Dean, Bang College of Business", "publish_date": "2022-01-28", "deadline": "2022-02-24", "location": "KIMEP University 2 Abay Ave Almaty, Kazakhstan", "city": "KIMEP University 2 Abay Ave Almaty", "country": "Kazakhstan", "position": "Management", "field": "Business Administration, Educational Leadership, Educational Management, Higher Education, Management, and 1 moreStrategic Management", "salary": "N/A", "max_working_hours": "N/A", "employer": "KIMEP University", "job_description": "<div class=\"editor ck-content mt-6 mb-6 mb-md-8 mt-md-8\" id=\"editor\">\n<p><span style=\"color:#212529;\">Bang College of Business is looking for candidates to the following vacant position:</span><br/><span style=\"color:#212529;\"><strong>Dean of Bang College of Business</strong></span></p><p><span style=\"color:#212529;\"><strong>Position summary</strong></span></p><p><span style=\"color:#212529;\">To provide strategic leadership and strategic management in the academic and operational development of the College</span></p><p><span style=\"color:#212529;\"><strong>Duties and Responsibilities</strong></span></p><ol><li>Administers Department heads, staff and students of college.</li><li>Approves: work curriculum and syllabuses for disciplines; catalog of electives; individual academic schedules of students.</li><li>Organizes and conducts professional orientation and hiring procedures for college.</li><li>Supervises scheduling of classes, examinations, tests, and supervises their execution.</li><li>Monitors and regulates organization of academic process, academic workshops and professional internships.</li><li>Makes a notion for student transfer from one year of study to the next. Admits students to examinations.</li><li>Gives permission take and re-take term examinations early.</li><li>Ensure implementation of University-wide policies and regulations within the College</li><li>Ensure the proper use and allocation of all resources - physical, information, human and financial, including delivery to plan within budget.</li><li>Contribute fully to the University's corporate planning and communications processes and lead the development of College Plans, including the setting of income generation targets.</li><li>Be responsible for the management of all staff in the College including, the maintenance of a safe and healthy working environment.</li><li>Chair the College Council and to uphold and promote the University's mission, vision and values.</li><li>Assure the academic quality of academic processes and outputs (research, consultancy and teaching and learning), the maintenance of academic standards, and ensure a fair and appropriate service to students.</li><li>Act as an ambassador for the College and the University to appropriate employers and other bodies, policy makers and other stakeholders.</li><li>Operate as a member of the President\u00e2\u0080\u0099s Cabinet.</li><li>Undertake such duties as may be commensurate with the post as required from time to time by the VPAA or his/her proxy.</li><li>Organizes and implements innovative learning technologies, as well as the use of teaching aids.</li><li>Works to strengthen and develop material and technical facilities of college.</li><li>Brings to the College Board issues related to improving educational process as well as student training.</li></ol><p><span style=\"color:#212529;\"><strong>Key tasks</strong></span></p><ol><li>Develops a strategy for development of college.</li><li>Strengthens and develops external communications with employers and educational authorities.</li><li>Examines educational market and labor market for majors provided at college.</li><li>Supervises academic, educational and scientific work of college. Heads development and implementation of educational and vocational programs, curricula, academic course programs as well as all accreditation efforts.</li><li>Organizes development of scientific-methodological and academic-methodological support of academic process.</li><li>Develops intercollege quality system of professional education.</li><li>Hold College Councils at least 6 times a year.</li><li>Hold regularly scheduled meetings with Associate Deans and Chairs.</li><li>Monitor staffing at departmental and college levels.</li><li>Ensure course planning and teaching allocations are made before teaching commences.</li><li>Assess and prioritise resource needs.</li><li>Monitor all project work within college reporting as appropriate.</li><li>Monitor and advise on college budget.</li></ol><p><span style=\"color:#212529;\"><strong>Teaching load:\u00a0</strong>1 course per year</span></p><p><span style=\"color:#212529;\"><strong>Required Qualifications and Experience</strong></span></p><p><span style=\"color:#212529;\">Applicants should have doctorate degree from internationally-recognized, accredited university. Applicants should ideally have 5 (five) years of senior level administrative experience at an Educational institute. Dean would normally be expected to be at least an Associate Professor with substantial academic experience.</span></p><p><span style=\"color:#212529;\"><strong>KIMEP University</strong></span></p><p><span style=\"color:#212529;\">KIMEP University is the leading, internationally \u00c2\u00adaccredited, English\u00c2\u00ad speaking academic institution in the Commonwealth of Independent States. It provides a world-class academic experience and a unique international environment to all its students and faculty. KIMEP was established in 1992 and has built a very strong regional reputation as a leading provider of higher education. All graduate and undergraduate programs are accredited by at least one recognized international accreditation agency.\u00a0Academic programs are consistently rated in the top ranks by national bodies.</span></p><p><span style=\"color:#212529;\"><strong>Almaty, Kazakhstan</strong></span></p><p><span style=\"color:#212529;\">Almaty is situated at the base of majestic Tien Shan Mountains in Southeast Kazakhstan. About 2 million people live in or near Almaty because it is the financial, cultural, summer and winter sports and cosmopolitan capital of Kazakhstan. Kazakhstan is located in the heart of Eurasia with important commercial inroads bridging Asia and Europe. Boasting the Silk Road of the 21st century, Kazakhstan offers unique positions in oil and gas, economic development, and trade. With a transitioning economy that has witnessed four\u00c2\u00adfold growth over the past decade, Kazakhstan's dynamically changing economic, social, educational and cultural environment provides incredible opportunities for significant and original research.</span></p><p><span style=\"color:#212529;\"><strong>Compensation</strong></span></p><p><span style=\"color:#212529;\">Rank and salary are competitive and commensurate with experience and qualifications. Compensation after-tax compares favorably with net salaries in western countries.</span></p><p><span style=\"color:#212529;\"><strong>Application Process</strong></span></p><p><span style=\"color:#212529;\">Please submit your application and the following documents to\u00a0<strong><u>directly via this HR Portal link:</u></strong></span></p><p><a href=\"https://hr.kimep.kz/en-US/Home/Vacancy/365\" target=\"_blank\"><span style=\"color:#333366;\">https://hr.kimep.kz/en-US/Home/Vacancy/365</span></a></p><p><span style=\"color:#212529;\"><strong>Please attach the following documents to your application via\u00a0HR Portal:</strong></span></p><ul><li><strong>CV</strong></li><li><strong>Cover letter</strong>\u00a0that\u00a0indicates the position applied, how you meet the minimum and preferred qualifications, course(s) you can teach, and salary expectations</li><li>Short\u00c2\u00adlisted candidates will later be required to submit 2 recommendation letters</li></ul><p><span style=\"color:#212529;\"><strong>Closing date\u00a0for submission of applications: February 24, 2021 (Thursday, 11:59 pm based on Almaty time).</strong></span></p><p><span style=\"color:#212529;\"><i>Personal data provided by applicants will be kept confidential and used for recruitment purpose only.\u00a0</i></span></p><p><span style=\"color:#212529;\">Only short\u00c2\u00adlisted candidates will be informed and invited for interviews.\u00a0</span></p><p><span style=\"color:#212529;\">Address any related questions to our HR Manager:\u00a0</span><a href=\"mailto:recruitment@kimep.kz\"><span style=\"color:#333366;\">recruitment@kimep.kz</span></a></p>\n</div>", "requirements_description": "N/A", "conditions_description": "N/A", "employer_description": "N/A", "department_description": "N/A", "additional_information": "N/A", "apply_link": "N/A", "employer_link": "N/A", "job_type": "N/A", "logo": "https://content.academicpositions.com/eyJidWNrZXQiOiJhcC1wcm9kdWN0aW9uLW1lZGlhLWFyY2hpdmUiLCJrZXkiOiI0ZmNcLzNkZVwvNGZjM2RlMjFhYjUwN2ZkZmY4NTQ0NGM3OTE4YmY2YjMucG5nIiwiZWRpdHMiOltdfQ=="}