{"url": "https://academicpositions.com/ad/centrum-wiskunde-informatica-cwi/2022/phd-student-on-the-subject-of-security-intelligence-and-smart-energy-systems/175296", "title": "PhD Student on the Subject of Security, Intelligence, and Smart Energy Systems", "publish_date": "2022-02-16", "deadline": "2022-03-13", "location": "Science Park 123 Amsterdam, Netherlands", "city": "Science Park 123 Amsterdam", "country": "Netherlands", "position": "PhD", "field": "Artificial Intelligence, Cyber Security, Electrical Engineering, Energy Technology, Systems Engineering,", "salary": "N/A", "max_working_hours": "N/A", "employer": "Centrum Wiskunde & Informatica (CWI)", "job_description": "N/A", "requirements_description": "N/A", "conditions_description": "N/A", "employer_description": "N/A", "department_description": "N/A", "additional_information": "N/A", "apply_link": "N/A", "employer_link": "N/A", "job_type": "N/A", "logo": "https://content.academicpositions.com/eyJidWNrZXQiOiJhcC1wcm9kdWN0aW9uLW1lZGlhLWFyY2hpdmUiLCJrZXkiOiJ1cGxvYWRzXC9KM1R4VmFLQzNObG1pUjVKZ0dSMUVjSmFFNzZJcUljbERnUTVSUkRLLnBuZyIsImVkaXRzIjpbXX0="}