{"url": "https://academicpositions.com/ad/iu-international-university-of-applied-sciences/2022/freelance-academic-author-m-f-d-it-law/174024", "title": "Freelance Academic Author (m/f/d) \u00e2\u0080\u0093 IT Law", "publish_date": "2022-01-14", "deadline": "N/A", "location": "N/A", "city": "N/A", "country": "N/A", "position": "Engineer/Technician", "field": "Contract Law, Digital Law, Property Law,", "salary": "N/A", "max_working_hours": "N/A", "employer": "IU International University of Applied Sciences", "job_description": "<div class=\"editor ck-content mt-6 mb-6 mb-md-8 mt-md-8\" id=\"editor\">\n<p><strong>Be part of a growing business \u00e2\u0080\u0093 start your career at IU!\u00a0</strong>\u00a0</p><p>Since its founding in 1998, the IU International University of Applied Sciences has developed into the largest private university for online and dual study programs in Europe. We offer more than 80 career-oriented bachelor and master programs in various disciplines. These English and German language programs are all accredited and\u00a0state-recognized. As a pioneer in digital education, we continuously improve the learning experience of our students with the help of innovative technologies and consistently focus on their satisfaction. Through our employees\u00e2\u0080\u0099 entrepreneurial\u00a0mindset\u00a0we continue to achieve our ambitious goals and high growth rate of more than 50 percent.\u00a0</p><p>\u00a0<br/><strong>Course Title:</strong>\u00a0IT Law<br/><strong>Study Programme:</strong>\u00a0Bachelor Cyber Security, Distance Learning\u00a0<br/><strong>Language:</strong>\u00a0English\u00a0\u00a0<br/>\u00a0</p><p><strong>COURSE CONTENT</strong></p><p>Basic Concepts of Legal Systems</p><p>Internet and Domain Law</p><p>Contracts</p><p>Intellectual Property</p><p>Data Protection/ Privacy</p><p><strong>WHAT WE OFFER</strong></p><p>Remote and freelance contract\u00a0\u00a0</p><p>Ability to develop your academic\u00a0writing\u00a0\u00a0</p><p>Guidelines and support from internal departments\u00a0</p><p>Opportunities to work on similar future\u00a0projects\u00a0<br/>\u00a0</p><p><strong>YOUR RESPONSIBILITIES</strong></p><p>Creating a course book and reading list\u00a0(130-180 pages)\u00a0from an existing module description\u00a0\u00a0</p><p>Creating various assessment types\u00a0\u00a0</p><p><strong>YOUR PROFILE</strong></p><p>A completed academic degree and profile (Master or PhD) related to the subject\u00a0area\u00a0\u00a0</p><p>Industry\u00a0experience and/or previous experience developing course materials is\u00a0advantageous\u00a0<br/>\u00a0</p><p><strong>For your application to be considered please submit the following documents\u00a0(in English and in a single .pdf file):\u00a0</strong>\u00a0</p><p><strong>Tailored CV and Cover Letter (including your earliest start date)</strong>\u00a0</p><p><strong>An independent writing sample (3-5 pages) related to one of the topics listed under \u00e2\u0080\u0098Course\u00a0Content\u00e2\u0080\u0099\u00a0</strong>\u00a0</p><p><strong>Academic Transcripts\u00a0</strong>\u00a0<br/>\u00a0</p><p>We look forward to receiving your application.\u00e2\u0080\u00af \u00a0<br/>\u00a0\u00a0\u00a0<br/>For\u00a0questions\u00a0please contact\u00a0Saska Hayre<strong>\u00a0(</strong><a href=\"mailto:recruiting-medienproduktion-fernstudium@iu.org\"><u>recruiting-medienproduktion-fernstudium@iu.org</u></a><u>\u00a0</u><strong>).</strong>\u00a0Please note that we cannot accept applications via email.\u00a0 \u00a0\u00a0<br/>\u00a0\u00a0\u00a0<br/>For further information please visit\u00a0<a href=\"https://www.iu-careers.com/\" target=\"_blank\"><strong><u>https://www.iu-careers.com/</u></strong></a>\u00a0or\u00a0<a href=\"https://www.iubh-international.com/\" target=\"_blank\"><strong><u>https://www.iu.de/en/</u></strong></a><strong>\u00a0</strong>\u00a0</p>\n</div>", "requirements_description": "N/A", "conditions_description": "N/A", "employer_description": "N/A", "department_description": "N/A", "additional_information": "N/A", "apply_link": "N/A", "employer_link": "N/A", "job_type": "N/A", "logo": "https://content.academicpositions.com/eyJidWNrZXQiOiJhcC1wcm9kdWN0aW9uLW1lZGlhLWFyY2hpdmUiLCJrZXkiOiIzNTBcL2M3NlwvMzUwYzc2ZjY1MTBlMGIwNDc1MDE4NGI2MzQ4ZjhmMmYucG5nIiwiZWRpdHMiOltdfQ=="}