{"url": "https://academicpositions.com/ad/university-of-twente/2022/assistantassociate-professor-mixed-reality-and-training/174614", "title": "Assistant/Associate Professor Mixed Reality andTraining", "publish_date": "2022-01-28", "deadline": "2022-02-25", "location": "Drienerlolaan 5 Hengelo, Netherlands", "city": "Drienerlolaan 5 Hengelo", "country": "Netherlands", "position": "Associate Professor", "field": "Cognitive Psychology, Human-computer Interaction, Programming Languages,", "salary": "N/A", "max_working_hours": "N/A", "employer": "University of Twente", "job_description": "N/A", "requirements_description": "N/A", "conditions_description": "N/A", "employer_description": "N/A", "department_description": "N/A", "additional_information": "N/A", "apply_link": "N/A", "employer_link": "N/A", "job_type": "N/A", "logo": "https://content.academicpositions.com/eyJidWNrZXQiOiJhcC1wcm9kdWN0aW9uLW1lZGlhLWFyY2hpdmUiLCJrZXkiOiI0NmRcL2Q0NlwvNDZkZDQ2MmNmODFlMjFhNzYzN2E3ZDk1ZmE3NjM3MzQucG5nIiwiZWRpdHMiOltdfQ=="}