{"url": "https://academicpositions.com/ad/university-of-agder-uia/2022/phd-research-fellow-in-degradation-of-lithium-ion-batteries/174412", "title": "PhD Research Fellow in degradation of lithium-ion batteries", "publish_date": "2022-01-25", "deadline": "2022-02-28", "location": "Gimlemoen 25 Kristiansand, Norway", "city": "Gimlemoen 25 Kristiansand", "country": "Norway", "position": "Postdoc", "field": "Electrical Engineering, Electrochemistry, Energy Technology, Materials Chemistry, Materials Engineering,", "salary": "N/A", "max_working_hours": "N/A", "employer": "University of Agder (UiA)", "job_description": "N/A", "requirements_description": "N/A", "conditions_description": "N/A", "employer_description": "N/A", "department_description": "N/A", "additional_information": "N/A", "apply_link": "N/A", "employer_link": "N/A", "job_type": "N/A", "logo": "https://content.academicpositions.com/eyJidWNrZXQiOiJhcC1wcm9kdWN0aW9uLW1lZGlhLWFyY2hpdmUiLCJrZXkiOiJjNWRcLzYyOFwvYzVkNjI4MGVhN2ZjMjA3MDU2ZWRkZjU0YjAwMGRlNzYucG5nIiwiZWRpdHMiOltdfQ=="}