{"url": "https://academicpositions.com/ad/kth-royal-institute-of-technology/2022/assistant-professor-in-mathematics-mathematical-foundations-of-artificial-intelligence/174730", "title": "Assistant professor in mathematics - mathematical foundations of artificial intelligence", "publish_date": "2022-02-01", "deadline": "2022-03-14", "location": "Valhallav\u00c3\u00a4gen 79 Stockholm, Sweden", "city": "Valhallav\u00c3\u00a4gen 79 Stockholm", "country": "Sweden", "position": "Assistant Professor", "field": "Algebra, Analysis, Applied Mathematics, Artificial Intelligence, Computational Mathematics, and 7 moreGeometry and Topology,Logic,Machine Learning,Number Theory,Probability Theory,Statistics,Stochastics", "salary": "N/A", "max_working_hours": "N/A", "employer": "KTH Royal Institute of Technology", "job_description": "N/A", "requirements_description": "N/A", "conditions_description": "N/A", "employer_description": "N/A", "department_description": "N/A", "additional_information": "N/A", "apply_link": "N/A", "employer_link": "N/A", "job_type": "N/A", "logo": "https://content.academicpositions.com/eyJidWNrZXQiOiJhcC1wcm9kdWN0aW9uLW1lZGlhLWFyY2hpdmUiLCJrZXkiOiIyMDE2XC8wNlwvS1RIX0xvZ290eXBfUkdCXzIwMTMuanBnIiwiZWRpdHMiOltdfQ=="}