{"url": "https://academicpositions.com/ad/european-molecular-biology-laboratory-embl/2022/embl-international-phd-programme-2022-summer-recruitment/175228", "title": "EMBL International PhD Programme \u00e2\u0080\u0093 2022 Summer Recruitment", "publish_date": "2022-02-14", "deadline": "2022-04-19", "location": "Meyerhofstra\u00c3\u009fe 1 Heidelberg, Germany", "city": "Meyerhofstra\u00c3\u009fe 1 Heidelberg", "country": "Germany", "position": "PhD", "field": "Algorithms, Analysis, Animal Biology & Ethology, Applied Mathematics, Applied Physics, and 54 moreArtificial Intelligence,Atomic, Molecular and Optical Physics,Bacteriology,Big Data,Biochemistry,Bioengineering,Bioinformatics,Biomedical Engineering,Biomedicine,Biophysics,Biostatistics,Biosystems Engineering,Biotechnology,Cancer Research,Cell Biology,Chemical Biology,Chemical Engineering,Chemical Physics,Computational Biology,Computational Mathematics,Computational Sciences,Computing in Mathematics, Natural Science, Engineering and Medicine,Data Mining,Databases,Developmental Biology,Evolutionary Biology,Genetics,Human Biology,Image Processing,Immunology,Infectious Diseases,Informatics,Instrumentation Engineering,Machine Learning,Marine Biology,Medicinal Chemistry,Microbiology,Molecular Biology,Molecular Chemistry,Molecular Medicine,Molecular Physics,Nanobiology,Neuroscience,Optical Engineering,Optics,Photonics,Robotics,Software Engineering,Statistics,Stochastics,Structural Biology,Systems Biology,Theoretical Physics,Virology", "salary": "N/A", "max_working_hours": "N/A", "employer": "European Molecular Biology Laboratory (EMBL)", "job_description": "<div class=\"editor ck-content mt-6 mb-6 mb-md-8 mt-md-8\" id=\"editor\">\n<figure class=\"image\"><img src=\"https://ap-production-media-archive.s3.eu-north-1.amazonaws.com/uploads/oY4TbHRoTTf4SRbbGAjfxcYnq1dwtXQ7b2blkEQ0.png\"/></figure><p>Would you like to\u00a0<strong>contribute your creativity to an international team of scientists\u00a0</strong>from\u00a0various disciplines focusing on basic research in the area of molecular life sciences?\u00a0</p><p>The European Molecular Biology Laboratory (EMBL) invites you to\u00a0<strong>apply for PhD positions\u00a0</strong>in Heidelberg, Barcelona, Grenoble, Hamburg, Hinxton (near Cambridge) and Rome.\u00a0We\u00a0welcome candidates with\u00a0diverse\u00a0backgrounds, such as in Biology, Chemistry, Physics, Mathematics, Computer Science, Engineering and Molecular Medicine.<br/><strong>EMBL\u00a0provides PhD students with a\u00a0starting platform for a successful career in science by fostering early independence and interdisciplinary research.\u00a0The enriching encounter of different nationalities, the friendly and collaborative atmosphere, and the passion for science is what unites EMBL\u00e2\u0080\u0099s diverse staff and provides an ideal setting to forge long-lasting connections and make studying at EMBL a formative experience.\u00a0</strong>Our PhD positions\u00a0are fully funded and offer broad health care\u00a0and pension\u00a0benefits.</p><p>Full details on how to submit your online application are available here:\u00a0<a href=\"https://www.embl.org/about/info/embl-international-phd-programme/application/\" target=\"_blank\">https://www.embl.org/about/info/embl-international-phd-programme/application/</a></p><p>The deadline for\u00a0submitting the application is\u00a0<strong>19 April 2022</strong>.\u00a0</p><p>Recruited\u00a0candidates would start their work at EMBL latest by mid of October 2022.</p><p>For further information,\u00a0please visit our\u00a0<a href=\"https://www.embl.org/about/info/embl-international-phd-programme/\" target=\"_blank\">web page</a>\u00a0or contact the\u00a0<a href=\"mailto:graduate-office@embl.org\">EMBL Graduate Office</a>.</p><p><a href=\"https://www.embl.org/about/info/embl-international-phd-programme/\" target=\"_blank\">https://www.embl.org/about/info/embl-international-phd-programme/</a></p><p><a href=\"mailto:graduate-office@embl.org\">graduate-office@embl.org</a>\u00a0</p>\n</div>", "requirements_description": "N/A", "conditions_description": "N/A", "employer_description": "N/A", "department_description": "N/A", "additional_information": "N/A", "apply_link": "N/A", "employer_link": "N/A", "job_type": "N/A", "logo": "https://content.academicpositions.com/eyJidWNrZXQiOiJhcC1wcm9kdWN0aW9uLW1lZGlhLWFyY2hpdmUiLCJrZXkiOiIyMDExXC8wNFwvRW1ibC1sb2dvLnBuZyIsImVkaXRzIjpbXX0="}