{"url": "https://academicpositions.com/ad/vlerick-business-school/2021/junior-researcher-m-a-and-growth-finance/172964", "title": "Junior Researcher M&A and Growth Finance", "publish_date": "2021-12-15", "deadline": "N/A", "location": "Reep 1 Ghent, Belgium", "city": "Reep 1 Ghent", "country": "Belgium", "position": "Researcher", "field": "Business Economics, Finance, Financial Economics,", "salary": "N/A", "max_working_hours": "N/A", "employer": "Vlerick Business School", "job_description": "<div class=\"editor ck-content mt-6 mb-6 mb-md-8 mt-md-8\" id=\"editor\">\n<p><strong>Do you have a passion for applied research? Are you ready to explore the wonderful world of M&amp;A and buyouts? Can you see yourself thrive within an open, dynamic and professional environment? Let\u00e2\u0080\u0099s talk!</strong></p><p><strong>JUNIOR RESEARCHER M&amp;A and GROWTH FINANCE</strong></p><p>Vlerick Business School is a <strong>triple-accredited</strong>, international business school at the heart of Europe \u00e2\u0080\u0093 ranked <strong>number one in the Benelux for executive education</strong> and 19 in Europe. We strive to make a difference, offering high quality, interactive and impactful learning journeys and in doing so, helping form <strong>positive change-makers</strong> with a vision that is rooted in a dream.</p><p>Vlerick is a school, but it is run as a company, aligned with the high standards we foster in our different programmes. The <strong>Centre for Mergers, Acquisitions &amp; Buyouts</strong> has extensive expertise on everything that has to do with mergers and acquisitions, ranging from deal origination to completion, and from financing to integration. In collaboration with our partners, we acquire and disseminate this knowledge and experience through research, training, and events. We are looking for a driven <strong>Junior Researcher</strong> to join this team!</p><p><strong>The job</strong></p><ul><li>Perform fundamental &amp; applied research in the context of M&amp;A and buyouts.</li><li>Plan research projects: ask the right questions, use the right methodology etc.</li><li>Conduct desk research: find and synthesis relevant publications.</li><li>Develop questionnaires and other setups for data collection.</li><li>Disseminate knowledge by writing papers, reports, articles and organizing events, workshops, and conferences for practitioners.</li><li>Provide support for our teaching and other activities of the department or Vlerick business School at large.</li></ul><p><strong>You</strong></p><ul><li>Have a master\u00e2\u0080\u0099s degree with distinction and a research mind-set.</li><li>Have an excellent knowledge of English. Knowledge of Dutch is a plus.</li><li>Are excited to conduct research with relevance to both the academic and the business world.</li><li>Can work autonomously but are also a team player.</li><li>Have a proactive attitude and great analytical skills. Knowledge of SPSS and other data-analysis tools is a plus.</li><li>Are a great (academic) writer.</li><li>Are willing to organize events to disseminate knowledge.</li><li>Will be located on our campus in Ghent, Leuven or Brussels.</li><li>Can preferably start on March 1st, 2021.</li></ul><p><strong>#ProudtobeVlerick</strong></p><ul><li>Autonomy and responsibility in a challenging work environment.</li><li>A dynamic, open, and international company culture.</li><li>Opportunities for professional and personal growth.</li><li>A team of fun and supportive colleagues.</li><li>Flexibility: 30+ holiday days, working on one of our beautiful campuses in combination with your home-office, flexible benefits based on your personal needs, \u00e2\u0080\u00a6.</li><li>Be a part of something bigger and inspire people to live, learn and leap.</li></ul><p>At Vlerick, <strong>openness to the world</strong> is part of our DNA. We are continuously working towards being a truly diverse, equitable and inclusive place to work and learn at. So, no matter who you are, where you come from, or what your dreams are, we are looking forward to receiving your application.</p><p><strong>Take the leap and join us</strong></p><p>If you think you meet these criteria, please apply with your resume and motivation letter on our website. We look forward to hearing from you! Happy to give you more information on the job content: Mathieu.Luypaert@vlerick.com.</p>\n</div>", "requirements_description": "N/A", "conditions_description": "N/A", "employer_description": "N/A", "department_description": "N/A", "additional_information": "N/A", "apply_link": "N/A", "employer_link": "N/A", "job_type": "N/A", "logo": "https://content.academicpositions.com/eyJidWNrZXQiOiJhcC1wcm9kdWN0aW9uLW1lZGlhLWFyY2hpdmUiLCJrZXkiOiIyMDEzXC8xMVwvdmxlcmlja2xvZ28ucG5nIiwiZWRpdHMiOltdfQ=="}