{"url": "https://academicpositions.com/ad/tampere-university/2022/postdoctoral-research-fellow-urban-physics/175192", "title": "Postdoctoral Research Fellow (Urban Physics)", "publish_date": "2022-02-11", "deadline": "2022-03-06", "location": "Kalevantie 4 Tampere, Finland", "city": "Kalevantie 4 Tampere", "country": "Finland", "position": "Postdoc", "field": "Applied Physics, Civil Engineering, Engineering Physics, Geoinformatics (GIS),", "salary": "N/A", "max_working_hours": "N/A", "employer": "Tampere University", "job_description": "N/A", "requirements_description": "N/A", "conditions_description": "N/A", "employer_description": "N/A", "department_description": "N/A", "additional_information": "N/A", "apply_link": "N/A", "employer_link": "N/A", "job_type": "N/A", "logo": "https://content.academicpositions.com/eyJidWNrZXQiOiJhcC1wcm9kdWN0aW9uLW1lZGlhLWFyY2hpdmUiLCJrZXkiOiI3NThcLzk0YlwvNzU4OTRiNGY4NTYwMDI5MGZmZDUxNmZmYjZjZTI4YmYucG5nIiwiZWRpdHMiOltdfQ=="}