{"url": "https://academicpositions.com/ad/labex-lio/2021/postdoctoral-position-tracing-the-origin-of-vertebrate-s-major-ecological-transitions-with-lithium-isotopes/169446", "title": "Postdoctoral position - Tracing the origin of vertebrate\u00e2\u0080\u0099s major ecological transitions with lithium isotopes", "publish_date": "2021-11-25", "deadline": "2022-04-01", "location": "43 Bd du 11 Novembre 1918 Villeurbanne, France", "city": "43 Bd du 11 Novembre 1918 Villeurbanne", "country": "France", "position": "Postdoc", "field": "Climatology, Ecology, Geochemistry, Marine Geoscience, Paleoclimatology, and 1 morePaleontology", "salary": "N/A", "max_working_hours": "N/A", "employer": "LabEx LIO", "job_description": "<div class=\"editor ck-content mt-6 mb-6 mb-md-8 mt-md-8\" id=\"editor\">\n<figure class=\"image\"><img src=\"https://ap-production-media-archive.s3.eu-north-1.amazonaws.com/uploads/lQS3zCg9gAU9Ewhvftdd1nNgRg1k59iew1OZDSnb.png\"/></figure><p><strong><u>Short description</u></strong></p><p>The LIO Laboratory of Excellence (LabEx) proposes a 2-year post-doctoral position.</p><p><strong>Starting date:\u00a0September the 1st, 2022</strong></p><p>The net salary (+social benefits) will depend on experience. A \u00e2\u0082\u00ac3,000 annual package for travels and equipment will be allotted.</p><p><strong><u>Research project (1/2 page \u00e2\u0080\u0093 1 page)</u></strong></p><p>The aim of the postdoc project is to document the potential of Lithium isotopes to identify living water environments of extant and extinct vertebrates, and to understand the origin of the factors that control Li isotope fractionation and Li transfers within different past and present vertebrates\u00e2\u0080\u0099 environments.</p><p>\u00a0\u00a0\u00a0\u00a0\u00a0\u00a0\u00a0\u00a0\u00a0\u00a0\u00a0\u00a0\u00a0\u00a0 Using a representative number of analyses, the candidate will investigate whether this proxy based on Li isotopes can be applied to all vertebrate groups such as bony fishes, sharks, mammals, reptiles and amphibians. Bone and tooth samples of extant species living in contrasted environments (marine, brackish, fresh) are available for analysis. The ultimate goal is to establish a precise proxy to the vertebrate living environment based on the combined use of Li, O and S stable isotopes that can be applied to the fossil record.</p><p>\u00a0\u00a0\u00a0\u00a0\u00a0\u00a0\u00a0\u00a0\u00a0\u00a0\u00a0\u00a0\u00a0\u00a0 The established proxy will then be tested on Miocene vertebrates\u00e2\u0080\u0099 bones and teeth from the Falun deposits, where marine and continental species are found in association. These samples are already on our procession and their \u00ce\u00b418O values have been published.</p><p>\u00a0\u00a0\u00a0\u00a0\u00a0\u00a0\u00a0\u00a0\u00a0\u00a0\u00a0 Depending on the results, the candidate will then focus on one of the main questions of vertebrates\u00e2\u0080\u0099 ecological transition: the Devonian terrestrialization of tetrapods. He/she will use bones samples from Devonian tetrapods, already in our possession and previously analysed for their \u00ce\u00b418O and \u00ce\u00b434S values that revealed the freshwater or seawater influence on the living environment of the Devonian tetrapod species. Li isotopes will allow to refine previous conclusions by specifying the species that live in transitional environments.\u00a0</p><p><strong><u>Research field(s)</u></strong></p><p>Geochemistry, Paleo-ecology, paleo-environment</p><p><strong><u>Supervisor and contact</u></strong></p><p>Name: Romain Amiot</p><p>Laboratory: <span style=\"color:black;\">Laboratoire de G\u00c3\u00a9ologie de Lyon, Terre, Plan\u00c3\u00a8tes, environnement, UMR 5276. Batiment G\u00c3\u00a9ode, 2 rue Rapha\u00c3\u00abl Dubois, 69622 Villeurbanne Cedex, France.</span></p><p>Phone number: +33 6 50 30 04 20</p><p>Email: romain.amiot@univ-lyon1.fr</p><p><strong><u>Working environment</u></strong></p><p><strong><u>Job location and description</u></strong></p><p>Part of the project (Li isotope measurements of bioapatite) will take place on the \u00c2\u00abTIMS+Proteus\u00c2\u00bb platform of the LIO. Those measurements will be conducted on the Neptune Plus ICP-MS\u00a0 available on the LGL-TPE platform located at ENS Lyon (Lyon). Oxygen and sulfur isotope measurements will be conducted on the LGL-TPE platform \u00c2\u00ab\u00a0GISEL\u00a0\u00c2\u00bb at Universit\u00c3\u00a9 Lyon 1 (Villeurbanne).</p><p><strong><u>Team</u></strong></p><p>The project involves a collaboration with four researchers at the LGL-TPE:</p><p>-<strong>Jeremy Martin</strong> (Charg\u00c3\u00a9 de recherche CNRS, ENS Lyon, currently supervising 2 PhD students) will supervise Ca isotope analyses;</p><p>-<strong>Romain Amiot</strong> (Charg\u00c3\u00a9 de recherche CNRS, Univ. Lyon 1, currently supervising 3 PhD students)\u00a0;\u00a0</p><p><strong>-Christophe L\u00c3\u00a9cuyer</strong> (Professeur, Univ. Lyon 1), currently supervising\u00a0<span style=\"color:black;\">2</span> PhD students) will supervise O and S isotope analyses.</p><p><strong>- Philippe Telouk</strong> (Ing\u00c3\u00a9nieur de Recherche CNRS, Ens Lyon) will supervise Li isotope analyses</p><p><strong><u>Allocated resources (technical facilites, computing\u00e2\u0080\u00a6)</u></strong></p><p>Clean laboratories, ICP-MS, IRMS. The LIO provides an allowance of 2000\u00e2\u0082\u00ac for a personal computer.</p><p><strong><u>Recent publications of the team</u></strong></p><p>Amiot, R., Kusuhashi, N., Saegusa, H., Shibata, M., Ikegami, N., Shimojima, S., Sonoda, T., Fourel, F., Ikeda, T., L\u00c3\u00a9cuyer, C., 2021. Paleoclimate and ecology of Cretaceous continental ecosystems of Japan inferred from the stable oxygen and carbon isotope compositions of vertebrate bioapatite. Journal of Asian Earth Sciences 205, 104602.\u00a0<a href=\"https://doi.org/10.1016/j.jseaes.2020.104602\" target=\"_blank\">https://doi.org/10.1016/j.jseaes.2020.104602</a></p><p>Goedert, J, R Amiot, D Berthet, F Fourel, L Simon, and\u00a0 L\u00c3\u00a9cuyer. 2020. Combined oxygen and sulphur isotope analysis\u00e2\u0080\u0094a new tool to unravel vertebrate (paleo)-ecology. The Science of Nature 107, no. 2 (2020): 10.</p><p>Goedert, J., L\u00c3\u00a9cuyer, C., Amiot, R., Arnaud-Godet, F., Wang, X., Cui, L., Cuny, G., Douay, G., Fourel, F., Panczer, G. and Simon, L., 2018. Euryhaline ecology of early tetrapods revealed by stable isotopes. Nature, 558(7708), pp.68-72.\u00a0</p><p>Linglin, M., Amiot, R., Richardin, P., Porcier, S., Antheaume, I., Berthet, D., Grossi, V., Fourel, F., Flandrois, J.-P., Louchart, A., Martin, J.E., L\u00c3\u00a9cuyer, C., 2020. Isotopic systematics point to wild origin of mummified birds in Ancient Egypt. Scientific Reports 10, 15463.\u00a0<a href=\"https://doi.org/10.1038/s41598-020-72326-7\" target=\"_blank\">https://doi.org/10.1038/s41598-020-72326-7</a></p><p>Martin, J.E., Tacail, T., Braga, J., Cerling, T.E. and Balter, V., 2020. Calcium isotopic ecology of Turkana Basin hominins. Nature communications, 11(1), pp.1-7.</p><p><strong><u>Description of LabEx LIO</u></strong></p><p>In 2011, The Lyon Institute of Origins LabEx was selected following the first \u00e2\u0080\u009cLaboratory of Excellence\u00e2\u0080\u009d call for projects, part of the \u00e2\u0080\u009cInvestissement d\u00e2\u0080\u0099Avenir\u00e2\u0080\u009d program for forward-looking research. It is one of 12 LabExes supported by the University of Lyon community of universities and establishments (COMUE). LIO brings together more than 200 elite researchers recruited throughout the word and forming 18 research teams from four laboratories in the Rh\u00c3\u00b4ne-Alps region, all leaders in their fields, under the auspices of the University Claude Bernard Lyon 1 (UCBL), the Ecole Normale Sup\u00c3\u00a9rieure de Lyon, and the CNRS. LIO\u00e2\u0080\u0099s goal is to explore questions about our origins, operating in a broad field of study that ranges from particle physics to geophysics, and includes cosmology, astrophysics, planetology and life.</p><p><strong><u>Selection process</u></strong></p><p><strong><u>Qualifications / Skills / Education &amp; Research requirements</u></strong></p><p>The candidate must hold a PhD and have previous experience in the clean lab and measuring isotope ratios on various mass spectrometers. Experience in non-traditional isotope systems would be a plus. Because of existing cross-disciplinary bridges, we will also consider candidates with a background in isotopic ecology. Finally, fieldwork and museum visits to collect samples are also to be considered in the frame of the project.</p><p><strong><u>Application deadline</u></strong></p><p>April the 1st, 2022</p><p><strong><u>Requested documents for application</u></strong></p><p>Applicants must email a <strong>CV, a statement of interest, a\u00a0letter of recommendation and contact details for 2-3 references</strong>\u00a0<a href=\"mailto:labex.lio@universite-lyon.fr\">r</a>omain.amiot@univ-lyon1.fr before <u>April the 1st, 2022.</u>\u00a0</p><p>Candidates on the short list will be informed by the end of April. They will be interviewed in May.\u00a0</p>\n</div>", "requirements_description": "N/A", "conditions_description": "N/A", "employer_description": "N/A", "department_description": "N/A", "additional_information": "N/A", "apply_link": "N/A", "employer_link": "N/A", "job_type": "N/A", "logo": "https://content.academicpositions.com/eyJidWNrZXQiOiJhcC1wcm9kdWN0aW9uLW1lZGlhLWFyY2hpdmUiLCJrZXkiOiI5ZWFcLzI3NVwvOWVhMjc1MmM0OGYzZWNiYmJmNjY4ZmJjZGZmMDY5MTkuanBlZyIsImVkaXRzIjpbXX0="}