{"url": "https://academicpositions.com/ad/university-of-oulu/2022/tenure-track-associate-professor-in-hydrological-modelling-and-digitalization-water-energy-and-environmental-engineering-research-unit/174451", "title": "Tenure Track Associate Professor in Hydrological Modelling and Digitalization, Water, Energy and Environmental Engineering research unit", "publish_date": "2022-01-26", "deadline": "2022-03-08", "location": "Pentti Kaiteran katu 1 Oulu, Finland", "city": "Pentti Kaiteran katu 1 Oulu", "country": "Finland", "position": "Associate Professor", "field": "Environmental Engineering, Hydrology, Water Science,", "salary": "N/A", "max_working_hours": "N/A", "employer": "University of Oulu", "job_description": "N/A", "requirements_description": "N/A", "conditions_description": "N/A", "employer_description": "N/A", "department_description": "N/A", "additional_information": "N/A", "apply_link": "N/A", "employer_link": "N/A", "job_type": "N/A", "logo": "https://content.academicpositions.com/eyJidWNrZXQiOiJhcC1wcm9kdWN0aW9uLW1lZGlhLWFyY2hpdmUiLCJrZXkiOiJmNjJcLzg4Y1wvZjYyODhjMGNjZDI0NzAzMTNlNDRhOWQzNjM2M2IzZGMucG5nIiwiZWRpdHMiOltdfQ=="}