{"url": "https://academicpositions.com/ad/university-of-luxembourg/2021/research-associate-postdoc-in-algorithmic-aspects-of-network-slicing-over-next-generation-satellite-systems/154158", "title": "Research Associate (Postdoc) in Algorithmic aspects of network slicing over next generation satellite systems", "publish_date": "2021-11-16", "deadline": "N/A", "location": "6, rue Richard Coudenhove-Kalergi , Luxembourg", "city": "6", "country": "Luxembourg", "position": "Research Assistant", "field": "Algorithms, Computer Communications (Networks), Computer Engineering, Computer Science, Electrical Engineering, and 5 moreElectronics,Engineering,Machine Learning,Systems Engineering,Telecommunications Engineering", "salary": "N/A", "max_working_hours": "N/A", "employer": "University of Luxembourg", "job_description": "N/A", "requirements_description": "N/A", "conditions_description": "N/A", "employer_description": "N/A", "department_description": "N/A", "additional_information": "N/A", "apply_link": "N/A", "employer_link": "N/A", "job_type": "N/A", "logo": "https://content.academicpositions.com/eyJidWNrZXQiOiJhcC1wcm9kdWN0aW9uLW1lZGlhLWFyY2hpdmUiLCJrZXkiOiIyMDEwXC8wOVwvTG9nby13ZWItUlZCLWtvcGllcmEucG5nIiwiZWRpdHMiOltdfQ=="}