{"url": "https://academicpositions.com/ad/university-of-luxembourg/2022/research-development-specialist-in-fast-prototyping-and-network-engineer/174951", "title": "Research & Development Specialist in Fast prototyping and network engineer", "publish_date": "2022-02-07", "deadline": "2022-03-15", "location": "6, rue Richard Coudenhove-Kalergi , Luxembourg", "city": "6", "country": "Luxembourg", "position": "Engineer/Technician", "field": "Algorithms, Applied Mathematics, Computational Engineering, Computational Mathematics, Computer Communications (Networks), and 5 moreElectrical Engineering,Electronics,Operating Systems,Programming Languages,Software Engineering", "salary": "N/A", "max_working_hours": "N/A", "employer": "University of Luxembourg", "job_description": "<div class=\"editor ck-content mt-6 mb-6 mb-md-8 mt-md-8\" id=\"editor\">\n<p>The University of Luxembourg seeks to hire a technician at its Interdisciplinary Centre for Security, Reliability and Trust (SnT) for the Space research activities. SnT is a recently formed centre carrying out interdisciplinary research in secure, reliable and trustworthy ICT (Information and Communication Technologies) systems and services, often in collaboration with industrial, governmental or international partners. SnT is active in several international research projects funded by the EU H2020 programme, the European Space Agency and the spaceresources.lu initiative from the Ministry of Economy. The Centre is currently expanding its research activities in relation to the Space research and is seeking highly motivated technician who wish to support research and Laboratories in close cooperation with our Research teams and the partners related to Space and the Interdisciplinary Space Master. For further information, you may check: <a href=\"http://www.securityandtrust.lu/\" target=\"_blank\">www.securityandtrust.lu</a></p><p>We\u00e2\u0080\u0099re looking for people driven by excellence, excited about innovation, and looking to make a difference. If this sounds like you, you\u00e2\u0080\u0099ve come to the right place!</p><p><strong>Your Role...</strong></p><p>The successful candidate will support all the laboratories of university\u00e2\u0080\u0099s Interdisciplinary Space Master and the research activities related to LunaLab, Zero-G Lab, CubeSat Lab, Concurrent Design Facility and 5G-SatCom Lab.</p><p>The position holder will be required to perform the following tasks:</p><ul><li>Help on the setup and maintenance of the Labs</li><li>Installation and configuration of computers and networks</li><li>Use and maintenance of the 3D printer</li><li>Purchase of equipment and material for the Labs</li><li>Setup and maintenance of new equipment (e.g. robots, Software-defined radios, etc)</li><li>Implement basic programs and algorithms</li><li>Support code development</li><li>Organize the video recordings of lectures</li><li>Participating in project deliverables</li><li>Ensure scientific quality management</li><li>Contribute to scientific publications</li><li>Research existing technologies and contribute to technology, benchmarks, selection and methodologies to apply to new and ongoing research projects</li><li>Conceptually design IT solutions within research projects (e.g. develop/code programs and/or systems, create new methods, etc.) mainly focused in network architecture and fast prototyping</li></ul><p><strong>Your Profile...</strong></p><p><strong>Qualification: </strong>The candidate should possess a Master degree or equivalent in Electronic Engineering, Computer Science or Applied Mathematics.</p><p><strong>Experience</strong>: The ideal candidate should have some knowledge and experience in the following topics:</p><ul><li>Linux and Windows administration user level</li><li>CAD design, for 3D printing</li><li>IT networks setup and management (e.g. Cisco, Mikrotik)</li></ul><p>The following topics will be considered as an asset</p><ul><li>Plan, produce, and assemble new or changed mechanical parts for products</li><li>Devise, fabricate, and assemble new or modified mechanical components for products</li><li>Programming experience (e.g., C, C++, python programming and debugging. Familiarity with ROS, LabView0</li></ul><p><strong>Language Skills: </strong>Fluentwritten and verbal communication skills in English are required.</p><p><strong>Here\u00e2\u0080\u0099s what awaits you at SnT...</strong></p><ul><li><strong>Exciting infrastructures and unique labs.</strong> At SnT\u00e2\u0080\u0099s two campuses, our researchers can take\u00a0a walk on the moon at the LunaLab, build a nanosatellite, or help make autonomous vehicles even better</li><li><strong>The right place for IMPACT.\u00a0</strong>SnT researchers engage in demand-driven projects. Through our\u00a0Partnership Programme, we work on projects with more than 45 industry partners</li><li><strong>Be part of a multicultural family</strong>. At SnT we have more than 60 nationalities. Throughout the year, we organise team-building events, networking activities and more</li></ul><p><a href=\"https://wwwfr.uni.lu/snt/about_us\" target=\"_blank\">Find out more about us!</a></p><p><strong>In Short...</strong></p><ul><li>Contract Type: Fixed Term Contract 24 Month (extendable to 5 years)</li><li>Work Hours: Full Time 40.0 Hours per Week</li><li>Starting date: as soon as possible (upon agreement)</li><li>Location:\u00a0Kirchberg</li><li>Job Reference:\u00a0UOL04762</li></ul><p><strong>How to apply...</strong></p><p>Applications should include:</p><ul><li>Curriculum Vitae (including your email address, work experience, publications)</li><li>Cover letter indicating relevant experience and your motivation</li><li>Contact information for 2 referees\u00a0</li></ul><p>All qualified individuals are encouraged to apply.</p><p>We ensure a full consideration for applications received by 15/03/2022 - then the posting will remain online until filled.</p><p>Please apply ONLINE formally through the HR system. Applications by Email will not be considered.</p><p>The University of Luxembourg embraces inclusion and diversity as key values. We are fully committed to removing any discriminatory barrier related to gender, and not only, in recruitment and career progression of our staff.</p><p><strong>About the University of Luxembourg...</strong></p><p><strong>University of Luxembourg</strong> is an\u00a0<strong>international research</strong> university with a distinctly <strong>multilingual</strong> and <strong>interdisciplinary</strong> character. The University was founded in 2003 and counts more than 6,700 students and more than 2,000 employees from around the world. The University\u00e2\u0080\u0099s faculties and interdisciplinary centres focus on research in the areas of Computer Science and ICT Security, Materials Science, European and International Law, Finance and Financial Innovation, Education, Contemporary and Digital History. In addition, the University focuses on cross-disciplinary research in the areas of Data Modelling and Simulation as well as Health and System Biomedicine. Times Higher Education ranks the University of Luxembourg #3 worldwide for its \u00e2\u0080\u009cinternational outlook,\u00e2\u0080\u009d #20 in the Young University Ranking 2021 and among the top 250 universities worldwide.</p><p><strong>Further information</strong></p><p>For further information, please contact us at <a href=\"mailto:Miguel.olivaresmendez@uni.lu\">Miguel.olivaresmendez@uni.lu</a></p>\n</div>", "requirements_description": "N/A", "conditions_description": "N/A", "employer_description": "N/A", "department_description": "N/A", "additional_information": "N/A", "apply_link": "N/A", "employer_link": "N/A", "job_type": "N/A", "logo": "https://content.academicpositions.com/eyJidWNrZXQiOiJhcC1wcm9kdWN0aW9uLW1lZGlhLWFyY2hpdmUiLCJrZXkiOiIyMDEwXC8wOVwvTG9nby13ZWItUlZCLWtvcGllcmEucG5nIiwiZWRpdHMiOltdfQ=="}