{"url": "https://academicpositions.com/ad/vtt/2022/senior-research-scientist-system-level-modelling-and-simulation-in-electrical-powertrains/175038", "title": "Senior / Research Scientist, System Level Modelling and Simulation in Electrical Powertrains", "publish_date": "2022-02-08", "deadline": "2022-02-20", "location": "Vuorimiehentie 3 Helsinki, Finland", "city": "Vuorimiehentie 3 Helsinki", "country": "Finland", "position": "Researcher", "field": "Electrical Engineering, Mechanical Engineering, Systems Engineering, Transportation Engineering,", "salary": "N/A", "max_working_hours": "N/A", "employer": "VTT", "job_description": "<div class=\"editor ck-content mt-6 mb-6 mb-md-8 mt-md-8\" id=\"editor\">\n<p><strong>Are you interested in system level modelling in electrical powertrains and looking for a new job opportunity in the field?\u00a0Would you like to develop innovative technology with superb colleagues who are top experts in their field? Do you want to build an excellent science career and work at the interface of academy and industry? VTT might be just the place for you.</strong></p><p><i>VTT is one of the leading applied research organisations in Europe. What unites us are curiosity, a passion for learning and a purpose: to solve the biggest challenges of our time\u00a0and turn them into sustainable growth and well-being. Our cross-disciplinary community of over 2000 brilliant minds is focused on creating impact through science-based innovation.\u00e2\u0080\u00afIn recent years, we have created ground-breaking innovations such as the world's fastest and most accurate radiation detector, a cancer-sniffing sensor device for smartphones, and a headphone set entirely made of microbial materials.\u00a0Get to know us further\u00a0by exploring VTT\u00e2\u0080\u0099s research infra at\u00e2\u0080\u00af</i><a href=\"https://www.vttresearch.com/en/vtt-world/\" target=\"_blank\"><i><strong>VTT World</strong></i></a><i><strong>.</strong></i></p><p><strong>We are now looking for a Senior or Research Scientist to join our Electrical powertrains and storage team!</strong></p><p>With the establishment of a Centre of Excellence (CoE) in High-Speed Electromechanical Energy Conversion Systems (HiECSs) by the Academy of Finland, we are looking forward to increasing our team\u00e2\u0080\u0099s resources in system-level modelling of electrical powertrains.</p><p>In this position, you will have an essential role in further developing VTT\u00e2\u0080\u0099s capabilities through the collaboration within the CoE, and through the interesting variety of jointly funded and commercial projects in the field.</p><p>Our team, Electrical powertrains and storage, works on application of electrical powertrains and energy storages in different transport applications, including on- and off-road vehicles, marine and aviation. Our team has deep excellence in data-based powertrain models and numerical design and optimisation of electrical machinery for additive manufacturing, and related technologies together with our other VTT colleagues.\u00a0Read more about our research:\u00a0<a href=\"https://www.vttresearch.com/en/ourservices/electric-vehicles-and-vehicles-systems\" target=\"_blank\">https://www.vttresearch.com/en/ourservices/electric-vehicles-and-vehicles-systems</a></p><p>Please see our team's another open position:\u00a0<a href=\"https://ats.talentadore.com/apply/research-senior-scientist-application-of-batteries/mXEWa8\" target=\"_blank\">Research / Senior Scientist, Application of Batteries</a></p><h2><strong>Your responsibilities as a Scientist:</strong></h2><ul><li>Research activities related to the CoE and other electrical powertrains and machine drives related projects</li><li>Taking a lead on or participating in electrical powertrain system level modelling and digital twin development</li><li>Being responsible of and participating in writing of high-quality scientific articles</li><li>Participating in project preparations, and depending on your experience, leading project preparations and projects.</li></ul><h2><strong>Who we are looking for:</strong></h2><ul><li>You have skills or knowledge in system level modelling and simulation in electrical powertrains and you can apply these skills to other areas</li><li>You have knowledge of different modelling and simulation tools and methods</li><li>You have a PhD in Electrical or Mechanical Engineering or similar related field. Master of Science (Tech.) is also possible, with an interest in continuing with doctoral studies.</li><li>You preferably have experience in project preparation (especially EU-projects) or experience in coordinating, managing or applying for projects.</li><li>In addition, experience in system-level electric vehicle or powertrain simulation is highly appreciated but not mandatory.</li><li>You have excellent skills in English language. Knowledge of additional languages is an asset.</li></ul><h2><strong>As a person, we hope that you are:</strong></h2><p>A fast learner who is capable of working in a flexible and independent manner and collaborating with colleagues across different fields of science and technology. We appreciate curiosity, passion as well as the ability to take the long-term perspective and find beyond-the-obvious solutions. We hope that you have willingness to learn new things.</p><h2><strong>What we offer you:</strong></h2><ul><li><strong>Visionary work in technology.\u00a0</strong>We offer positions at the cutting-edge of technology and engineering from next generation microelectronics and quantum technology to automation and robotics, energy systems and more. Our research agenda is dedicated to creating sustainable growth by solving systemic and technological challenges, so your work will go towards creating real, positive impact. Read more about our strategy \u00e2\u0080\u0093\u00a0<a href=\"https://www.vttresearch.com/en/news-and-ideas/welcome-path-exponential-hope-how-turn-turbulence-2020s-sustainable-growth\" target=\"_blank\">the path of exponential hope</a>.</li><li><strong>Great career opportunities, superb colleagues.</strong>\u00a0At VTT, excellence in research is a strategic priority. We offer long-term positions and stable career paths in top-level research. People tend to stay with us over 10 years since there are always new roles and responsibilities to grow into. Collaborating in a cross-disciplinary community with superb colleagues is a source of learning, inspiration, and fun.</li><li><strong>Support for your well-being. </strong>Our people are our main asset, so we take good care of them. We aim to nurture great team spirit and leadership and offer versatile well-being services to enable a good work\u00e2\u0080\u0093life balance. On top of 6 weeks of paid holidays, we offer exercise and culture benefits, hobby clubs, and voluntary well-being services such as meditation programmes and trainings on cognitive ergonomics.</li></ul><p><strong>Apply now\u00a0and\u00a0join our community of brilliant minds!</strong></p><p>Please\u00e2\u0080\u00afsend your CV and application with your salary request via our recruitment system as soon as possible\u00e2\u0080\u00afbut\u00a0<strong>at the latest by 20 February 2022.\u00a0</strong>We will process applications as they come in and fill in the position as soon as we find the right candidate.</p><h2><strong>Interested and want to hear more?</strong></h2><p>For further information, please contact Research Team Leader Marko Paakkinen, <a href=\"mailto:marko.paakkinen@vtt.fi\">marko.paakkinen@vtt.fi</a>, +358207222681 on 1 February 2022 between 9:00\u00e2\u0080\u009311:00 or 3 February between 13:00\u00e2\u0080\u009316:00.</p><p><strong>We look forward to hearing from you!</strong></p><p><strong>Job location: </strong>Espoo or Tampere, Finland.</p><p>Apply between <strong>24 January 2022</strong> and <strong>20 February 2022 23:59 (Europe/Helsinki)</strong></p><p><strong>Employment type:</strong> Full-time, Permanent</p><h2>VTT</h2><p><i>VTT is a visionary research, development and innovation partner. We drive sustainable growth and tackle the biggest global challenges of our time and turn them into growth opportunities. We go beyond the obvious to help the society and companies to grow through technological innovations. We have over 75 years of experience of top-level research and science-based results. VTT\u00c2\u00b4s turnover and other operating income is 258 M\u00e2\u0082\u00ac. VTT is at the sweet spot where innovation and business come together.</i></p><p>VTT \u00e2\u0080\u0093 beyond the obvious.</p>\n</div>", "requirements_description": "N/A", "conditions_description": "N/A", "employer_description": "N/A", "department_description": "N/A", "additional_information": "N/A", "apply_link": "N/A", "employer_link": "N/A", "job_type": "N/A", "logo": "https://content.academicpositions.com/eyJidWNrZXQiOiJhcC1wcm9kdWN0aW9uLW1lZGlhLWFyY2hpdmUiLCJrZXkiOiIxYjJcLzA2Y1wvMWIyMDZjODQ0MTljY2ZlNWNjODU2MzM0MTZjMWVhMmUucG5nIiwiZWRpdHMiOltdfQ=="}