{"url": "https://academicpositions.com/ad/bilkent-university/2022/faculty-positions-in-department-of-interior-architecture-and-environmental-design/173991", "title": "Faculty Positions in Department of Interior Architecture and Environmental Design", "publish_date": "2022-01-14", "deadline": "N/A", "location": "Bilkent Ankara, Turkey", "city": "Bilkent Ankara", "country": "Turkey", "position": "Engineer/Technician", "field": "Architecture, Interior Design,", "salary": "N/A", "max_working_hours": "N/A", "employer": "Bilkent University", "job_description": "<div class=\"editor ck-content mt-6 mb-6 mb-md-8 mt-md-8\" id=\"editor\">\n<p><strong>Assistant, Associate or Full Professor-\u00a0</strong>Department of Interior Architecture and Environmental Design, Bilkent University</p><p>The Department of Interior Architecture and Environmental Design invites applications for appointment at the ranks of Assistant, Associate or Full Professors. We seek to hire research-based positions (permanent or visiting). The medium of education at Bilkent University is English. The Faculty emphasizes cross-disciplinary approach to scholarship, design, and teaching.\u00a0</p><p>The Department of Interior Architecture and Environmental Design serves approximately 500 students whose professional development is supported by a diverse faculty with research strengths in areas such as: design methods, building science, sustainability, environmental psychology, computational design, and human-centered design. The Department of Interior Architecture and Environmental Design is committed to achieving Bilkent University distinction of a \"Research-based University\".</p><p>Qualifications:\u00a0\u00a0</p><ol><li>Ph.D. degree in related fields (architecture, interior design/architecture)</li><li>Strong research experience and publication record in building science, sustainable technologies and design methods; publications in refereed/indexed international journals</li><li>Strong research portfolio (including EU, H2020, Cost action projects etc.)</li><li>Teaching experience</li></ol><p>Candidates are expected to engage in scholarly research, teaching, and service to the department and university. Candidates are also expected to be able to teach\u00a0<strong>design studio</strong>\u00a0courses.</p><p>The successful candidate is expected to:</p><ul><li>Function effectively across disciplines integral to Interior Architecture and Design;</li><li>Productively engage teaching and research in areas of sustainable technologies, computational design</li><li>Productively pursue a robust funded research agenda;</li><li>Productively engage the academic and professional communities;</li><li>Make service contributions within the University, Faculty, Department, and the professional</li></ul><p>The faculty at Bilkent University is comprised of an academic staff from around 40 different countries. Most of them were working in prominent universities in North America and Europe when they received offers from Bilkent University. According to\u00a0<i>ISI Citation Indexes</i>, Bilkent ranks highly among the world, and is one of the top universities in Turkey in the number of published papers per faculty member. For more information about Bilkent University, please visit\u00a0<a href=\"http://w3.bilkent.edu.tr/bilkent/\" target=\"_blank\">http://w3.bilkent.edu.tr/bilkent/</a>\u00a0and Department of Interior Architecture and Environmental Design at\u00a0<a href=\"http://www.iaed.bilkent.edu.tr/\" target=\"_blank\">www.iaed.bilkent.edu.tr</a>.</p><p>Compensation: Salary is competitive and commensurate with qualifications. The university offers a generous benefits package including on-campus housing, health and retirement benefits as well as subsidized private school for faculty members' dependents in the K-12 levels leading to an IB degree.</p><p>To apply online please provide the following documents through\u00a0<a href=\"https://stars.bilkent.edu.tr/staffapp/IAED2021\" target=\"_blank\">https://stars.bilkent.edu.tr/staffapp/IAED2021</a>:</p><ol><li>Cover letter</li><li>Detailed CV</li><li>Electronic copies of selected publications (these can be sent as attachments to the e-mail)</li><li>Names and contact information (e-mail, telephone, mailing address) of three references</li><li>Selected design projects or student work (if applicable)</li></ol>\n</div>", "requirements_description": "N/A", "conditions_description": "N/A", "employer_description": "N/A", "department_description": "N/A", "additional_information": "N/A", "apply_link": "N/A", "employer_link": "N/A", "job_type": "N/A", "logo": "https://content.academicpositions.com/eyJidWNrZXQiOiJhcC1wcm9kdWN0aW9uLW1lZGlhLWFyY2hpdmUiLCJrZXkiOiIyMDE2XC8wNlwvYmlsa2VudC00LmpwZyIsImVkaXRzIjpbXX0="}