{"url": "https://academicpositions.com/ad/university-of-luxembourg/2022/postdoctoral-fellow-in-computational-systems-biology-at-the-luxembourg-centre-for-systems-biomedicine/175345", "title": "Postdoctoral Fellow in Computational Systems Biology at the Luxembourg Centre for Systems Biomedicine", "publish_date": "2022-02-17", "deadline": "N/A", "location": "6, rue Richard Coudenhove-Kalergi , Luxembourg", "city": "6", "country": "Luxembourg", "position": "Postdoc", "field": "Bioinformatics, Biomedicine, Cell Biology, Clinical Sciences, Computational Biology, and 2 moreRegenerative Medicine,Systems Biology", "salary": "N/A", "max_working_hours": "N/A", "employer": "University of Luxembourg", "job_description": "<div class=\"editor ck-content mt-6 mb-6 mb-md-8 mt-md-8\" id=\"editor\">\n<p>The <strong>University of Luxembourg</strong> is an <strong>international research</strong> university with a distinctly <strong>multilingual</strong> and <strong>interdisciplinary</strong> character. The University was founded in 2003 and counts more than 6,700 students and more than 2,000 employees from around the world. The University\u00e2\u0080\u0099s\u00a0faculties and interdisciplinary centres\u00a0focus on\u00a0research\u00a0in the areas of\u00a0Computer Science and ICT Security, Materials Science, European and International Law, Finance and Financial Innovation, Education, Contemporary and Digital History.\u00a0In addition, the University focuses on\u00a0cross-disciplinary research\u00a0in the areas of\u00a0Data Modelling and Simulation as well as Health and System Biomedicine.\u00a0Times Higher Education ranks the University of Luxembourg #3 worldwide for its \u00e2\u0080\u009cinternational outlook,\u00e2\u0080\u009d #20 in the Young University Ranking 2021 and among the top 250 universities worldwide.</p><p>The Luxembourg Centre for Systems Biomedicine (LCSB) was created within the Health Technologies Initiative from the Government of Luxembourg as one of the research priorities of the University of Luxembourg. The LCSB is an Interdisciplinary Centre of the University, independent of the faculties and it combines experimental and computational approaches to analyze complex biological systems and disease processes from a systems biology perspective. The Computational Biology Group (CBG) provides the LCSB with a solid infrastructure in developing theoretical framework for computational modeling on biomedical problems, especially in the area of network biology. The CBG group includes researchers with theoretical, computational and wet lab backgrounds, thereby providing an unusual interdisciplinary environment.</p><p><strong>Your Role...</strong></p><p>The Computational Biology Group seeks a highly skilled and motivated Postdoctoral fellow to work on an exciting project that aims at developing a computational framework to design cellular conversion strategies for Regenerative Medicine purposes. This framework will be applied to obtain in vitro limbal stem cells, which will be later used for clinical transplantation to treat patients who have lost their vision. In particular, the selected candidate shall develop a computational methodology based on information and graph theories, using single-cell transcriptomics data, to model cell populations dynamics and design strategies for cellular conversion. In addition, he/she will participate in the project management and planning, including the supervision of one Ph.D. student. This is a collaborative project with Professor Michele de Luca\u00e2\u0080\u0099s group at the Center for Regenerative Medicine \u00e2\u0080\u009cStefano Ferrari\u00e2\u0080\u009d, University of Modena, where the experimental validation of the computational predictions will be conducted.</p><p><strong>What we expect from you\u00e2\u0080\u00a6</strong></p><p>Requirements of the ideal candidate:</p><ul><li>PhD degree in bioinformatics, computer science, engineering, physics or a related discipline</li><li>Strong computational skills</li><li>Prior experience in mathematical modelling of biological networks is strongly desired</li><li>A strong publication record in related fields</li><li>Excellent communication skills and working knowledge of English</li></ul><p><strong>We offer...</strong></p><ul><li>Opportunity to do research into biomedical problems within a highly dynamic research institutions (LCSB) and in collaboration with an internationally recognized partner (Center for Regenerative Medicine \u00e2\u0080\u009cStefano Ferrari\u00e2\u0080\u009d, University of Modena)</li><li>An exciting international environment</li><li>A very competitive salary</li></ul><p><strong>In Short...</strong></p><ul><li>Contract Type: 24 months fixed-term contract (extension possible)</li><li>Work Hours: Full Time 40.0 Hours per Week</li><li>Location:\u00a0Belval</li><li>Job Reference:\u00a0UOL04494</li></ul><p><strong>How to apply...</strong></p><p>Applications should be submitted online and include:</p><ul><li>Curriculum Vitae</li><li>Cover letter</li></ul><p>Please apply formally through the HR system. Applications by email will not be considered.</p><p>The University of Luxembourg embraces inclusion and diversity as key values. We are fully committed to removing any discriminatory barrier related to gender, and not only, in recruitment and career progression of our staff.</p><p><strong>In return you will get\u00e2\u0080\u00a6</strong></p><ul><li><strong>Multilingual and international character</strong>.\u00a0Modern institution with a personal atmosphere. Staff coming from 90 countries. Member of the \u00e2\u0080\u009cUniversity of the Greater Region\u00e2\u0080\u009d\u00a0(UniGR).\u00a0</li><li><strong>A modern and dynamic university.\u00a0</strong>High-quality equipment.\u00a0Close ties to the business world and to the Luxembourg labour market.\u00a0A unique urban site with excellent infrastructure.</li><li><strong>A partner for society and industry</strong>.\u00a0Cooperation with European institutions, innovative companies, the Financial Centre and with numerous non-academic\u00a0partners such as ministries, local governments, associations, NGOs \u00e2\u0080\u00a6</li><li><a href=\"https://wwwen.uni.lu/university/about_the_university\" target=\"_blank\">Find out more about the University</a></li><li><a href=\"https://wwwen.uni.lu/contact\" target=\"_blank\">Addresses, maps &amp; routes to the various sites of the University</a></li></ul><p><strong>Further information...</strong></p><p>For further information, please contact:</p><p>Prof. Dr. Antonio del Sol</p><p>E-mail: <a href=\"mailto:antonio.delsol@uni.lu\">antonio.delsol@uni.lu</a></p>\n</div>", "requirements_description": "N/A", "conditions_description": "N/A", "employer_description": "N/A", "department_description": "N/A", "additional_information": "N/A", "apply_link": "N/A", "employer_link": "N/A", "job_type": "N/A", "logo": "https://content.academicpositions.com/eyJidWNrZXQiOiJhcC1wcm9kdWN0aW9uLW1lZGlhLWFyY2hpdmUiLCJrZXkiOiIyMDEwXC8wOVwvTG9nby13ZWItUlZCLWtvcGllcmEucG5nIiwiZWRpdHMiOltdfQ=="}