{"url": "https://academicpositions.com/ad/university-applied-sciences-wiener-neustadt/2021/wissenschaftliche-r-mitarbeiter-in-digital-health-assistive-technologies/164663", "title": "Research Associate in digital health & assistive technologies", "publish_date": "2021-10-13", "deadline": "N/A", "location": "Johannes Gutenberg-Stra\u00c3\u009fe Wiener Neustadt, Austria", "city": "Johannes Gutenberg-Stra\u00c3\u009fe Wiener Neustadt", "country": "Austria", "position": "Research Assistant", "field": "Computer Science, Computing in Mathematics, Natural Science, Engineering and Medicine, Data Mining, Databases, Informatics, and 2 moreProgramming Languages,Software Engineering", "salary": "N/A", "max_working_hours": "N/A", "employer": "University of Applied Sciences Wiener Neustadt", "job_description": "N/A", "requirements_description": "N/A", "conditions_description": "N/A", "employer_description": "N/A", "department_description": "N/A", "additional_information": "N/A", "apply_link": "N/A", "employer_link": "N/A", "job_type": "N/A", "logo": "https://content.academicpositions.com/eyJidWNrZXQiOiJhcC1wcm9kdWN0aW9uLW1lZGlhLWFyY2hpdmUiLCJrZXkiOiIyMDE2XC8xMVwvRkhXTi1sb2dvLmpwZyIsImVkaXRzIjpbXX0="}