{"url": "https://academicpositions.com/ad/ku-leuven/2022/building-a-climate-neutral-flanders/175177", "title": "Building a Climate-neutral Flanders", "publish_date": "2022-02-11", "deadline": "2022-03-17", "location": "Oude Markt 13 Leuven, Belgium", "city": "Oude Markt 13 Leuven", "country": "Belgium", "position": "Other Category", "field": "Architecture, Civil Engineering, Electrical Engineering, Energy Technology, Engineering Physics, and 4 moreMaterials Engineering,Mechanical Engineering,Renewable Energy,Structural Engineering", "salary": "N/A", "max_working_hours": "N/A", "employer": "KU Leuven", "job_description": "N/A", "requirements_description": "N/A", "conditions_description": "N/A", "employer_description": "N/A", "department_description": "N/A", "additional_information": "N/A", "apply_link": "N/A", "employer_link": "N/A", "job_type": "N/A", "logo": "https://content.academicpositions.com/eyJidWNrZXQiOiJhcC1wcm9kdWN0aW9uLW1lZGlhLWFyY2hpdmUiLCJrZXkiOiIyZmFcL2RjN1wvMmZhZGM3NWRkOTM1YjM5NGYyNmUzODc3MzUwZWNiYTMucG5nIiwiZWRpdHMiOltdfQ=="}