{"url": "https://academicpositions.com/ad/leiden-university/2022/assistant-professor-english-sociohistorical-linguistics/174217", "title": "Assistant Professor English Sociohistorical Linguistics", "publish_date": "2022-01-19", "deadline": "2022-02-28", "location": "Rapenburg 70 Leiden, Netherlands", "city": "Rapenburg 70 Leiden", "country": "Netherlands", "position": "Assistant Professor", "field": "Applied Linguistics, Historical Linguistics, History of Linguistics, Philology, Sociolinguistics, and 1 moreWest Germanic languages", "salary": "N/A", "max_working_hours": "N/A", "employer": "Leiden University", "job_description": "N/A", "requirements_description": "N/A", "conditions_description": "N/A", "employer_description": "N/A", "department_description": "N/A", "additional_information": "N/A", "apply_link": "N/A", "employer_link": "N/A", "job_type": "N/A", "logo": "https://content.academicpositions.com/eyJidWNrZXQiOiJhcC1wcm9kdWN0aW9uLW1lZGlhLWFyY2hpdmUiLCJrZXkiOiI5NWZcLzc3Y1wvOTVmNzdjYjE3YjNmODExNDlkZmNlYmIyYWRmYzc1MWQucG5nIiwiZWRpdHMiOltdfQ=="}