{"url": "https://academicpositions.com/ad/international-baccalaureate-ib/2021/become-an-ib-examiner-for-swedish-a-literature/132129", "title": "Become an IB Examiner for Swedish A: Literature", "publish_date": "2021-11-26", "deadline": "N/A", "location": "-- Cardiff, United Kingdom", "city": "-- Cardiff", "country": "United Kingdom", "position": "Other Category", "field": "Educational Assessment, International Education, Language Education, Scandinavian languages, World Literatures,", "salary": "N/A", "max_working_hours": "N/A", "employer": "International Baccalaureate\u00c2\u00ae (IB)", "job_description": "N/A", "requirements_description": "N/A", "conditions_description": "N/A", "employer_description": "N/A", "department_description": "N/A", "additional_information": "N/A", "apply_link": "N/A", "employer_link": "N/A", "job_type": "N/A", "logo": "https://content.academicpositions.com/eyJidWNrZXQiOiJhcC1wcm9kdWN0aW9uLW1lZGlhLWFyY2hpdmUiLCJrZXkiOiIyMDE2XC8xMVwvaWItbG9nby5qcGciLCJlZGl0cyI6W119"}