{"url": "https://academicpositions.com/ad/vrije-universiteit-brussel/2021/professor-electronic-control-engineering/173568", "title": "Professor 'Electronic (Control) Engineering'", "publish_date": "2021-12-27", "deadline": "2022-03-01", "location": "Boulevard de la Plaine 2 Brussels, Belgium", "city": "Boulevard de la Plaine 2 Brussels", "country": "Belgium", "position": "Assistant Professor", "field": "Biomedical Engineering, Communication Engineering, Control Systems Engineering, Electrical Engineering, Electrochemistry, and 2 moreElectronics,Telecommunications Engineering", "salary": "N/A", "max_working_hours": "N/A", "employer": "Vrije Universiteit Brussel (VUB)", "job_description": "<div class=\"editor ck-content mt-6 mb-6 mb-md-8 mt-md-8\" id=\"editor\">\n<h2><strong>1 - Working at the VUB</strong></h2><p>For already 50 years, the <strong>Vrije Universiteit Brussel</strong> has stood for freedom, equality and connectedness. These values are strongly present on our campuses, in our students as well as our staff. At the VUB, you\u00e2\u0080\u0099ll find a diverse collection of personalities: pure innovators and especially <strong>people who are 100% their authentic selves</strong>. With about <strong>3.500 employees</strong>, we are the <strong>largest Flemish-speaking employer in Brussels</strong>, an international city with which we are all too happy to be connected, and around which our four campuses are located.</p><p>Our education and research are grounded in the principles of <strong>free research</strong> with an eye on human progress. We disapprove of every purely authoritative argument and guarantee the free formation of judgement that is necessary for this basic principle to be incorporated in the community.</p><p>The VUB is autonomous and managed <strong>democratically</strong>. As such, we guarantee fundamental freedoms within our university, as well as the right of the university community to be involved in making and checking university policy.</p><p>The mission of the university includes:</p><ul><li>the development, the transfer and the application of high-standing academic education and scientific research, free from any prejudice;</li><li>community integration of this in a spirit of social compassion;</li><li>critical development of everyone in light of the responsibilities borne in the community.</li></ul><h2><strong>2 - Position description</strong></h2><p>The\u00a0<strong>Faculteit Ingenieurswetenschappen</strong>, Department <strong>Elektriciteit</strong>, is looking for a <strong>full-time professor</strong>.\u00a0</p><p>More concretely your work package contains:\u00a0</p><p><strong><u>Education and Research domain:</u></strong></p><ul><li>Measurement, calibration and modelling of systems and components in transdisciplinary application domains including electronics, telecommunications, mechanics, electrochemistry, and biomedical engineering;</li><li>Data-driven identification and modelling techniques starting from both noisy measured and simulation data. Specifically engineered experiments and excitation signals lie at the heart of these techniques;</li><li>Use of statistical frameworks to determine uncertainty boundaries for all quantities obtained.</li></ul><p><strong><u>Education tasks:</u></strong></p><ul><li>You will run courses in the Bachelor in Engineering and the Master in Electrical Engineering:<ul><li>the Bachelor courses\u00a0include electrical network synthesis, system and control theory, and an immersion course covering the fields of analogue and digital electronics, control theory, photonics, and telecommunication;</li><li>the Master courses cover the topics of electrical measurements and identification.</li></ul></li></ul><p><strong><u>Research tasks:</u></strong></p><ul><li>You will inspire and oversee the research on the identification and modelling of time- and parameter varying systems in the presence of nonlinear distortion. The focus will be on applications in integrated electronic circuits, \u00e2\u0080\u0098smart\u00e2\u0080\u0099 cities, biomedical systems, and electrochemical processes;</li><li>You will inspire the team to collaborate in a national and international context, and detect and develop relevant real-world and industrial applications, and develop and effective solutions;</li><li>You will inspire and guide a research group with several PhD collaborators and master students;</li><li>You will train and motivate co-workers, and engage and interact with your colleagues in a friendly and open-minded way;</li><li>You will be collaborating with other research institutes, industrial partners and with other universities. You will facilitate and organize these interactions and define joint projects, manage these projects, and report results adequately.</li></ul><p><strong><u>Other tasks:</u></strong></p><ul><li>You will participate in administrative and policy-supporting tasks, e.g. by serving on commissions that support the operation and good governance of the faculty of engineering, and by joining scientific and educational outreach activities.</li></ul><p>For this function, our\u00a0<strong>Brussels Humanities, Sciences &amp; Engineering Campus (Elsene)</strong>\u00a0will serve as your home base.\u00a0</p><h2><strong>3 - Profile</strong></h2><p>What do we expect from you?</p><p><strong>You hold both a degree in academic engineering in electronics or information theory and a PhD in Engineering.</strong></p><ul><li>You can convey knowledge to the audience in an inspiring way, and adapt\u00a0seamlessly to the level of the audience, and display\u00a0empathy towards the public.</li></ul><ul><li>For the Bachelor courses, in-depth knowledge of the Dutch language is crucial and required, as these courses are completely taught in Dutch. The courses in the Master are taught in English, and hence these require a very good knowledge of English as well.</li></ul><ul><li>You have demonstrable and quantifiable expertise in the following scientific domains:<ul><li>in-depth expertise in data-driven identification of time- and parameter varying systems in the presence of non-linear distortions, focused on spectrally based methods;</li><li>in-depth knowledge of measurement and signal processing techniques in the time domain and the frequency domain;</li><li>a good knowledge of statistical techniques underpinning data-driven system identification and leading to the quantification of uncertainty bounds.</li></ul></li></ul><ul><li>Possessing\u00a0the capabilities to define, guide, and execute research and innovation projects, experience with the following is appreciated:<ul><li>data-driven modelling using \u00e2\u0080\u0098machine learning\u00e2\u0080\u0099;</li><li>integrated electronics, mechanics, and/or electrochemistry applications;</li><li>collaborative interdisciplinary and international research projects in the fields above.</li></ul></li></ul><ul><li>A practical and problem-solving mindset, excellent collaboration skills and the strong will to integrate well with all the research activities of the department are vital.</li></ul><ul><li>You must be willing to integrate in the department ELEC and in the faculty of engineering, and define the steppingstones and the vision underpinning the scientific strategy of the department and the faculty.</li></ul><ul><li>You subscribe to the university\u00e2\u0080\u0099s vision of education. The full text in relation to this is available on the university website.</li></ul><ul><li>Every first appointment is dependent upon the successful delivery of a teaching session.</li></ul><ul><li>Members of the academic staff who, as title-holders, are charged with teaching assignments, must be able to demonstrate the required knowledge of the language of instruction for the relevant course units. Example: When a course unit is taught in English, the candidate is required to have the appropriate certificate. More information about the regulations concerning the language proficiency you can find via\u00a0<a href=\"https://jobs.vub.be/content/Regulations-concerning-language-proficiency/\" target=\"_blank\">https://jobs.vub.be/content/Regulations-concerning-language-proficiency/</a></li></ul><h2><strong>4 - Offer</strong></h2><p>Are you going to be our new colleague?</p><p>You\u00e2\u0080\u0099ll be offered an\u00a0<strong>appointment as full-time professor</strong>, with planned starting date\u00a0<strong>01/10/2022</strong>.\u00a0</p><ul><li>If the recruitment is in the rank of <strong>lecturer</strong>, you'll be offered a <strong>tenure track appointment</strong>, which implies an initial appointment as lecturer for a period of <strong>5 years</strong>, with eligibility for tenure in the rank of senior lecturer by the end of this initial period.</li></ul><ul><li>If the recruitment is in <strong>an other academic ranks</strong>, you'll be offered an appointment for <strong>3 years</strong>, with eligibility for tenure in the same rank by the end of this initial period.<br/>\u00a0</li></ul><p>You\u00e2\u0080\u0099ll receive a salary linked to one of the scales set by the government.</p><p>At the VUB, you\u00e2\u0080\u0099re guaranteed an open, involved and diverse workplace where you are offered opportunities to (further) build on your career.</p><p>As well as this, you\u00e2\u0080\u0099ll enjoy various benefits:</p><ul><li><strong>Full reimbursement for your home-work commute with public transport </strong>according to VUB-policy, or compensation if you come by bike;</li><li>Cost-free <strong>hospitalisation insurance</strong>;</li><li>The space to form your job content and <strong>continuously learn</strong> via VUB LRN;</li><li><strong>Excellent facilities for sport and exercise</strong>;</li><li><strong>Ecocheques</strong>;</li><li>Delicious meals at attractive prices in our <strong>campus restaurants</strong>;</li><li>An open, family-friendly work environment where attention is paid to work-life balance, and exceptional holiday arrangements with <strong>35 days of leave</strong> (based on a fulltime contract).</li></ul><h2><strong>5 - Interested?</strong></h2><p>Is this the job you\u00e2\u0080\u0099ve been dreaming of?</p><p>Send us <strong><u>ONLINE</u></strong> and <strong><u>at latest on 01/03/2022</u></strong>:</p><ul><li>your motivation letter, including your vision on education and research, and an explanation about the development of your future research;</li><li>your curriculum vitae, including you academic dossier;</li><li>your degrees and diplomas (not applicable for VUB alumni) and language certificates.</li></ul><p>Do you have questions about the job content? Contact Prof. Yves Rolain\u00a0at yves.rolain@vub.be\u00a0or on +32 (0)2 629 29 44.</p><p>Would you like to know what it\u00e2\u0080\u0099s like to work at the VUB? Go to <strong><u>www.vub.ac.be/vacatures</u></strong> and find all there is to know about our campuses, benefits, strategic goals and your future colleagues.</p>\n</div>", "requirements_description": "N/A", "conditions_description": "N/A", "employer_description": "N/A", "department_description": "N/A", "additional_information": "N/A", "apply_link": "N/A", "employer_link": "N/A", "job_type": "N/A", "logo": "https://content.academicpositions.com/eyJidWNrZXQiOiJhcC1wcm9kdWN0aW9uLW1lZGlhLWFyY2hpdmUiLCJrZXkiOiJlYmRcL2NmZFwvZWJkY2ZkZTdkNmZhZDM2Mzc5N2U0Yjk1MGRjM2MzODkucG5nIiwiZWRpdHMiOltdfQ=="}