{"url": "https://academicpositions.com/ad/universite-libre-de-bruxelles/2022/full-time-research-and-teaching-position-in-anatomy/174703", "title": "Full-time Research and Teaching Position in Anatomy", "publish_date": "2022-02-01", "deadline": "2022-02-28", "location": "Avenue Franklin Roosevelt 50 Brussels, Belgium", "city": "Avenue Franklin Roosevelt 50 Brussels", "country": "Belgium", "position": "Researcher", "field": "Anatomy, Biochemistry, Biomedicine, Chemical Biology, Pharmacy & Pharmacology,", "salary": "N/A", "max_working_hours": "N/A", "employer": "Universit\u00c3\u00a9 libre de Bruxelles (ULB)", "job_description": "<div class=\"editor ck-content mt-6 mb-6 mb-md-8 mt-md-8\" id=\"editor\">\n<p><img src=\"https://ap-production-media-archive.s3.eu-north-1.amazonaws.com/uploads/Zoteq5WPzTsrZcQCZ3tIageStqOzfzTY2LDw3Fq2.png\"/> <img class=\"image_resized\" src=\"https://ap-production-media-archive.s3.eu-north-1.amazonaws.com/uploads/hNB6IjG3wBIHpU3sMQDizdqFnQNbRS3CMot9q4Jz.png\" style=\"width:15.69%;\"/></p><p>Finalized, presentation, surveillance and evaluation of the manipulations proposed to the students, the preparation and the presentation of the seminaries, the participation in the examinations.\u00a0</p><p>Realization of a doctoral thesis at the Faculty of Medicine</p><p>Since the objective of the assistant mandate is to conduct and finalize a doctoral thesis, the tasks will be equitably divided between Teaching and Research.</p><p>Main Research Field : biomedical sciences</p><p>Sub Research Field : Biochemistry</p><p>Required educational level: Holder of a Master's degree or an equivalent recognized title by the French Community of Belgium, in a domain of Life sciences (Chemistry-Biology-Biochemistry-Agronomy-Pharmacy-Medicine-Biomedical Sciences, etc.), and to satisfy in the conditions of access to the doctorate</p><p>Required Languages\u00a0:</p><p>Fran\u00c3\u00a7ais\u00a0: native</p><p>English : very good level</p><p><span style=\"color:#2F5496;\">Interested\u00a0?</span></p><p>For more information, please contact Mrs Marie-Isabelle GARCIA (Phone: +32\u00a02\u00a0555.41.95\u00e2\u0080\u0093 E-mail:\u00a0<a href=\"mailto:Marie.Garcia@ulb.be\">Marie.Garcia@ulb.be</a>).\u00a0</p><p>Applications must be sent by e-mail to the rectorate of the Universit\u00c3\u00a9 Libre de Bruxelles (<a href=\"mailto:rectrice@ulb.be\">rectrice@ulb.be</a>) and to the faculty deanship (<a href=\"mailto:admin.medecine@ulb.be\">admin.medecine@ulb.be</a>).\u00a0</p><p>They must include the following :</p><ul><li>a motivation letter</li><li>a Curriculum vitae including a list of publications :</li></ul><p><i>if you want you can complete a standard form via our website at</i><span style=\"color:purple;\"><u>\u00a0</u></span><a href=\"https://www.ulb.be/fr/documents-officiels/completer-votre-cv-en-ligne\" target=\"_blank\">https://www.ulb.be/fr/documents-officiels/completer-votre-cv-en-ligne</a> .\u00a0 <i>Once completed, it must be downloaded and attached to the application file.</i></p><ul><li>a note on the applicant\u00e2\u0080\u0099s PhD research project (4 pages)</li><li>two letters of reference</li></ul><p><span style=\"color:#2F5496;\">Equal opportunities policy</span></p><p>ULB's personnel management policy is geared towards diversity and equal opportunities.</p><p>We recruit candidates on the basis of their skills, irrespective of age, gender, sexual orientation, origin, nationality, beliefs, disability, etc.</p><p>Would you like to be provided with reasonable accommodation in the selection procedure because of a disability, disorder, or illness?\u00a0 Please contact Marie Botty, the person in charge of diversity aspects for the academic and scientific staff (<a href=\"mailto:marie.botty@ulb.be\">marie.botty@ulb.be</a><span style=\"color:#004C93;\"><u>)</u></span>. Be assured of the confidentiality of this information.</p><p>More details on the ULB gender and diversity policy are available at\u00a0<a href=\"https://www.ulb.be/en/about-ulb/gender-equality-at-ulb\" target=\"_blank\"><span style=\"color:#004C93;\">https://www.ulb.be/en/about-ulb/gender-equality-at-ulb</span></a>.\u00a0</p><p>You will find all the regulations relating to research careers on our site at\u00a0<a href=\"http://www.ulb.ac.be/emploi/academique.html\" target=\"_blank\"><span style=\"color:#004C93;\">http://www.ulb.ac.be/emploi/academique.html</span></a>.</p><p>Reference\u00a0: 2022/S014</p><p>Application deadline : 28/02/2022</p><p>Start date: 01/10/2022</p>\n</div>", "requirements_description": "N/A", "conditions_description": "N/A", "employer_description": "N/A", "department_description": "N/A", "additional_information": "N/A", "apply_link": "N/A", "employer_link": "N/A", "job_type": "N/A", "logo": "https://content.academicpositions.com/eyJidWNrZXQiOiJhcC1wcm9kdWN0aW9uLW1lZGlhLWFyY2hpdmUiLCJrZXkiOiIyMDE0XC8wMVwvdWxiLWxvZ28ucG5nIiwiZWRpdHMiOltdfQ=="}