{"url": "https://academicpositions.com/ad/german-institute-of-human-nutrition-dife/2022/1-postdoc-m-f-d/174802", "title": "1 PostDoc (m/f/d)", "publish_date": "2022-02-02", "deadline": "2022-03-15", "location": "Arthur-Scheunert-Allee 114-116 Potsdam, Germany", "city": "Arthur-Scheunert-Allee 114-116 Potsdam", "country": "Germany", "position": "Postdoc", "field": "Biochemistry, Genetics, Histology, Immunochemistry, Molecular Biology, and 2 moreNeuroscience,Physiology", "salary": "N/A", "max_working_hours": "N/A", "employer": "German Institute of Human Nutrition (DIfE)", "job_description": "<div class=\"editor ck-content mt-6 mb-6 mb-md-8 mt-md-8\" id=\"editor\">\n<p>The</p><p><strong>\u00a0 \u00a0 \u00a0 \u00a0 \u00a0 \u00a0 \u00a0 \u00a0 \u00a0 \u00a0 \u00a0 \u00a0 \u00a0 \u00a0 \u00a0 \u00a0 \u00a0 \u00a0 \u00a0 \u00a0 \u00a0 \u00a0 \u00a0 \u00a0 \u00a0 \u00a0 \u00a0 German Institute of Human Nutrition</strong><br/><strong>\u00a0 \u00a0 \u00a0 \u00a0 \u00a0 \u00a0 \u00a0 \u00a0 \u00a0 \u00a0 \u00a0 \u00a0 \u00a0 \u00a0 \u00a0 \u00a0 \u00a0 \u00a0 \u00a0 \u00a0 \u00a0 \u00a0 \u00a0 \u00a0 \u00a0 \u00a0 \u00a0 \u00a0 \u00a0 \u00a0 \u00a0 \u00a0Potsdam-Rehbruecke\u00a0(DIfE)</strong></p><p>is a member of the Leibniz Association. The institute\u00e2\u0080\u0099s mission is to conduct experimental and clinical research in the field of nutrition and health, with the aim of understanding the molecular basis of nutrition-dependent diseases, and of developing new strategies for treatment and prevention (Website: <u>https://www.dife.de/en/</u>).\u00a0</p><p>We\u00a0invite applications for the Junior Research Group <strong>Neurocircuit Development and Function (NDF)\u00a0</strong>for</p><h2>\u00a0 \u00a0 \u00a0 \u00a0 \u00a0 \u00a0 \u00a0 \u00a0 \u00a0 \u00a0 \u00a0 \u00a0 \u00a0 \u00a0 \u00a0 \u00a0 \u00a0 \u00a0 \u00a0 \u00a0 \u00a0 \u00a01 PostDoc (m/f/d)</h2><p>starting <strong>as soon as possible</strong>.</p><p>Specifically, the Junior Research Group is interested in neuronal circuits that control metabolism (food intake, energy expenditure, activity etc.) as well as how the maternal dietary environment can negatively influence the development and function of these brain circuits changing energy homeostasis and behavior of offspring.</p><p><strong>Tasks</strong></p><ul><li>Anatomical and functional analysis of circuits using in vivo genetic modulations (i.e. viral tracing and fiber photometry)</li><li>Performing metabolic and behavioral tests to assess alterations to whole animal physiology.</li><li>Presentation of research results (in scientific journals, colloquia and conferences)</li></ul><p><strong>Requirements and Skills</strong></p><ul><li>Excellent master and/or doctoral degree in neuroscience, biochemistry, biology or a related discipline</li><li>Experience with modern molecular biological and biochemical methods (immunohistochemistry, RNAScope, PCR, etc.), prior knowledge of at least one of the following: stereotaxic surgery and AAV injections, stereotaxic surgery and fiber optic implant placement, or fiber photometry</li><li>Experience in animal experimentation, FELASA or equivalent is a plus</li><li>Knowledge of coding language (Python or equivalent) is a bonus</li><li>Ability to work independently and to supervise undergraduates and PhD students</li><li>Applicants should be highly-motivated, ambitious and hard-working scientists who wish to be part of a collaborative, international team within a superb scientific environment</li><li>Excellent English (in speaking and writing) and computer skills, knowledge of German is advantageous, but not required</li></ul><p>We expect a very high degree of motivation, teamwork, independence, ability and willingness to engage in interdisciplinary collaboration in a diverse research environment.</p><p>We offer a vibrant and interactive research setting,\u00a0excellent working conditions,\u00a0close collaboration with national and international project partners, state-of-the-art equipment and support mobility with a jobticket for using the public transport.</p><p>The advertised position is\u00a0<strong>available for 2 years.</strong> The level of salary will be determined on the basis of standard/tariff conditions, present qualifications and professional experience\u00a0<strong>(TV-L, level E13)</strong>.\u00a0</p><p><strong>Contact</strong></p><p>Please send your documents (cover letter explaining your motivation, CV, certificates and references) <strong><u>as a single pdf-file</u></strong>\u00a0with <strong>reference nr. 2022_W02_AP</strong>\u00a0before <strong>March 15thth, 2022\u00a0</strong>via e-mail to<strong>\u00a0</strong><a href=\"mailto:jobs@dife.de\"><strong>jobs@dife.de</strong></a><strong>.\u00a0</strong></p><p><u>For more information please contact:</u></p><p><strong>Dr. Rachel Lippert\u00a0</strong></p><p>Head of Junior Research Group NDF</p><p>Tel.: +49 33 200 88 - 2470</p><p>E-Mail:\u00a0<a href=\"mailto:Rachel.Lippert@dife.de\">Rachel.Lippert@dife.de</a>\u00a0</p><p><i>By submitting your application documents, you grant us the right to collect, process, and use your personal data exclusively for the application selection process. For further information about your rights according to the data protection law, please contact the department Human Resources and Social Services (</i><a href=\"mailto:jobs@dife.de\"><i>jobs@dife.de</i></a><i>).</i></p>\n</div>", "requirements_description": "N/A", "conditions_description": "N/A", "employer_description": "N/A", "department_description": "N/A", "additional_information": "N/A", "apply_link": "N/A", "employer_link": "N/A", "job_type": "N/A", "logo": "https://content.academicpositions.com/eyJidWNrZXQiOiJhcC1wcm9kdWN0aW9uLW1lZGlhLWFyY2hpdmUiLCJrZXkiOiJiNGFcLzVlOVwvYjRhNWU5OGMwYzU1YzE2YmVlNDE3NmU2ZTM0YjYwMDYuanBlZyIsImVkaXRzIjpbXX0="}