{"url": "https://academicpositions.com/ad/bergische-universitat-wuppertal/2022/tenure-track-assistant-professorship-w-1-tenure-w-2-for-experimental-physics/174474", "title": "Tenure Track Assistant Professorship (W 1 \u00e2\u0080\u0093 tenure W 2) for \u00e2\u0080\u009cExperimental Physics\u00e2\u0080\u009d", "publish_date": "2022-01-26", "deadline": "2022-03-07", "location": "Bergische Universit\u00c3\u00a4t Wuppertal Wuppertal, Germany", "city": "Bergische Universit\u00c3\u00a4t Wuppertal Wuppertal", "country": "Germany", "position": "Assistant Professor", "field": "Condensed Matter Physics, Electromagnetism, Experimental Physics, Materials Physics, Quantum Physics, and 1 moreTheoretical Physics", "salary": "N/A", "max_working_hours": "N/A", "employer": "Bergische Universit\u00c3\u00a4t Wuppertal (BUW)", "job_description": "<div class=\"editor ck-content mt-6 mb-6 mb-md-8 mt-md-8\" id=\"editor\">\n<p>\"Research and Study with a Prospect\"</p><p>The University of Wuppertal is a modern, dynamic and research-oriented campus university with an interdisciplinary profile in research and teaching. Collectively, more than 25,000 researchers, academic staff and students face the challenges of society, culture, education, economics, technology, nature and the environment.</p><p>The Faculty of Mathematics and Natural Sciences invites applications for a</p><h3><span style=\"color:#667727;\"><strong>Tenure Track Assistant Professorship (W 1 \u00e2\u0080\u0093 tenure W 2) for \u00e2\u0080\u009cExperimental Physics\u00e2\u0080\u009d</strong></span></h3><p>(legal basis: W 1 LBesG NRW; \u00c2\u00a7 36 HG NRW).</p><p>The position should be filled as soon as possible.</p><p><strong>Expectations:</strong></p><p>We are seeking to appoint an outstanding researcher, preferentially in an early stage after obtaining the PhD, who is well established in the physics of condensed matter, in particular in the field of magnetic spectroscopy (inelastic neutron scattering is preferred). Additional experience in the field of materials preparation for synthesizing novel materials, particularly in the growth of single crystals is an advantage.</p><p>The future holder of the position is expected to topically complement the existing experimental research activities in condensed matter physics at the University of Wuppertal and to develop them further.</p><p>Future research should focus on the area of correlated electron systems and quantum magnetism, including the synthesis and analysis of pertinent materials. A proactive collaboration with other research groups of experimental and theoretical condensed matter physics at the University of Wuppertal with respect to joint research projects and third-party funding acquisition is expected. This includes the participation in future joint projects which succeed the current Research Unit \u00e2\u0080\u009cCorrelations in Integrable Quantum Many-Body Systems\u00e2\u0080\u009d. The use of existing research equipment for structure investigations, i.a., in-house x-ray sources as well as equipment for synchrotron radiation is desired. Furthermore, a collaboration with the Wuppertal Center for Smart Materials &amp; Systems CM@S is possible.</p><p>The successful candidat is expected to teach the basic courses in Experimental Physics in teaching in German as well as to develop and realize Physics Bachelor/Master courses in condensed matter physics.</p><p>The collaboration in academic self-administration is expected.</p><p><strong>Requirements:</strong></p><ul><li>A university degree in physics</li><li>A particular aptitude for scientific work, usually demonstrated by the outstanding quality of a respective doctorate</li><li>Suitability for teaching, which is proven by appropriate previous experience or, exceptionally, demonstrated during the appointment procedure</li><li>A record of relevant research and publication activities (in particular articles in peer-reviewed journals)</li><li>Experience in attracting external funding to support research projects as well as active participation in research programmes</li><li>International orientation (e.g. stays abroad, international contacts, international lectures or publications)</li></ul><p>The successful candidate helps to realise the equality of men and women at the University.</p><p><strong>Tenure track</strong></p><p>Starting as junior professors they are appointed normally as civil servants for a period of three years. These positions are extended for three more years if the junior professors have successfully passed an interim evaluation. After a positive tenure evaluation in the sixth year, the candidates are appointed associate professors (level W2, permanent position). Both evaluation procedures are based on a target agreement which is part of the appointment negotiations. The target agreement and a written confirmation verifying the negotiated financial and personal resources of the professorship are an integral part of the acceptance agreement between university and candidates.</p><p><strong>Reference number: P21009</strong></p><p>Applications, including a CV, copies of certificates, a list of publications and a list of previous teaching experiences, should be addressed to Prof. Dr. Stefan Kirsch and solely submitted via the online portal of the University of Wuppertal: <a href=\"https://stellenausschreibungen.uni-wuppertal.de\" target=\"_blank\">https://stellenausschreibungen.uni-wuppertal.de</a>.</p><p>Kindly note, that incomplete applications will not be considered.</p><p>The University of Wuppertal is an equal opportunity employer. Applications from persons of any gender are highly welcome. In accordance with the Gender Equality Act of North Rhine-Westphalia women will be given preferential consideration unless there are compelling reasons in favour of an applicant who is not female. The same applies to applications from disabled persons, who will be given preference in the case of equal suitability.</p><p><strong>Application deadline: 2022-03-07</strong></p>\n</div>", "requirements_description": "N/A", "conditions_description": "N/A", "employer_description": "N/A", "department_description": "N/A", "additional_information": "N/A", "apply_link": "N/A", "employer_link": "N/A", "job_type": "N/A", "logo": "https://content.academicpositions.com/eyJidWNrZXQiOiJhcC1wcm9kdWN0aW9uLW1lZGlhLWFyY2hpdmUiLCJrZXkiOiIyMDEyXC8wOVwvQlVXLnBuZyIsImVkaXRzIjpbXX0="}