{"url": "https://academicpositions.com/ad/mcmaster-university/2021/tenure-track-faculty-positions/170268", "title": "Tenure-track Faculty Positions", "publish_date": "2021-12-01", "deadline": "N/A", "location": "1280 Main Street West Hamilton, Canada", "city": "1280 Main Street West Hamilton", "country": "Canada", "position": "Assistant Professor", "field": "Acoustic Engineering, Aeronautical Engineering, Aerospace Engineering, Agricultural Engineering, Audio Systems Engineering, and 46 moreAutomotive Engineering,Automotive Systems Engineering,Bioengineering,Biomedical Engineering,Biosystems Engineering,Chemical Engineering,Civil Engineering,Communication Engineering,Computational Engineering,Computer Engineering,Control Systems Engineering,Ecological Engineering,Electrical Engineering,Electronics,Energy Technology,Engineering Education,Engineering Physics,Environmental Engineering,Fire Safety Engineering,Geotechnical Engineering,Hydraulics,Image Processing,Industrial Engineering,Instrumentation Engineering,Manufacturing Engineering,Marine Engineering,Materials Engineering,Mechanical Engineering,Mechanics,Mechatronics,Military Engineering,Mining Engineering,Nuclear Engineering,Optical Engineering,Petroleum Engineering,Quality Assurance Engineering,Railway Engineering,Renewable Energy,Robotics,Safety Engineering,Signal Processing,Structural Engineering,Systems Engineering,Technology Management,Telecommunications Engineering,Transportation Engineering", "salary": "N/A", "max_working_hours": "N/A", "employer": "McMaster University", "job_description": "<div class=\"editor ck-content mt-6 mb-6 mb-md-8 mt-md-8\" id=\"editor\">\n<p><span style=\"color:#7A003C;\"><strong>McMaster University\u00e2\u0080\u0099s Faculty of Engineering is committed to the advancement of Black academic excellence and is recruiting for tenure-track faculty positions across all departments.</strong></span></p><p><span style=\"color:#4B5864;\">The Faculty of Engineering at McMaster University in Hamilton, Ont., Canada is building on its international ranking as one of the world\u00e2\u0080\u0099s top engineering schools by expanding its recruitment of Black faculty for tenure-track appointments across multiple departments.</span></p><p><img src=\"https://ap-production-media-archive.s3.eu-north-1.amazonaws.com/uploads/2ncPRUXsNDu9FYpd3BPrb0witbbaqMtCq1kGXg5x.png\"/></p><p><span style=\"color:#7A003C;\"><strong>OUR COMMITMENT TO INCLUSIVE EXCELLENCE</strong></span></p><p><span style=\"color:#4B5864;\">At McMaster University, we are committed to investing in our faculty members and to building a community of mentorship. We believe that this encourages a culture where excellence is fostered by diversity and inclusivity, which brings unique perspectives together to solve the world\u00e2\u0080\u0099s biggest challenges.</span></p><p><span style=\"color:#4B5864;\">We believe that finding solutions to real-world problems depends on sharing creative, diverse thoughts and ideas. To us, collaborative thinking is a gateway to smarter solutions and greater optimism. It\u00e2\u0080\u0099s helping us create a brighter world. The diversity of our community is at the core of our innovation and creativity and strengthens our research and teaching excellence.</span></p><p><span style=\"color:#4B5864;\">As a signal of our commitment,</span><span style=\"color:#7A003C;\"> McMaster University announced a new hiring initiative through the Strategic Equity and</span><span style=\"color:#4B5864;\">\u00a0</span><span style=\"color:#7A003C;\">Excellence Recruitment and Retention Program</span><span style=\"color:#4B5864;\"> within</span><span style=\"color:#7A003C;\">\u00a0</span><a href=\"https://equity.mcmaster.ca/strategy/towards-inclusive-excellence/edi-action-plan/\" target=\"_blank\"><span style=\"color:#7A003C;\">McMaster\u00e2\u0080\u0099s EDI Strategy and Action Plan</span></a><span style=\"color:#4B5864;\">, which will see 16</span><span style=\"color:#7A003C;\">\u00a0</span><span style=\"color:#4B5864;\">Black faculty members recruited across all six Faculties.</span></p><p><span style=\"color:#7A003C;\"><strong>As part of this initiative, McMaster Engineering is seeking six tenure-track candidates with specialization in any of our departments and related research cluster areas.</strong></span></p><p><span style=\"color:#7A003C;\"><strong>ELIGIBILITY</strong></span></p><p><span style=\"color:#4B5864;\">Successful applicants will demonstrate a record or evidence of strong potential for excellence in teaching, research and service and a willingness and ability to:</span></p><ul><li><span style=\"color:#4B5864;\">Contribute actively to undergraduate and graduate programs</span></li><li><span style=\"color:#4B5864;\">Supervise graduate students; establish independent research programs and engage in research collaborations across departments within or across faculties</span></li><li><span style=\"color:#4B5864;\">Contribute to the University\u00e2\u0080\u0099s inclusive excellence goals and priorities</span></li></ul><p><span style=\"color:#7A003C;\"><strong>ABOUT MCMASTER ENGINEERING</strong></span></p><p><span style=\"color:#4B5864;\">With more than 180 faculty members, approximately 6,000 undergraduate and 1,000 graduate students, McMaster Engineering has earned a strong reputation for innovative programs, leading research, industry collaborations, top faculty and aspiring students. Recently 14 academic disciplines at McMaster Engineering were ranked among the best in Canada by Shanghai Ranking. Earlier this year,</span><span style=\"color:#7A003C;\">\u00a0</span><a href=\"https://dailynews.mcmaster.ca/articles/mcmaster-places-17th-in-the-world-in-times-higher-education-impact-rankings/\" target=\"_blank\"><span style=\"color:#7A003C;\">McMaster ranked 17th in the world in the Times Higher Education</span></a><span style=\"color:#7A003C;\"><u>\u00a0</u></span><a href=\"https://dailynews.mcmaster.ca/articles/mcmaster-places-17th-in-the-world-in-times-higher-education-impact-rankings/\" target=\"_blank\"><span style=\"color:#7A003C;\">Impact Rankings</span><span style=\"color:#4B5864;\">\u00a0</span></a><span style=\"color:#4B5864;\">and ranked number one in Canada for good health and well-being and decent work and economic</span><span style=\"color:#7A003C;\"><u>\u00a0</u></span><span style=\"color:#4B5864;\">growth.</span></p><p><span style=\"color:#4B5864;\">Discover more of what McMaster Engineering and the Hamilton area have to offer academic professionals and their families by viewing our</span><span style=\"color:#7A003C;\">\u00a0</span><a href=\"https://www.eng.mcmaster.ca/sites/default/files/uploads/faculty_recruitment_information_guide.pdf\" target=\"_blank\"><span style=\"color:#7A003C;\">Information Guide</span></a><span style=\"color:#4B5864;\">highlighting our research excellence, family-friendly resources and rich local culture. Opportunities for continuous personal and professional growth are also made available through our Faculty\u00e2\u0080\u0099s\u00a0</span><a href=\"https://www.eng.mcmaster.ca/resources/faculty-development-academy\" target=\"_blank\"><span style=\"color:#7A003C;\">Fireball Academy</span><span style=\"color:#4B5864;\">\u00a0</span></a><span style=\"color:#4B5864;\">and the</span><span style=\"color:#7A003C;\">\u00a0</span><a href=\"https://mi.mcmaster.ca/\" target=\"_blank\"><span style=\"color:#7A003C;\">MacPherson Institute</span></a><span style=\"color:#4B5864;\">.</span></p><p><img src=\"https://ap-production-media-archive.s3.eu-north-1.amazonaws.com/uploads/1USXCbFWoBxfg6y19bWYoN4G0FFI1WJDDdZ6ti72.png\"/></p><p><span style=\"color:#7A003C;\"><strong>LEARN MORE ABOUT THE INITIATIVES WE ARE SUPPORTING TO STRENGTHEN DIVERSITY WITHIN OUR COMMUNITY</strong></span></p><ul><li><a href=\"https://www.eng.mcmaster.ca/news/new-scholarship-launched-support-black-engineering-students\" target=\"_blank\"><span style=\"color:#4B5864;\">National Society of Black Engineers McMaster Chapter Entrance Award</span></a></li><li><a href=\"https://www.eng.mcmaster.ca/indigenous-and-black-engineeringtechnology-ibet-phd-fellowship\" target=\"_blank\"><span style=\"color:#4B5864;\">Indigenous and Black Engineering and Technology (IBET) Momentum Fellowships</span></a></li><li><a href=\"https://www.eng.mcmaster.ca/connect/women-engineering#About\" target=\"_blank\"><span style=\"color:#4B5864;\">Women in Engineering Committee</span></a></li><li><span style=\"color:#4B5864;\"><u>Student Groups:\u00a0</u></span><a href=\"https://mcmasterengiqueers.wixsite.com/home\" target=\"_blank\"><span style=\"color:#4B5864;\">McMaster EngiQueers\u00a0</span></a><span style=\"color:#4B5864;\"><u>and\u00a0</u></span><a href=\"https://www.mcmasterwie.com/about-us\" target=\"_blank\"><span style=\"color:#4B5864;\">McMaster Women in Engineering Society</span></a></li></ul><p><span style=\"color:#7A003C;\"><strong>CONTACT</strong></span></p><p><span style=\"color:#4B5864;\">For questions about applying to this opportunity with Faculty of Engineering, please contact Christina Pellegrini, Office of Research, Innovation and External Relations (</span><a href=\"mailto:engadr@mcmaster.ca\"><span style=\"color:#4B5864;\">engadr@mcmaster.ca)</span></a></p>\n</div>", "requirements_description": "N/A", "conditions_description": "N/A", "employer_description": "N/A", "department_description": "N/A", "additional_information": "N/A", "apply_link": "N/A", "employer_link": "N/A", "job_type": "N/A", "logo": "https://content.academicpositions.com/eyJidWNrZXQiOiJhcC1wcm9kdWN0aW9uLW1lZGlhLWFyY2hpdmUiLCJrZXkiOiIyMDE2XC8wN1wvbWNtYXN0ZXItdW5pLWxvZ28uanBnIiwiZWRpdHMiOltdfQ=="}