{"url": "https://academicpositions.com/ad/agri-food-and-biosciences-institute-afbi/2022/ecosystem-modeller-higher-scientific-officer-hso-in-marine-fisheries-24-month-fixed-term-contract/174622", "title": "Ecosystem Modeller (Higher Scientific Officer, HSO) in Marine Fisheries - 24 Month Fixed Term Contract", "publish_date": "2022-01-28", "deadline": "2022-02-28", "location": "18A Newforge Lane Belfast, United Kingdom", "city": "18A Newforge Lane Belfast", "country": "United Kingdom", "position": "Researcher", "field": "Ecology, Environmental Science, Marine Biology,", "salary": "N/A", "max_working_hours": "N/A", "employer": "Agri-Food and Biosciences Institute (AFBI)", "job_description": "<div class=\"editor ck-content mt-6 mb-6 mb-md-8 mt-md-8\" id=\"editor\">\n<p><strong>REF: IRC273958\u00a0\u00a0\u00a0\u00a0\u00a0\u00a0\u00a0\u00a0\u00a0\u00a0\u00a0\u00a0\u00a0\u00a0\u00a0</strong></p><p><strong>SALARY: \u00c2\u00a332,328 - \u00c2\u00a333,459\u00a0\u00a0\u00a0\u00a0\u00a0\u00a0\u00a0\u00a0\u00a0\u00a0\u00a0\u00a0\u00a0\u00a0\u00a0\u00a0\u00a0</strong></p><p><strong>DEPARTMENT: Agri-Food and Biosciences Institute Northern Ireland (AFBI)\u00a0\u00a0\u00a0\u00a0\u00a0\u00a0\u00a0\u00a0\u00a0\u00a0</strong></p><p><strong>LOCATION: Newforge Lane, Belfast, BT9 5PX\u00a0\u00a0\u00a0\u00a0\u00a0\u00a0\u00a0\u00a0</strong></p><p><strong>Further appointments may be made from this competition should AFBI positions become vacant which have similar duties and responsibilities.</strong></p><p>For more detailed information and to apply, please go to <a href=\"http://www.nicsrecruitment.org.uk\" target=\"_blank\">www.nicsrecruitment.org.uk</a></p><p><strong>Completed application forms must be submitted no later than 12:00 noon (UK time) on Monday 28th February 2022.</strong></p><p>Applications are particularly welcomed from Roman Catholics and Females as these groups are currently under-represented within AFBI.</p><p><strong>ALL APPLICATIONS FOR EMPLOYMENT ARE CONSIDERED STRICTLY ON THE BASIS OF MERIT</strong></p><p><strong>All queries can be directed to HRConnect by:</strong></p><p><strong>Email:\u00a0</strong><a href=\"mailto:recruitment@hrconnect.nigov.net\">recruitment@hrconnect.nigov.net</a></p><p><strong>Telephone:\u00a0</strong>0800 1 300 330</p>\n</div>", "requirements_description": "N/A", "conditions_description": "N/A", "employer_description": "N/A", "department_description": "N/A", "additional_information": "N/A", "apply_link": "N/A", "employer_link": "N/A", "job_type": "N/A", "logo": "https://content.academicpositions.com/eyJidWNrZXQiOiJhcC1wcm9kdWN0aW9uLW1lZGlhLWFyY2hpdmUiLCJrZXkiOiJ1cGxvYWRzXC9LSDFsMmtxeXMyRWVvZTB1d2VZcXhDZE1CNGhvTXQ1THNNQmhWaWtyLnBuZyIsImVkaXRzIjpbXX0="}