{"url": "https://academicpositions.com/ad/oslo-metropolitan-university/2022/phdfellowship-position-in-climate-journalism/174632", "title": "Ph.d.fellowship position in climate journalism", "publish_date": "2022-01-30", "deadline": "2022-03-13", "location": "Pilestredet 46 Oslo, Norway", "city": "Pilestredet 46 Oslo", "country": "Norway", "position": "PhD", "field": "Journalism, Media and Communication Studies,", "salary": "N/A", "max_working_hours": "N/A", "employer": "OsloMet \u00e2\u0080\u0093 Oslo Metropolitan University", "job_description": "N/A", "requirements_description": "N/A", "conditions_description": "N/A", "employer_description": "N/A", "department_description": "N/A", "additional_information": "N/A", "apply_link": "N/A", "employer_link": "N/A", "job_type": "N/A", "logo": "https://content.academicpositions.com/eyJidWNrZXQiOiJhcC1wcm9kdWN0aW9uLW1lZGlhLWFyY2hpdmUiLCJrZXkiOiIyMzdcLzFkZFwvMjM3MWRkYzA1MjE2ZWE1MGRmYjY0NjJkNDRjYzYzZjEucG5nIiwiZWRpdHMiOltdfQ=="}