{"url": "https://academicpositions.com/ad/university-of-antwerp/2021/senior-academic-staff-and-postdoc-researcher-work-leader-kmkg-belcaire-belgian-carriage-interior-research-project/170571", "title": "Senior Academic Staff and postdoc researcher / Work Leader (KMKG) BELCAIRE: Belgian Carriage Interior Research Project", "publish_date": "2021-12-02", "deadline": "2022-02-22", "location": "Prinsstraat 13 Antwerp, Belgium", "city": "Prinsstraat 13 Antwerp", "country": "Belgium", "position": "Postdoc", "field": "History of Art, Museology,", "salary": "N/A", "max_working_hours": "N/A", "employer": "University of Antwerp", "job_description": "N/A", "requirements_description": "N/A", "conditions_description": "N/A", "employer_description": "N/A", "department_description": "N/A", "additional_information": "N/A", "apply_link": "N/A", "employer_link": "N/A", "job_type": "N/A", "logo": "https://content.academicpositions.com/eyJidWNrZXQiOiJhcC1wcm9kdWN0aW9uLW1lZGlhLWFyY2hpdmUiLCJrZXkiOiJlY2FcLzc1NlwvZWNhNzU2NzRiYmMzZGVlNjNmNjk0MWRmZTdmYWRmYTAucG5nIiwiZWRpdHMiOltdfQ=="}