{"url": "https://academicpositions.com/ad/ghent-university/2022/assistant-22432-biology/174644", "title": "Assistant (22432) - Biology", "publish_date": "2022-01-31", "deadline": "2022-02-22", "location": "Sint-Pietersnieuwstraat 33 Ghent, Belgium", "city": "Sint-Pietersnieuwstraat 33 Ghent", "country": "Belgium", "position": "Research Assistant", "field": "Botany and plant science, Crop Science, Ecology, Environmental Science, Evolutionary Biology, and 5 moreMarine Biology,Molecular Biology,Parasitology,Soil Science,Systematics (Taxonomy)", "salary": "N/A", "max_working_hours": "N/A", "employer": "Ghent University", "job_description": "N/A", "requirements_description": "N/A", "conditions_description": "N/A", "employer_description": "N/A", "department_description": "N/A", "additional_information": "N/A", "apply_link": "N/A", "employer_link": "N/A", "job_type": "N/A", "logo": "https://content.academicpositions.com/eyJidWNrZXQiOiJhcC1wcm9kdWN0aW9uLW1lZGlhLWFyY2hpdmUiLCJrZXkiOiIyMDE2XC8xMVwvZ2hlbnQtbG9nby1lbmcuanBnIiwiZWRpdHMiOltdfQ=="}