{"url": "https://academicpositions.com/ad/lut-university/2022/research-engineer-in-wood-processing-technology-and-biorefinery-technology/174936", "title": "Research engineer in wood processing technology and biorefinery technology", "publish_date": "2022-02-07", "deadline": "2022-02-28", "location": "Yliopistonkatu 34 Lappeenranta, Finland", "city": "Yliopistonkatu 34 Lappeenranta", "country": "Finland", "position": "Engineer/Technician", "field": "Bioengineering, Biotechnology, Industrial Engineering, Materials Engineering, Safety Engineering,", "salary": "N/A", "max_working_hours": "N/A", "employer": "LUT University", "job_description": "N/A", "requirements_description": "N/A", "conditions_description": "N/A", "employer_description": "N/A", "department_description": "N/A", "additional_information": "N/A", "apply_link": "N/A", "employer_link": "N/A", "job_type": "N/A", "logo": "https://content.academicpositions.com/eyJidWNrZXQiOiJhcC1wcm9kdWN0aW9uLW1lZGlhLWFyY2hpdmUiLCJrZXkiOiIyMDExXC8xMFwvTFVULUxvZ28xLnBuZyIsImVkaXRzIjpbXX0="}