{"url": "https://academicpositions.com/ad/university-of-bern/2022/phd-student-position-identification-of-novel-drug-targets-in-american-trypanosomiasis-using-chemoproteomics-and-metabolomics/175364", "title": "PhD Student Position: Identification of novel drug targets in American trypanosomiasis using chemoproteomics and metabolomics", "publish_date": "2022-02-17", "deadline": "2022-04-18", "location": "Hochschulstrasse 4 Bern, Switzerland", "city": "Hochschulstrasse 4 Bern", "country": "Switzerland", "position": "PhD", "field": "Biochemistry, Cell Biology, Chemical Biology, Molecular Biology, Parasitology,", "salary": "N/A", "max_working_hours": "N/A", "employer": "University of Bern", "job_description": "<div class=\"editor ck-content mt-6 mb-6 mb-md-8 mt-md-8\" id=\"editor\">\n<p>We offer a PhD project at the Institute of Biochemistry and Molecular Medicine (Prof. J\u00c3\u00bcrg Gertsch, <a href=\"https://www.gertschlab.com/\" target=\"_blank\">www.gertschlab.com</a>) for a highly motivated and talented young researcher with strong interest in parasitology, biochemistry and small molecules. Making use of the highly antichagasic natural products identified in a comprehensive parasite infection screening (Salm et al., 2021, iScience, 24(4), p. 102310), we use chemical biology (natural product-derived clickable probes) to identify the underlying targets of the most antichagasic natural products, as well as metabolomics and state-of-the-art Crispr-Cas9 knockout technologies on <i>T. cruzi</i> established in the lab. Chagas disease, also known as American trypanosomiasis, is a potentially life-threatening illness caused by the protozoan parasite <i>T. cruzi</i> and mainly affects the indigenous population in Latin America. Currently, there are no suitable drugs to treat the chronic stage of the disease and new approaches for drug discovery are urgently needed. The PhD candidate will work with <i>T. cruzi</i> infection assays and study the biochemical changes associated wot drug action using proteomics and chemoproteomics. It is expected that new drug targets can be identified by studying the mode of action of antichagasic natural products. The candidate will enter the University of Bern GCB graduate school for a PhD degree (life sciences, biochemistry or molecular biology). A solid background in molecular biology, biochemistry and analytics is desirable. A high motivation, curiosity and a scientific mindset are prerequisites for this position. Although this call is open worldwide, candidates with strong academic education from Switzerland, EU and US are encouraged to apply.\u00a0</p><p>The position is available immediately for the duration of 3-4 years.</p><p><strong>How to apply:</strong> Please send your application, which should include a motivation letter, CV and references (letters/contact information of three references) by email to: <a href=\"mailto:info@ibmm.unibe.ch?subject=\">info@ibmm.unibe.ch</a>. Successful applicants will be invited for interview and to visit the laboratories. Applications will be accepted until the vacancy is filled.</p>\n</div>", "requirements_description": "N/A", "conditions_description": "N/A", "employer_description": "N/A", "department_description": "N/A", "additional_information": "N/A", "apply_link": "N/A", "employer_link": "N/A", "job_type": "N/A", "logo": "https://content.academicpositions.com/eyJidWNrZXQiOiJhcC1wcm9kdWN0aW9uLW1lZGlhLWFyY2hpdmUiLCJrZXkiOiIyMDEyXC8wN1wvQmVybkxvZ28yLnBuZyIsImVkaXRzIjpbXX0="}