{"url": "https://academicpositions.com/ad/universite-catholique-de-louvain/2022/postdoctoral-position-on-arabic-manuscripts-jabirian-corpus/174522", "title": "Postdoctoral position on Arabic manuscripts (Jabirian corpus)", "publish_date": "2022-01-27", "deadline": "2022-02-28", "location": "Place de l'Universit\u00c3\u00a9 1 Louvain-la-Neuve, Belgium", "city": "Place de l'Universit\u00c3\u00a9 1 Louvain-la-Neuve", "country": "Belgium", "position": "Postdoc", "field": "Cultural History, Cultural Studies, Historical Linguistics, Philology, Semitic languages, and 1 moreWorld Literatures", "salary": "N/A", "max_working_hours": "N/A", "employer": "Universit\u00c3\u00a9 catholique de Louvain", "job_description": "N/A", "requirements_description": "N/A", "conditions_description": "N/A", "employer_description": "N/A", "department_description": "N/A", "additional_information": "N/A", "apply_link": "N/A", "employer_link": "N/A", "job_type": "N/A", "logo": "https://content.academicpositions.com/eyJidWNrZXQiOiJhcC1wcm9kdWN0aW9uLW1lZGlhLWFyY2hpdmUiLCJrZXkiOiJjMzlcLzYyNVwvYzM5NjI1NmU5NTg5YjI4MzIzZjU2YzY4MjE3NTU1NWUucG5nIiwiZWRpdHMiOltdfQ=="}