{"url": "https://academicpositions.com/ad/ku-leuven/2022/innovation-manager-in-the-field-of-gastrointestinal-biomarker-and-target-discovery/174861", "title": "Innovation Manager in the Field of Gastrointestinal Biomarker and Target Discovery", "publish_date": "2022-02-03", "deadline": "2022-03-15", "location": "Oude Markt 13 Leuven, Belgium", "city": "Oude Markt 13 Leuven", "country": "Belgium", "position": "Engineer/Technician", "field": "Bioengineering, Biomedical Engineering, Biomedicine, Gastroenterology, Genetics, and 2 moreMolecular Medicine,Pharmacy & Pharmacology", "salary": "N/A", "max_working_hours": "N/A", "employer": "KU Leuven", "job_description": "N/A", "requirements_description": "N/A", "conditions_description": "N/A", "employer_description": "N/A", "department_description": "N/A", "additional_information": "N/A", "apply_link": "N/A", "employer_link": "N/A", "job_type": "N/A", "logo": "https://content.academicpositions.com/eyJidWNrZXQiOiJhcC1wcm9kdWN0aW9uLW1lZGlhLWFyY2hpdmUiLCJrZXkiOiIyZmFcL2RjN1wvMmZhZGM3NWRkOTM1YjM5NGYyNmUzODc3MzUwZWNiYTMucG5nIiwiZWRpdHMiOltdfQ=="}