{"url": "https://academicpositions.com/ad/sodertorn-university/2022/two-doctoral-studentships-in-business-studies/174007", "title": "Two doctoral studentships in Business Studies", "publish_date": "2022-02-11", "deadline": "2022-02-21", "location": "Alfred Nobels all\u00c3\u00a9 7 Huddinge, Sweden", "city": "Alfred Nobels all\u00c3\u00a9 7 Huddinge", "country": "Sweden", "position": "PhD", "field": "Business Administration, Business Economics, Economic Psychology, Economic Sociology, Entrepreneurship, and 1 moreManagement", "salary": "N/A", "max_working_hours": "N/A", "employer": "S\u00c3\u00b6dert\u00c3\u00b6rn University", "job_description": "<div class=\"editor ck-content mt-6 mb-6 mb-md-8 mt-md-8\" id=\"editor\">\n<p><span style=\"color:rgb(34,34,34);\">S\u00c3\u00b6dert\u00c3\u00b6rn University in south Stockholm is a dynamic institute of higher education with a unique profile and high academic standard. A large proportion of the university staff holds doctorates and there is a strong link between undergraduate education and research. S\u00c3\u00b6dert\u00c3\u00b6rn University has around 11 000 students and 840 employees. S\u00c3\u00b6dert\u00c3\u00b6rn University is an equal opportunities employer.</span></p><p><strong>Research environment</strong></p><p>As a doctoral student in <strong>Business Studies</strong>, you will join a research environment that offers multidisciplinary perspectives and an advanced curriculum. Doctoral students are affiliated with a Social Science research area called <strong>Politics, Economy and the Organisation of Society (PESO),</strong> encompassing the disciplines of Business Studies, Journalism, Political Science, Social Work, and Sociology. In addition, they are affiliated with the<strong> Baltic and East European Graduate School (BEEGS),</strong> which is part of the <strong>Centre for Baltic and East European Studies (CBEES</strong>) at S\u00c3\u00b6dert\u00c3\u00b6rn University.</p><p>Business Studies at S\u00c3\u00b6dert\u00c3\u00b6rn University addresses enterprises and different types of organisations in a time of social and structural changes driven by factors such as globalisation, digitalisation, new technologies and the push for sustainable development. With a plethora of scientific methods and varying perspectives, our research focuses on entrepreneurship and innovation, business models and organisational configurations, management and control, and enterprises\u00e2\u0080\u0099 role in society. We welcome applications that tap into and add to our vibrant academic environment, where Business Studies meets curiosity-driven multidisciplinary approaches and critical reflection on contemporary challenges. For more information on Business Studies at S\u00c3\u00b6dert\u00c3\u00b6rn University, <a href=\"https://www.sh.se/english/sodertorn-university/research/our-research/business-studies\" target=\"_blank\">read here</a>.\u00a0</p><p>Your doctoral research must have a geographical link to the Baltic Sea region and/or the post-communist part of Europe. Theses with a comparative approach must include at least one country in the above-mentioned regions, but may include other countries. A thesis may not solely relate to Sweden and Swedish society.<br/><strong>Job description</strong></p><p>These doctoral positions in Business Studies include admission to third-cycle education, i.e. doctoral studies, and employment on a doctoral studentship. The intended outcome is a doctoral thesis. As a doctoral student, you will take doctoral courses, participate in research seminars, and participate in national and international research activities. Your main task, however, is to conduct research and write a doctoral thesis. Supervisors will be assigned to guide you. The programme covers 240 credits, which is the equivalent of four years of full-time study. During this period, the position is fully funded. The salary is subject to an annual increase in accordance with university regulations. The position may entail other departmental duties within education, research and/or administration, but these may be equivalent to no more than 20% of full-time.<br/>For complete information regarding the position, please visit the following link:\u00a0</p><p><a href=\"https://www.sh.se/english/sodertorn-university/meet-sodertorn-university/this-is-sodertorn-university/vacant-positions?rmpage=job&amp;rmjob=5217&amp;rmlang=UK\" target=\"_blank\"><strong>https://www.sh.se/english/sodertorn-university/meet-sodertorn-university/this-is-sodertorn-university/vacant-positions?rmpage=job&amp;rmjob=5217&amp;rmlang=UK</strong></a></p><p><strong>Admission and employment</strong></p><p>An application for a place on a third-cycle programme is also an application for employment on a doctoral studentship. Employment is for a maximum of four years of full-time study. The position may be extended by a maximum of one year due to the inclusion of departmental duties, i.e. education, research and/or administration (equivalent to no more than 20% of full-time). The provisions relating to employment on a doctoral studentship are stated in the Higher Education Ordinance, Chapter 5, Sections 1-7. Doctoral students will be employed by the School of Social Sciences at S\u00c3\u00b6dert\u00c3\u00b6rn University. The first date of employment is 1 September 2022.</p><p><strong>Contact</strong></p><p>Malin Gawell, Associate Professor of Business Studies, email <a href=\"mailto:malin.gawell@sh.se\">malin.gawell@sh.se</a> and tel. +46 (0)8 608 5120</p><p>Liudmila Voronova, Director of Studies PESO, email <a href=\"mailto:liudmila.voronova@sh.se\">liudmila.voronova@sh.se</a> and tel. +46 (0)8 608 52 16</p><p>Ali Hajighasemi, Head of the School of Social Sciences, email <a href=\"mailto:ali.hajighasemi@sh.se\">ali.hajighasemi@sh.se</a> and tel. +46 (0)8 608 4887</p><p>Lovisa Henricsson, HR officer, email <a href=\"mailto:lovisa.henricsson@sh.se\">lovisa.henricsson@sh.se</a> and tel. +46 (0)8 608 4455</p>\n</div>", "requirements_description": "N/A", "conditions_description": "N/A", "employer_description": "N/A", "department_description": "N/A", "additional_information": "N/A", "apply_link": "N/A", "employer_link": "N/A", "job_type": "N/A", "logo": "https://content.academicpositions.com/eyJidWNrZXQiOiJhcC1wcm9kdWN0aW9uLW1lZGlhLWFyY2hpdmUiLCJrZXkiOiI1MzBcLzI5OVwvNTMwMjk5ZGI4NzkzYjJiMDYxNjQxNjY0MjZhMmUxNGIucG5nIiwiZWRpdHMiOltdfQ=="}