{"url": "https://academicpositions.com/ad/ku-leuven/2022/a-vacancy-is-available-for-an-early-stage-researcher-phd-student-on-restoring-binaural-hearing-in-children-with-single-sided-deafness/175172", "title": "A vacancy is available for an Early Stage Researcher (PhD-student) on Restoring binaural hearing in children with single sided deafness", "publish_date": "2022-02-11", "deadline": "2022-02-28", "location": "Oude Markt 13 Leuven, Belgium", "city": "Oude Markt 13 Leuven", "country": "Belgium", "position": "PhD", "field": "Audiology, Biomedical Engineering, Biomedicine, Health Psychology, Image Processing, and 4 moreNeuropsychology,Neuroscience,Physiology,Signal Processing", "salary": "N/A", "max_working_hours": "N/A", "employer": "KU Leuven", "job_description": "N/A", "requirements_description": "N/A", "conditions_description": "N/A", "employer_description": "N/A", "department_description": "N/A", "additional_information": "N/A", "apply_link": "N/A", "employer_link": "N/A", "job_type": "N/A", "logo": "https://content.academicpositions.com/eyJidWNrZXQiOiJhcC1wcm9kdWN0aW9uLW1lZGlhLWFyY2hpdmUiLCJrZXkiOiIyZmFcL2RjN1wvMmZhZGM3NWRkOTM1YjM5NGYyNmUzODc3MzUwZWNiYTMucG5nIiwiZWRpdHMiOltdfQ=="}