{"url": "https://academicpositions.com/ad/aix-marseille-universite/2021/optics-and-biophotonics-engineer/166041", "title": "Optics and biophotonics engineer", "publish_date": "2021-11-17", "deadline": "N/A", "location": "Jardin du Pharo 58, bd Charles Livon Marseille, France", "city": "Jardin du Pharo 58", "country": "France", "position": "Engineer/Technician", "field": "Biology, Biophysics, Cell Biology, Experimental Physics, Optics, and 3 morePhotonics,Physics,Systems Biology", "salary": "N/A", "max_working_hours": "N/A", "employer": "Aix-Marseille Universit\u00c3\u00a9", "job_description": "N/A", "requirements_description": "N/A", "conditions_description": "N/A", "employer_description": "N/A", "department_description": "N/A", "additional_information": "N/A", "apply_link": "N/A", "employer_link": "N/A", "job_type": "N/A", "logo": "https://content.academicpositions.com/eyJidWNrZXQiOiJhcC1wcm9kdWN0aW9uLW1lZGlhLWFyY2hpdmUiLCJrZXkiOiIxNzZcLzFlY1wvMTc2MWVjMWYwZGFkNGU2MmViMDllZDk2NzNkMjQ5YzQucG5nIiwiZWRpdHMiOltdfQ=="}