{"url": "https://academicpositions.com/ad/cemm/2022/ngs-technician-biomedical-sequencing-facility-m-f-d/174841", "title": "NGS Technician Biomedical Sequencing Facility (m/f/d)", "publish_date": "2022-02-03", "deadline": "2022-02-28", "location": "Lazarettgasse 14, AKH BT 25.3 Vienna, Austria", "city": "Lazarettgasse 14", "country": "Austria", "position": "Engineer/Technician", "field": "Biochemistry, Biomedicine, Biotechnology, Cell Biology, Clinical Sciences, and 1 moreMolecular Biology", "salary": "N/A", "max_working_hours": "N/A", "employer": "CeMM", "job_description": "<div class=\"editor ck-content mt-6 mb-6 mb-md-8 mt-md-8\" id=\"editor\">\n<p>The Biomedical Sequencing Facility at the CeMM Research Center for Molecular Medicine of the Austrian Academy of Sciences in Vienna is looking for a highly motivated NGS technician to join our team of experienced biomedical scientists. The successful candidate will be trained to perform a wide range of next-generation sequencing experiments for biomedical research and clinical collaborations (e.g., genome, transcriptome, epigenome and single-cell sequencing), supporting our customers and contributing to the advancement of precision medicine.</p><p><strong>Your Profile</strong></p><ul><li>Training in molecular biology, biochemistry, biotechnology, or a related field (Bachelor, Master, or PhD)</li><li>Solid wet-lab experience and skills working with DNA and/or RNA</li><li>Prior experience with next-generation sequencing technologies</li><li>High accuracy and reliability in execution of experiments and operating lab equipment</li><li>Friendly, collaborative mindset, and to work effectively in an international environment</li><li>Team player with strong communication skills and a proactive mindset</li><li>Written and oral communication skills in English (German language skills are not required)</li></ul><p><strong>Your Tasks</strong></p><ul><li>Handling sample submissions and quality control of submitted material for next-generation sequencing (RNA, DNA, NGS libraries)</li><li>Execution of next-generation sequencing library preparation protocols (manually and/or with liquid handling robotics)</li><li>Next-generation sequencing on Illumina and nanopore sequencing machines</li><li>Troubleshooting of technical problems in the sample preparation and sequencing workflows</li><li>Customer support and productive interaction with researchers with diverse backgrounds</li><li>Contribution to the Austrian SARS-CoV-2 genome sequencing initiative at CeMM (<a href=\"https://www.sarscov2-austria.org/\" target=\"_blank\">https://www.sarscov2-austria.org</a>)</li><li>Optimization and testing of new sequencing protocols for applications in cancer and other diseases</li></ul><p><strong>The Biomedical Sequencing Facility </strong>(<a href=\"https://cemm.at/research/facilities/biomedical-sequencing-facility-bsf\" target=\"_blank\">https://www.biomedical-sequencing.org/</a>)</p><p>The successful candidate will be part of the Biomedical Sequencing Facility (BSF) based at CeMM. The BSF is Austria\u00e2\u0080\u0099s first and leading center of expertise for next-generation sequencing in biomedicine. Led by Christoph Bock (<a href=\"https://bocklab.org/\" target=\"_blank\">https://bocklab.org</a>) and with a dedicated team of staff scientists, the BSF contributes to biomedical research and whole genome medicine in Vienna, Austria, and internationally. The BSF is equipped with the latest technology for high-throughput genomics (Illumina NovaSeq, Oxford Nanopore, 10X Genomics, etc.) and powerful scientific computing infrastructure. The BSF\u00e2\u0080\u0099s mandate includes a strong focus on technology development, contribution to study design and bioinformatic data analysis, as well as training and teaching best practices in sequencing technology and genomic medicine. Furthermore, it supports biomedical scientists and clinicians in the development of custom NGS protocols and in the bioinformatic analysis of the resulting datasets.</p><p><strong>The Institute </strong>(<a href=\"http://www.cemm.at/\" target=\"_blank\">http://www.cemm.at</a>)</p><p>CeMM is one of Europe\u00e2\u0080\u0099s leading biomedical research institutes. CeMM researchers routinely publish important discoveries in top journals. Over the last seven years, this included &gt;10 papers in Nature/Cell/Science/NEJM and &gt;30 papers in Nature/Cell sister journals \u00e2\u0080\u0093 with a team of 120-150 scientists. Research at CeMM is exceptionally collaborative and has strong focus on medical impact, based on a profound molecular understanding of diseases such as cancer and immune disorders. CeMM is part of the Austrian Academy of Sciences and a founding member of EU-LIFE. It is located at the center of one of the largest medical campuses in Europe, within walking distance of Vienna\u00e2\u0080\u0099s historical city center. A study by \u00e2\u0080\u009cThe Scientist\u00e2\u0080\u009d put CeMM among the top-5 best places to work in academia worldwide (<a href=\"https://www.the-scientist.com/features/best-places-to-work-academia-2012-40676\" target=\"_blank\">https://www.the-scientist.com/features/best-places-to-work-academia-2012-40676</a>). Vienna is frequently ranked the world\u00e2\u0080\u0099s best city to live. It is a United Nations city with a large English-speaking community. The official language at CeMM is English, and &gt;49 different nationalities are represented at the institute. CeMM promotes equal opportunity and harbors a mix of different talents, backgrounds, competences, and interests.\u00a0</p><p><strong>We offer</strong></p><ul><li>Work within an experienced, interdisciplinary, and international team at one of Austria\u00e2\u0080\u0099s leading research institutes</li><li>Ample opportunities to contribute and gain experience in a key area of biomedical research and precision medicine</li><li>An inspiring workplace with an international setting, strong team spirit, and an excellent work climate</li><li>A wide range of social, cultural, and sports activities organized by the institute</li><li>Excellent employee benefits including full insurance coverage (health, accident, retirement), health care services, subsidized cafeteria</li><li>Starting annual gross salary of at least EUR 35,000 (the salary will reflect the successful candidate\u00e2\u0080\u0099s qualifications and can be higher)</li><li>Flexible start date. Open-ended full-time contract available after an initial contract period. Support for relocating to Vienna is provided</li></ul><p><i>Please apply online (</i><a href=\"https://cemm.jobbase.io/job/rtaxu3eq\" target=\"_blank\"><i>https://cemm.jobbase.io/job/rtaxu3eq</i></a><i>) with cover letter, CV, academic transcripts, and contact details of 3 referees. Applications will be reviewed on a rolling basis. Any application received by\u00a028 February 2022\u00a0will be considered.</i></p><h4>Additional information</h4><p>City <strong>Vienna</strong></p><p>Position type <strong>Full-time employee</strong></p><p>Start of work <strong>01.01.2022</strong></p><h4>Responsible</h4><p>Memo Mokhles</p>\n</div>", "requirements_description": "N/A", "conditions_description": "N/A", "employer_description": "N/A", "department_description": "N/A", "additional_information": "N/A", "apply_link": "N/A", "employer_link": "N/A", "job_type": "N/A", "logo": "https://content.academicpositions.com/eyJidWNrZXQiOiJhcC1wcm9kdWN0aW9uLW1lZGlhLWFyY2hpdmUiLCJrZXkiOiIyMDEzXC8wMlwvQ2VNTUxvZ28ucG5nIiwiZWRpdHMiOltdfQ=="}