{"url": "https://academicpositions.com/ad/advanced-research-center-for-nanolithography-arcnl/2022/phd-student-machine-learning-for-imaging-and-metrology/175101", "title": "PhD-student: Machine learning for imaging and metrology", "publish_date": "2022-02-10", "deadline": "N/A", "location": "Science Park 106 Amsterdam, Netherlands", "city": "Science Park 106 Amsterdam", "country": "Netherlands", "position": "PhD", "field": "Applied Mathematics, Machine Learning, Optics,", "salary": "N/A", "max_working_hours": "N/A", "employer": "Advanced Research Center for Nanolithography ARCNL", "job_description": "N/A", "requirements_description": "N/A", "conditions_description": "N/A", "employer_description": "N/A", "department_description": "N/A", "additional_information": "N/A", "apply_link": "N/A", "employer_link": "N/A", "job_type": "N/A", "logo": "https://content.academicpositions.com/eyJidWNrZXQiOiJhcC1wcm9kdWN0aW9uLW1lZGlhLWFyY2hpdmUiLCJrZXkiOiIyMDE2XC8xMVwvYXJjbmwtbG9nby0yLmpwZyIsImVkaXRzIjpbXX0="}