{"url": "https://academicpositions.com/ad/silicon-austria-labs-sal/2022/research-engineer-electromagnetic-compatibility-for-power-electronics-f-m-d/174943", "title": "Research Engineer - Electromagnetic Compatibility for Power Electronics (f/m/d)", "publish_date": "2022-02-07", "deadline": "N/A", "location": "Inffeldgasse 33 Graz, Austria", "city": "Inffeldgasse 33 Graz", "country": "Austria", "position": "Engineer/Technician", "field": "Applied Physics, Electrical Engineering, Electromagnetism, Electronics, Engineering Physics,", "salary": "N/A", "max_working_hours": "N/A", "employer": "Silicon Austria Labs (SAL)", "job_description": "N/A", "requirements_description": "N/A", "conditions_description": "N/A", "employer_description": "N/A", "department_description": "N/A", "additional_information": "N/A", "apply_link": "N/A", "employer_link": "N/A", "job_type": "N/A", "logo": "https://content.academicpositions.com/eyJidWNrZXQiOiJhcC1wcm9kdWN0aW9uLW1lZGlhLWFyY2hpdmUiLCJrZXkiOiI3YjZcLzM0NlwvN2I2MzQ2ODRlNjQ2YThlYmM4ODM3ZmI2NDQ4OGM1NTcuc3ZnIiwiZWRpdHMiOltdfQ=="}