{"url": "https://academicpositions.com/ad/ku-leuven/2022/the-research-group-orstat-of-ku-leuven-belgium-has-a-vacancy-for-a-full-time-phd-scholarship-in-statistics/175175", "title": "The Research Group ORSTAT of KU Leuven (Belgium) has a Vacancy for a Full-time PhD Scholarship in Statistics", "publish_date": "2022-02-11", "deadline": "2022-05-09", "location": "Oude Markt 13 Leuven, Belgium", "city": "Oude Markt 13 Leuven", "country": "Belgium", "position": "PhD", "field": "Applied Mathematics, Business Economics, Computational Mathematics, Industrial Economics, Industrial Engineering, and 1 moreStatistics", "salary": "N/A", "max_working_hours": "N/A", "employer": "KU Leuven", "job_description": "N/A", "requirements_description": "N/A", "conditions_description": "N/A", "employer_description": "N/A", "department_description": "N/A", "additional_information": "N/A", "apply_link": "N/A", "employer_link": "N/A", "job_type": "N/A", "logo": "https://content.academicpositions.com/eyJidWNrZXQiOiJhcC1wcm9kdWN0aW9uLW1lZGlhLWFyY2hpdmUiLCJrZXkiOiIyZmFcL2RjN1wvMmZhZGM3NWRkOTM1YjM5NGYyNmUzODc3MzUwZWNiYTMucG5nIiwiZWRpdHMiOltdfQ=="}