{"url": "https://academicpositions.com/ad/polytechnique-montreal/2022/director-department-of-civil-geological-and-mining-engineering/174499", "title": "Director - Department of Civil, Geological and Mining Engineering", "publish_date": "2022-01-27", "deadline": "2022-02-20", "location": "2900, boul. \u00c3\u0089douard-Montpetit Universit\u00c3\u00a9 de Montr\u00c3\u00a9al Campus 2500, Chemin de Polytechnique Montreal, Canada", "city": "2900", "country": "Canada", "position": "Engineer/Technician", "field": "Civil Engineering, Geotechnical Engineering, Management, Mining Engineering, Strategic Management,", "salary": "N/A", "max_working_hours": "N/A", "employer": "Polytechnique Montr\u00c3\u00a9al", "job_description": "<div class=\"editor ck-content mt-6 mb-6 mb-md-8 mt-md-8\" id=\"editor\">\n<p>Reference: 21-DD-7</p><p>Duration: Temporary, Full time</p><p>Contract duration: 3 years, with the possibility of renewal.</p><p>Location\u00a0: Montr\u00c3\u00a9al, Qu\u00c3\u00a9bec</p><p>Deadline date\u00a0: February 20, 2022</p><p>Founded in 1873, Polytechnique Montr\u00c3\u00a9al today welcomes nearly 10,000 students and relies on the expertise of over 1,600 professorial and professional staff with a wide variety of qualifications. Polytechnique Montr\u00c3\u00a9al promotes excellence and creativity, and the core values of integrity, collaboration, respect, openness, and diversity guide the institution\u00e2\u0080\u0099s actions. Recognized as one of Montreal\u00e2\u0080\u0099s best employers, it has received Silver Parity Certification from the Women in Governance organization, and offers excellent work conditions, in particular by fostering employees\u00e2\u0080\u0099 work-life balance and well-being.</p><p>Polytechnique Montr\u00c3\u00a9al is deeply committed to employment equity, diversity and inclusion. Accordingly, Polytechnique encourages women, members of visible and ethnic minorities, Indigenous individuals, and persons with disabilities to apply. Accommodations can be provided based on candidate needs. Applying to Polytechnique is a move to an enriching career, full of opportunity.</p><p>Located on Mount Royal, an exceptional setting in the heart of Montreal, Polytechnique is a world-renowned engineering university, excelling in cutting edge multidisciplinary and multi-sectoral research involved locally, nationally, and internationally, and is equally known for its top-tier training at all academic levels. An active advocate for sustainable development, Polytechnique has been certified Gold by the STARS organization. Polytechnique is known for its innovative approach, and its active role in technological, economic, and social development.</p><p>Polytechnique Montr\u00c3\u00a9al\u00e2\u0080\u0099s Department of Civil, Geological and Mining Engineering hosts around 1,200 students, of whom a third are women and 400 are graduate students. With 45 professors and two full-time lecturers, including twelve women, the Department is a Canadian research leader in several sectors, such as transportation planning, structural and earthquake engineering, mining waste management, hydraulics, and drinking water and wastewater treatment. The Department also hosts several chairs and research groups, notably the Geothermal and Hydrogeology Group, CREDEAU (water management), the NSERC Industrial Chair on Drinking Water, the Canada Research Chair in Modelling Complex Hydro-Environmental Systems, the Canada Research Chair in Numerical Modelling and Experimental Simulation in Earthquake Engineering, the Canada Research Chair on Personal Mobility, and the MOBILIT\u00c3\u0089 Research Chair on the Evaluation and Implementation of Sustainability in Transportation. The Department is a partner of the Research Institute on Mines and the Environment \u00e2\u0080\u0093 RIME UQAT \u00e2\u0080\u0093 Polytechnique, and the Interuniversity Research Center of Structures under Extreme Loads (CEISCE).</p><p>Polytechnique professors are at the heart of the institution's mission and as such participate in institutional life as well as being involved in management. The appointment of a Director requires consultation with professors in their department. Directors are accountable to their departmental assembly as well as to Polytechnique's management and Board of Directors. In a spirit of collegiality, intrinsic to the university environment, the Departmental Director acts with a constant concern for collaboration, openness and respect for the realities of the various stakeholders at Polytechnique. They lead with equity, efficiency, continuity, transparency and balance, in accordance with the principles of sound management.</p><p><strong><u>ROLE</u></strong></p><p>Within the framework of Polytechnique Montr\u00c3\u00a9al\u00e2\u0080\u0099s vision, mission, and objectives, and under the authority of the President, the Departmental Director participates in the management of the institution and is responsible for the management of the department in its various dimensions, strategic, scientific, budgetary and human resources, while following the highest possible standards of excellence. They also chair the Departmental Assembly of Professors.</p><p><strong><u>RESPONSIBILITIES</u></strong></p><p>The Departmental Director is responsible for, and should:</p><p><strong>Strategy</strong></p><ul><li>Contribute to strategic thinking and participate in the institution's strategic decision-making as a member of Polytechnique's Assembly of Directors;</li><li>Contribute to the development and implementation Polytechnique strategic plan\u00e2\u0080\u0099s objectives;</li><li>Implement the Polytechnique strategic plan\u00e2\u0080\u0099s objectives in their department according to the issues specific to their situation;</li><li>Steer the long-term evolution and development of the department, and with faculty and staff, contribute to improving its quality and reputation on an ongoing basis, with a view to promoting its influence;</li><li>Ensure the harmonization of institutional and departmental orientations, and defend Polytechnique's decisions before the Departmental Assembly.</li></ul><p><strong>Outreach</strong></p><ul><li>Represent their department in Polytechnique\u00e2\u0080\u0099s official bodies and committees;</li><li>Represent the institution in external bodies and committees, according to the needs of the institution and by delegation from the President;</li><li>Represent their department and the institution in scientific and professional networks specific to their field.</li></ul><p><strong>Teaching and Research</strong></p><p>In collaboration with the Directors of Education and Research, Departmental Program Chairs, and members of the Departmental Faculty Assembly:</p><ul><li>Ensure the maintenance and continuous improvement of existing programs, their delivery, as well as support the development of new programs;</li><li>Support the development of research in the department and coordinate the use of resources to carry out projects;</li><li>Encourage members of the department to remain at the forefront of technological and educational developments in areas relevant to their fields;</li><li>Ensure the quality of teaching and research conducted in the department;</li><li>Ensure the quality of education acquired by students;</li><li>Ensure the compliance of education delivered with the requirements of accreditation programs.</li></ul><p><strong>Department Administration &amp; Management</strong></p><p>In collaboration, as appropriate, with the Assistant to the Director- Administration, Departmental Directors, Functional Directors, or the President:</p><ul><li>Direct and engage teaching and non-teaching staff in their department through their actions and decisions, setting an example as a leader;</li><li>Ensure the management of human resources (including hiring, assignment, or evaluation of teaching and non-teaching staff) in accordance with applicable collective agreements;</li><li>Accompany professors in their professional development towards probation and promotion;</li><li>Oversee all departmental activities in accordance with objectives and budgets;</li><li>Develop and manage the department's budget and ensure the allocation of human and material resources necessary for the realization of the department's mission and supervise the latter\u00e2\u0080\u0099s management by the assistant to the department head - administrative management;</li><li>Organize any committee, meeting, or working group likely to contribute to the development and improvement of the department's operations.</li></ul><p><strong><u>QUALIFICATIONS</u></strong></p><ul><li>Hold a doctoral degree (Ph.D.) in engineering or in a related discipline relevant to the research and teaching activities of the department.</li><li>Possess Several years of experience in university teaching and research as a professor, and in curriculum development and services supporting educational delivery and research.</li><li>Possess a license or in the process of becoming licensed, to practice engineering in Canada by a Canadian engineering regulatory body (preferably the Ordre des ing\u00c3\u00a9nieurs du Qu\u00c3\u00a9bec). Excellent knowledge of engineering curricula would be an asset.</li><li>Although not mandatory, other criteria such as experience in an industrial environment or experience in team leadership positions in various management-related functions may be taken into account when reviewing candidates' files.</li></ul><p><strong><u>SKILLS AND ABILITIES</u></strong></p><p>This position requires the following skills:</p><ul><li>Exercise mobilizing and inspiring leadership through an innovative vision;</li><li>Demonstrate strategic resource management and effective delegation;</li><li>Possess excellent communication and interpersonal skills;</li><li>Demonstrate strong analytical, synthesis, and action skills;</li><li>Demonstrate good judgment, diplomacy, and the ability to interact and influence constructively;</li><li>Demonstrate negotiation and mediation skills in conflict management and problem solving;</li><li>Act in an inspiring, proactive, innovative, dynamic and mobilizing manner in managing change;</li><li>Demonstrate a strong sense of community service and teamwork.</li><li>Mastery of the French language (spoken and written).</li></ul><p><strong>WORKING CONDITIONS</strong></p><p>Salary and benefits are set in accordance with Polytechnique Montr\u00c3\u00a9al\u00e2\u0080\u0099s policies for Departmental Director positions.</p><p><strong>START DATE AND POSITION</strong></p><p>Contract duration: 3 years, with the possibility of renewal.</p><p>Desired start date: June 1st, 2022.</p><p><strong>SUBMITTING AN APPLICATION</strong></p><p>If you are interested in this position, please send a cover letter and your updated CV online at:\u00a0<a href=\"https://rita.illicohodes.com/go/61eb27b6e22e583e4c345b98/5f45543e57a8a60577c62b74/en\" target=\"_blank\">https://rita.illicohodes.com/go/61eb27b6e22e583e4c345b98/5f45543e57a8a60577c62b74/en</a></p><p>We thank you for your interest in joining the management team of Polytechnique Montr\u00c3\u00a9al.</p><p>Please note that application assessment will occur the week of February 21st, 2022.</p>\n</div>", "requirements_description": "N/A", "conditions_description": "N/A", "employer_description": "N/A", "department_description": "N/A", "additional_information": "N/A", "apply_link": "N/A", "employer_link": "N/A", "job_type": "N/A", "logo": "https://content.academicpositions.com/eyJidWNrZXQiOiJhcC1wcm9kdWN0aW9uLW1lZGlhLWFyY2hpdmUiLCJrZXkiOiIyMDE0XC8wNFwvcG9seXRlY2huaXF1ZW1vbnRyZWFsLWxvZ28ucG5nIiwiZWRpdHMiOltdfQ=="}