{"url": "https://academicpositions.com/ad/concawe/2022/low-carbon-pathways-science-associate/174190", "title": "Low Carbon Pathways Science Associate", "publish_date": "2022-01-19", "deadline": "2022-02-18", "location": "Boulevard du Souverain 165 Auderghem, Belgium", "city": "Boulevard du Souverain 165 Auderghem", "country": "Belgium", "position": "Researcher", "field": "Energy Technology, Petrochemistry, Petroleum Engineering,", "salary": "N/A", "max_working_hours": "N/A", "employer": "CONCAWE", "job_description": "<div class=\"editor ck-content mt-6 mb-6 mb-md-8 mt-md-8\" id=\"editor\">\n<p><span style=\"color:#001F5F;\">The transition of the Refining industry and the new fuel production technologies is at the centre of this Research Associate position and the work is directly linked to Concawe\u00e2\u0080\u0099s activities in the Low Carbon Pathways programme and the Refining in the Energy Transitioning Management Group (RET MG).</span>\u00a0</p><p><span style=\"color:#001F5F;\"><strong>Who are we?</strong></span></p><ul><li><span style=\"color:#001F5F;\">Concawe is the science division of an international non-profit association (The European Petroleum Refiners Association aisbl) whose mission is to provide research and technical support to the EU oil refining industry in the study of environmental, health, safety and toxicity issues relating to the refining of crude oil and the distribution and use of petroleum products. Its goal is to improve the understanding of these issues by the industry, authorities, users and other interested parties.</span></li><li><span style=\"color:#001F5F;\">The Association represents the interests of 40 Companies operating petroleum refineries in the EU. Members account for almost 100% of EU petroleum refining capacity and more than 75% of EU motor fuel retail sales.</span></li></ul><p><span style=\"color:#001F5F;\"><strong>What do we offer?</strong></span></p><ul><li><span style=\"color:#001F5F;\">Open-ended contract</span></li><li><span style=\"color:#001F5F;\">Attractive salary and fringe benefits</span></li><li><span style=\"color:#001F5F;\">International and dynamic multicultural environment</span></li></ul><p><span style=\"color:#001F5F;\"><strong>What do we expect from you?</strong></span>\u00a0</p><p><span style=\"color:#001F5F;\">The role of the Research Associate combines general duties with responsibilities specific to the field of the Concawe\u00e2\u0080\u0099s Low Carbon Pathways programme regarding the integration of low carbon technologies and alternative sustainable feedstocks within the European Refining system (</span><a href=\"https://www.concawe.eu/low-carbon-pathways/)\" target=\"_blank\"><span style=\"color:blue;\">https://www.concawe.eu/low-carbon-pathways/)</span></a><span style=\"color:#001F5F;\">\u00a0</span>\u00a0</p><p><span style=\"color:#001F5F;\"><strong>What would be your activities?</strong></span></p><p><span style=\"color:#001F5F;\"><strong>General duties</strong></span></p><ul><li><span style=\"color:#001F5F;\">Support the development and implementation of the annual technical research plan as agreed with the relevant Joint and Management Groups and the Science Director. The scope of the work will be mainly focused on conducting and/or supervising technology scouting of key low carbon technologies and alternative feedstocks for the refining industry with a significant contribution to the European Commission\u00e2\u0080\u0099s 2050 climate ambition targets.</span></li><li><span style=\"color:#001F5F;\">Develop an in-depth knowledge of the European and global techno-economic issues related to the transition to a low emissions future of the refining industry sector with special focus on new conversion and GHG mitigation technologies.</span></li><li><span style=\"color:#001F5F;\">Together with the SEs, develop the scope, review proposals and manage projects (including cost control) related to the specific research areas.</span></li><li><span style=\"color:#001F5F;\">Support the Science Executives and chairs of the Concawe Refining into the Energy Transition Management group (RET MG) in the execution of their responsibilities.</span></li><li><span style=\"color:#001F5F;\">Coordinate the STF-3 group (Biofuel availability group) defining the research programme and conducting / leading the agreed projects, in collaboration with the Member Companies\u00e2\u0080\u0099 experts and the SE RT.</span></li><li><span style=\"color:#001F5F;\">Liaise with external consultants in the development of the research programmes.</span></li><li><span style=\"color:#001F5F;\">Liaise with Member Companies and external stakeholders and provide written documentation of the results</span></li><li><span style=\"color:#001F5F;\">Report progress and inform appropriate Management Groups, Science Committee as appropriate on his/her activities.</span></li><li><span style=\"color:#001F5F;\">Assist in the writing and editing of Concawe technical reports, briefing papers, articles etc., on topics related to the field of activity.</span></li><li><span style=\"color:#001F5F;\">Participate in international scientific conferences and develop network</span></li><li><span style=\"color:#001F5F;\">Comply with the governance rules of the Association and ensure that the STFs are aware of these rules.</span></li></ul><p><span style=\"color:#001F5F;\"><strong>Specific research programmes and responsibilities</strong></span></p><p><span style=\"color:#001F5F;\">This Research Associate position will focus on the following main tasks, each of which is relevant to the others:</span></p><p><span style=\"color:#001F5F;\"><strong>1) Low Carbon Technologies \u00e2\u0080\u0093 Technology Scouting</strong></span></p><p><span style=\"color:#001F5F;\">Improving the scientific understanding on the opportunities and challenges for different low-carbon technologies and feedstocks to achieve a significant reduction of the CO2 emissions associated with both the manufacturing and use of refined products in Europe in the medium (2030) and longer-term (2050) by:</span></p><ul><li><span style=\"color:#001F5F;\">Supporting both SE RT and SE RE in conducting specific technical deep-dives on key low carbon technologies and fuels identified under the scope of the LCP project.</span></li><li><span style=\"color:#001F5F;\">Conducting and/or coordinate techno-economic analysis on relevant technologies, including the assessment of their technology readiness level, potential scale-up and the CO2 abatement cost comparison of different options (conducted internally within the Concawe Secretariat and/or in collaboration with external consultants/contractors as deemed appropriated).</span></li><li><span style=\"color:#001F5F;\">Liaising with SE RT and SE RE in assessing the potential impact of future legislation in the energy, transport and refining sector when different uptake of future low carbon fuels and GHG mitigation technologies are considered.</span></li><li><span style=\"color:#001F5F;\">Supporting the SE RT in the FuelsEurope\u00e2\u0080\u0099s related tasks contributing to improve the understanding of existing and future challenges linked to their Clean Fuels For All strategy.</span></li><li><span style=\"color:#001F5F;\">Being responsible for drafting and / or contributing to relevant scientific publications and articles to disseminate the results of the Concawe\u00e2\u0080\u0099s analysis in the subject.</span></li></ul><p><span style=\"color:#001F5F;\"><strong>2) Integration of Low Carbon Technologies into the EU Refining system</strong></span></p><ul><li><span style=\"color:#001F5F;\">Collaborate with the Concawe STF-2 (Refining Technology Task Force) to support specific analysis on the future integration of low carbon technologies into the refining sector.</span></li><li><span style=\"color:#001F5F;\">In this context, the SA LCP will explore and support the integration of the low carbon technologies and feedstocks identified into the Concawe\u00e2\u0080\u0099s EU refining model, in collaboration with the Science Executive Lineal Programming modelling and other potential external consultants.</span></li><li><span style=\"color:#001F5F;\">Be responsible for drafting and / or contributing to relevant scientific publications to disseminate the results of the assessment / modelling work.</span></li></ul><p><span style=\"color:#001F5F;\"><strong>3) Low Carbon sustainable feedstocks: Availability and Sustainability</strong></span></p><p><span style=\"color:#001F5F;\">Alternative low carbon feedstocks will play a key role, progressively replacing oil in the transition towards 2050. These</span></p><p><span style=\"color:#001F5F;\">alternative feedstocks will included, among others, biomass residues and waste materials.</span></p><p><span style=\"color:#001F5F;\">The SA will contribute to gain understanding on the following issues:</span></p><ul><li><span style=\"color:#001F5F;\">Potential sustainable availability of different type of feedstocks for fuel and petrochemical products and current/future R&amp;D needs.</span></li><li><span style=\"color:#001F5F;\">Sustainability and biodiversity impacts</span></li><li><span style=\"color:#001F5F;\">Technical implication of related RED II and other pieces of legislation.</span></li><li><span style=\"color:#001F5F;\">Opportunities and challenges for the supply chain development, in a potential cross-sectorial collaboration with other Research Centres, Universities or scientific associations.</span></li></ul><p><span style=\"color:#001F5F;\">This third activity will be coordinated and supervised within the Concawe STF-3 task force, under the responsibility of the Science Associate Low Carbon Pathways (supervised by SE EM). This analysis will be complemented with an in-depth analysis of electrification and CO2 as feedstock for the production of Power-To-Fuels (e-fuels).</span></p><p><span style=\"color:#001F5F;\">As with the other tasks, the SA will be responsible for drafting and / or contributing to relevant scientific publications to disseminate the results of the assessments and/or modelling work conducted during the execution of the research plan.</span></p>\n</div>", "requirements_description": "N/A", "conditions_description": "N/A", "employer_description": "N/A", "department_description": "N/A", "additional_information": "N/A", "apply_link": "N/A", "employer_link": "N/A", "job_type": "N/A", "logo": "https://content.academicpositions.com/eyJidWNrZXQiOiJhcC1wcm9kdWN0aW9uLW1lZGlhLWFyY2hpdmUiLCJrZXkiOiJkOTVcL2QwM1wvZDk1ZDAzOGJmMDA5MzUyZTg2NWIwYTRmMjYxY2RlZWUuanBlZyIsImVkaXRzIjpbXX0="}