{"url": "https://academicpositions.com/ad/universite-libre-de-bruxelles/2022/postdoctoral-researcher/175168", "title": "Postdoctoral Researcher", "publish_date": "2022-02-11", "deadline": "2022-04-19", "location": "Avenue Franklin Roosevelt 50 Brussels, Belgium", "city": "Avenue Franklin Roosevelt 50 Brussels", "country": "Belgium", "position": "Postdoc", "field": "Applied Philosophy, History of Philosophy, History of Science, Metaphysics, Philosophy of Science,", "salary": "N/A", "max_working_hours": "N/A", "employer": "Universit\u00c3\u00a9 libre de Bruxelles (ULB)", "job_description": "<div class=\"editor ck-content mt-6 mb-6 mb-md-8 mt-md-8\" id=\"editor\">\n<p><img class=\"image_resized\" src=\"https://ap-production-media-archive.s3.eu-north-1.amazonaws.com/uploads/VsDtSyEeFmnsYjmoUj96zcCZRUYAaQayxlFVv4tr.png\" style=\"width:14.24%;\"/> <img class=\"image_resized\" src=\"https://ap-production-media-archive.s3.eu-north-1.amazonaws.com/uploads/Sa8eg4ZntwHgqmFguBOZyi8Li0RkNlwoVjUwfwBf.png\" style=\"width:14.21%;\"/></p><p>We offer a full-time position at the\u00a0<br/>Centre de recherche en Philosophie</p><p><strong>Newtonianism, Monadism and the Problem of Continuous Extension in Germany (1740-1759)</strong></p><h2>Job description</h2><p>The Centre de recherche en Philosophie (<a href=\"https://phi.centresphisoc.ulb.be\" target=\"_blank\">https://phi.centresphisoc.ulb.be</a>) based at the Universit\u00c3\u00a9 libre de Bruxelles (ULB) invites applications for <strong>one four-year postdoctoral position</strong>. The research will be carried out in the context of the recently awarded project \u00e2\u0080\u0098Responses to Newton\u00e2\u0080\u0099s Mathematical-Experimental Paradigm in 18th-Century Philosophy\u00e2\u0080\u0099 (RENEW18). The EOS project is funded by the Belgian research councils FWO and F.R.S.-FNRS and led by Karin de Boer (KU Leuven), Steffen Ducheyne (Vrije Universiteit Brussel), and Arnaud Pelletier (Universit\u00c3\u00a9 libre de Bruxelles). More information on the project can be found here:\u00a0<a href=\"https://hiw.kuleuven.be/cmprpcc/renew18\" target=\"_blank\">https://hiw.kuleuven.be/cmprpcc/renew18</a></p><p>The successful postdoctoral researcher candidate will carry out the subproject\u00a0<strong>\u00e2\u0080\u0098Newtonianism, Monadism and the Problem of Continuous Extension in Germany (1740-59)\u00e2\u0080\u0099</strong>\u00a0under the supervision of Prof. Arnaud Pelletier.</p><p>In addition to conducting independent research, the selected applicant is expected to participate in the organization of common activities such as team meetings, talks, workshops, and conferences as well as to take up a modest teaching load. The working language is English.</p><p>Successful candidates will be employed at ULB under the standard conditions.\u00a0Candidates in international mobility\u00a0will be offered a\u00a012-month fellowship (extentable to 36 months, and to an additional 12-month contract, for an overall duration of maximum <strong>48 months</strong>). The fellowship provides for training opportunities, social and health benefits, office space, and a research budget.</p><h2>Profile</h2><ul><li>An outstanding PhD thesis in the domain of the history of modern philosophy at the starting date of the contract</li><li>Outstanding relevant publications</li><li>Excellent command of written and spoken English</li><li>Knowledge of German and Latin</li><li>Outstanding hermeneutical and analytical skills</li><li>Good organizational and communication skills</li><li>Team player</li><li>Knowledge of the history and philosophy of science is a plus</li><li>Knowledge of French is a plus</li></ul><h2>Interested?</h2><p>Please send your full application to\u00a0<a href=\"mailto:Arnaud.Pelletier@ulb.be\">Arnaud.Pelletier@ulb.be</a>, including:</p><ul><li>A short cover letter</li><li>CV (including a publication list and the names and contact details of two referees)</li><li>A writing sample (15-25 pages)</li><li>A research statement (1-2 pages) that (a) explains how your past research bears on the advertised subproject and the project as a whole and (b) sketches your approach to the topic of the subproject</li></ul><p>Prof. Arnaud Pelletier<br/>Centre\u00a0 de recherche en Philosophie<br/>Universit\u00c3\u00a9 libre de Bruxelles (ULB)<br/>Avenue F. D. Roosevelt 50 \u00e2\u0080\u0093 CP 133/02<br/>B-1050 Brussels<br/>Belgium</p><p>Tel: +32 2 650 26 52</p><p><strong>Fellowship</strong>: approx. 2607, 00 EUR (free from tax)</p><p><strong>Duration</strong>:\u00a012-month fellowship\u00a0in the first instance (extentable to 36 months, and to an additional 12-month contract, for an overall duration of maximum <strong>48 months</strong>).</p><p><strong>Deadline for application</strong>: April 19, 2022</p><p><strong>Preferred starting date</strong>: between July and October 2022</p><p>We expect the (online) interviews to take place in May. For further information, please contact Arnaud Pelletier (<a href=\"mailto:Arnaud.Pelletier@ulb.be\">Arnaud.Pelletier@ulb.be</a>).</p><p>The indicated distribution of PhD and postdoctoral projects mentioned on\u00a0<a href=\"https://hiw.kuleuven.be/cmprpc/renew18\" target=\"_blank\">https://hiw.kuleuven.be/cmprpc/renew18</a>\u00a0could be adjusted in view of the candidates\u00e2\u0080\u0099 qualifications. It is allowed to apply for more than one position. If you would like to apply, but your expertise or career stage does not exactly match one of RENEW18\u00e2\u0080\u0099s sub-projects, or you do not match the conditions of international mobility, please contact Prof. Arnaud Pelletier (<a href=\"mailto:Arnaud.Pelletier@ulb.be\">Arnaud.Pelletier@ulb.be</a>) or the project coordinator, Prof. dr. Karin de Boer (karin.deboer@kuleuven.be).</p><p>Equal opportunities policy</p><p>ULB's personnel management policy is geared towards diversity and equal opportunities. We recruit candidates on the basis of their skills, irrespective of age, gender, sexual orientation, origin, nationality, beliefs, disability, etc.\u00a0More details on the ULB gender and diversity policy are available at\u00a0<a href=\"https://www.ulb.be/en/about-ulb/gender-equality-at-ulb\" target=\"_blank\">https://www.ulb.be/en/about-ulb/gender-equality-at-ulb</a>.\u00a0</p>\n</div>", "requirements_description": "N/A", "conditions_description": "N/A", "employer_description": "N/A", "department_description": "N/A", "additional_information": "N/A", "apply_link": "N/A", "employer_link": "N/A", "job_type": "N/A", "logo": "https://content.academicpositions.com/eyJidWNrZXQiOiJhcC1wcm9kdWN0aW9uLW1lZGlhLWFyY2hpdmUiLCJrZXkiOiIyMDE0XC8wMVwvdWxiLWxvZ28ucG5nIiwiZWRpdHMiOltdfQ=="}