{"url": "https://academicpositions.com/ad/jonkoping-international-business-school-jibs/2022/phd-student-positions-in-economics/173639", "title": "PhD student positions in Economics", "publish_date": "2022-01-04", "deadline": "2022-05-15", "location": "Gjuterigatan 5 J\u00c3\u00b6nk\u00c3\u00b6ping, Sweden", "city": "Gjuterigatan 5 J\u00c3\u00b6nk\u00c3\u00b6ping", "country": "Sweden", "position": "PhD", "field": "Accounting, Behavioural Economics, Business Administration, Business Economics, Business Ethics, and 45 moreComputational Economics,Consumer Economics,Controlling,Corporate Finance,Development Economics,Econometrics,Economic Geography,Economic History,Economic Psychology,Economic Sociology,Energy Economics,Entrepreneurship,Environmental Economics,Finance,Financial Economics,Food Economics,Game Theory,Health Economics,Human Development Theory,Human Resource Management,Industrial Economics,Information Systems,International Economics,International and Comparative Labour,Labour Economics,Logistics,Macroeconomics,Management,Manufacturing,Marketing,Mathematical Economics,Microeconomics,Organizational Economics,Production development,Project Management,Public Economics,Real Estate Economics,Resource Economics,Risk Management,Socioeconomics,Strategic Management,Supply Chain Management,Tourism Economics,Transport Economics,Welfare Economics", "salary": "N/A", "max_working_hours": "N/A", "employer": "J\u00c3\u00b6nk\u00c3\u00b6ping International Business School", "job_description": "N/A", "requirements_description": "N/A", "conditions_description": "N/A", "employer_description": "N/A", "department_description": "N/A", "additional_information": "N/A", "apply_link": "N/A", "employer_link": "N/A", "job_type": "N/A", "logo": "https://content.academicpositions.com/eyJidWNrZXQiOiJhcC1wcm9kdWN0aW9uLW1lZGlhLWFyY2hpdmUiLCJrZXkiOiIzN2NcLzg4MVwvMzdjODgxNDNlNmMwYjMzYWFkZjRlYjUzNjZmZGIyYzAucG5nIiwiZWRpdHMiOltdfQ=="}