{"url": "https://academicpositions.com/ad/sodertorn-university/2022/two-doctoral-studentships-in-social-work/174009", "title": "Two doctoral studentships in Social Work", "publish_date": "2022-02-11", "deadline": "2022-02-21", "location": "Alfred Nobels all\u00c3\u00a9 7 Huddinge, Sweden", "city": "Alfred Nobels all\u00c3\u00a9 7 Huddinge", "country": "Sweden", "position": "PhD", "field": "Child and Youth Studies, Disability Research, Human Geography, Social Research, Social Stratification, and 3 moreSocial Theory,Social Work,Urban Studies", "salary": "N/A", "max_working_hours": "N/A", "employer": "S\u00c3\u00b6dert\u00c3\u00b6rn University", "job_description": "<div class=\"editor ck-content mt-6 mb-6 mb-md-8 mt-md-8\" id=\"editor\">\n<p><span style=\"color:rgb(80,0,80);\">S\u00c3\u00b6dert\u00c3\u00b6rn University in south Stockholm is a dynamic institute of higher education with a unique profile and high academic standard. A large proportion of the university staff holds doctorates and there is a strong link between undergraduate education and research. S\u00c3\u00b6dert\u00c3\u00b6rn University has around 11 000 students and 840 employees. S\u00c3\u00b6dert\u00c3\u00b6rn University is an equal opportunities employer.</span></p><p><strong>Research environment</strong></p><p>As a doctoral student in <strong>Social Work</strong>, you will join a research environment that offers multidisciplinary perspectives and an advanced curriculum. Doctoral students are affiliated with a Social Science research area called <strong>Politics, Economy and the Organisation of Society (PESO),</strong> encompassing the disciplines of Business Studies, Journalism, Political Science, Social Work, and Sociology. In addition, they are affiliated with the<strong> Baltic and East European Graduate School (BEEGS),</strong> which is part of the <strong>Centre for Baltic and East European Studies (CBEES</strong>) at S\u00c3\u00b6dert\u00c3\u00b6rn University.</p><p>Social Work at S\u00c3\u00b6dert\u00c3\u00b6rn University is distinguished by its lively research and teaching environment. Our research fields include: families, children, and youths; ageing; disability; addiction; health; urban studies; segregation; civil society and social movements; the welfare state and globalisation; professions and organisations. Teaching and research staff in Social Work have a high level of involvement with national and international research networks. For more information on Social Work at S\u00c3\u00b6dert\u00c3\u00b6rn University, <a href=\"https://www.sh.se/english/sodertorn-university/research/our-research/social-work\" target=\"_blank\">read here</a>.</p><p>Your doctoral research must have a geographical link to the Baltic Sea region and/or the post-communist part of Europe. Theses with a comparative approach must include at least one country in the above-mentioned regions, but may include other countries. A thesis may not solely relate to Sweden and Swedish society.</p><p><strong>Job description</strong></p><p>These doctoral positions in Social Work include admission to third-cycle education, i.e. doctoral studies, and employment on a doctoral studentship. The intended outcome is a doctoral thesis. As a doctoral student, you will take doctoral courses, participate in research seminars, and participate in national and international research activities. Your main task, however, is to conduct research and write a doctoral thesis. Supervisors will be assigned to guide you. The programme covers 240 credits, which is the equivalent of four years of full-time study. During this period, the position is fully funded. The salary is subject to an annual increase in accordance with university regulations. The position may entail other departmental duties within education, research and/or administration, but these may be equivalent to no more than 20% of full-time.</p><p><span style=\"color:rgb(80,0,80);\">For complete information regarding the position, please visit the following link:\u00a0</span></p><p><a href=\"https://www.sh.se/english/sodertorn-university/meet-sodertorn-university/this-is-sodertorn-university/vacant-positions?rmpage=job&amp;rmjob=5232&amp;rmlang=UK\" target=\"_blank\"><strong>https://www.sh.se/english/sodertorn-university/meet-sodertorn-university/this-is-sodertorn-university/vacant-positions?rmpage=job&amp;rmjob=5232&amp;rmlang=UK</strong></a></p><p><strong>Admission and employment</strong></p><p><span style=\"color:rgb(80,0,80);\">An application for a place on a third-cycle programme is also an application for employment on a doctoral studentship. Employment is for a maximum of four years of full-time study. The position may be extended by a maximum of one year due to the inclusion of departmental duties, i.e. education, research and/or administration (equivalent to no more than 20% of full-time). The provisions relating to employment on a doctoral studentship are stated in the Higher Education Ordinance, Chapter 5, Sections 1-7. Doctoral students will be employed by the School of Social Sciences at S\u00c3\u00b6dert\u00c3\u00b6rn University. The first date of employment is 1 September 2022.</span></p><p><span style=\"color:rgb(80,0,80);\"><strong>Contact</strong></span></p><p>Dominika Vergara Polanska, Chair of the assessment group, Social Work, email <a href=\"mailto:dominika.vergara.polanska@sh.se\">dominika.vergara.polanska@sh.se</a></p><p><span style=\"color:rgb(80,0,80);\">Liudmila Voronova, Director of Studies PESO, email </span><a href=\"mailto:liudmila.voronova@sh.se\"><span style=\"color:rgb(80,0,80);\">liudmila.voronova@sh.se</span></a><span style=\"color:rgb(80,0,80);\"> and tel. +46 8 608 52 16</span></p><p>Ali Hajighasemi, Head of the School of Social Sciences, e-mail <a href=\"mailto:ali.hajighasemi@sh.se\">ali.hajighasemi@sh.se</a> and tel. +46 (0)8 608 4887</p><p><span style=\"color:rgb(80,0,80);\">Lovisa Henricsson, HR officer, email </span><a href=\"mailto:lovisa.henricsson@sh.se\"><span style=\"color:rgb(80,0,80);\">lovisa.henricsson@sh.se</span></a><span style=\"color:rgb(80,0,80);\"> and tel +46 (0)8 608 4455.</span></p>\n</div>", "requirements_description": "N/A", "conditions_description": "N/A", "employer_description": "N/A", "department_description": "N/A", "additional_information": "N/A", "apply_link": "N/A", "employer_link": "N/A", "job_type": "N/A", "logo": "https://content.academicpositions.com/eyJidWNrZXQiOiJhcC1wcm9kdWN0aW9uLW1lZGlhLWFyY2hpdmUiLCJrZXkiOiI1MzBcLzI5OVwvNTMwMjk5ZGI4NzkzYjJiMDYxNjQxNjY0MjZhMmUxNGIucG5nIiwiZWRpdHMiOltdfQ=="}