{"url": "https://academicpositions.com/ad/graduate-school-quantitative-biosciences-munich-qbm/2021/upcoming-phd-positions-at-the-graduate-school-of-quantitative-biosciences-munich-qbm/164775", "title": "Upcoming PhD positions at The Graduate School of Quantitative Biosciences Munich (QBM)", "publish_date": "2021-10-15", "deadline": "N/A", "location": "Butenandtstra\u00c3\u009fe 1 Munich, Germany", "city": "Butenandtstra\u00c3\u009fe 1 Munich", "country": "Germany", "position": "PhD", "field": "Biochemistry, Bioinformatics, Biology, Biomedicine, Biophysics, and 6 moreBiostatistics,Chemistry,Computational Biology,Medicine,Molecular Biology,Physics", "salary": "N/A", "max_working_hours": "N/A", "employer": "Graduate School of Quantitative Biosciences Munich (QBM)", "job_description": "N/A", "requirements_description": "N/A", "conditions_description": "N/A", "employer_description": "N/A", "department_description": "N/A", "additional_information": "N/A", "apply_link": "N/A", "employer_link": "N/A", "job_type": "N/A", "logo": "https://content.academicpositions.com/eyJidWNrZXQiOiJhcC1wcm9kdWN0aW9uLW1lZGlhLWFyY2hpdmUiLCJrZXkiOiI5ZmFcL2UzMVwvOWZhZTMxNDU4NmQ2MzcwZTIwNTdhZDI5YTJjYzEyZGIucG5nIiwiZWRpdHMiOltdfQ=="}