{"url": "https://academicpositions.com/ad/vrije-universiteit-brussel/2022/senior-research-fellowship-gender-en-islam/174758", "title": "Senior Research Fellowship 'Gender en Islam'", "publish_date": "2022-02-01", "deadline": "2022-04-15", "location": "Boulevard de la Plaine 2 Brussels, Belgium", "city": "Boulevard de la Plaine 2 Brussels", "country": "Belgium", "position": "Researcher", "field": "Cultural Studies, Gender Studies, Social Research,", "salary": "N/A", "max_working_hours": "N/A", "employer": "Vrije Universiteit Brussel (VUB)", "job_description": "<div class=\"editor ck-content mt-6 mb-6 mb-md-8 mt-md-8\" id=\"editor\">\n<h2><strong>1 - Werken bij de VUB</strong></h2><p>De <strong>Vrije Universiteit Brussel</strong> staat al meer dan 50 jaar voor <strong>vrijheid, gelijk(waardig)heid en verbondenheid</strong> en dat leeft sterk op onze campussen bij zowel studenten als personeel. Bij de VUB vind je een diverse verzameling aan persoonlijkheden: innovators pur sang, maar vooral <strong>mensen die 100% hun authentieke zelf zijn</strong>. Met zo\u00e2\u0080\u0099n <strong>3500 medewerkers</strong> zijn we de <strong>grootste Nederlandstalige werkgever, in de priv\u00c3\u00a9sector, in Brussel;</strong> een internationale stad waarmee we ons maar al te graag verbinden en waar(rond) onze 4 campussen gelegen zijn.</p><p>Ons onderwijs en onderzoek zijn gegrond op het beginsel van <strong>vrij onderzoek</strong> met het oog op de vooruitgang van de mensheid. We verwerpen elk louter gezagsargument en waarborgen de vrije oordeelsvorming die nodig is voor de maatschappelijke inschakeling van dit basisbeginsel.</p><p>De VUB is autonoom en wordt <strong>democratisch </strong>beheerd. Daarmee waarborgen we het uitoefenen van de fundamentele vrijheden binnen onze universiteit, maar ook het recht van de Universitaire Gemeenschap om deel uit te maken van het beleid van de Universiteit en de controle hierop.</p><p>Tot de zending van de Universiteit behoren:</p><ul><li>het ontwikkelen, het overbrengen en het toepassen van een hoogstaand academisch onderwijs en wetenschappelijk onderzoek, <u>vrij van elk vooroordeel;</u></li><li>de maatschappelijke inschakeling hiervan in een geest van <u>sociale bewogenheid;</u></li><li>de <u>kritische vorming</u> van iedereen in het licht van de in de gemeenschap te dragen verantwoordelijkheid.</li></ul><h2><strong>2 - Functie</strong></h2><p>Momenteel zijn we voor het <strong>Zelfstandig Academisch Personeel</strong>\u00a0van de faculteit <strong>Sociale Wetenschappen &amp; Solvay Business School</strong>, vakgroep <strong>Politieke Wetenschappen</strong>, op zoek naar een <strong>voltijds professor</strong>.</p><p>Meer concreet zal je takenpakket er als volgt uitzien:</p><p><strong><u>Onderwijs- en onderzoeksdomein:</u></strong></p><p>Politieke wetenschappen: Gender en Islam</p><p><strong><u>Onderwijsopdracht:</u></strong></p><ul><li>Je bent verantwoordelijk voor het doceren van een equivalent van maximaal 6 ECTS per semester aan opleidingsonderdelen aan de faculteit Sociale Wetenschappen en Solvay Business School in het ruime domein van gender, diversiteit, inclusiviteit en islam;</li><li>Je begeleidt een beperkt aantal bachelor- en masterproeven in het domein.</li></ul><p><strong><u>Onderzoeksopdracht:</u></strong></p><ul><li>Je verricht onderzoek in het brede domein van gender diversiteit, inclusiviteit en islam;</li><li>Je begeleidt doctoraatsstudenten;</li><li>Je draagt bij tot het verwerven van interne en externe (onderzoeks)fondsen.</li><li>De onderzoekspositie beoogt het bevorderen van een interdisciplinair onderzoeksprogramma inzake de \"moslimkwestie\", i.e. de problematisering van de Islam en moslims op basis van een gepercipieerde incompatibiliteit met de fundamentele waarden en gebruiken van een \u00e2\u0080\u0098Westerse\u00e2\u0080\u0099 samenleving. De moslimkwestie kristalliseert vaak rond thema\u00e2\u0080\u0099s die zich op het kruispunt bevinden van Islam,gender en seksualiteit -en daarbij expliciet rond moslim mannelijkheid - en behelst politieke, sociaal-economische, criminologische, ethische, raciale en culturele dimensies. De multidimensionaliteit van de moslimkwestie noodzaakt een interdisciplinaire studie van gender (en expliciet ook mannelijkheid) en Islam in het Westen en bij voorbaat in de grootstedelijke context met grote moslimpopulaties waar de moslimkwestie zich scherp stelt.</li></ul><p><strong><u>Overige taken:</u></strong></p><ul><li>Je zal dienstverlenende taken opnemen op het niveau van onderzoek in de onderzoeksgroep, de vakgroep, de faculteit en/of de universiteit;</li><li>Je zal een internationaal onderzoeksnetwerk uitbouwen en onderhouden;</li><li>Je zal externe zichtbaarheid cre\u00c3\u00abren voor de onderzoeksgroep, de vakgroep, de faculteit en/of de universiteit in de samenleving.</li></ul><p>Voor deze functie zal onze <strong>Brussels Humanities, Sciences &amp; Engineering Campus (Elsene)</strong> je thuisbasis worden.\u00a0</p><h2><strong>3 - Profiel</strong></h2><p>Wat verwachten wij van jou?</p><p><strong>Je bezit een diploma van doctoraat op proefschrift.\u00a0</strong></p><ul><li>Je hebt een goed onderzoeksdossier met internationaal gerefereede publicaties in het brede domein van gender, diversiteit inclusiviteit en islam.</li><li>Je hebt aantoonbare participatie in het maatschappelijke debat over de moslimkwestie en meer bepaald inzake gender en islam.</li><li>Je hebt expertise in het verkrijgen van externe financiering op het gebied van gender en islam.</li><li>Je hebt expertise in lesgeven op het gebied van gender en islam.</li></ul><ul><li>Je onderschrijft de onderwijsvisie van de universiteit, waarvan de integrale tekst te raadplegen is op de website van de universiteit.</li></ul><ul><li>Elke eerste aanstelling is mede afhankelijk van het met gunstig gevolg doceren van een proefles.</li></ul><ul><li>Leden van het academisch personeel die als titularis belast zijn met een onderwijsopdracht moeten de vereiste kennis van de onderwijstaal van desbetreffende opleidingsonderdelen kunnen aantonen. Voorbeeld: Wanneer een opleidingsonderdeel in het Engels onderwezen wordt dient de kandidaat te beschikken over het vereiste kwalificatiegetuigschrift. Meer informatie over de taalregeling vind je via: <a href=\"https://jobs.vub.be/content/Taalregeling/\" target=\"_blank\">https://jobs.vub.be/content/Taalregeling/</a></li></ul><h2><strong>4 - Aanbod</strong></h2><p>Word jij onze nieuwe collega?</p><p>Dan bieden we je een <strong>aanstelling als voltijds professor</strong>\u00a0aan, met voorziene startdatum <strong>01-11-2022</strong>.</p><ul><li>Indien je wordt aangeworven\u00a0in de graad van <strong>docent</strong>, gebeurt dit met toepassing van het <strong>tenure trackstelsel</strong>, nl. een aanstelling voor <strong>5 jaar</strong> met uitzicht op benoeming als hoofddocent na het verstrijken van die termijn, en mits een gunstige beoordeling van de ori\u00c3\u00abntatie- en integratieperiode.</li></ul><ul><li>Indien je wordt aangeworven in <strong>een andere graad</strong>, betreft dit een aanstelling voor <strong>3 jaar</strong> met uitzicht op benoeming in dezelfde graad na het verstrijken van die termijn, en mits een gunstige beoordeling van de ori\u00c3\u00abntatie- en integratieperiode.</li></ul><p>In functie van je competenties en eerdere relevante werkervaring, ontvang je een salaris gekoppeld aan een van de barema\u00e2\u0080\u0099s die door de overheid worden vastgelegd.\u00a0</p><p>Bij de VUB garanderen we een open, betrokken en diverse werkplek en bieden we je kansen om je carri\u00c3\u00a8re (verder) uit te bouwen.</p><p>Daarnaast geniet je van voordelen als:</p><ul><li><strong>Maximale terugbetaling woon-werkverkeer</strong> met het openbaar vervoer of een fietsvergoeding;</li><li>Een kosteloze <strong>hospitalisatieverzekering</strong>;</li><li>De ruimte om je job-inhoud mee te vormen en <strong>voortdurend bij te leren</strong> via VUB LRN;</li><li><strong>Voordelige sportmogelijkheden</strong>;</li><li><strong>Ecocheques</strong>;</li><li>Heerlijke maaltijden in onze <strong>campusrestaurants</strong> aan een aantrekkelijk tarief;</li><li>Een open en familiale werkomgeving met aandacht voor je work-life balance \u00c3\u00a9n een uitzonderlijke verlofregeling met <strong>35 verlofdagen</strong> (bij voltijdse tewerkstelling).</li></ul><h2><strong>5 - Ge\u00c3\u00afnteresseerd?</strong></h2><p>Spreekt deze functie je aan?</p><p>Bezorg ons dan <strong><u>ONLINE</u></strong> en <strong><u>ten laatste op</u></strong> <strong><u>15-04-2022</u></strong>:</p><ul><li>je motivatiebrief, met inbegrip van je visie op onderwijs en onderzoek, en een toelichting over de uitbouw van je toekomstig onderzoek;</li><li>je curriculum vitae, met inbegrip van jouw academisch dossier;</li><li>je diploma\u00e2\u0080\u0099s (niet van toepassing voor VUB-alumni) en taalattesten.</li></ul><p>Heb je vragen over deze functie? Contacteer dan Prof. dr. Karin Vanderkerken, vicerector Onderzoeksbeleid Mevr. Mieke Gijsemans, directeur Research\u00a0via onderzoeksraad@vub.be\u00a0of\u00a0+32 (0)2 629 14 85.\u00a0</p><p>Wil je graag weten hoe het is om te werken bij de VUB? Ga dan naar <a href=\"https://jobs.vub.be/\" target=\"_blank\">jobs.vub.be</a> en ontdek alles over o.a. onze campussen, voordelen, strategische doelen en collega\u00e2\u0080\u0099s.</p>\n</div>", "requirements_description": "N/A", "conditions_description": "N/A", "employer_description": "N/A", "department_description": "N/A", "additional_information": "N/A", "apply_link": "N/A", "employer_link": "N/A", "job_type": "N/A", "logo": "https://content.academicpositions.com/eyJidWNrZXQiOiJhcC1wcm9kdWN0aW9uLW1lZGlhLWFyY2hpdmUiLCJrZXkiOiJlYmRcL2NmZFwvZWJkY2ZkZTdkNmZhZDM2Mzc5N2U0Yjk1MGRjM2MzODkucG5nIiwiZWRpdHMiOltdfQ=="}