{"url": "https://academicpositions.com/ad/university-of-luxembourg/2021/postdoctoral-researcher-in-digital-history/173148", "title": "Postdoctoral Researcher in Digital History", "publish_date": "2021-12-20", "deadline": "N/A", "location": "6, rue Richard Coudenhove-Kalergi , Luxembourg", "city": "6", "country": "Luxembourg", "position": "Postdoc", "field": "Modern History,", "salary": "N/A", "max_working_hours": "N/A", "employer": "University of Luxembourg", "job_description": "<div class=\"editor ck-content mt-6 mb-6 mb-md-8 mt-md-8\" id=\"editor\">\n<p>The <strong>University of Luxembourg</strong> is an <strong>international research</strong> university with a distinctly <strong>multilingual</strong> and <strong>interdisciplinary</strong> character. The University was founded in 2003 and counts more than 6,700 students and more than 2,000 employees from around the world. The University\u00e2\u0080\u0099s faculties and interdisciplinary centres focus on research in the areas of Computer Science and ICT Security, Materials Science, European and International Law, Finance and Financial Innovation, Education, Contemporary and Digital History. In addition, the University focuses on cross-disciplinary research in the areas of Data Modelling and Simulation as well as Health and System Biomedicine. Times Higher Education ranks the University of Luxembourg #3 worldwide for its \u00e2\u0080\u009cinternational outlook,\u00e2\u0080\u009d #20 in the Young University Ranking 2021 and among the top 250 universities worldwide.</p><p>The <strong>Luxembourg Centre for Contemporary and Digital History (C2DH) </strong>is a <strong>research centre</strong> for the study, analysis and public dissemination of contemporary history of Luxembourg and Europe with a particular focus on digital methods and tools for doing innovative historical research. It serves as a catalyst for <strong>innovative</strong> and <strong>creative</strong> scholarship and new forms of public dissemination and societal engagement with history.</p><p><strong>Your Role...</strong></p><p>The Digital History Advanced Research Projects Accelerator (DHARPA) at C2DH is looking to hire a <strong>postdoctoral researcher </strong>as part of a research project sponsored by the Luxembourg National Research Fund (FNR). The postdoctoral researcher will work under the supervision of Professor Sean Takats and join a team that already includes two other postdoctoral researchers, a software developer, and an administrative assistant, and which collaborates with the larger C\u00c2\u00b2DH research center. In 2020 this team of five will grow to twelve, and with them you will help to develop a new software platform for historical research, in coordination with your own research program. Like Takats\u00e2\u0080\u0099s other research software projects Zotero (<a href=\"https://zotero.org/\" target=\"_blank\">https://zotero.org</a>) and Tropy (<a href=\"https://tropy.org/\" target=\"_blank\">https://tropy.org</a>), this new software will be a polished, user-friendly platform intended for wide public adoption.</p><p><strong>What we expect from you\u00e2\u0080\u00a6</strong></p><p>We seek a highly motivated postdoc with the following profile:</p><ul><li>PhD in history or a related field;</li><li>Passionate about using technology to conduct historical research;</li><li>Experience in coordinating (digital) history projects;</li><li>Willingness to cooperate actively in other C\u00c2\u00b2DH projects;</li><li>Experience with Python, Javascript, R, and/or data visualization will be advantageous;</li><li>Experience with grant writing will be a plus;</li><li>Good command of the following languages: English, French and/or German.</li></ul><p><strong>We offer...</strong></p><ul><li>Competitive remuneration; contract subject to public national security system benefits;</li><li>A dynamic, exciting and equal opportunity international research environment.</li></ul><p><strong>In Short...</strong></p><ul><li>Contract Type: Contrat \u00c3\u00a0 dur\u00c3\u00a9e d\u00c3\u00a9termin\u00c3\u00a9e 24 Mois</li><li>Work Hours: Full Time 40.0 Heures par Semaine</li><li>Earliest starting date: February 2022</li><li>Location:\u00a0Belval</li><li>Job Reference:\u00a0UOL04653</li></ul><p>The yearly gross salary for every Postdoctoral Researcher at the UL is EUR 75285</p><p><strong>How to apply...</strong></p><p>Applications should be submitted online and include:</p><ul><li>a full curriculum vitae, including any publications;</li><li>the contact details of two referees;</li><li>a copy of the relevant diplomas;</li><li>a cover letter indicating your motivation for this project, relevant experience and future interests.</li></ul><p>Early application is highly encouraged, as the applications will be processed upon reception. Please apply formally through the HR system. Applications by email will not be considered.</p><p>The University of Luxembourg embraces inclusion and diversity as key values. We are fully committed to removing any discriminatory barrier related to gender, and not only, in recruitment and career progression of our staff.</p><p><strong>In return you will get\u00e2\u0080\u00a6</strong></p><ul><li><strong>Multilingual and international character</strong>.\u00a0Modern institution with a personal atmosphere. Staff coming from 90 countries. Member of the \u00e2\u0080\u009cUniversity of the Greater Region\u00e2\u0080\u009d\u00a0(UniGR).\u00a0</li><li><strong>A modern and dynamic university.\u00a0</strong>High-quality equipment.\u00a0Close ties to the business world and to the Luxembourg labour market.\u00a0A unique urban site with excellent infrastructure.</li><li><strong>A partner for society and industry</strong>.\u00a0Cooperation with European institutions, innovative companies, the Financial Centre and with numerous non-academic\u00a0partners such as ministries, local governments, associations, NGOs \u00e2\u0080\u00a6</li><li><a href=\"https://wwwen.uni.lu/university/about_the_university\" target=\"_blank\">Find out more about the University</a></li><li><a href=\"https://wwwen.uni.lu/contact\" target=\"_blank\">Addresses, maps &amp; routes to the various sites of the University</a></li></ul><p><strong>Further information...</strong></p><p>For further information, please contact <a href=\"mailto:sean.takats@uni.lu\">sean.takats@uni.lu</a></p>\n</div>", "requirements_description": "N/A", "conditions_description": "N/A", "employer_description": "N/A", "department_description": "N/A", "additional_information": "N/A", "apply_link": "N/A", "employer_link": "N/A", "job_type": "N/A", "logo": "https://content.academicpositions.com/eyJidWNrZXQiOiJhcC1wcm9kdWN0aW9uLW1lZGlhLWFyY2hpdmUiLCJrZXkiOiIyMDEwXC8wOVwvTG9nby13ZWItUlZCLWtvcGllcmEucG5nIiwiZWRpdHMiOltdfQ=="}