{"url": "https://academicpositions.com/ad/ghent-university/2022/professor-in-spanish-professional-communication-22431-faculty-of-arts-and-philosophy/175335", "title": "Professor in Spanish: Professional Communication (22431) - Faculty of Arts and Philosophy", "publish_date": "2022-02-16", "deadline": "2022-03-22", "location": "Sint-Pietersnieuwstraat 33 Ghent, Belgium", "city": "Sint-Pietersnieuwstraat 33 Ghent", "country": "Belgium", "position": "Assistant Professor", "field": "Applied Linguistics, Business Ethics, Ethics, Media and Communication Studies, Romance languages,", "salary": "N/A", "max_working_hours": "N/A", "employer": "Ghent University", "job_description": "N/A", "requirements_description": "N/A", "conditions_description": "N/A", "employer_description": "N/A", "department_description": "N/A", "additional_information": "N/A", "apply_link": "N/A", "employer_link": "N/A", "job_type": "N/A", "logo": "https://content.academicpositions.com/eyJidWNrZXQiOiJhcC1wcm9kdWN0aW9uLW1lZGlhLWFyY2hpdmUiLCJrZXkiOiIyMDE2XC8xMVwvZ2hlbnQtbG9nby1lbmcuanBnIiwiZWRpdHMiOltdfQ=="}