{"url": "https://academicpositions.com/ad/sodertorn-university/2022/one-doctoral-studentship-in-political-science/174012", "title": "One doctoral studentship in Political Science", "publish_date": "2022-02-11", "deadline": "2022-02-21", "location": "Alfred Nobels all\u00c3\u00a9 7 Huddinge, Sweden", "city": "Alfred Nobels all\u00c3\u00a9 7 Huddinge", "country": "Sweden", "position": "PhD", "field": "Comparative Democratization, International Security and Arms Control, National Politics, Political Organizations and Parties, Politics,", "salary": "N/A", "max_working_hours": "N/A", "employer": "S\u00c3\u00b6dert\u00c3\u00b6rn University", "job_description": "<div class=\"editor ck-content mt-6 mb-6 mb-md-8 mt-md-8\" id=\"editor\">\n<p><span style=\"color:rgb(80,0,80);\">S\u00c3\u00b6dert\u00c3\u00b6rn University in south Stockholm is a dynamic institute of higher education with a unique profile and high academic standard. A large proportion of the university staff holds doctorates and there is a strong link between undergraduate education and research. S\u00c3\u00b6dert\u00c3\u00b6rn University has around 11 000 students and 840 employees. S\u00c3\u00b6dert\u00c3\u00b6rn University is an equal opportunities employer.</span></p><p>As a doctoral student in <strong>Political Science</strong>, you will join a research environment that offers multidisciplinary perspectives and an advanced curriculum. Doctoral students are affiliated with a Social Science research area called <strong>Politics, Economy and the Organisation of Society (PESO),</strong> encompassing the disciplines of Business Studies, Journalism, Political Science, Social Work, and Sociology.</p><p>Political Science research at S\u00c3\u00b6dert\u00c3\u00b6rn University covers a wide range of topics, organised in three overarching themes: institutions (political parties, parliaments, governments, and governance); ideas (on for example democracy, citizenship, justice, security, technology, and expertise); and identity (nationalism, migration, and community-building). Many of our projects focus on East and Central Europe, Russia, the Nordic countries and the European Union. Political Science staff and doctoral students are greatly involved in national and international research networks, as well as engaging in multidisciplinary cooperation through the <strong>Centre for the Study of Political Organisation.</strong> For more information on Political Science at S\u00c3\u00b6dert\u00c3\u00b6rn University, <a href=\"https://www.sh.se/english/sodertorn-university/research/our-research/political-science-and-international-relations\" target=\"_blank\">read here</a>.</p><p><span style=\"color:rgb(80,0,80);\">For complete information regarding the position, please visit the following link:</span></p><p><a href=\"https://www.sh.se/english/sodertorn-university/meet-sodertorn-university/this-is-sodertorn-university/vacant-positions?rmpage=job&amp;rmjob=5238&amp;rmlang=UK\" target=\"_blank\">https://www.sh.se/english/sodertorn-university/meet-sodertorn-university/this-is-sodertorn-university/vacant-positions?rmpage=job&amp;rmjob=5238&amp;rmlang=UK</a></p><p><span style=\"color:rgb(80,0,80);\"><strong>Admission and employment</strong></span><br/><span style=\"color:rgb(80,0,80);\">An application for a place on a third-cycle programme is also an application for employment on a doctoral studentship. Employment is for a maximum of four years of full-time study. The position may be extended by a maximum of one year due to the inclusion of departmental duties, i.e. education, research and/or administration (equivalent to no more than 20% of full-time). The provisions relating to employment on a doctoral studentship are stated in the Higher Education Ordinance, Chapter 5, Sections 1-7. Doctoral students will be employed by the School of Social Sciences at S\u00c3\u00b6dert\u00c3\u00b6rn University. The first date of employment is 1 September 2022.</span></p><p><span style=\"color:rgb(80,0,80);\"><strong>Contact</strong></span><br/>Johan Eriksson, Professor of Political Science, email <a href=\"mailto:johan.eriksson@sh.se\">johan.eriksson@sh.se</a> and tel. +46 (0)8 608 4267<br/>Liudmila Voronova, Director of Studies PESO, email <a href=\"mailto:liudmila.voronova@sh.se\">liudmila.voronova@sh.se</a> and tel. +46 8 608 52 16<br/><span style=\"color:rgb(80,0,80);\">Ali Hajighasemi, Head of the School of Social Sciences, email </span><a href=\"mailto:ali.hajighasemi@sh.se\"><span style=\"color:rgb(80,0,80);\">ali.hajighasemi@sh.se</span></a><span style=\"color:rgb(80,0,80);\"> and tel. +46 (0)8 608 4887</span><br/>Ulrica Lindb\u00c3\u00a4ck, HR officer, <a href=\"mailto:ulrica.lindback@sh.se\">ulrica.lindback@sh.se</a> and tel.+46 (0)8 608 4442</p><p><strong>Application</strong><br/>The application deadline is <strong>21 February 2022.</strong></p>\n</div>", "requirements_description": "N/A", "conditions_description": "N/A", "employer_description": "N/A", "department_description": "N/A", "additional_information": "N/A", "apply_link": "N/A", "employer_link": "N/A", "job_type": "N/A", "logo": "https://content.academicpositions.com/eyJidWNrZXQiOiJhcC1wcm9kdWN0aW9uLW1lZGlhLWFyY2hpdmUiLCJrZXkiOiI1MzBcLzI5OVwvNTMwMjk5ZGI4NzkzYjJiMDYxNjQxNjY0MjZhMmUxNGIucG5nIiwiZWRpdHMiOltdfQ=="}