{"url": "https://academicpositions.com/ad/federal-institute-risk-assessment-bfr/2022/scientific-officer-f-m-d-analysis-of-contaminants-and-feed-additives/174710", "title": "Scientific Officer (f/m/d) - Analysis of contaminants and feed additives", "publish_date": "2022-02-01", "deadline": "2022-03-13", "location": "Max-Dohrn-Str. 8-10 D Berlin, Germany", "city": "Max-Dohrn-Str. 8-10 D Berlin", "country": "Germany", "position": "Researcher", "field": "Analytical Chemistry, Food Science, Medicinal Chemistry, Pharmacy & Pharmacology, Spectroscopy,", "salary": "N/A", "max_working_hours": "N/A", "employer": "Federal Institute for Risk Assessment (BfR)", "job_description": "<div class=\"editor ck-content mt-6 mb-6 mb-md-8 mt-md-8\" id=\"editor\">\n<p><strong>The German Federal Institute for Risk Assessment (BfR) is the national institute which prepares expert reports and opinions on questions of food, feed and chemical safety and consumer health protection in Germany on the basis of internationally recognised scientific assessment criteria. It advises the Federal Government and other institutions and interest groups in these areas. The BfR conducts its own research on topics that are closely linked to its assessment tasks. It is an institution with legal capacity within the portfolio of the Federal Ministry of Food and Agriculture (BMEL).</strong></p><p><strong>In the Department of Safety in the Food Chain, unit \u00e2\u0080\u009cContaminants\u00e2\u0080\u009d, we are seeking to recruit for a permanent position at the earliest date possible, at the BfR:</strong></p><h3><strong>Scientific Officer (f/m/d) - Analysis of contaminants and feed additives</strong></h3><p><strong>Reference number: 2978/2022</strong> | Pay group 13 TV\u00c3\u00b6D</p><p>Part-time employment is possible.</p><p>The Contaminants unit develops and us\u00a0utilises modern and efficient analytical methods for the determination of contaminants, ingredients, feed additives and undesirable substances in food and feed in the National Reference Laboratory for Feed additive control and in the context of early risk detection.</p><p><strong>Tasks:</strong></p><ul><li>Independent planning for the development, optimisation and validation of analytical methods for the determination of feed additives, ingredients, undesirable substances or contaminants in feed or food, as well as the evaluation and assessment of the results.</li><li>Working independently on the conception and coordination of national and international scientific research projects in the area of safety along the food chain.</li><li>Preparation of publications for scientific journals as well as presentations and posters for national and international scientific conferences and workshops.</li><li>Scientific conceptual design, implementation and evaluation of national and international interlaboratory comparisons including the initiation of follow-up measures.</li><li>Participation in national and international committees (EURL Feed additive control, VDLUFA, DIN or \u00c2\u00a7 64 LFGB) to help further the development of international cooperation in the field of feed analysis.</li><li>Organisation of workshops and training courses as part of the activities of the National Reference Laboratory for Feed additive control.</li><li>Support in the implementation and operation of a Laboratory Information and Management System (LIMS) and in the advancement of the quality assurance system according to DIN EN ISO 17025.</li><li>Training and supervision of trainees, students (doctoral and master's theses) and guest researchers (national and international).</li></ul><p><strong>Requirements:</strong></p><ul><li>University degree (Master\u00e2\u0080\u0099s, diploma (university) or a comparable university degree) in food chemistry, chemistry, pharmacy or a similar discipline, doctorate in the field of analytical chemistry desirable.</li><li>Many years of professional experience in the field of instrumental analysis using modern analytical techniques (e.g. LC-HRMS, LC-MS/MS and GC-MS/MS or NMR-spectroscopy) is required. Experience in the application of these techniques in the field of instrumental analysis of contaminants, ingredients and additives in food and feed is an advantage.</li><li>Proven publication activities in peer reviewed high-impact journals desirable.</li><li>Experience in drafting scientific reports (in German and English) desirable.</li><li>Experience in implementing quality assurance measures and maintaining an accredited laboratory environment according to ISO\u00a017025 is an advantage.</li><li>Good knowledge in the validation of analytical methods is desirable.</li><li>Willingness and ability to instruct doctoral and master's students required.</li><li>Excellent\u00a0knowledge of spoken and written German and English required.</li><li>Very good IT knowledge (especially safe handling of the evaluation software of the above-mentioned techniques), as well as a conscientious way of working, flexibility, ability to work in a team and resilience as well as the readiness to travel for business trips, are required.</li></ul><p><strong>What we can offer you:</strong></p><ul><li>Flexible working hours without core working time</li><li>30 days\u00e2\u0080\u0099 annual leave (based on a 5-day week)</li><li>Mobile working opportunities</li><li>Excellent connection to the public transport network</li><li>Wide range of further training opportunities</li><li>Travel pass</li><li>VBL occupational pension</li><li>Capital-forming benefits</li><li>AWO-Familienservice/Family Service</li></ul><p><strong>The place of employment is Berlin.</strong></p><p><strong>Application process:</strong></p><p>Does this position appeal to you? Then please apply by <strong>13.03.2022</strong> via our online system:</p><p>Please address any questions in connection with the application process to: bewerbung@bfr.bund.de.</p><p><strong>\u00e2\u0080\u0093 Please do not send any applications to this email address \u00e2\u0080\u0093</strong></p><p>If you are not able to apply online, please send your application by post quoting the respective reference number.</p><p>Bundesinstitut f\u00c3\u00bcr Risikobewertung,\u00a0Personalreferat - 11.17 -/ Max-Dohrn-Str.\u00a08-10, 10589 Berlin</p><p><strong>Please address any questions about the area of responsibility to:</strong></p><p>Dr. Kappenstein\u00a0\u00a0\u00a0\u00a0\u00a0\u00a0\u00a0\u00a0\u00a0\u00a0\u00a0\u00a0\u00a0\u00a0\u00a0\u00a0\u00a0\u00a0\u00a0\u00a0\u00a0\u00a0\u00a0\u00a0\u00a0\u00a0\u00a0\u00a0\u00a0\u00a0\u00a0\u00a0\u00a0\u00a0\u00a0\u00a0\u00a0\u00a0\u00a0\u00a0<br/><strong>Tel.: +49 30 18412-28200</strong></p><p><i>The BfR welcomes applications from people of all nationalities.</i></p><p><i>The BfR is an innovative scientific institute offering family-friendly working conditions for which it was awarded the \u00e2\u0080\u009caudit berufundfamilie\u00c2\u00ae\u00e2\u0080\u009d (work and family) certificate. The BfR guarantees equal career opportunities for women and men.\u00a0</i>\u00a0<i>In the case of equal suitability, severely disabled applicants will be given preferential consideration and are only required to have a minimum level of physical suitability.</i></p>\n</div>", "requirements_description": "N/A", "conditions_description": "N/A", "employer_description": "N/A", "department_description": "N/A", "additional_information": "N/A", "apply_link": "N/A", "employer_link": "N/A", "job_type": "N/A", "logo": "https://content.academicpositions.com/eyJidWNrZXQiOiJhcC1wcm9kdWN0aW9uLW1lZGlhLWFyY2hpdmUiLCJrZXkiOiJ1cGxvYWRzXC95Rzh4eUZWOFhSMnd6UEQ0aGxVZXdqZzk3d2dhbW02T2VZRzl2NEtPLmpwZyIsImVkaXRzIjpbXX0="}