{"url": "https://academicpositions.com/ad/lut-university/2022/associate-professors-non-tenure-track-in-mathematics/174149", "title": "Associate professors (non-tenure track) in mathematics", "publish_date": "2022-01-18", "deadline": "2022-02-28", "location": "Yliopistonkatu 34 Lappeenranta, Finland", "city": "Yliopistonkatu 34 Lappeenranta", "country": "Finland", "position": "Assistant Professor", "field": "Applied Mathematics, Computational Mathematics, Electrical Engineering, Engineering Physics, Mathematical Physics, and 1 moreMechanical Engineering", "salary": "N/A", "max_working_hours": "N/A", "employer": "LUT University", "job_description": "N/A", "requirements_description": "N/A", "conditions_description": "N/A", "employer_description": "N/A", "department_description": "N/A", "additional_information": "N/A", "apply_link": "N/A", "employer_link": "N/A", "job_type": "N/A", "logo": "https://content.academicpositions.com/eyJidWNrZXQiOiJhcC1wcm9kdWN0aW9uLW1lZGlhLWFyY2hpdmUiLCJrZXkiOiIyMDExXC8xMFwvTFVULUxvZ28xLnBuZyIsImVkaXRzIjpbXX0="}