{"url": "https://academicpositions.com/ad/european-synchrotron-radiation-facility-esrf/2022/phd-student-engage-03/174878", "title": "PhD student ENGAGE 03", "publish_date": "2022-02-04", "deadline": "2022-03-15", "location": "71 avenue des Martyrs Grenoble, France", "city": "71 avenue des Martyrs Grenoble", "country": "France", "position": "PhD", "field": "Applied Mathematics, Artificial Intelligence, Computational Mathematics, Engineering Physics, Image Processing, and 3 moreMachine Learning,Programming Languages,Signal Processing", "salary": "N/A", "max_working_hours": "N/A", "employer": "European Synchrotron Radiation Facility (ESRF)", "job_description": "<div class=\"editor ck-content mt-6 mb-6 mb-md-8 mt-md-8\" id=\"editor\">\n<p>The European Synchrotron, the ESRF, is an international research centre based in Grenoble, France.</p><p>Through its innovative engineering, pioneering scientific vision and a strong commitment from its 700 staff members, the ESRF is recognised as one of the top research facilities worldwide. Its particle accelerator produces intense X-ray beams that are used by thousands of scientists each year for experiments in diverse fields such as biology, medicine, environmental sciences, cultural heritage, materials science, and physics.</p><p>Supported by 22 countries, the ESRF is an equal opportunity employer and encourages diversity.</p><p>Thesis Subject: Artificial intelligence for operator-intensive coherent X-ray imaging procedures</p><p>This PhD project will explore the potential of artificial intelligence (AI) for the automation of operator-intensive coherent X-ray imaging procedures. It is focussed on radiation damage monitoring, automated optimization of reconstruction parameters, and adaptive X-ray fluorescence scanning.</p><p>Synchrotron beamlines are scientific instruments that feature advanced metrology, environmental control, and many degrees of freedom for the positioning of various components. Due to the complex nature of synchrotron experiments, much time is spent at beamlines on routines such as sample screening, data acquisition monitoring, beamline behaviour monitoring, and manual optimization of reconstruction parameters.</p><p>While AI is increasingly used in various fields, synchrotron beamlines are yet to benefit from its potential. This PhD project will be carried out at beamline ID16A, which combines coherent X-ray imaging techniques and X-ray fluorescence (XRF) microscopy for studies of 3D morphology and composition at nanoscale.</p><p>Objectives include:</p><p>- Develop and explore strategies for automated parameter optimization of the algorithms used at ID16A for the reconstruction of holographic X-ray tomography data and near-field ptychographic X-ray tomography data.</p><p>- Develop a monitoring tool for the automated evaluation of the quality of acquired data and sample stability under X-rays.</p><p>- Develop and explore strategies for advanced X-ray fluorescence imaging, such as adaptive step size for samples with localized features of interest.</p><p>- Formulate a generic methodology for AI-based experiment automation</p><p>- An MSc or equivalent diploma in one of the following relevant fields is required: Applied Mathematics, Engineering, Computer Science, Physics.</p><p>- Knowledge and experience with Signal Processing and Artificial Intelligence.</p><p>- Proficiency in a programming language such as Python, Julia, C, C++, etc.</p><p>- Experience with a Machine Learning library such as TensorFlow, PyTorch, Keras etc.</p><p>- Good academic records in the relevant fields.</p><p>- High-level communication and writing skills.</p><p>- Proficiency in oral and written English.</p><p>- Good interpersonal skills and ability to work as part of an interdisciplinary team.</p><p>- Experience with synchrotron radiation facilities is an asset</p><p>- Compliance with the Marie Sklodowska-Curie mobility rule: candidates must not have resided or carried out their main activity (work, studies, etc.) in France for more than twelve months in the three years immediately before the date of recruitment</p><p>- Eligibility: Early-Stage Researchers (ESRs) shall, at the time of recruitment by the host organisation, be in the first four years (full-time equivalent research experience) of their research careers and have not been awarded a doctoral degree</p><p>The successful candidate will be enrolled at the Universit\u00c3\u00a9 Grenoble-Alpes. The candidate will be hired by the ESRF (Grenoble, France). The contract is of two years renewable (subject to satisfactory progress) for one year.</p><p>The ESRF is an equal opportunity employer and encourages diversity.</p><p>If you are interested in this position, please apply via the ENGAGE website (not on the ESRF website) by 15 March 2022</p><p>Link: <a href=\"https://engage.cyi.ac.cy/?page_id=36\" target=\"_blank\">https://engage.cyi.ac.cy/?page_id=36</a></p><p>This PhD is co-funded by the Marie Sk\u00c5\u0082odowska-Curie COFUND project ENGAGE (grant agreement101034267), and applicants must follow the associated rules notably regarding mobility (see <a href=\"http://ec.europa.eu/research/participants/portal/doc/call/h2020/h2020-msca-itn-2015/1622613-itn_2015_-_guide_for_applicants_v1_en.pdf\" target=\"_blank\">http://ec.europa.eu/research/participants/portal/doc/call/h2020/h2020-msca-itn-2015/1622613-itn_2015_-_guide_for_applicants_v1_en.pdf</a>). In particular, applicants must not have resided or carried out their main activity (work, studies, etc.) in France for more than 12 months in the last 3 years.</p>\n</div>", "requirements_description": "N/A", "conditions_description": "N/A", "employer_description": "N/A", "department_description": "N/A", "additional_information": "N/A", "apply_link": "N/A", "employer_link": "N/A", "job_type": "N/A", "logo": "https://content.academicpositions.com/eyJidWNrZXQiOiJhcC1wcm9kdWN0aW9uLW1lZGlhLWFyY2hpdmUiLCJrZXkiOiIyMDE0XC8wMVwvZXNyZi1sb2dvLnBuZyIsImVkaXRzIjpbXX0="}