{"url": "https://academicpositions.com/ad/nin-netherlands-institute-for-neuroscience/2022/post-doctoral-researcher/175248", "title": "Post-doctoral researcher", "publish_date": "2022-02-15", "deadline": "2022-04-16", "location": "Meibergdreef 47 Amsterdam, Netherlands", "city": "Meibergdreef 47 Amsterdam", "country": "Netherlands", "position": "Postdoc", "field": "Biomedicine, Clinical Sciences, Neuropsychology, Neuroscience, Physiology,", "salary": "N/A", "max_working_hours": "N/A", "employer": "NIN Netherlands Institute for Neuroscience", "job_description": "<div class=\"editor ck-content mt-6 mb-6 mb-md-8 mt-md-8\" id=\"editor\">\n<p><i>Amsterdam Zuid-Oost, 38 hours per week</i></p><p><strong>Job description</strong>\u00a0\u00a0\u00a0<br/>A postdoc position is available in the Vision &amp; Cognition group at the Netherlands Institute for Neuroscience in Amsterdam. The aim is to understand visual perception and plasticity elicited by electrical stimulation of the visual cortex in mice, with the ultimate aim to create a visual cortical prosthesis to restore a rudimentary form of vision for the blind.</p><p><strong>Project description and methods</strong>\u00a0\u00a0\u00a0<br/>Electrical stimulation of the visual cortex elicits a \u00e2\u0080\u009cphosphene\u00e2\u0080\u009d, an artificial percept of light. By stimulating multiple electrodes at the same time, it is possible to evoke pattern vision. The aims of this project are to (1) develop new methods for electrical stimulation; (2) to study the patterns of activated neurons using two-photon imaging and (3) to test visual perception of electrical percepts and its plasticity in mice.</p><p><strong>Requirements</strong>\u00a0\u00a0\u00a0<br/>We will consider highly motivated, self-driven candidates with a degree in neuroscience, (neuro)psychology, biomedical sciences, natural sciences, material science, mathematics, physics, etc. A high level of written and spoken English and good programming skills are required. The ideal candidate will have experience with neurophysiological techniques (electrophysiology and/or two-photon imaging), the analysis of neuronal activity in alert animals, and a background in neuroscience. Interest in the translation of fundamental research into clinical applications and collaboration with high-tech companies is a plus. The candidate should not keep rodents or rabbits at home.</p><p><strong>You should expect from us:</strong></p><ul><li>Mentoring, supervision and training.</li><li>Access to state-of-the art infrastructure.</li><li>A stimulating international research environment.</li></ul><p><strong>Environment</strong>\u00a0\u00a0\u00a0<br/>The Netherlands Institute for Neuroscience (<a href=\"https://www.nin.nl\" target=\"_blank\"><span style=\"color:blue;\"><strong>www.nin.nl</strong></span></a>) is the country\u00e2\u0080\u0099s leading fundamental neuroscience research institute, in the international and progressive city of Amsterdam. It provides a critical mass of scientists (spanning more than 27 nationalities) and neuroscience facilities, in a highly interactive, dynamic, multi-cultural environment, with English as the working language.</p><p><strong>Conditions of employment</strong>\u00a0\u00a0\u00a0<br/>The position is for a period of three years. Initially, the appointment is for one year with the option for an extension for the remaining period pending on an evaluation. Pending on evaluation this may be extended.</p><p><strong>Salary</strong>\u00a0\u00a0\u00a0<br/>Depending on education and relevant work experience, the gross monthly salary based on fulltime employment (1 fte, 38 hours a week) varies between \u00e2\u0082\u00ac 2.846, - and \u00e2\u0082\u00ac 4.490,- gross per month (salary scale 10), in accordance with the Collective Labour Agreement for Dutch Universities (CAO NU/KNAW), excluding 8% holiday allowance and 8.3% end-of-year bonus. There are excellent fringe benefits.</p><p><strong>Starting date</strong>\u00a0\u00a0\u00a0<br/>Mid-April 2022.</p><p><strong>Employer - Netherlands Institute for Neuroscience</strong>\u00a0\u00a0\u00a0<br/>The\u00a0<a href=\"https://nin.nl/\" target=\"_blank\"><span style=\"color:blue;\"><strong>Netherlands Institute for Neuroscience</strong></span></a> is an Academy research institute. It conducts basic and strategic research in the neurosciences. It examines how the human brain makes awareness, perception, movement, learning, social interaction and other cognitive functions possible. It also studies how brain disorders can disrupt these functions.</p><p><strong>Additional information</strong>\u00a0\u00a0\u00a0<br/>You can apply via\u00a0<a href=\"https://ltpx.nl/Ik05Uyc\" target=\"_blank\"><span style=\"color:blue;\"><strong>the application form</strong></span></a>.</p><p><strong>Diversity &amp; Inclusion</strong>\u00a0\u00a0\u00a0<br/>The KNAW considers a working environment in which everyone feels welcome and appreciated of great importance. A working environment in which attention is paid to individual quality and where development opportunities are paramount. Together we strive for an inclusive culture in which we embrace differences. We would therefore like to invite candidates who want to contribute to this through their background and experience. In the event of equal suitability, preference will be given to the candidate who thus enhances diversity within the Academy.\u00a0\u00a0\u00a0<br/><i>We will not respond to any supplier enquiries based on this job advertisement.</i><img src=\"https://ap-production-media-archive.s3.eu-north-1.amazonaws.com/uploads/pRuyb5FupROiqgX5LXtkr51UxHE2VyrVB9QB0p2k.png\"/></p><p><img src=\"https://api.brockmeyer.nl/track.php?id=3187354\"/></p>\n</div>", "requirements_description": "N/A", "conditions_description": "N/A", "employer_description": "N/A", "department_description": "N/A", "additional_information": "N/A", "apply_link": "N/A", "employer_link": "N/A", "job_type": "N/A", "logo": "https://content.academicpositions.com/eyJidWNrZXQiOiJhcC1wcm9kdWN0aW9uLW1lZGlhLWFyY2hpdmUiLCJrZXkiOiI5NzNcLzY3YVwvOTczNjdhNDE2MGZmNjZkZDljMTRiNTcyYTNhYzZjNDYucG5nIiwiZWRpdHMiOltdfQ=="}