{"url": "https://academicpositions.com/ad/nioz-royal-netherlands-institute-for-sea-research/2022/phd-position-selective-breeding-of-sterile-sporophytes-of-the-brown-seaweed-saccharina-latissima/175043", "title": "PhD position: \u00e2\u0080\u0098Selective breeding of sterile sporophytes of the brown seaweed Saccharina latissima\u00e2\u0080\u009d", "publish_date": "2022-02-08", "deadline": "2022-02-25", "location": "Landsdiep 4 Den Helder, Netherlands", "city": "Landsdiep 4 Den Helder", "country": "Netherlands", "position": "PhD", "field": "Botany and plant science, Marine Biology, Physiology,", "salary": "N/A", "max_working_hours": "N/A", "employer": "NIOZ Royal Netherlands Institute for Sea Research", "job_description": "N/A", "requirements_description": "N/A", "conditions_description": "N/A", "employer_description": "N/A", "department_description": "N/A", "additional_information": "N/A", "apply_link": "N/A", "employer_link": "N/A", "job_type": "N/A", "logo": "https://content.academicpositions.com/eyJidWNrZXQiOiJhcC1wcm9kdWN0aW9uLW1lZGlhLWFyY2hpdmUiLCJrZXkiOiIyMDEyXC8wOFwvTklPWkxvZ28ucG5nIiwiZWRpdHMiOltdfQ=="}