{"url": "https://academicpositions.com/ad/singapore-institute-of-technology-sit/2021/faculty-positions-in-chemical-engineering-and-food-technology/160579", "title": "Faculty Positions in Chemical Engineering and Food Technology", "publish_date": "2021-12-01", "deadline": "N/A", "location": "10 Dover Drive , Singapore", "city": "10 Dover Drive ", "country": "Singapore", "position": "Engineer/Technician", "field": "Biochemistry, Biosystems Engineering, Biotechnology, Chemical Engineering, Computing in Mathematics, Natural Science, Engineering and Medicine, and 9 moreControl Systems Engineering,Data Mining,Environmental Chemistry,Environmental Engineering,Food Science,Higher Education,Industrial Engineering,Machine Learning,Physical Chemistry", "salary": "N/A", "max_working_hours": "N/A", "employer": "Singapore Institute of Technology (SIT)", "job_description": "N/A", "requirements_description": "N/A", "conditions_description": "N/A", "employer_description": "N/A", "department_description": "N/A", "additional_information": "N/A", "apply_link": "N/A", "employer_link": "N/A", "job_type": "N/A", "logo": "https://content.academicpositions.com/eyJidWNrZXQiOiJhcC1wcm9kdWN0aW9uLW1lZGlhLWFyY2hpdmUiLCJrZXkiOiI5MDJcLzE2NFwvOTAyMTY0OTc3MDhiYjNiMDUyZTQ1MWE0ODkwMWI1ZTMucG5nIiwiZWRpdHMiOltdfQ=="}