{"url": "https://academicpositions.com/ad/ghent-university/2022/professor-in-multiphase-fluid-flow-in-porous-geomaterials-22404-faculty-of-sciences/175330", "title": "Professor in Multiphase Fluid Flow in Porous Geomaterials (22404) - Faculty of Sciences", "publish_date": "2022-02-16", "deadline": "2022-03-15", "location": "Sint-Pietersnieuwstraat 33 Ghent, Belgium", "city": "Sint-Pietersnieuwstraat 33 Ghent", "country": "Belgium", "position": "Assistant Professor", "field": "Fluid Dynamics, Fluid Mechanics, Geoinformatics (GIS), Geology, Geotechnical Engineering, and 1 moreMaterials Engineering", "salary": "N/A", "max_working_hours": "N/A", "employer": "Ghent University", "job_description": "N/A", "requirements_description": "N/A", "conditions_description": "N/A", "employer_description": "N/A", "department_description": "N/A", "additional_information": "N/A", "apply_link": "N/A", "employer_link": "N/A", "job_type": "N/A", "logo": "https://content.academicpositions.com/eyJidWNrZXQiOiJhcC1wcm9kdWN0aW9uLW1lZGlhLWFyY2hpdmUiLCJrZXkiOiIyMDE2XC8xMVwvZ2hlbnQtbG9nby1lbmcuanBnIiwiZWRpdHMiOltdfQ=="}