{"url": "https://academicpositions.com/ad/max-planck-institute-for-medical-research/2022/postdoctoral-position-f-m-div-in-biophysical-chemistry/174257", "title": "Postdoctoral Position (f/m/div) in Biophysical Chemistry", "publish_date": "2022-01-20", "deadline": "2022-03-31", "location": "Jahnstra\u00c3\u009fe 29 Heidelberg, Germany", "city": "Jahnstra\u00c3\u009fe 29 Heidelberg", "country": "Germany", "position": "Postdoc", "field": "Biophysics, Chemical Biology, Molecular Biology, Molecular Chemistry, Photochemistry, and 1 morePhysical Chemistry", "salary": "N/A", "max_working_hours": "N/A", "employer": "Max Planck Institute for Medical Research", "job_description": "<div class=\"editor ck-content mt-6 mb-6 mb-md-8 mt-md-8\" id=\"editor\">\n<p>At the Max Planck Institute for Medical Research, one of the 86 institutes of the Max Planck Society for the Advancement of Science, physicists, chemists, and biologists create knowledge of long-term relevance to life and basic medical sciences. In addition, the institute is part of the Heidelberg Mannheim Health &amp; Life Science Alliance\u00a0\u00e2\u0080\u0093 an association of the leading life science research institutions in the region.</p><p>The Department of Optical Nanoscopy (Prof. Dr. Stefan W. Hell) at the Max Planck Institute for Medical Research, Heidelberg, invites applications for a postdoctoral position dedicated to the design and realization of experimental strategies for the direct observation of the structure and dynamics of macromolecular motors or other dynamic assemblies with the highest spatial and temporal resolution in live cells.</p><h4><strong>Postdoctoral Position (f/m/div) in Biophysical Chemistry</strong><br/><strong>(Code number 01/2022)</strong></h4><p>The recently introduced MINFLUX (Balzarotti et al., Science 2017) and MINSTED (Weber et al., Nature Photonics 2021) concepts have unlocked the door to minimally invasive, low-light-level analysis of the structure and the dynamics of biomolecular complexes (e.g. Gwosch et al., Nature Methods 2020) in living cells in 4D at the nanoscale. The unprecedented capabilities available in the department include experiments at 1 nm resolution.</p><p>The ambitious project aims at unraveling structure-function relationships and molecular mechanisms of macromolecular assemblies and motors. The work also entails the development of sample preparation methodologies and imaging strategies using the latest nanoscopy approaches such as MINFLUX. The sample design will be performed in close collaboration with the organic chemists and physicists from the Department of Optical Nanoscopy at the MPI for Medical Research.</p><p>Candidates should have an excellent track record, high motivation, and broad scientific interests. They should hold a doctoral degree with focus in biophysical chemistry, chemical biology, or biophysics and enjoy working in the lab. Relevant postdoctoral experiences are an advantage. Practical experience with fluorescence nanoscopy, and a strong background in photophysics, photochemistry, and/or molecular biology are desirable. Successful candidates will join a multidisciplinary and international team. The working language of the project will be English.</p><p>Candidates should have an excellent track record, high motivation, and broad scientific interests. They should hold a doctoral degree with focus in biophysical chemistry, chemical biology, or biophysics and enjoy working in the lab. Relevant postdoctoral experiences are an advantage. Practical experience with fluorescence nanoscopy, and a strong background in photophysics, photochemistry, and/or molecular biology are desirable. Successful candidates will join a multidisciplinary and international team. The working language of the project will be English.</p><p>We offer excellent laboratory facilities tailored to the needs of the project. Payment is based on the TV\u00c3\u00b6D guidelines. The position is limited to two years with a possibility of extension.</p><p>The Max Planck Society is committed to increasing the number of individuals with disabilities in its workforce and therefore encourages applications from such qualified individuals. The Max Planck Society strives for gender and diversity equality. We welcome applications from all backgrounds. Furthermore, the Max Planck Society seeks to increase the number of women in those areas where they are underrepresented and therefore explicitly encourages women to apply. A daycare center for children is located near the institute.</p><h3><strong>Your application:</strong></h3><p>For <strong>further information</strong>, please contact Prof. Dr. Stefan W. Hell (<a href=\"mailto:hellassistant@mpibpc.mpg.de\"><u>hellassistant@mpibpc.mpg.de</u></a>). For <strong>general questions</strong>, please contact Mrs. H\u00c3\u00b6fer-Elfner (<a href=\"mailto:fabienne.hoefer-elfner@mr.mpg.de\"><u>fabienne.hoefer-elfner@mr.mpg.de</u></a>) or Ms. Sabrina Giacalone (<a href=\"mailto:sabrina.giacalone@mr.mpg.de\"><u>sabrina.giacalone@mr.mpg.de</u></a>) from human resources.</p><p>Please submit your application, including a cover letter (explaining background and motivation), your CV, and complete transcripts via e-mail as a single PDF file with the <strong>code number 01/2022 </strong>preferably <strong>until March 31st, 2022 </strong>to <a href=\"mailto:jobs@vw.mpimf-heidelberg.mpg.de\"><strong>jobs@vw.mpimf-heidelberg.mpg.de </strong></a>(excellent applications will be considered earlier and/or year-round).</p><p>Max Planck Institute for Medical Research<br/>c/o Human Resources<br/>POB 10 38 20<br/>69028 Heidelberg, Germany<br/>Website: <a href=\"https://anzeigenvorschau.net/bestmedia/img/486961/997344/cl/77a4e179d2c77b92533c5487e96e72eb517a7489/L1518438/JeyJvbGRsaW5rIjoiaHR0cHM6Ly93d3cubXIubXBnLmRlL2VuIiwiemwiOiJkdXouZGUifQ==\" target=\"_blank\">www.mr.mpg.de/en</a><br/>E-Mail: <a href=\"mailto:jobs@vw.mpimf-heidelberg.mpg.de\"><strong>jobs@vw.mpimf-heidelberg.mpg.de</strong></a></p>\n</div>", "requirements_description": "N/A", "conditions_description": "N/A", "employer_description": "N/A", "department_description": "N/A", "additional_information": "N/A", "apply_link": "N/A", "employer_link": "N/A", "job_type": "N/A", "logo": "https://content.academicpositions.com/eyJidWNrZXQiOiJhcC1wcm9kdWN0aW9uLW1lZGlhLWFyY2hpdmUiLCJrZXkiOiIyMDE2XC8wOVwvTWF4LVBsYW5jay1HZXNlbGxzY2hhZnQuc3ZnLnBuZyIsImVkaXRzIjpbXX0="}