{"url": "https://academicpositions.com/ad/paul-ehrlich-institut/2022/bioinformatics-engineer-m-f-d/174692", "title": "Bioinformatics Engineer (m/f/d)", "publish_date": "2022-02-01", "deadline": "2022-02-20", "location": "Paul-Ehrlich-Stra\u00c3\u009fe 51-59 Langen, Germany", "city": "Paul-Ehrlich-Stra\u00c3\u009fe 51-59 Langen", "country": "Germany", "position": "Engineer/Technician", "field": "Big Data, Bioinformatics, Biostatistics, Biotechnology, Computational Biology, and 3 moreDatabases,Machine Learning,Virology", "salary": "N/A", "max_working_hours": "N/A", "employer": "Paul-Ehrlich-Institut", "job_description": "<div class=\"editor ck-content mt-6 mb-6 mb-md-8 mt-md-8\" id=\"editor\">\n<p>A job opening is available in the data science platform of the Research Group \"Host Pathogen Interactions\" at the next possible starting date</p><h2>Bioinformatics Engineer (m/f/d)</h2><h4>About the Paul-Ehrlich-Institut</h4><p>We are a senior federal authority responsible for vaccines and biomedicines that performs scientific research in the field of life sciences. Our institute networks with national and international players, which makes it a competent partner for the general public, science, medicine, politics and economics.</p><h4>About the group</h4><p>The group focuses on the understanding of virus-host interactions on a systems-level and on developing novel methodologies for analysis of large datasets (doi: 10.1038/nature08699; doi: 10.1038/s41467-018-04671-1; doi: 10.1016/j.chom.2015.11.002; doi: 10.1007/s00109-021-02131-w). The group incorporates a data science subgroup that focuses on next-generation sequencing analysis and machine learning approaches. The opening is part of a third-party funded project.</p><h4>Your Job Duties and Responsibilities</h4><ul><li>Establish and maintain data processing pipelines for the analysis of bulk and single-cell DNA-seq and RNA-seq data</li><li>Participation in research topics, particularly the impact of transposable elements during virus infections and interferonopathies</li><li>Develop, deploy and maintain web interfaces for internal access to pipeline data</li><li>Development and improvement of methods for the processing and analysis of biological data</li><li>Exploratory data analysis and visualisation of complex data sets</li><li>Integration of data from external databases</li><li>Interaction and collaboration with researchers</li><li>Participation in the teaching of bioinformatics related subjects</li></ul><h4>Your Education and Experience</h4><ul><li>A university degree (master) or Ph.D. in biology, bioinformatics, biostatistics, biotechnology, or computer science (or equivalent)</li><li>Excellent knowledge of R and/or Python or show demonstrable skill in some other programming language</li><li>A good knowledge of Linux and high-performance computing (HPC)</li><li>A good knowledge of statistical methods</li><li>Familiarity with statistical evaluation methods for biological data sets</li><li>Clear and effective verbal and written communication skills (English / German)</li><li>The ability to work independently as well as tenacity and curiosity in approaching challenges</li><li>Good communication and writing skills</li><li>Demonstrated ability to work on multi-disciplinary teams with diverse backgrounds</li></ul><h4>Our Working Conditions</h4><p>A multifaceted and challenging position centrally located in the Rhine-Main area (Frankfurt) with good public transport connections. Being an employer in the German public service, we offer the usual social benefits</p><p>The successful candidate (m/f/d) will be employed on a fixed-term contract until December 31, 2024. Part-time working is possible in principle. The payband is E 14 TV\u00c3\u00b6D Bund (Collective Bargaining Agreement for the Public Service). The assignment to a payband is made based on the consideration of your individual professional experience. Disabled candidates (m/f/d) will be given preference if their skills and qualifications are equivalent to those of non-disabled candidates. The Paul-Ehrlich-Institute encourages gender equality and life-work balance, especially in respect to the family. For this purpose, we have various employment models to offer including flexible working hours (part-time work, flexible working from home, teleworking, no core time), child care facilities and various opportunities for further professional training.</p><p>We look forward to receiving your online application (motivation letter, CV, reference letters, sample programming code from a previous project) via our application management portal by <strong>February 20, 2022</strong> indicating <strong>JobID 812</strong>.</p><p><a href=\"https://www.pei.de/DE/service/karriere/stellenangebote/stellenangebote-node.html?yid=812&amp;af=1&amp;agid=pei_intranet\" target=\"_blank\">Apply now!</a></p><p>If you do not have sample code, you are invited to complete the coding challenge at <a href=\"https://github.com/paul-ehrlich-institute/binf-unit-coding-challenge\" target=\"_blank\">https://github.com/paul-ehrlich-institute/binf-unit-coding-challenge</a> and submit the solution.</p><p>For questions related to the job application, please contact Julia Hofmann (E\u00e2\u0080\u0091Mail: <a href=\"mailto:karriere@pei.de\">karriere@pei.de</a>, phone: <a href=\"tel:+496103771119\">+49 6103 77-1119</a>).</p><p>Please note that the German Federal Ministry of Health will in some cases (if required) be authorised to inspect your application documents under Section 6 (1), No. C, General Data Protection Regulation (GDPR) in connection with Section 2 (1) Gemeinsame Gesch\u00c3\u00a4ftsordnung der Bundesministerien (joint rules of procedure of the federal ministries), and Article 65 of the German Constitution (Grundgesetz, Fundmental Law) to ensure a staff selection which fulfils its purpose and is in the interest of all parties involved. Your data will be erased immediately after the application procedure has been completed.</p>\n</div>", "requirements_description": "N/A", "conditions_description": "N/A", "employer_description": "N/A", "department_description": "N/A", "additional_information": "N/A", "apply_link": "N/A", "employer_link": "N/A", "job_type": "N/A", "logo": "https://content.academicpositions.com/eyJidWNrZXQiOiJhcC1wcm9kdWN0aW9uLW1lZGlhLWFyY2hpdmUiLCJrZXkiOiIyMDEyXC8wN1wvUEVJTG9nby5wbmciLCJlZGl0cyI6W119"}