{"url": "https://academicpositions.com/ad/european-synchrotron-radiation-facility-esrf/2022/phd-student-engage-01/174879", "title": "PhD student ENGAGE 01", "publish_date": "2022-02-04", "deadline": "2022-03-15", "location": "71 avenue des Martyrs Grenoble, France", "city": "71 avenue des Martyrs Grenoble", "country": "France", "position": "PhD", "field": "Algorithms, Artificial Intelligence, Biochemistry, Computational Chemistry, Machine Learning, and 4 moreMaterials Physics,Solid-state Chemistry,Solid-state Physics,Structural Biology", "salary": "N/A", "max_working_hours": "N/A", "employer": "European Synchrotron Radiation Facility (ESRF)", "job_description": "<div class=\"editor ck-content mt-6 mb-6 mb-md-8 mt-md-8\" id=\"editor\">\n<p>The European Synchrotron, the ESRF, is an international research centre based in Grenoble, France.</p><p>Through its innovative engineering, pioneering scientific vision and a strong commitment from its 700 staff members, the ESRF is recognised as one of the top research facilities worldwide. Its particle accelerator produces intense X-ray beams that are used by thousands of scientists each year for experiments in diverse fields such as biology, medicine, environmental sciences, cultural heritage, materials science, and physics.</p><p>Supported by 22 countries, the ESRF is an equal opportunity employer and encourages diversity.</p><p>Thesis Subject: AI strategies for protein crystallography</p><p>Structural biology has been in the spotlight during the ongoing pandemic for its capability to provide atomic level understanding of public health and societal problems. Data collected at the synchrotron are interpreted by building a macromolecular model, which is then deposited in the protein data bank (PDB). For each structure deposited, tens if not hundreds of datasets are collected every day at synchrotron beamlines. This screening operation is an intrinsic part of macromolecular crystallography, as the quality of each single crystal is extremely variable and unpredictable.</p><p>In the last year artificial intelligence techniques such as alphaFold or RosettaFold have allowed a leap forward in the building of the macromolecule model. The application of machine learning methods to the experimental analysis is still limited and surely not a routine.</p><p>The goal of the project will be to use supervised learning for the detection of defects at the earliest stage of the data collection process, to target more specifically the most promising crystals.</p><p>The student will develop the analysis code, produce a curated library of training datasets and perform experiments to validate the method. Those tools will then be deployed through automation at synchrotron beamlines and extended to the calculation of more adapted data collection plans for each specific sample.</p><p>The successful candidate will join the newly formed Algorithms for Data Analysis team, whose mission is to provide cutting edge methods for the analysis of experimental data at the ESRF.</p><p>The work will be carried in strong collaboration with the structural biology group and its 7 beamlines.</p><p>Further information may be obtained from Gianluca Santoni (tel.: +33 (0)4 76 88 22 33, email:</p><p><a href=\"mailto:Gianluca.santoni@esrf.fr\">Gianluca.santoni@esrf.fr</a>).</p><p>- Degree allowing enrolment for a PhD (such as MSc, Master 2 de Recherche, Laurea or equivalent) in physics, biochemistry, computer science or closely related field</p><p>- Proven computational and numerical skills; knowledge of a modern programming language; experience in high-performance computing is desirable.</p><p>- Knowledge of biochemistry and/or crystallography will be considered as a plus</p><p>- Proficiency in English (working language at the ESRF)</p><p>- Compliance with the Marie Sklodowska-Curie mobility rule: candidates must not have resided or carried out their main activity (work, studies, etc.) in France for more than twelve months in the three years immediately before the date of recruitment</p><p>- Eligibility: Early-Stage Researchers (ESRs) shall, at the time of recruitment by the host organisation, be in the first four years (full-time equivalent research experience) of their research careers and have not been awarded a doctoral degree</p><p>The successful candidate will be enrolled at the Universit\u00c3\u00a9 Grenoble-Alpes. The candidate will be hired by the ESRF (Grenoble, France). The contract is of two years renewable (subject to satisfactory progress) for one year.</p><p>The ESRF is an equal opportunity employer and encourages diversity.</p><p>If you are interested in this position, please apply via the ENGAGE website (not on the ESRF website) by 15 March 2022</p><p>Link: <a href=\"https://engage.cyi.ac.cy/?page_id=36\" target=\"_blank\">https://engage.cyi.ac.cy/?page_id=36</a></p><p>This PhD is co-funded by the Marie Sk\u00c5\u0082odowska-Curie COFUND project ENGAGE (grant agreement101034267), and applicants must follow the associated rules notably regarding mobility (see <a href=\"http://ec.europa.eu/research/participants/portal/doc/call/h2020/h2020-msca-itn-2015/1622613-itn_2015_-_guide_for_applicants_v1_en.pdf\" target=\"_blank\">http://ec.europa.eu/research/participants/portal/doc/call/h2020/h2020-msca-itn-2015/1622613-itn_2015_-_guide_for_applicants_v1_en.pdf</a>). In particular, applicants must not have resided or carried out their main activity (work, studies, etc.) in France for more than 12 months in the last 3 years.</p>\n</div>", "requirements_description": "N/A", "conditions_description": "N/A", "employer_description": "N/A", "department_description": "N/A", "additional_information": "N/A", "apply_link": "N/A", "employer_link": "N/A", "job_type": "N/A", "logo": "https://content.academicpositions.com/eyJidWNrZXQiOiJhcC1wcm9kdWN0aW9uLW1lZGlhLWFyY2hpdmUiLCJrZXkiOiIyMDE0XC8wMVwvZXNyZi1sb2dvLnBuZyIsImVkaXRzIjpbXX0="}