{"url": "https://academicpositions.com/ad/ifremer-french-research-institute-for-exploitation-of-the-sea/2021/call-for-applications-ifremer-kick-starts-its-second-research-blue-chair-sea-land-continuum-in-mayotte/171508", "title": "Call for applications: Ifremer kick-starts its second Research Blue Chair \u00c2\u00ab Sea-land continuum in Mayotte \u00c2\u00bb", "publish_date": "2021-12-07", "deadline": "2022-03-31", "location": "155 Rue Jean Jacques Rousseau Boulogne-Billancourt, France", "city": "155 Rue Jean Jacques Rousseau Boulogne-Billancourt", "country": "France", "position": "Researcher", "field": "Geochemistry, Hydrology, Marine Geoscience, Oceanography, Seismology, and 1 moreVolcanology", "salary": "N/A", "max_working_hours": "N/A", "employer": "Ifremer - French Research Institute for Exploitation of the Sea", "job_description": "<div class=\"editor ck-content mt-6 mb-6 mb-md-8 mt-md-8\" id=\"editor\">\n<p><strong>2nde Blue Chair : Sea-land continuum in Mayotte</strong></p><p><strong>Location:</strong> Mayotte or La R\u00c3\u00a9union, Indian Ocean</p><p><strong>Applications</strong> must be submitted before 31 march 2022</p><h4>Preparing for and adapting to changes in the ocean by 2100</h4><p>Ifremer is launching ambitious \u00e2\u0080\u009cBlue Chair\u00e2\u0080\u009d projects for research, building knowledge, and developing solutions within new fields of research. This innovative strategy is part of the Institute\u00e2\u0080\u0099s first-class scientific investment plan, which aims to accelerate and boost the implementation of its strategic plan for 2030 and contribute to the objectives of the United Nations Decade of Ocean Science for Sustainable Development (2021-2030).</p><h4>A Blue Chair project for the Idian Ocean in 2022</h4><p>The seismic-volcanic crisis affecting the department of Mayotte for the last three years is a remarkable terrain for studying the sea-land continuum and assessing the impacts of the ocean on coastal socio-ecological systems.</p><p>Ifremer is already present in the Indian Ocean and has been involved in work to observe and understand the current seismic-volcanic phenomenon, including the effects of these natural disturbances on the different sectors of the socio-ecological system. The ScInObs and MARMOR projects provide an unprecedented opportunity to deploy a specific programme on this issue in Mayotte.</p><ul><li>The MARMOR project is closely linked to the actions carried out in response to the seismo-volcanic crisis in Mayotte, which are structured at the national level with REVOSIMA (REseau de surveillance VOlcanologique et SIismologique de Mayotte) to monitor volcanic and seismic activity in the region.</li><li>The Mayotte underwater observatory system to be developed over the coming years within the scope of ScinObs</li><li>alongside MARMOR is designed to serve as a multidisciplinary platform for advanced research and long-term monitoring. It will address active volcanic and tectonic processes and their consequences on the biogeochemical composition of seawater, the emergence of life on a new volcano, and the evolution of marine ecosystems in response to large-scale deep eruptions and associated gas emissions. The deployment of this system will be associated with oceanographic exploration campaigns in the area and processing of the data acquired in the framework of REVOSIMA to produce precise mapping of the sector, including associated active processes and marine habitats.</li></ul><h4>Sea-land continuum in Mayotte</h4><p>In view of the scientific and societal issues associated with the seismic-volcanic crisis in Mayotte and the observation resources in place, Ifremer is looking to open a research chair devoted to the sea-land continuum in the Indian Ocean. This chair will be supported by human resources (thesis students, post-doctoral students, and civic service volunteers) and an operating budget. It will also benefit from facilitated access to the sea through exploration projects currently in preparation. This call for applications seeks to convene research axes combining two complementary approaches:</p><ul><li>A volcano-perspective research axis, aiming to provide answers to the problems related to the seismo-volcanic crisis. Topics could include: the functioning of the dynamics of this event in terms of seismicity and fluid circulation, changes in the biogeochemical cycles of the water column and spatial and temporal dynamics, impacts of fluid emissions on benthic and pelagic communities, a study of the drivers of the emergence and development of life on the newly formed volcanic substrates, impacts on fisheries and marine fauna</li><li>A Mayotte-perspective research axis, which will address the consequences of the seismic-volcanic crisis on the protection of populations, the preservation of resources, and the raising of awareness among populations. This component will integrate the human and social sciences within the framework of a multi-disciplinary approach.</li></ul><p>The work and results of these axes will take part in the definition and implementation of scientific mediation measures in the framework of this Chair.</p><p>The expected candidate will have nationally and internationally recognised skills in his/her field. He/she will demonstrate his/her capacity through his/her career to lead an ambitious project in coordination with other projects and with the ability to manage the project whilst occasionally being absent from the development site.</p><p>His/her previous work will express a form of acculturation to interdisciplinarity and interest in observation and monitoring issues. The candidate will also have the capacity and desire to articulate two worlds: that of natural science with that of human and social sciences, around the impacts of an extreme natural phenomenon on an island and its population. He/she will additionally interact with the territorial authorities and the State departments in Mayotte.</p><h4>Terms of the Call for applications</h4><p>Candidates will have a minimum of 4 years of post-doctoral experience. The laureate of the Chair will be awarded funding for a maximum of 5 years, which will cover the salaries of the laureate, at least one doctoral candidate and one post-doctoral candidate, operating costs, and possible investment costs.</p><h4>Constitution of the application</h4><p><strong>Applications in English must include the following completed documents:</strong></p><ul><li>Application proposal 6 pages maximum (without annexes)</li><li>Curriculum vitae of the candidate, stating his/her professional and administrative situation at the time of submission of the project,</li><li>List of publications and significant works from the last 5 years,</li><li>At least two letters of recommendation.</li></ul><p><strong>The application should include:</strong></p><ul><li>The scientific objectives and challenges set by the \u00c2\u00abvolcano perspective\u00c2\u00bb and \u00c2\u00abMayotte perspective\u00c2\u00bb research axes</li><li>Areas of innovation and those related to societal expectations</li><li>Project methodology including a proposal for scientific mediation</li><li>Description and use of necessary resources and means</li><li>Local, national, and international collaboration</li></ul><p>For Ifremer to anticipate the administrative arrangements for the implementation of the Chair, by adapting them to the situation of the successful candidate, candidates will provide their administrative situation and the conditions and constraints that may accompany their application.</p><h4>Selection of candidates</h4><p>The selection of candidates will be based on an application to be submitted to Ifremer\u00e2\u0080\u0099s Scientific Directorate before 31 March 2022 - <a href=\"https://wwz.ifremer.fr/en/Latest-news/Call-for-applications-Ifremer-kick-starts-its-second-Research-Blue-Chair\" target=\"_blank\">marie.casse@ifremer.fr</a></p><p>The project must be submitted on time, in the requested format, and complete with all constitutive documents. A board of internal and external experts will carry out the selection process. Final adjudication will take place on 01 July 2022. The project will start at the latest on 01 January 2023.</p><h4>Evaluation criteria</h4><p>The selection will focus on the profile of the applicants and their proposed project.</p><p><strong>Profile of applicants</strong></p><ul><li>Scientific excellence of the applicant</li><li>Acculturation of the candidate to interdisciplinarity</li><li>Interest in observation and monitoring issues.</li><li>Capacity to interconnect human and social sciences</li></ul><p><strong>Proposed project</strong></p><ul><li>Scientific excellence of the research project</li><li>Links and complementarity between the proposed \u00c2\u00abvolcano-perspective\u00c2\u00bb and \u00c2\u00abMayotte-perspective\u00c2\u00bb research-action projects</li><li>Impacts on site policy</li><li>Initiative on scientific mediation</li></ul><h4>Further information</h4><p>Ifremer Scientific Director: <a href=\"https://wwz.ifremer.fr/en/Latest-news/Call-for-applications-Ifremer-kick-starts-its-second-Research-Blue-Chair\" target=\"_blank\">anne.renault@ifremer.fr</a></p><p>Department of Physical Resources and Deep-sea Ecosystems, <a href=\"https://wwz.ifremer.fr/en/Latest-news/Call-for-applications-Ifremer-kick-starts-its-second-Research-Blue-Chair\" target=\"_blank\">jean.marc.daniel@ifremer.fr</a></p><h4>About IFREMER</h4><p>A pioneer in ocean science, IFREMER\u00e2\u0080\u0099s cuttingedge research is grounded in sustainable development and open science. Our vision is to advance science, expertise and innovation to:</p><ul><li>Protect and restore the ocean</li><li>Sustainably use marine resources to benefit society</li><li>Create and share ocean data, information &amp; knowledge.</li></ul><p>With more than 1,500 personnel spread along the French coastline in more than 20 sites, the Institute explores the 3 great oceans: the Indian, Atlantic and Pacific oceans. A leader in ocean science, IFREMER is managing the French Oceanographic Fleet and its dedicated scientists create ground-breaking technology to push the boundaries of ocean exploration and knowledge, from the abyss to the atmosphere-ocean interface.</p><p>Well-established in the international scientific community, our scientists, engineers and technicians are committed to advance knowledge about our planet\u00e2\u0080\u0099s last unexplored frontiers. They provide the science we need for informed decision-making and public policy and they transfer this knowledge and technology to businesses to fulfill public and private needs. Core to our mission is also to strengthen public awareness about the importance of understanding the ocean and its resources, and empowering future generations of leaders through education and outreach national campaigns.</p><p>Founded in 1984, IFREMER is a French public organization and its budget approximates 240 million euros. It is operating under the joint authority of the French Ministry for Higher Education, Research and Innovation, the French Ministry for the Ecological and Solidary Transition, and the French Ministry of Agriculture and Food.</p>\n</div>", "requirements_description": "N/A", "conditions_description": "N/A", "employer_description": "N/A", "department_description": "N/A", "additional_information": "N/A", "apply_link": "N/A", "employer_link": "N/A", "job_type": "N/A", "logo": "https://content.academicpositions.com/eyJidWNrZXQiOiJhcC1wcm9kdWN0aW9uLW1lZGlhLWFyY2hpdmUiLCJrZXkiOiI3YWRcLzVkY1wvN2FkNWRjMTUyNjExZjVhNmM2NDU4NTJjZTcyNmUxYmQuanBlZyIsImVkaXRzIjpbXX0="}