{"url": "https://academicpositions.com/ad/leibniz-institute-natural-product-research-infection-biology-hans-knoll-institute-hki/2022/bioinformatician-computational-biologist-systems-immunologist-f-div-m/175054", "title": "Bioinformatician / Computational Biologist / Systems Immunologist (f/div/m)", "publish_date": "2022-02-09", "deadline": "2022-03-18", "location": "Beutenbergstrasse 11a Jena, Germany", "city": "Beutenbergstrasse 11a Jena", "country": "Germany", "position": "Other Category", "field": "Bioinformatics, Cancer Research, Cell Biology, Computational Biology, Immunology, and 2 moreInfectious Diseases,Systems Biology", "salary": "N/A", "max_working_hours": "N/A", "employer": "Leibniz Institute for Natural Product Research and Infection Biology \u00e2\u0080\u0093 Hans Kn\u00c3\u00b6ll Institute (HKI)", "job_description": "<div class=\"editor ck-content mt-6 mb-6 mb-md-8 mt-md-8\" id=\"editor\">\n<p>The <strong>Leibniz Institute for Natural Product Research and Infection Biology \u00e2\u0080\u0093 Hans Kn\u00c3\u00b6ll Institute \u00e2\u0080\u0093</strong> (Leibniz-HKI, <a href=\"https://www.leibniz-hki.de/en/home.html\" target=\"_blank\"><strong>www.leibniz-hki.de</strong></a>) investigates the pathobiology of human-pathogenic fungi and identifies targets for the development of novel natural product-based antibiotics.</p><p>The department of <a href=\"https://www.leibniz-hki.de/en/infection-immunology.html\" target=\"_blank\"><strong>Infection Immunology</strong></a> invites talented and highly gifted candidates to apply as</p><h2><strong>Bioinformatician / Computational Biologist / Systems Immunologist (f/div/m)</strong></h2><p>for 2 years initially with a possibility of extension to 5 years.</p><h4><strong>Requirements:</strong></h4><ul><li>Doctoral degree (or postgraduate degree MSc) in a computational discipline, preferably with significant experience in Bioinformatics or Computational Biology (R/Bioconductor and Python)</li><li>Experience with the analysis of mRNA transcriptomic data sets, preferably also with single-cell RNAseq data analysis pipelines</li><li>Experience in immunology is a plus</li><li>Ability to perform team-oriented as well as independent work</li><li>Good communication and writing skills in English are a must</li></ul><h4><strong>We offer:</strong></h4><ul><li>A modern workplace in a brand-new building, with top equipment</li><li>Working on research projects that aim to unravel the regulation of the human immune system in response to infections, cancer and autoimmunity with single-cell RNAseq analysis (<i>Almeida et al., Science Immunol 2022</i>)</li><li>Long-term perspectives for an independent position</li><li>Direct involvement in the design of experiments yielding high-dimensional data for further bioinformatic analysis</li><li>Participation in research projects in immunology, development of robust data analysis strategies within current and emerging software packages and tools</li></ul><p>The successful candidate will be hosted in the department of <a href=\"https://www.leibniz-hki.de/en/infection-immunology.html\" target=\"_blank\"><strong>Infection Immunology</strong></a> of <a href=\"https://www.leibniz-hki.de/en/ini-staff-details.html?member=1412\" target=\"_blank\"><strong>Prof. Dr. med. Christina Zielinski</strong></a>. The Leibniz-HKI is embedded in the outstanding scientific environment of the Beutenberg Campus providing state-of-the-art research facilities and a highly integrative network of life science groups. We offer a multifaceted scientific project with excellent technical facilities, a place in a dynamic, committed team, as well as strong scientific collaborations.</p><p>Salary is paid according to German TV-L (salary agreement for public service employees). As an equal opportunity employer, the Leibniz-HKI is committed to increasing the percentage of female scientists and therefore especially encourages them to apply.</p><h4><strong>Further information:</strong></h4><p><a href=\"https://www.leibniz-hki.de/en/ini-staff-details.html?member=1412\" target=\"_blank\">Prof. Dr. med. Christina Zielinski</a> | <a href=\"tel:+4936415321251\">+49 3641 532 1251</a> | <a href=\"mailto:career@leibniz-hki.de?subject=Bioinformatician/Computational%20Biologist/Systems%20Immunologist%20(f/div/m)%20-%20Leibniz-HKI-02/2022\">career@leibniz-hki.de</a></p><h4><strong>Applications:</strong></h4><p>Complete applications in English should include a cover letter, a CV containing a complete list of publications, a brief statement of research experiences, the addresses of two possible referees, and should be submitted via the Leibniz-HKI <a href=\"https://jobs.hki-jena.de/jobs/Bioinformatician-Computational-Biologist-Systems-Immunolog-eng-f353.html\" target=\"_blank\"><strong>online application system</strong></a>. The deadline for the advertisement is <strong>March 18, 2022,</strong> but applications will be reviewed on a rolling basis.</p>\n</div>", "requirements_description": "N/A", "conditions_description": "N/A", "employer_description": "N/A", "department_description": "N/A", "additional_information": "N/A", "apply_link": "N/A", "employer_link": "N/A", "job_type": "N/A", "logo": "https://content.academicpositions.com/eyJidWNrZXQiOiJhcC1wcm9kdWN0aW9uLW1lZGlhLWFyY2hpdmUiLCJrZXkiOiJiN2NcLzA4ZlwvYjdjMDhmYmY5OTM1N2Y4ZDgxNmY1ZDJlMWExMzNiMTYucG5nIiwiZWRpdHMiOltdfQ=="}