{"url": "https://academicpositions.com/ad/ku-leuven/2022/phd-on-particle-stabilized-pickering-emulsions-in-droplet-based-microfluidic-environments-to-mimic-biomimetic-erythrocyte-red-blood-cell-membranes/175064", "title": "PhD on Particle-stabilized Pickering Emulsions in Droplet-based Microfluidic Environments to Mimic Biomimetic Erythrocyte (Red Blood Cell) Membranes", "publish_date": "2022-02-09", "deadline": "2022-03-15", "location": "Oude Markt 13 Leuven, Belgium", "city": "Oude Markt 13 Leuven", "country": "Belgium", "position": "PhD", "field": "Analytical Chemistry, Bioengineering, Chemical Engineering, Inorganic Chemistry, Materials Chemistry, and 4 moreMaterials Engineering,Nanochemistry,Nanotechnology,Particle Physics", "salary": "N/A", "max_working_hours": "N/A", "employer": "KU Leuven", "job_description": "N/A", "requirements_description": "N/A", "conditions_description": "N/A", "employer_description": "N/A", "department_description": "N/A", "additional_information": "N/A", "apply_link": "N/A", "employer_link": "N/A", "job_type": "N/A", "logo": "https://content.academicpositions.com/eyJidWNrZXQiOiJhcC1wcm9kdWN0aW9uLW1lZGlhLWFyY2hpdmUiLCJrZXkiOiIyZmFcL2RjN1wvMmZhZGM3NWRkOTM1YjM5NGYyNmUzODc3MzUwZWNiYTMucG5nIiwiZWRpdHMiOltdfQ=="}