{"url": "https://academicpositions.com/ad/leiden-university/2021/postdoctoral-researcher-global-questions-local-sources-connecting-global-history-perspectives/173368", "title": "Postdoctoral researcher: \u00e2\u0080\u0098Global Questions, Local Sources: Connecting Global History Perspectives\u00e2\u0080\u0099", "publish_date": "2021-12-22", "deadline": "2022-02-28", "location": "Rapenburg 70 Leiden, Netherlands", "city": "Rapenburg 70 Leiden", "country": "Netherlands", "position": "Postdoc", "field": "History of Art, Modern History,", "salary": "N/A", "max_working_hours": "N/A", "employer": "Leiden University", "job_description": "N/A", "requirements_description": "N/A", "conditions_description": "N/A", "employer_description": "N/A", "department_description": "N/A", "additional_information": "N/A", "apply_link": "N/A", "employer_link": "N/A", "job_type": "N/A", "logo": "https://content.academicpositions.com/eyJidWNrZXQiOiJhcC1wcm9kdWN0aW9uLW1lZGlhLWFyY2hpdmUiLCJrZXkiOiI5NWZcLzc3Y1wvOTVmNzdjYjE3YjNmODExNDlkZmNlYmIyYWRmYzc1MWQucG5nIiwiZWRpdHMiOltdfQ=="}