{"url": "https://academicpositions.com/ad/university-of-oulu/2022/two-doctoral-student-positions-for-archiving-the-planet-material-infrastructures-and-ecologies-of-storage-in-the-high-north/174655", "title": "Two Doctoral Student positions for Archiving the Planet: Material Infrastructures and Ecologies of Storage in the High North", "publish_date": "2022-01-31", "deadline": "2022-03-13", "location": "Pentti Kaiteran katu 1 Oulu, Finland", "city": "Pentti Kaiteran katu 1 Oulu", "country": "Finland", "position": "PhD", "field": "Archaeology, Environmental Science, Social Research,", "salary": "N/A", "max_working_hours": "N/A", "employer": "University of Oulu", "job_description": "N/A", "requirements_description": "N/A", "conditions_description": "N/A", "employer_description": "N/A", "department_description": "N/A", "additional_information": "N/A", "apply_link": "N/A", "employer_link": "N/A", "job_type": "N/A", "logo": "https://content.academicpositions.com/eyJidWNrZXQiOiJhcC1wcm9kdWN0aW9uLW1lZGlhLWFyY2hpdmUiLCJrZXkiOiJmNjJcLzg4Y1wvZjYyODhjMGNjZDI0NzAzMTNlNDRhOWQzNjM2M2IzZGMucG5nIiwiZWRpdHMiOltdfQ=="}