{"url": "https://academicpositions.com/ad/university-of-liege/2022/open-scientific-academic-position-conceiving-hardware-to-investigate-the-physics-of-the-sun/174369", "title": "Open scientific/academic position: Conceiving hardware to investigate the physics of the Sun", "publish_date": "2022-01-21", "deadline": "2022-03-01", "location": "Place du Vingt Aout 7 Li\u00c3\u00a8ge, Belgium", "city": "Place du Vingt Aout 7 Li\u00c3\u00a8ge", "country": "Belgium", "position": "Researcher", "field": "Aerospace Engineering, Astrophysics, Engineering Physics, Instrumentation Engineering, Mechanical Engineering, and 2 moreObservational Astronomy,Optics", "salary": "N/A", "max_working_hours": "N/A", "employer": "University of Li\u00c3\u00a8ge (ULi\u00c3\u00a8ge)", "job_description": "<div class=\"editor ck-content mt-6 mb-6 mb-md-8 mt-md-8\" id=\"editor\">\n<figure class=\"image\"><img src=\"https://ap-production-media-archive.s3.eu-north-1.amazonaws.com/uploads/IbnIP33n9chEkrML45BZTVXbQVFUrDFshXCNCWtO.png\"/></figure><p><i><strong>Reference</strong></i><strong>:</strong> <i>Prf-2020-041_CHIPS#2</i></p><p><i><strong>Start date</strong></i><strong>:</strong> September 1, 2022.</p><p><u>Description of the position</u></p><p>The School of Engineering of the University of Liege and the Royal Observatory of Belgium invite applications for a <strong>full-time position</strong> to fill their profile CHIPS \u00e2\u0080\u0093 Conceiving Hardware to Investigate the Physics of the Sun, open in the framework of the Belgian federal FED-tWIN programme (Programme of sustainable research cooperation between the federal scientific institutes (FSI) and the universities).</p><p>This position involves a part time (50 %) scientific position at the Royal Observatory of Belgium, and a complementary part time (50 %) academic position at the School of Engineering of the University of Li\u00c3\u00a8ge in the field of \u00e2\u0080\u009cOpto-thermo mechanical design of space experiments\u00e2\u0080\u009d.</p><p><u>Work environment</u></p><p>The position offered is in an ideal research environment to develop projects with international space agencies and with both academic and industrial partners.</p><p>The Solar Influences Data analysis Centre of the Royal Observatory of Belgium (ROB) has its research focus on the analysis of solar imagery from space and from the ground, with goal to monitor solar activity and to perform fundamental solar physics research. The SIDC is the PI institute for instruments onboard the PROBA2, PROBA-3 and Solar Orbiter space missions. It also harbours the World Data Centre for the Sunspot Index and a Space Weather forecast centre. The group consists of 4 permanent staff researchers, 31 contractual researchers, 7 PhD students and 6 support staff.</p><p>At the University of Li\u00c3\u00a8ge, the successful candidate will be affiliated with the Department of Aerospace and Mechanical Engineering (A&amp;M) of the School of Engineering and, therefore, will be in direct connection with the Centre Spatial de Li\u00c3\u00a8ge.</p><p>A&amp;M is both a teaching department and a research unit. Building on the heritage of the former LTAS (Laboratoire de Techniques A\u00c3\u00a9roSpatiales), it has achieved international recognition for the development of advanced numerical methods and tools and their applications in aerospace engineering. Numerical modeling forms the backbone of A&amp;M research and is effectively complemented by a long expertise in experimental measurements that can leverage state-of-the-art infrastructure and equipment. A&amp;M is particularly active in the fields of aerospace engineering, materials and processes, energy conversion, mechanical systems, and biomechanics.</p><p>A&amp;M is committed to the development of multilateral and interdisciplinary scientific collaborations with other academic partners, research institutes and private companies/industries, at both the regional and international levels, to contribute to the advancement of knowledge and to support high level education/training programs.</p><p>The Centre Spatial de Li\u00c3\u00a8ge is an applied research centre of the University of Li\u00c3\u00a8ge focusing on the design of space observation instruments. In addition, the CSL has a state-of-the-art environmental test centre serving the European Space Agency (ESA), the space industry and regional companies. The CSL has been contributing to numerous missions to observe the cosmos, the earth and its atmosphere, meteorology, developed largely by ESA and to a lesser extent by NASA. In particular, it has a long-standing expertise in leading the development of space solar instruments, <i>e.g.</i> onboard the SOHO, PROBA2, PROBA-3, and Solar Orbiter missions. The CSL has developed software for satellites equipped with radar, built part of an instrument or been the prime contractor in the construction of an instrument and, in many cases, carried out the very delicate and sometimes very long tests, under space conditions, of many instruments and even entire satellites. Along these missions, the about 100 engineers, physicists and technicians of the Centre Spatial de Li\u00c3\u00a8ge have developed a strong expertise in extremely varied fields such as optics, electronics, lasers and non-destructive testing of various materials, thermics, surface analysis and structure, \u00e2\u0080\u00a6</p><p>A detailed description of the A&amp;M department, the Centre Spatial de Li\u00c3\u00a8ge, the Royal Observatory of Belgium and their activities can be found on their websites <u>http://www.am.uliege.be</u>, <u>http://www.csl.uliege.be</u>, <u>https://www.astro.oma.be/en/</u>, and <u>http://sidc.be/aboutSIDC</u>.</p><p><strong>Research activities</strong></p><p>The general objective of the FED-tWIN Profile is to conceive the next generation of solar space-borne instrumentation by pioneering new technologies and designs optimized for future solar physics. The ultimate goal of the FED-tWIN expert is to prepare the concept of new space-borne instruments to observe the Sun for the upcoming mission calls in the science programme of the European Space Agency (ESA).</p><p>A particular attention will be paid to the technological developments required to measure the magnetic field in the solar corona, to improve the solar coronagraphy, to provide extreme-violet (EUV) imaging of the solar corona at very high spatial resolution and to measure flare energy in a broad spectral range.</p><p>The successful candidate is expected to take a leading role internationally in the conception and development of space instruments for solar physics missions, to acquire competitive research funding, and to aim at excellence in research <i>i.e.</i> by publishing in outstanding journals and giving presentations at the main conferences in the field.</p><p><strong>Teaching activities</strong></p><p>The part-time academic position requires a contribution to the teaching activities organized by the A&amp;M department, including the development of specific courses in the field of opto-thermo-mechanical design of space experiments and hardware, in the framework of the master programmes in aerospace engineering and in engineering physics.</p><p>He/she will additionally take part in the supervision of internships, final year projects and PhD projects in his/her field of research.</p><p>The teaching load may not exceed 125 hours per year (including any practical work and seminars).\u00a0</p><p><strong>Service activities</strong></p><p>The selected candidate will participate in service activities to ensure the visibility and promotion of the activities developed at the Royal Observatory of Belgium and at the department of Aerospace &amp; Mechanical Engineering of the School of Engineering. He/she will be prepared to provide scientific and expert services and outreach in the two institutes, both towards society in general and to internal committees.</p><p>He/she will develop a solid and effective collaboration between the University of Li\u00c3\u00a8ge (A&amp;M Department and CSL) and the Royal Observatory of Belgium.</p><p><u>Required qualifications</u></p><p>The candidate will hold a PhD with thesis in physics/astrophysics or engineering/instrumental optics. He/she will have international experience and proven track record in research in observational solar physics or solar instrumentation, in particular in space-borne remote-sensing solar instrumentation.</p><p>A successful candidate will have strong scientific project management skills, organisational skills, a cooperative attitude, leadership capacities and be committed to intensive collaboration between the two institutes. He/she will also have developed the related technical skills, like programming (e.g. in Interactive Data Language, Python, Matlab), or optical calculations (e.g. sequential and non-sequential ray-tracing, Fourier optics).</p><p>Proficiency in written and spoken English is required; knowledge of French is an advantage.</p><p>The FED-tWIN project requires that applicants have obtained their PhD no more than 12 years before the job application submission date. This period is extended with 1 year for each long-term leave for a child or illness.</p><p><u>Selection procedure</u></p><p>A selection committee appointed by the School of Engineering and the Royal Observatory of Belgium with both internal staff members and external experts will assess the applications files.</p><p>In a second step, short-listed applicants will be invited for an interview during which they will present their research project, give a trial lecture, and discuss with the selection committee.</p><p>The University of Li\u00c3\u00a8ge and the Royal Observatory of Belgium are equal opportunity employers that strive to foster diversity. All qualified applications will receive consideration for employment without regard to gender, sexual orientation, origin, beliefs, disability, or nationality.</p><p><u>Application procedure</u></p><p>Candidates are requested to send their application electronically to <u>Postesacademiques@uliege.be</u> with a copy to <strong>Mrs. Aur\u00c3\u00a9lie Lecca</strong> (<u>Aurelie.Lecca@uliege.be</u>) and <strong>Dr. Andrei Zhukov</strong> (<u>Andrei.Zhukov@sidc.be</u>). The deadline for applications is on <strong>March 1, 2022.</strong></p><p>The following documents are required by the final date for applications:</p><ul><li>a motivation letter,</li><li>a Curriculum Vitae including a complete list of publications,</li><li>a list of 5 key publications and for each a short a description of their contribution to the state of the art,</li><li>a summary of past and ongoing research, as well as a statement on future research including the planned integration within the project,</li><li>a teaching statement including a report on previous teaching activities (if any) and a prospective pedagogical project,</li><li>a copy of five most representative publications,</li><li>full copies of certificates/diplomas.</li></ul><p>Documents may be delivered either in French or in English and must be provided in electronic form (PDF).</p><p><u>Terms and conditions of employment</u></p><p>The selected candidate will receive a part-time (50 %) position as SW2 scientific staff at ROB (contract of undetermined duration) and a part-time (50 %) academic position at the University of Li\u00c3\u00a8ge (ULi\u00c3\u00a8ge).</p><p>At ULi\u00c3\u00a8ge, he/she will be appointed for an initial fixed term of four years, which may then lead to a permanent appointment (tenure-track). The achievements of the new academic will be assessed at the end of the third year.</p><ul><li>If the evaluation is negative, the appointment will end after the four-year term.</li><li>If the evaluation is positive, he/she will receive tenure.</li></ul><p>In addition, a progress evaluation will be organized annually.</p><p><u>Information</u></p><p>Additional information about research and education opportunities at ULi\u00c3\u00a8ge can be obtained <strong>from Professor Olivier Br\u00c3\u00bcls</strong> \u00e2\u0080\u0093 tel.: +32 4 366 91 84 \u00e2\u0080\u0093 <u>o.bruls@uliege.be.</u> For specific questions about the<strong>\u00a0</strong>CHIPS scientific profile, please contact Prof. J\u00c3\u00a9r\u00c3\u00b4me Loicq, e-mail: <u>j.loicq@uliege.be</u>, or Dr. Andrei Zhukov, e-mail: <u>Andrei.Zhukov@sidc.be</u></p><p>For any additional administrative information, please contact <strong>Mrs. Aur\u00c3\u00a9lie Lecca</strong> \u00e2\u0080\u0093 tel.: +32 4 366 94 68 \u00e2\u0080\u0093 <u>Aurelie.Lecca@uliege.be</u>, or the <strong>HR service at ROB</strong> \u00e2\u0080\u0093 tel +32 2 790 39 94 \u00e2\u0080\u0093<u>hrrob@oma.be</u></p><p><u>Salary and benefits</u></p><p>The 50% appointment at the Royal Observatory of Belgium will be a contract of undetermined duration in the salary scale SW2 (Work Leader).</p><p>Remuneration scales at the University of Li\u00c3\u00a8ge and how they are applied are available from the University's Human Resources department: <strong>Mrs. Ludivine Depas</strong> \u00e2\u0080\u0093 tel.: +32 4 366 52 04 \u00e2\u0080\u0093 <u>Ludivine.Depas@uliege.be</u></p>\n</div>", "requirements_description": "N/A", "conditions_description": "N/A", "employer_description": "N/A", "department_description": "N/A", "additional_information": "N/A", "apply_link": "N/A", "employer_link": "N/A", "job_type": "N/A", "logo": "https://content.academicpositions.com/eyJidWNrZXQiOiJhcC1wcm9kdWN0aW9uLW1lZGlhLWFyY2hpdmUiLCJrZXkiOiJjZWJcLzZkMlwvY2ViNmQyM2IxMDg2NjAyMGExZWIwOGQyYjk0MmQ3YTkucG5nIiwiZWRpdHMiOltdfQ=="}