{"url": "https://academicpositions.com/ad/oslo-school-of-architecture-and-design-aho/2021/phd-position-the-material-lives-of-buildings/173469", "title": "PhD position: The material lives of buildings", "publish_date": "2021-12-23", "deadline": "2022-02-27", "location": "Maridalsveien 29 Oslo, Norway", "city": "Maridalsveien 29 Oslo", "country": "Norway", "position": "PhD", "field": "Architecture, Design History, History of Art,", "salary": "N/A", "max_working_hours": "N/A", "employer": "Oslo School of Architecture and Design (AHO)", "job_description": "<div class=\"editor ck-content mt-6 mb-6 mb-md-8 mt-md-8\" id=\"editor\">\n<h2>About the position</h2><p>The Institute of Architecture, AHO offers a PhD position on 20th\u00a0century building culture, encompassing preservation, technology and history. Existing buildings make up the core for an archival-based, in-depth study of the history embedded in materials and building components, viewed in light of their authorship and ownership, the materials\u00e2\u0080\u0099 source of extraction, their production facilities, international transportation networks, and the social environment they were conceived within. This approach aims at shedding new light on established methods for the writing of architectural history. The archival material may include sources such as bid documents, building applications, trade magazines, building catalogues, and advertisements. The application should tentatively propose three buildings to explore.\u00a0\u00a0\u00a0</p><p>We look for applicants with strong and original project ideas within humanities-based\u00a0architectural research that link to OCCAS\u00e2\u0080\u0099 archive-based work on preservation, interpretation, criticism, and mediation (the Oslo Centre for Critical Architectural Studies, <a href=\"http://occas.aho.no/\" target=\"_blank\"><u>http://occas.aho.no</u></a>.).\u00a0The successful candidate will be part of the research project,\u00a0<strong>Provenance Projected: Architecture Past and Future in the Era of Circularity.</strong></p><h2>About the candidate\u00a0</h2><p><strong>Formal requirements\u00a0</strong></p><ul><li>The candidate must have a master\u00e2\u0080\u0099s degree in architecture, architectural history, art history, preservation, or related field.</li><li>Experience in academic writing.</li><li>Experience in working with archives is an advantage.</li></ul><p><strong>Personal characteristics</strong></p><ul><li>Ambitious, curious and highly motivated.</li><li>The ability to work systematically and complete work tasks within given deadlines.</li><li>The ability to work independently as well as in teams.</li><li>A strong motivation to contribute to good a working and social environment.</li></ul><h2>The Application must include</h2><ul><li>An application letter describing the applicant\u00e2\u0080\u0099s qualifications and motivation for the position. (Two A4 pages maximum).</li><li>A tentative project outline of maximum 5 pages, formulating and discussing cases, types of problems and methodology.</li><li>CV</li><li>A list of publications\u00a0if available.</li><li>Examples of work written by the applicant\u00a0if available. (Three works maximum).</li><li>Certified copies of educational certificates, transcript of records, diplomas and letters of recommendation.</li><li>2 references (name, relation to candidate, e-mail address and telephone number).</li></ul><p>Please note that all documentation must be in English or a Scandinavian language. Applications that do not comply with the formal requirements will not be considered. Attachments beyond the required documents will not be taken into consideration.</p><p><strong>The material for the PhD application will be assessed according to the following criteria:\u00a0</strong></p><ul><li>The quality of the project description (outline)</li><li>The applicant's suitability for the research tasks</li><li>The academic competence of the applicant</li></ul><h2>We offer</h2><ul><li>The PhD scholarship is fully funded and there is no tuition fee.</li><li>The position (SKO1017) has a pay grade of 54 with salary NOK 491\u00a0200 per year for a full position; extensive relevant experience can give a higher start salary. From the salary, there will be a mandatory deduction of 2 % as a contribution to the State Pension fund (SPK). Standard employment conditions for state employees in Norway apply for the position.</li><li>The PhD is a full-time 3-year position, with the possibility for negotiating a 4-year position with 25% teaching.</li><li>An annual sum of 20 000 NOK for literature and other necessary academic activities.</li><li>Attractive welfare benefits and generous pension agreement, in addition to Oslo\u00e2\u0080\u0099s family-friendly environment with its rich opportunities for culture and outdoor activities.</li></ul><p><strong>Formal regulations\u00a0</strong></p><p>The educational component in the AHO PhD Programme is mandatory and requires fulltime attendance. Residency in Oslo for the employment period is mandatory. Research stay at a relevant international academic institution is encouraged. The PhD fellowship will start September 1st\u00a02022.</p><h2>Information meeting</h2><p>The PhD Programme at The Oslo School of Architecture and Design (AHO) will arrange an online information meeting about the AHO PhD Programme on Friday, February 4th\u00a02022 at 14:00 CET. See\u00a0<a href=\"http://www.ahophdlive.com/information-meeting-phd-positions-2022\" target=\"_blank\"><u>https://www.ahophdlive.com/</u></a>\u00a0for more information.</p><p><strong>Contact Information:\u00a0</strong></p><p>Questions about this PhD position can be directed to the main supervisor:</p><ul><li>Professor Mari Lending, email:\u00a0<a href=\"mailto:mari.lending@aho.no\"><u>mari.lending@aho.no</u></a></li></ul><p>For more information about the PhD Programme, please visit our\u00a0<a href=\"http://aho.no/en/content/phd-program\" target=\"_blank\"><u>website</u></a>.</p>\n</div>", "requirements_description": "N/A", "conditions_description": "N/A", "employer_description": "N/A", "department_description": "N/A", "additional_information": "N/A", "apply_link": "N/A", "employer_link": "N/A", "job_type": "N/A", "logo": "https://content.academicpositions.com/eyJidWNrZXQiOiJhcC1wcm9kdWN0aW9uLW1lZGlhLWFyY2hpdmUiLCJrZXkiOiIyMDE2XC8wNFwvQVJLSVRFS1RVUi0gT0cgREVTSUdOSFx1MDBkNkdTS09MQU4gSSBPU0xPLnBuZyIsImVkaXRzIjpbXX0="}