{"url": "https://academicpositions.com/ad/rmit-international-university-vietnam-rmit-vietnam/2022/lecturer-international-business-sgs-campus/174293", "title": "Lecturer, International Business (SGS campus)", "publish_date": "2022-01-20", "deadline": "2022-02-19", "location": "702 Nguyen Van Linh, District 7 Nh\u00c3\u00a0 B\u00c3\u00a8, Vietnam", "city": "702 Nguyen Van Linh", "country": "                                            702 Nguyen Van Linh, District 7 Nh\u00c3\u00a0 B\u00c3\u00a8, Vietnam\n                        \n                                    ", "position": "Lecturer", "field": "Business Administration, Business Economics, Entrepreneurship, International Economics, Management,", "salary": "N/A", "max_working_hours": "N/A", "employer": "RMIT International University Vietnam (RMIT Vietnam)", "job_description": "<div class=\"editor ck-content mt-6 mb-6 mb-md-8 mt-md-8\" id=\"editor\">\n<h2>Overview:</h2><p><strong>RMIT VIETNAM</strong></p><p><a href=\"https://www.rmit.edu.vn/\" target=\"_blank\">RMIT Vietnam</a>, an entity of RMIT University, has campuses in Ho Chi Minh City and Hanoi since 2001. We provide internationally recognised, high-quality, education and professional training for students, clients and the community, and assist in the development of human resources capability in Vietnam and the region by hosting students from Australia and many other countries.</p><p><strong>SCHOOL OF BUSINESS AND MANAGEMENT</strong></p><p>RMIT Vietnam\u00e2\u0080\u0099s School of Business and Management has established a reputation for excellence in business and management education, providing high quality, industry responsive programs relevant to the national and global marketplace. Department of Management includes disciplines: Management, Human Resources Management &amp; Entrepreneurship, International Business, Tourism &amp; Hospitality Management, Business Administration.</p><p>We deliver work ready graduates. In today\u00e2\u0080\u0099s competitive environment, professionals need the skills to adapt to an ever-changing business world. With RMIT Vietnam's close partnerships with industry, our students are engaged with some of industry\u00e2\u0080\u0099s top business people, receiving knowledge and skills aligned directly with their specific career paths. At RMIT Vietnam, we give our students the skills to address real-world business issues.</p><p><strong>INTERNATIONAL BUSINESS AT RMIT</strong></p><p>Teaching International Business will help students develop an understanding of the connections between various activities within and between organisations, countries and industry sectors.</p><p>The programs provide advanced study in contemporary international business theory and\u00a0practice to help students build their knowledge and skills necessary for critical, creative and sustainable approaches to business in a globalised world.</p><p><strong>YOUR ROLE</strong></p><p>When you join our team as a Lecturer in International Business Law, you will bring your expert knowledge, education and experience to add significant value and impact to the teaching, research and industry engagement related activities involved in this role. \u00a0\u00a0As an academic member of staff, you can expect to team across undergraduate and post graduate programs whilst developing your own scholarly, research and professional capabilities. \u00a0\u00a0You will actively promote the program through establishing and maintaining networks and partnerships with academic, industry and professional communities both locally and internationally.</p><p><strong>OUR REQUIREMENTS</strong></p><p>PhD in International Business or related Doctoral qualification.</p><p>Emerging track record and recognition for quality research outputs with the specialist fields of international business related areas, research initiatives and competitive research funding is desirable.</p><p>Previous teaching experience in the above areas.\u00a0</p><p>Industry experience.</p><p>Well established and consistent internationally ranked publication record for Lecturer appointment.</p><p>Highly rated performance relating to student outcomes, student experience and feedback</p><p>Excellent team player</p><p>Culturally adept and agile.</p><p>Please see full job description here\u00a0<strong> </strong><a href=\"https://secure.dc2.pageuppeople.com/apply/TransferRichTextFile.ashx?sData=UFUtVjMtjEMBJZyxR6nAFD2QRhtH2v2RVlLewdMKs70CjqNl71skU3ZBltwOXvVnnje-wYGLMj-Q9JTWENQ7ZSmWqtWcTO72SNfQYFy3ZXEFOV41j8hRLFT_K41-JQvoWWHvkf-VcKjX564-2bc2dDKnwJplqQ%7e%7e\" target=\"_blank\"><strong>MGMT_Lecturer, International Business_June 2019.pdf</strong></a></p><p><strong>BENEFITS</strong></p><p>Highly competitive VND salary (plus allowances) for <strong>local candidates</strong> or attractive USD salary package (plus benefits) for <strong>expatriate candidates\u00a0</strong>depending on proven track record in meeting all the key selection criteria.</p><p><strong>Expatriate candidates</strong>: Relocation allowance from US$6,000 to US$10,000 per staff; Educational support up to US$15,000 per child annually, up to 2 children per family; private insurance coverage for staff and family; annual health check up</p><p><strong>Local candidates</strong>: 13th month Tet bonus + private medical insurance (for you and your dependents) + annual health check.</p><p>20 days annual leave plus 5 days paid leave Xmas closure, plus public holidays and paid sick leave.</p><p>Support and guidance from experienced Mobility Advisor to assist in work permit and visa application together with relocation to and settling into living and working in Vietnam.</p><p><strong>FURTHER INFO</strong></p><p>As an expatriate candidate you will require a work permit to be employed in Vietnam.\u00a0 To qualify for a work permit you will need a PhD qualification and you will need to be able to demonstrate at least <strong>5 years</strong> of teaching across relevant subjects in a tertiary education environment.</p><p>English is the language of teaching and communication at RMIT Vietnam. For this role, the minimum requirement is IELTS Academic 7.0 and with no band less than 6.5 (or equivalent).\u00a0</p><p>\u00a0<a href=\"https://secure.dc2.pageuppeople.com/apply/TransferRichTextFile.ashx?sData=UFUtVjMt9oSXy-9oL_u7NS-L92HfMYsHuwqo8f1VLW7EdDWx4i0-HOviqZh0a29aL3kY9HJ8WyePbIXvT1BTAHNaFIl9qBFxsQO7SljfWIWWVrc0thfkmRuHjQnF64t701pOKCrsjtyTXdaInTJiiw73vbqTTA%7e%7e\" target=\"_blank\">Academic FAQ's RMIT Vietnam 2018.pdf</a></p><p>\u00a0<a href=\"https://secure.dc2.pageuppeople.com/apply/TransferRichTextFile.ashx?sData=UFUtVjMtS5aGvUYAmStRuPV9s68mSSQHNgyTCF4h2NzguP6y5Rvw5mmGWBCuBWPyin3IlgeQcef58un1nyPL23wsjCOPJ6wJkjXSAo1rEKKWmo1mD2SNK1PsoS3kdWVPeed5jXtOrmnBgYqgMb5oJewyE5-ATQ%7e%7e\" target=\"_blank\">NEW Information Pack - Foreign Candidates - Academic 2018.pdf</a></p><p><strong>How to apply</strong></p><p>Click on the \u00e2\u0080\u0098Apply\u00e2\u0080\u0099 link.</p><h2>Applications Close:</h2><p><span style=\"color:rgb(74,74,74);\">19 thg 2 2022 11.59 pm</span></p><p>RMIT University Vietnam (RMIT Vietnam) is a campus of RMIT University. RMIT Vietnam is creating an innovative research, teaching and learning culture. We are committed to providing internationally recognised high-quality education and professional training for our students, clients and members of the community.\u00a0 As an internationally recognised Australian university based in Asia, RMIT Vietnam is assisting in the development of human resources capability in Vietnam and the region.</p><p><a href=\"https://www.rmit.edu.vn/about-us\" target=\"_blank\">https://www.rmit.edu.vn/about-us</a></p>\n</div>", "requirements_description": "N/A", "conditions_description": "N/A", "employer_description": "N/A", "department_description": "N/A", "additional_information": "N/A", "apply_link": "N/A", "employer_link": "N/A", "job_type": "N/A", "logo": "https://content.academicpositions.com/eyJidWNrZXQiOiJhcC1wcm9kdWN0aW9uLW1lZGlhLWFyY2hpdmUiLCJrZXkiOiIyMDE2XC8wN1wvUk1JVExvZ28ucG5nIiwiZWRpdHMiOltdfQ=="}