{"url": "https://academicpositions.com/ad/amolf/2022/postdoc-measuring-predictive-information-in-living-cells/151217", "title": "Postdoc: Measuring predictive information in living cells.", "publish_date": "2022-02-10", "deadline": "N/A", "location": "Science Park 104 Amsterdam, Netherlands", "city": "Science Park 104 Amsterdam", "country": "Netherlands", "position": "Postdoc", "field": "Biology, Biophysics, Cell Biology, Experimental Physics, Physics,", "salary": "N/A", "max_working_hours": "N/A", "employer": "AMOLF", "job_description": "N/A", "requirements_description": "N/A", "conditions_description": "N/A", "employer_description": "N/A", "department_description": "N/A", "additional_information": "N/A", "apply_link": "N/A", "employer_link": "N/A", "job_type": "N/A", "logo": "https://content.academicpositions.com/eyJidWNrZXQiOiJhcC1wcm9kdWN0aW9uLW1lZGlhLWFyY2hpdmUiLCJrZXkiOiI0MzFcLzFiOFwvNDMxMWI4MWI2ZTM4MTA0YTBlYWMwZTI1M2E4MmRkZDYucG5nIiwiZWRpdHMiOltdfQ=="}