{"url": "https://academicpositions.com/ad/institute-of-organic-chemistry-and-biochemistry-as-cr-v-v-i/2022/director-of-iocb-prague/174118", "title": "Director of IOCB Prague", "publish_date": "2022-01-18", "deadline": "2022-02-28", "location": "Flemingovo n\u00c3\u00a1m\u00c4\u009bst\u00c3\u00ad 542/2 Prague, Czechia", "city": "Flemingovo n\u00c3\u00a1m\u00c4\u009bst\u00c3\u00ad 542/2 Prague", "country": "Czechia", "position": "Management", "field": "Addiction Medicine, Allergology, Anatomy, Andrology, Anesthesiology, and 100 moreAnimal Biology & Ethology,Audiology,Bacteriology,Bariatrics,Biochemistry,Bioinformatics,Biomedicine,Biostatistics,Biotechnology,Botany and plant science,Cancer Research,Cardiology,Cell Biology,Chemical Biology,Chronobiology,Clinical Sciences,Computational Biology,Computational Chemistry,Dentistry,Dermatology,Developmental Biology,Disaster Medicine,Ecology,Emergency Medicine,Endocrinology,Entomology,Epidemiology,Evolutionary Biology,Forensic Science,Gastroenterology,Genetics,Geriatrics,Gerontology,Health Science,Hematology,Hepatology,Histology,Human Biology,Immunology,Implantology,Infectious Diseases,Internal Medicine (General Medicine),International and Humanitarian Medicine,Limnology,Logopedics,Management,Marine Biology,Medical Imaging,Medical Management,Medical Technology,Medicinal Chemistry,Microbiology,Molecular Biology,Molecular Medicine,Mycology,Nanobiology,Nephrology,Neurology,Neuroscience,Nursing Science,Nutrition and Dietetics,Observation Medicine,Obstetrics & Gynecology,Occupational Therapy,Oncology,Ophthalmology,Optometry,Organic Chemistry,Orthopedics,Otolaryngology,Paleobiology,Parasitology,Pathology,Pediatrics,Pharmacy & Pharmacology,Physical Chemistry,Physiology,Physiotherapy,Psychiatry & Psychology,Public Health,Radiology,Regenerative Medicine,Rehabilitation Medicine,Respiratory Medicine,Rheumatology,Sports Medicine & Exercise Physiology,Strategic Management,Structural Biology,Surgery,Systematics (Taxonomy),Systems Biology,Toxicology,Transfusion Medicine,Transplantation,Traumatology,Urology,Vascular Medicine,Veterinary sciences,Virology,Zoology", "salary": "N/A", "max_working_hours": "N/A", "employer": "Institute of Organic Chemistry and Biochemistry of the Czech Academy of Sciences / IOCB Prague", "job_description": "<div class=\"editor ck-content mt-6 mb-6 mb-md-8 mt-md-8\" id=\"editor\">\n<p><strong>The Board of the Institute of Organic Chemistry and Biochemistry of the Czech Academy of Sciences is seeking applications for the position of Director of the Institute.</strong></p><p>The successful candidate will lead the institute and promote its further development according to the highest scientific standards.</p><p>The staff at\u00a0<a href=\"https://www.uochb.cz/en\" target=\"_blank\">IOCB Prague</a> comprises over 900 employees across 48 research groups and core facilities. IOCB Prague has an annual budget of approximately 65 million USD and is a state-of-the-art research institution located in a newly renovated campus.</p><p>The long-term goal of IOCB Prague is excellence and the highest scientific standards of basic research in chemical biology and biochemistry, medicinal chemistry, organic chemistry, and computational/physical chemistry with a strong connection to applications, primarily via its daughter company <a href=\"https://www.iocbtech.cz/\" target=\"_blank\">IOCB Tech</a>.</p><p>More information, including the current concept of scientific development at IOCB Prague in the period from 2021 to 2025, is available on the <a href=\"https://www.uochb.cz/en/goals-and-organization-2021-2025\" target=\"_blank\">IOCB Prague website</a>.</p><p><strong>Requirements\u00a0</strong></p><p>PhD or equivalent doctoral degree in the area of chemistry, biology, or medicine; senior level scientific experience; proven management skills\u00a0</p><p><strong>Dates</strong></p><ul><li>Deadline for applications: <strong>February 28, 2022</strong>, 3pm CET\u00a0</li><li>On-site interviews or videoconferences with preselected candidates: <strong>April 7, 2022\u00a0</strong>from 10am CET\u00a0</li><li>Expected start date: <strong>June 1, 2022\u00a0</strong>(for a term of five years with possible re-election for another five-year term)\u00a0</li></ul><p><strong>Full information</strong></p><p>For more details about the position, necessary qualifications and other requirements, application submission, and contacts, please visit\u00a0<a href=\"http://www.uochb.cz/en/director2022\" target=\"_blank\"><strong>www.uochb.cz/en/director2022</strong></a>.\u00a0</p><p><strong>Contact</strong>:</p><p>Pavel Jungwirth (Chairman of IOCB Board) \u00e2\u0080\u0093\u00a0<a href=\"mailto:pavel.jungwirth@uochb.cas.cz\">pavel.jungwirth@uochb.cas.cz</a>\u00a0</p>\n</div>", "requirements_description": "N/A", "conditions_description": "N/A", "employer_description": "N/A", "department_description": "N/A", "additional_information": "N/A", "apply_link": "N/A", "employer_link": "N/A", "job_type": "N/A", "logo": "https://content.academicpositions.com/eyJidWNrZXQiOiJhcC1wcm9kdWN0aW9uLW1lZGlhLWFyY2hpdmUiLCJrZXkiOiJ1cGxvYWRzXC9TSDZPd1BWRFRFcjBRbG9scDc5ckFGdzRyUGxMb1dXU0tlZU5pUFRFLnBuZyIsImVkaXRzIjpbXX0="}