{"url": "https://academicpositions.com/ad/university-of-antwerp/2022/research-professor-ttzapbof-the-political-economy-of-globalization-and-inclusive-development/174527", "title": "Research professor (TT)ZAPBOF, The political economy of globalization and inclusive development", "publish_date": "2022-01-27", "deadline": "2022-03-25", "location": "Prinsstraat 13 Antwerp, Belgium", "city": "Prinsstraat 13 Antwerp", "country": "Belgium", "position": "Assistant Professor", "field": "Business Economics, Financial Economics, Socioeconomics,", "salary": "N/A", "max_working_hours": "N/A", "employer": "University of Antwerp", "job_description": "N/A", "requirements_description": "N/A", "conditions_description": "N/A", "employer_description": "N/A", "department_description": "N/A", "additional_information": "N/A", "apply_link": "N/A", "employer_link": "N/A", "job_type": "N/A", "logo": "https://content.academicpositions.com/eyJidWNrZXQiOiJhcC1wcm9kdWN0aW9uLW1lZGlhLWFyY2hpdmUiLCJrZXkiOiJlY2FcLzc1NlwvZWNhNzU2NzRiYmMzZGVlNjNmNjk0MWRmZTdmYWRmYTAucG5nIiwiZWRpdHMiOltdfQ=="}