{"url": "https://academicpositions.com/ad/universite-catholique-de-louvain/2022/vacancies-5-phd-and-3-post-doc-positions-in-actuarial-sciences-and-statistics/175057", "title": "VACANCIES : 5 PhD and 3 Post-doc positions in actuarial sciences and statistics", "publish_date": "2022-02-09", "deadline": "2022-12-15", "location": "Place de l'Universit\u00c3\u00a9 1 Louvain-la-Neuve, Belgium", "city": "Place de l'Universit\u00c3\u00a9 1 Louvain-la-Neuve", "country": "Belgium", "position": "Postdoc", "field": "Applied Mathematics, Machine Learning, Risk Management, Statistics,", "salary": "N/A", "max_working_hours": "N/A", "employer": "Universit\u00c3\u00a9 catholique de Louvain", "job_description": "N/A", "requirements_description": "N/A", "conditions_description": "N/A", "employer_description": "N/A", "department_description": "N/A", "additional_information": "N/A", "apply_link": "N/A", "employer_link": "N/A", "job_type": "N/A", "logo": "https://content.academicpositions.com/eyJidWNrZXQiOiJhcC1wcm9kdWN0aW9uLW1lZGlhLWFyY2hpdmUiLCJrZXkiOiJjMzlcLzYyNVwvYzM5NjI1NmU5NTg5YjI4MzIzZjU2YzY4MjE3NTU1NWUucG5nIiwiZWRpdHMiOltdfQ=="}