{"url": "https://academicpositions.com/ad/ait-austrian-institute-of-technology/2021/scientist-m-f-d-bioinformatics-biomarkers-development/172543", "title": "Scientist (m/f/d) Bioinformatics /Biomarker Development", "publish_date": "2021-12-13", "deadline": "N/A", "location": "Giefinggasse 4 Vienna, Austria", "city": "Giefinggasse 4 Vienna", "country": "Austria", "position": "Researcher", "field": "Algorithms, Artificial Intelligence, Bioinformatics, Biostatistics, Computational Biology, and 1 moreMachine Learning", "salary": "N/A", "max_working_hours": "N/A", "employer": "AIT Austrian Institute of Technology", "job_description": "<div class=\"editor ck-content mt-6 mb-6 mb-md-8 mt-md-8\" id=\"editor\">\n<p>We are Austria\u00e2\u0080\u0099s largest research and technology organisation and an international player in applied research for innovative infrastructure solutions. This makes us a powerful development partner for industry and a top employer in the scientific community. Our <strong>Center for Health &amp; Bioresources</strong>, Competence Unit <strong>Molecular Diagnostics</strong>, is seeking to hire new Ingenious Partners for our location in Vienna.</p><h3>Scientist (m/f/d) Bioinformatics /Biomarkers Development</h3><h4>Imagine</h4><ul><li>The Competence Unit Molecular Diagnostics develops tailored biomarkers, biosensors, and rapid point of care test applications for chronic and life-threatening diseases.</li><li>As part of our <a href=\"https://www.ait.ac.at/en/research-topics/bioinformatics\" target=\"_blank\"><u>Bioinformatics</u></a> team, which focuses on the development and application of bioinformatic data processing and prediction algorithms, you will work with clinical and bench scientists to develop solutions for unresolved problems in biomedicine.</li><li>Furthermore, you will work in international research collaborations with experts in disease characterisation and biomarker development (clinics, laboratory, computational).</li></ul><h4>Engage</h4><ul><li>In this role, you will develop and implement complex algorithms for the analysis of OMICS data and prediction of medical outcomes.</li><li>You will be conducting scientific research that applies artificial intelligence / deep learning informed computational biology strategies to topics of biomarker development.</li><li>You will conceptualize, write grant proposals, and develop scientific methods and will lead competitive applied research projects in the field based on your own ideas.</li><li>While being responsible for the management of small to middle-sized projects, you will have the chance to interact with external collaborators and advise our national and international project partners.</li><li>You will mentor and supervise junior researchers and students.</li><li>You publish your research results in peer-reviewed journals and will present them at conferences.</li></ul><h4>Achieve</h4><ul><li>Your commitment and know-how allow you to develop solutions for complex applied research questions.</li><li>Your curiosity, creativity and dedication drive the improved understanding of human disease and the development of novel diagnostic tools.</li></ul><p>Your qualifications as an<strong> Ingenious Partner</strong>:</p><ul><li>Higher Degree (preferably PhD) in Biological Sciences, Computational Biology, Bioinformatics, or any other related field</li><li>3-5 years working experience in a similar environment</li><li>Considerable knowledge and technical skills associated with the development of complex pipelines for the analysis of omics data predominantly (epi)genomics, transcriptomics and immunomics</li><li>Publication track record with an emphasis on biomedical research topics</li><li>Strong background in statistics\u00a0 and artificial intelligence / deep learning, proficiency in R and Python, as well use of high-performance computing for scientific research</li><li>Profound analytical and problem-solving skills</li><li>Willingness to write grant proposals and publications</li><li>Ability to work independently and as part of a team</li><li>Excellent verbal and written communication skills</li></ul><p><strong>What to expect:</strong><br/>The minimum gross annual salary according to the collective agreement is EUR 53.382, --. The actual salary will be determined individually, based on your qualifications and experience. In addition, we offer company benefits, flexible working conditions, individual training and career opportunities.</p><p>At AIT, the promotion of women is important to us - that's why we are especially looking forward to hearing from female applicants!</p><p>Please submit your application documents including CV, motivational letter and certificates online.</p><p><strong>For further information please contact:</strong><br/>Klemens <strong>VIERLINGER</strong>, klemens.vierlinger(at)ait.ac.at</p><h4><strong>TOMORROW TODAY - WITH YOU?</strong></h4>\n</div>", "requirements_description": "N/A", "conditions_description": "N/A", "employer_description": "N/A", "department_description": "N/A", "additional_information": "N/A", "apply_link": "N/A", "employer_link": "N/A", "job_type": "N/A", "logo": "https://content.academicpositions.com/eyJidWNrZXQiOiJhcC1wcm9kdWN0aW9uLW1lZGlhLWFyY2hpdmUiLCJrZXkiOiIyMDE0XC8xMlwvQUlULnBuZyIsImVkaXRzIjpbXX0="}