{"url": "https://academicpositions.com/ad/funglass/2022/postdoctoral-research-associate-at-the-functional-materials-department-of-the-centre-for-functional-and-surface-functionalized-glasses/175385", "title": "Postdoctoral research associate at the Functional Materials department of the Centre for Functional and Surface Functionalized Glasses", "publish_date": "2022-02-17", "deadline": "2022-03-13", "location": "\u00c5\u00a0tudentsk\u00c3\u00a1 2911 50 Tren\u00c4\u008d\u00c3\u00adn, Slovakia Tren\u00c4\u008d\u00c3\u00adn, Slovakia", "city": "\u00c5\u00a0tudentsk\u00c3\u00a1 2911 50 Tren\u00c4\u008d\u00c3\u00adn", "country": "Slovakia", "position": "Postdoc", "field": "Catalysis, Inorganic Chemistry, Materials Chemistry, Materials Engineering, Photochemistry, and 2 morePhysical Chemistry,Surface Chemistry", "salary": "N/A", "max_working_hours": "N/A", "employer": "FunGlass", "job_description": "<div class=\"editor ck-content mt-6 mb-6 mb-md-8 mt-md-8\" id=\"editor\">\n<p><span style=\"color:black;\"><strong>The Director of the Centre for Functional and Surface Functionalized Glass of\u00a0Alexander Dub\u00c4\u008dek University of Tren\u00c4\u008d\u00c3\u00adn</strong></span></p><p>In accordance with the Law 131/2002 on Higher Education, the Law 552/2003 on the work in public interest and in accordance with the principles of selection process of university teachers, researchers and chief officers of TnUAD announces recruitment process for:</p><p><strong>Postdoctoral research associate at the Functional Materials department of the Centre for Functional and Surface Functionalized Glasses</strong></p><p>There is immediate opening for position of postdoctoral research associate in the Centre for functional and surface functionalized glasses at the Alexander Dub\u00c4\u008dek University of Tren\u00c4\u008d\u00c3\u00adn, Slovakia, funded from the H2020 framework program project. The appointment is for at least two years with possible extension of the contract dependent upon research progress and quality of the scientific outputs. Position is open immediately upon completion of recruitment process and later start is negotiable. Salary will be commensurate with experience, training, and qualifications, in line with the rules of the European Commission on personal costs in the frame of the H2020 projects.</p><p><strong>Qualifications and Experience:</strong></p><ul><li>Applicants should have a PhD (doctoral degree) in Chemistry, Material Science and Engineering; PhD title already awarded or expected before contract of employment.</li><li>Specialization: Chemistry, Material Science, Materials Engineering, Inorganic non-metallic materials.</li><li>Experience in glass science including synthesis, processing, development and characterization of inorganic (glass) materials.</li><li>Previous experience with melting-quenching, sol-gel and/or glass-processing technology is advantageous.</li><li>Hands-on experience on catalytic and photocatalytic processes of inorganic materials is also valuable.</li><li>Good command of English</li></ul><p><strong>The position involves:</strong></p><ul><li>Fundamental and applied research in the area of glass processing and characterization, in line with the areas of research defined in the project application,</li><li>Active searching for research funding for the research programs pursued in the Centre,</li><li>Research collaboration with industrial partners,</li><li>Demonstrated ability to work independently and in a team environment,</li><li>Publish research results and give presentations at scientific meetings,</li><li>Written and oral communication, preparation and management of research proposals, research papers and scientific reports, analysis and investigation of scientific problems.</li></ul><p><strong>Interested and qualified persons should submit (in English):</strong></p><ul><li>Professional CV,</li><li>A copy of PhD certificate, (or after completion of PhD thesis)</li><li>A list of publications and research projects,</li><li>A letter describing background and specific experience and capabilities pertaining to research activities,</li><li>Copies of three first author recent publications,</li><li>The name, address, and e-mail address of at least one reference.</li><li>The criminal record \u00e2\u0080\u0093 in case of successful completion of the tender.</li></ul><p>Application with required documents should be sent to the address: Alexander Dub\u00c4\u008dek University of Tren\u00c4\u008d\u00c3\u00adn, OPaM, \u00c5\u00a0tudentsk\u00c3\u00a1 2, 911 50 Tren\u00c4\u008d\u00c3\u00adn, Slovakia or by e-mail to:\u00a0<a href=\"mailto:marcela.brodova@tnuni.sk\">marcela.brodova@tnuni.sk</a>\u00a0until 13th March 2022. \u00a0Please, mark the envelope by \u00e2\u0080\u009cFunglass\u00e2\u0080\u009d.</p><p>Applications received after this deadline will not be accepted.</p><p>Tren\u00c4\u008d\u00c3\u00adn, 10th February 2022</p><p>Du\u00c5\u00a1an Galusek Prof., DSc,</p><p>Director of\u00a0 FunGlasse\u00a0 Centre</p>\n</div>", "requirements_description": "N/A", "conditions_description": "N/A", "employer_description": "N/A", "department_description": "N/A", "additional_information": "N/A", "apply_link": "N/A", "employer_link": "N/A", "job_type": "N/A", "logo": "https://content.academicpositions.com/eyJidWNrZXQiOiJhcC1wcm9kdWN0aW9uLW1lZGlhLWFyY2hpdmUiLCJrZXkiOiJjMDZcLzgyYlwvYzA2ODJiNDA5ZWNhNzdlNWE1NjllZTdiZGFkYWEwN2YucG5nIiwiZWRpdHMiOltdfQ=="}