{"url": "https://academicpositions.com/ad/rmit-international-university-vietnam-rmit-vietnam/2022/lecturer-digital-business/174288", "title": "Lecturer, Digital Business", "publish_date": "2022-01-20", "deadline": "2022-02-19", "location": "702 Nguyen Van Linh, District 7 Nh\u00c3\u00a0 B\u00c3\u00a8, Vietnam", "city": "702 Nguyen Van Linh", "country": "                                            702 Nguyen Van Linh, District 7 Nh\u00c3\u00a0 B\u00c3\u00a8, Vietnam\n                        \n                                    ", "position": "Lecturer", "field": "Business Administration, Business Economics, Information Systems, Management, Marketing,", "salary": "N/A", "max_working_hours": "N/A", "employer": "RMIT International University Vietnam (RMIT Vietnam)", "job_description": "<div class=\"editor ck-content mt-6 mb-6 mb-md-8 mt-md-8\" id=\"editor\">\n<p><strong>RMIT VIETNAM</strong></p><p><a href=\"https://www.rmit.edu.vn/\" target=\"_blank\">RMIT Vietnam</a>, an entity of RMIT University, has campuses in Ho Chi Minh City and Hanoi since 2001. We provide internationally recognised, high-quality, education and professional training for students, clients and the community, and assist in the development of human resources capability in Vietnam and the region by hosting students from Australia and many other countries.</p><p><strong>THE ROLE</strong></p><p>The Lecturer, Digital Business is expected to contribute to the teaching of the University, in Digital Business discipline related to their field of expertise at Saigon South campus including:</p><p>Make original contributions in teaching and/or scholarship which expand knowledge or practice within the Digital Business area looking at disciplines such as Digital Transformation, Digital Start-ups, Digital Marketing, and Digital Business Development, including: designing, conducting and moderating assessment; implementing improvements informed by course evaluation activities and student feedback.</p><p>Undertake independent professional activities, scholarship and/or conduct high quality research activities appropriate to the profession or discipline including: managing individual projects within timelines and budgets and ensuring compliance with quality and reporting requirements; publishing research results in high quality outlets as lead or co-author; preparing and submitting external research funding applications; and supervising higher degree by research candidates.</p><p>Undertake administration duties, which may include course coordination role, promoting the program, and/or management of a small award program,</p><p>Adhere to the requirements of the Academic Expectations and Development Framework of RMIT Vietnam.</p><p><strong>KEY SELECTION CRITERIA</strong></p><ul><li>PhD or equivalent relevant Doctoral qualification.</li><li>Broad and in-depth knowledge of the disciplines mentioned above, specifically in Digital Business or Information Systems discipline.</li><li>Demonstrated ability to prepare and teach programs at undergraduate and post-graduate levels and the ability to produce high quality curriculum or program materials.</li><li>Demonstrated experience or ability to undertake course coordination role.</li><li>Demonstrated capacity to work effectively with and to negotiate sensitively with students especially on issues related to effective learning.</li><li>Emerging track record and recognition for quality research outputs which will contribute to existing Discipline and School research areas evidenced by publications, development of new research initiatives, competitive research funding, and industry links.</li><li>Demonstrated ability to supervise higher degree by research candidates.</li><li>Excellent interpersonal and communications skills, together with a strong commitment to teamwork and multidisciplinary collaboration within and across campuses.</li><li>Ability to build or demonstrate ability to build, successful networks with colleagues and generate alternative funding projects through effective liaison with industry and government.</li><li>Demonstrated ability to meet deadlines and effectively manage varying workloads and respond to changing priorities as required.</li><li>Recent and sustained performance regarding student outcomes, student experience and feedback; combined with experience and skill in a range of teaching settings.</li><li>Ability to display appropriate behaviours in line with the position as per the RMIT Values (Inclusion, Imagination, Agility, Courage, Passion and Impact).</li></ul><p><strong>FURTHER INFORMATION</strong></p><ul><li>As an expatriate candidate you will require a work permit to be employed in Vietnam.\u00a0 To qualify for a work permit you will need a PhD qualification and you will need to be able to demonstrate at least <strong>5 years</strong> of teaching across relevant subjects in a tertiary education environment.</li><li>English is the language of teaching and communication at RMIT Vietnam. For this role, the minimum requirement is IELTS Academic 7.0 and with no band less than 6.5 (or equivalent).\u00a0</li></ul><p>More information can be found at the Academic FAQ and information package documents below.</p><p><a href=\"https://secure.dc2.pageuppeople.com/apply/TransferRichTextFile.ashx?sData=UFUtVjMtSWmhY6KwBET-x0C8UoT0wwYkLJr2to-PIULSy4B8hL9okIPd0XgGBMOXCt7uTvRy1pNMk429ubcvI7y0yJobdW86K_lM94wqve8-kfiEWf4Rq9vQ42z6TMcHD_CqXBWhlhhtk8qHpK3JYo_Li-g2QQ%7e%7e\" target=\"_blank\">Academic FAQ's RMIT Vietnam.pdf</a></p><p><a href=\"https://secure.dc2.pageuppeople.com/apply/TransferRichTextFile.ashx?sData=UFUtVjMtDa056VYVOUB7dn86eDhEXSsMPanwzm7wwyH8MDAm8G2BfQyMRNIj7ruLXQSaL3RqpznK16AW9Xt2QScaLKz5OW9h6WATK-48NJsYo_uGXkol-x778nwkEkPFW6eIud03TfeLfB18aZzEe3J8ObLdgw%7e%7e\" target=\"_blank\">NEW Information Pack - Foreign Candidates - Academic.pdf</a></p><p><strong>BENEFITS</strong></p><ul><li>Highly competitive VND salary (plus allowances) or USD salary package (plus benefits) for expatriate candidates,\u00a0depending on proven track record to meet all the key selection criteria.</li><li><strong>Expatriate candidates:</strong> Relocation allowance from US$6,000 per staff; Educational support up to US$15,000 per child annually, up to 2 children per family; private insurance coverage for staff and family; annual health check up; Work permit for staff, visa and temporary residence cards for family</li><li><strong>Local candidates</strong>: 13th month Tet bonus + private medical insurance (for you and your dependents) + annual health check.</li><li>20 days annual leave plus 5 days paid leave Christmas closure, plus public holidays and paid sick leave.</li><li>Support and guidance from experienced Mobility Advisor to assist in work permit and visa application together with relocation to and settling into living and working in Vietnam.</li></ul><p><strong>HOW TO APPLY</strong></p><p>Click on the \u00e2\u0080\u0098Apply\u00e2\u0080\u0099 to submit full application online.</p><h2>Applications Close:</h2><p>19 thg 2 2022 11.59 pm</p><p>RMIT University Vietnam (RMIT Vietnam) is a campus of RMIT University. RMIT Vietnam is creating an innovative research, teaching and learning culture. We are committed to providing internationally recognised high-quality education and professional training for our students, clients and members of the community.\u00a0 As an internationally recognised Australian university based in Asia, RMIT Vietnam is assisting in the development of human resources capability in Vietnam and the region.</p><p><a href=\"https://www.rmit.edu.vn/about-us\" target=\"_blank\">https://www.rmit.edu.vn/about-us</a></p><p><br/>\u00a0</p>\n</div>", "requirements_description": "N/A", "conditions_description": "N/A", "employer_description": "N/A", "department_description": "N/A", "additional_information": "N/A", "apply_link": "N/A", "employer_link": "N/A", "job_type": "N/A", "logo": "https://content.academicpositions.com/eyJidWNrZXQiOiJhcC1wcm9kdWN0aW9uLW1lZGlhLWFyY2hpdmUiLCJrZXkiOiIyMDE2XC8wN1wvUk1JVExvZ28ucG5nIiwiZWRpdHMiOltdfQ=="}