{"url": "https://academicpositions.com/ad/charles-university-in-prague/2022/phd-stars-program-2022-is-open-for-applications/173785", "title": "PhD STARS program 2022 is open for applications", "publish_date": "2022-01-10", "deadline": "2022-03-13", "location": "Celetn\u00c3\u00a1 13 Prague, Czechia", "city": "Celetn\u00c3\u00a1 13 Prague", "country": "Czechia", "position": "PhD", "field": "Analytical Chemistry, Bioinformatics, Biotechnology, Botany and plant science, Cancer Research, and 27 moreCatalysis,Cell Biology,Chemo-informatics,Climatology,Computational Biology,Computational Chemistry,Developmental Biology,Ecology,Electrochemistry,Entomology,Environmental Science,Evolutionary Biology,Genetics,Geography,Geology,Hydrogeology,Hydrology,Immunochemistry,Materials Chemistry,Medicinal Chemistry,Molecular Biology,Nanochemistry,Nanotechnology,Neuroscience,Spectroscopy,Structural Biology,Synthetic Chemistry", "salary": "N/A", "max_working_hours": "N/A", "employer": "Charles University", "job_description": "<div class=\"editor ck-content mt-6 mb-6 mb-md-8 mt-md-8\" id=\"editor\">\n<p>Faculty of Science of the Charles University in Prague has launched its program supporting talented PhD research students from all over the world. During the STARS 2022 call, prospective students can apply to PhD research topics announced on the web page on January 10th, 2022. Deadline for application is March 13th, 2022 (midnight). All the positions are fully funded.</p><p>The program has just recently opened new calls in following\u00a0fields:\u00a0</p><ul><li><a href=\"https://www.stars-natur.cz/phd-positions/biology\" target=\"_blank\"><strong>biology</strong></a></li><li><a href=\"https://www.stars-natur.cz/phd-positions/chemistry\" target=\"_blank\"><strong>chemistry</strong></a></li><li><a href=\"https://www.stars-natur.cz/phd-positions/geology\" target=\"_blank\"><strong>geology</strong></a></li><li><a href=\"https://www.stars-natur.cz/phd-positions/geography\" target=\"_blank\"><strong>geography</strong></a></li><li><a href=\"https://www.stars-natur.cz/phd-positions/enviromental-studies\" target=\"_blank\"><strong>environmental studies</strong></a></li></ul><figure class=\"image image_resized\" style=\"width:100%;\"><img src=\"https://ap-production-media-archive.s3.eu-north-1.amazonaws.com/uploads/P3zQGmbytjgdGq1u9ZcXvsoLjLpsmadNDTmFcIsD.jpg\"/></figure>\n</div>", "requirements_description": "N/A", "conditions_description": "N/A", "employer_description": "N/A", "department_description": "N/A", "additional_information": "N/A", "apply_link": "N/A", "employer_link": "N/A", "job_type": "N/A", "logo": "https://content.academicpositions.com/eyJidWNrZXQiOiJhcC1wcm9kdWN0aW9uLW1lZGlhLWFyY2hpdmUiLCJrZXkiOiIyMDEzXC8wMVwvQ2hhcmxlcy1Vbml2ZXJzaXR5LWluLVByYWd1ZS5wbmciLCJlZGl0cyI6W119"}