{"url": "https://academicpositions.com/ad/international-space-university-isu/2022/isu-resident-faculty/175214", "title": "ISU Resident Faculty", "publish_date": "2022-02-14", "deadline": "N/A", "location": "1 Rue Jean-Dominique Cassini Illkirch-Graffenstaden, France", "city": "1 Rue Jean-Dominique Cassini Illkirch-Graffenstaden", "country": "France", "position": "Other Category", "field": "Environmental Economics, Observational Astronomy, Remote Sensing, Resource Economics,", "salary": "N/A", "max_working_hours": "N/A", "employer": "International Space University (ISU)", "job_description": "<div class=\"editor ck-content mt-6 mb-6 mb-md-8 mt-md-8\" id=\"editor\">\n<p><strong>Profile: Earth Observation and Sustainable Development</strong></p><p>To provide the next generation of International Space University (ISU) students and young professionals with an outstanding education, the university is inviting applications for a resident faculty member specializing in the area of Earth Observation and Sustainable Development. As an academic appointment with faculty rank, this position includes teaching, research and university service. The successful applicant will be responsible for the planning and delivery of the Earth Observation discipline within the ISU Master Program, while at the same time supporting other ISU programs in her/his research field.</p><p><u>Responsibilities:</u></p><ul><li>Curriculum planning in coordination with the ISU Master Program Team</li><li>Teaching in the Master Program and in other ISU programs as necessary (e.g., Space Studies Program and Executive Space Course)</li><li>Mentoring students of the Master Program</li><li>Setting and evaluation of assignments/exams and assessment of student work</li><li>Supervision of Master Thesis Projects</li><li>Contribution to/supervision of Master Program Team Projects</li><li>Preparation of research funding applications and participation in research activities in the field of Remote Sensing and Sustainable Development</li><li>Evaluation of applications to ISU programs</li><li>Other academic tasks linked to the dynamically changing environment</li></ul><p><u>Qualifications:</u></p><ul><li>PhD in Earth Observations or a related discipline</li><li>Experience in teaching a curriculum in Earth Observation principles and applications, in particular in the field of Sustainable Development</li><li>Track record of research in the domain of Earth Observation/Remote Sensing/Sustainable Development, including successful funding applications, research project/facility management and publications</li><li>Excellent knowledge of English (ISU\u00e2\u0080\u0099s official language of instruction)</li></ul><p><u>Preferred Qualifications</u>:</p><ul><li>Ability to adapt teaching pedagogy to the knowledge of each individual and class</li><li>Ability to work well with colleagues, to be innovative, and to see tasks through to completion</li><li>Experience in curriculum and assessment design</li><li>Experience working with interdisciplinary, intercultural, and international teams or organizations</li></ul><p>Interested candidates are invited to apply by e-mail:\u00a0<a href=\"about:blank\"><span style=\"color:windowtext;\">hr@isunet.edu, </span></a>addressing their application to: ISU Human Resources, Parc d\u00e2\u0080\u0099Innovation - 1 rue Jean-Dominique Cassini \u00e2\u0080\u0093 67400 Illkirch-Graffenstaden - France. The International Space University is an equal-opportunity employer, and women and underrepresented minorities are especially encouraged to apply.</p><p>Review of applications will begin 1 March 2022 and will continue until the position is filled. Applicants should submit a letter of intent outlining the applicant's teaching and research goals, a complete curriculum vitae, and the names, titles, addresses, and contact information of three references. Transcripts will be required from finalists. The initial duration of the position is 18-months and can lead to a permanent faculty position.</p><p>Starting date: 1 September 2022 or earlier</p>\n</div>", "requirements_description": "N/A", "conditions_description": "N/A", "employer_description": "N/A", "department_description": "N/A", "additional_information": "N/A", "apply_link": "N/A", "employer_link": "N/A", "job_type": "N/A", "logo": "https://content.academicpositions.com/eyJidWNrZXQiOiJhcC1wcm9kdWN0aW9uLW1lZGlhLWFyY2hpdmUiLCJrZXkiOiJ1cGxvYWRzXC9MSjM2Q3JOQW5zNTNLTUV3RWhFOGp5NDNIVU1qeHpBd1hxdkRHd2hxLnBuZyIsImVkaXRzIjpbXX0="}