{"url": "https://academicpositions.com/ad/labex-lio/2021/postdoctoral-position-on-the-origin-of-earthquakes-combining-seismic-observations-and-analog-experiments/169383", "title": "Postdoctoral position - On the origin of earthquakes: combining seismic observations and analog experiments", "publish_date": "2021-11-25", "deadline": "2022-04-01", "location": "2 rue Rapha\u00c3\u00abl Dubois Villeurbanne, France", "city": "2 rue Rapha\u00c3\u00abl Dubois Villeurbanne", "country": "France", "position": "Postdoc", "field": "Experimental Physics, Geophysics, Geostatistics, Seismology,", "salary": "N/A", "max_working_hours": "N/A", "employer": "LabEx LIO", "job_description": "<div class=\"editor ck-content mt-6 mb-6 mb-md-8 mt-md-8\" id=\"editor\">\n<figure class=\"image\"><img src=\"https://ap-production-media-archive.s3.eu-north-1.amazonaws.com/uploads/MCJkjuz5E1KjlnW0lHi2mEUXK1oTFYUidECUjaYK.png\"/></figure><p><strong><u>Short description</u></strong></p><p>The LIO Laboratory of Excellence (LabEx) proposes a 2-year post-doctoral position.</p><p><strong>Starting date:\u00a0September the 1st, 2022</strong></p><p>The net salary (+social benefits) will depend on experience. A \u00e2\u0082\u00ac3,000 annual package for travels and equipment will be allotted.</p><p><strong><u>Research project (1/2 page \u00e2\u0080\u0093 1 page)</u></strong></p><p><strong>Context</strong></p><p>Since the first earthquake recording in 1884, the development and improvement of seismic networks provide 50 years of instrumental recordings of Earth's seismicity to seismologists. This is a gold mine that is currently investigated to understand earthquake processes and their origin. Many information and models have already been extracted, such as the so-called Gutenberg-Richter law which states that the probability of an earthquake, P(M&gt;M0), of a given energy, M, follows an exponential law such that log(P(M&gt;M0))=-bM+a. The slope of this law, called \"b-value\", is investigated to produce seismic hazard maps which are used for building construction. As a result, a wrong estimation of this parameter can have catastrophic human and economic consequences. The way it is currently estimated relies on strong <i>a priori</i> choices and neglects time variations even though we know they exist1. In that context we have developed a Bayesian approach able to detect spatial and time variations of the \"b-value\" avoiding these strong <i>a priori</i> assumptions and which properly estimates the uncertainties on the inferred parameters.</p><p>In addition, physicists also study earthquake processes through experimental apparatus and physical approach, trying to link earthquake origin to physical parameters in a well constrained environment.\u00a0The group of E. Bayart (LPENSL) focuses on ruptures propagation along a highly confined gouge layer2 thanks to a setup that they developed and which enables the detection of smaller ruptures preceding and succeeding a main event. In parallel,\u00a0the group of O. Ramos (ILM) developed an experimental system able to reproduce in details and with millions of events, the main statistical relations describing seismicity3.\u00a0</p><p>Due to the scale difference, the comparison of the rupture processes observed on natural faults and in laboratory experiments is not straight forward. Only a statistical approach can fill this gap. Therefore, the goal of this project is to link experiments and observations through a novel Bayesian approach to get a physical understanding of the b-value variations.</p><p><strong>Objectives &amp; Working plan</strong></p><p>The aim of this project is thus to better understand the origin of earthquakes by applying a new statistical Bayesian methodology to both seismic data (LGL-TPE) and experimental data (LPENSL &amp; ILM) and ultimately to link observations to physical parameters. First, the aim is to investigate spatial and time variations of the \"b-value\" applying a novel Bayesian approach, from global to regional scale, using 50 years of seismicity, which has never been done before. The Bayesian approach is already successful on synthetic cases.</p><p>Second, the aim is to link these variations to physical processes by analysing experimental data with the same methodology. The experimental setup of E. Bayart and O. Ramos enable to investigate different processes of the earthquake origin and to gather experimental data for different geometries and loading configurations. While the study of E. Bayart (LPENSL) focuses on the transition from static to sliding friction, the apparatus of O. Ramos (ILM) allows to investigate steady frictional motion.\u00a0</p><p>Both E. Bayart (LPENSL) and O. Ramos (ILM) have already resources and man power to perform experimental work. Therefore, the post-doctorate scholar will focus on processing datasets, coming from both seismology and physic experiments.\u00a0</p><p>References</p><p>[1]Gardonio, B., Campillo, M., Marsan, D., Lecointre, A., Bouchon, M., &amp; Letort, J. (2019) Seismic activity preceding the 2011 Mw9.0 Tohoku earthquake, Japan, analyzed with multidimensional template matching (MDTM), Journal of Geophysical Research: Solid Earth, 124, 6815\u00e2\u0080\u00936831. https://doi.org/10.1029/2018JB016751</p><p>[2] Elsa Bayart, Ilya Svetlizky &amp; Jay Fineberg (2016) <a href=\"https://www.nature.com/articles/nphys3539\" target=\"_blank\">Fracture mechanics determine the lengths of interface ruptures that mediate frictional motion</a>, Nature Physics 12, 166\u00e2\u0080\u0093170</p><p>[3] S. Lherminier, R. Planet, V. Levy dit Vehel,\u00a0G. Simon, K. J. M\u00c3\u00a5l\u00c3\u00b8y, L. Vanel and O. Ramos (2019)\u00a0<a href=\"https://journals.aps.org/prl/abstract/10.1103/PhysRevLett.122.218501\" target=\"_blank\">Continuously sheared granular matter reproduces in detail seismicity laws,\u00a0</a>Phys. Rev. Lett. 122, 218501\u00a0</p><p><strong><u>Research field(s)</u></strong></p><p>This position is at the hinge between physics and geophysics.</p><p><strong><u>Supervisor and contact</u></strong></p><p>Name: S. Durand</p><p>Laboratory:\u00a0\u00a0\u00a0\u00a0\u00a0 LGL-TPE</p><p>Phone number:\u00a004.72.43.12.65</p><p>Email: stephanie.durand@ens-lyon.fr</p><p>B. Gardonio (LGL-TPE)</p><p><a href=\"mailto:blandine.gardonio@univ-lyon1.fr\">blandine.gardonio@univ-lyon1.fr</a></p><p><strong><u>Working environment</u></strong></p><p><strong><u>Job location and description</u></strong></p><p>LGL-TPE, Campus La doua, b\u00c3\u00a2timent G\u00c3\u00a9ode, 2 rue Rapha\u00c3\u00abl Dubois 69100 Villeurbanne</p><p>The aim of this project is to better understand the origin of earthquakes by applying a new statistical Bayesian methodology to both seismic data (LGL-TPE) and experimental data (LPENSL &amp; ILM) and ultimately to link observations to physical parameters. First, the aim is to investigate spatial and time variations of the \"b-value\" from global to regional scale, using 50 years of seismicity, which has never been done before. Second, the aim is to link these variations to physical processes by analyzing experimental data with the same methodology. The experimental setup of E. Bayart and O. Ramos enable to investigate different processes of the earthquake origin and to gather experimental data for different geometries and loading configurations.</p><p><strong><u>Team</u></strong></p><p>The postdoctoral scholar will be supervised by S. Durand (LGL-TPE), B. Gardonio (LGL-TPE), E. Bayart (LPENSL) and O. Ramos (ILM) who are all permanent researchers. S. Durand and B. Gardonio are seismologists with a strong expertise in seismic data analysis. E. Bayart and O. Ramos are experimental physicists. E. Bayart has an expertise in solid friction and dynamic fracture and O. Ramos is a specialist in granular matter, and crackling dynamics.\u00a0</p><p><strong><u>Allocated resources (technical facilites, computing\u00e2\u0080\u00a6)</u></strong></p><p>An office, with a computer will be provided.</p><p><strong><u>Recent publications of the team</u></strong></p><p>[1]Gardonio, B., Campillo, M., Marsan, D., Lecointre, A., Bouchon, M., &amp; Letort, J. (2019) Seismic activity preceding the 2011 Mw9.0 Tohoku earthquake, Japan, analyzed with multidimensional template matching (MDTM), Journal of Geophysical Research: Solid Earth, 124, 6815\u00e2\u0080\u00936831. https://doi.org/10.1029/2018JB016751</p><p>[2] Elsa Bayart, Ilya Svetlizky &amp; Jay Fineberg (2016)\u00a0<a href=\"https://www.nature.com/articles/nphys3539\" target=\"_blank\">Fracture mechanics determine the lengths of interface ruptures that mediate frictional motion</a>, Nature Physics 12, 166\u00e2\u0080\u0093170</p><p>[3] S. Lherminier, R. Planet, V. Levy dit Vehel,\u00a0G. Simon, K. J. M\u00c3\u00a5l\u00c3\u00b8y, L. Vanel and O. Ramos (2019)\u00a0<a href=\"https://journals.aps.org/prl/abstract/10.1103/PhysRevLett.122.218501\" target=\"_blank\">Continuously sheared granular matter reproduces in detail seismicity laws,\u00a0</a>Phys. Rev. Lett. 122, 218501\u00a0</p><p><strong><u>Description of LabEx LIO</u></strong></p><p>In 2011, The Lyon Institute of Origins LabEx was selected following the first \u00e2\u0080\u009cLaboratory of Excellence\u00e2\u0080\u009d call for projects, part of the \u00e2\u0080\u009cInvestissement d\u00e2\u0080\u0099Avenir\u00e2\u0080\u009d program for forward-looking research. It is one of 12 LabExes supported by the University of Lyon community of universities and establishments (COMUE). LIO brings together more than 200 elite researchers recruited throughout the word and forming 18 research teams from four laboratories in the Rh\u00c3\u00b4ne-Alps region, all leaders in their fields, under the auspices of the University Claude Bernard Lyon 1 (UCBL), the Ecole Normale Sup\u00c3\u00a9rieure de Lyon, and the CNRS. LIO\u00e2\u0080\u0099s goal is to explore questions about our origins, operating in a broad field of study that ranges from particle physics to geophysics, and includes cosmology, astrophysics, planetology and life.</p><p><strong><u>Selection process</u></strong></p><p><strong><u>Qualifications / Skills / Education &amp; Research requirements</u></strong></p><p>The ideal candidate must hold a PhD. The candidate should either have a strong background in physics or geophysics.\u00a0\u00a0The candidate is expected to be comfortable with coding in either python, matlab or fortran.\u00a0The person will be expected to interact with the whole research team and to regularly present the work in group meetings.</p><p><strong><u>Application deadline</u></strong></p><p>April the 1st, 2022</p><p><strong><u>Requested documents for application</u></strong></p><p>Applicants must email a <strong>CV, a statement of interest, a\u00a0letter of recommendation and contact details for 2-3 references</strong>\u00a0<a href=\"mailto:stephanie.durand@ens-lyon.fr\">stephanie.durand@ens-lyon.fr</a> and\u00a0<a href=\"mailto:blandine.gardonio@univ-lyon1.fr\">blandine.gardonio@univ-lyon1.fr</a>\u00a0before <u>April the 1st, 2022.</u>\u00a0</p><p>Candidates on the short list will be informed by the end of April. They will be interviewed in May.\u00a0</p>\n</div>", "requirements_description": "N/A", "conditions_description": "N/A", "employer_description": "N/A", "department_description": "N/A", "additional_information": "N/A", "apply_link": "N/A", "employer_link": "N/A", "job_type": "N/A", "logo": "https://content.academicpositions.com/eyJidWNrZXQiOiJhcC1wcm9kdWN0aW9uLW1lZGlhLWFyY2hpdmUiLCJrZXkiOiI5ZWFcLzI3NVwvOWVhMjc1MmM0OGYzZWNiYmJmNjY4ZmJjZGZmMDY5MTkuanBlZyIsImVkaXRzIjpbXX0="}