{"url": "https://academicpositions.com/ad/rmit-international-university-vietnam-rmit-vietnam/2022/senior-lecturer-software-engineering/175127", "title": "Senior Lecturer, Software Engineering", "publish_date": "2022-02-10", "deadline": "2022-02-27", "location": "702 Nguyen Van Linh, District 7 Nh\u00c3\u00a0 B\u00c3\u00a8, Vietnam", "city": "702 Nguyen Van Linh", "country": "                                            702 Nguyen Van Linh, District 7 Nh\u00c3\u00a0 B\u00c3\u00a8, Vietnam\n                        \n                                    ", "position": "Lecturer", "field": "Algorithms, Big Data, Data Structures, Databases, Game Design, and 3 moreMachine Learning,Programming Languages,Software Engineering", "salary": "N/A", "max_working_hours": "N/A", "employer": "RMIT International University Vietnam (RMIT Vietnam)", "job_description": "<div class=\"editor ck-content mt-6 mb-6 mb-md-8 mt-md-8\" id=\"editor\">\n<p><strong>RMIT UNIVERSITY VIETNAM</strong></p><p><a href=\"https://www.rmit.edu.vn/\" target=\"_blank\">RMIT University Vietnam</a>, an entity of RMIT University, has campuses in Ho Chi Minh City and Hanoi since 2001. We provide internationally recognised, high-quality, education and professional training for students, clients, and the community, and assist in the development of human resources capability in Vietnam and the region by hosting students from Australia and many other countries.</p><p><strong>SCHOOL OF SCIENCE &amp; TECHNOLOGY</strong></p><p>The School of Science, Engineering &amp; Technology at RMIT Vietnam is associated with the STEM College of RMIT University Melbourne, delivering the College\u00e2\u0080\u0099s award programs and developing research in the field(s) of science, engineering and health.\u00a0 Programs currently taught on the Vietnam campus include the Bachelor of Information Technology, Bachelor of Engineering (Electrical and Electronics), Bachelor of Engineering (Software Engineering), Bachelor of Engineering (Robotics &amp; Mechatronics), Bachelor of Applied Science (Aviation), Bachelor of Applied Science (Psychology), and the Doctor of Philosophy (Engineering) (Electrical and Electronic Engineering).</p><p><strong>YOUR ROLE</strong></p><p>When you join our Engineering Team as a Senior Lecturer, Software Engineering, you will bring your expert knowledge, education, and experience to add significant value and impact to the teaching, research and industry engagement related activities involved in this role. \u00a0\u00a0As an academic member of staff, you can expect to team across undergraduate and post graduate programs whilst developing your own scholarly, research and professional capabilities. You will actively promote the program through establishing and maintaining networks and partnerships with academic, industry and professional communities (locally and internationally).\u00a0</p><p><strong>CULTURE</strong></p><p>Our Values inspire us, wherever we are in the world, and guide how we live and work together<strong>.</strong></p><p><i><strong>Imagination. Agility. Courage. Passion. Impact. Inclusion.</strong></i></p><p>What unites us is our purpose and our values; they are at the heart of who we are, what we stand for, how we make decisions and connect with each other.\u00a0\u00a0 Our people make everything at the University possible. We encourage new approaches to work and learning, stimulating change to drive positive impact. RMIT exists to create transformative experiences for our students, getting them ready for life and work. You will be a part of a productive and collaborative team, who values working relationships and outcomes through open and inclusive planning, continuous information sharing and transparent work practices.</p><p><strong>OUR REQUIREMENTS</strong></p><p>PhD or equivalent relevant Doctoral qualification.</p><p>At least\u00a05 years\u00a0of teaching experience in a university environment.</p><p>Proven teaching proficiency, curriculum development, and research record in three or more of the following areas:</p><ul><li>Data Structures &amp; Algorithms</li><li>Database Systems</li><li>Mobile Development (iOS and Android)</li><li>Game Development</li><li>Big Data</li><li>Machine Learning</li><li>Deep Learning</li></ul><p>Recognised research profile including substantial record of research outputs in high quality journals.</p><p>Strong team player with an inclusive and collaborative approach.</p><p>Culturally adept and agile.</p><p><strong>BENEFITS</strong></p><p>Highly competitive VND salary (plus allowances) for <strong>local candidates</strong> or attractive USD salary package (plus benefits) for <strong>expatriate candidates\u00a0</strong>depending on proven track record in meeting all the key selection criteria.</p><p><strong>Expatriate candidates</strong>: Relocation allowance from US$6,000 to US$10,000 per staff; Educational support up to US$15,000 per child annually, up to 2 children per family; private insurance coverage for staff and family; annual health check up; Work Permit for staff, Visa and temporary resident cards for family members</p><p><strong>Local candidates</strong>: 13th month Tet bonus + private medical insurance (for you and your dependents) + annual health check.</p><p>20 days annual leave plus 5 days paid leave Xmas closure, plus public holidays and 10 days paid sick leave.</p><p>Support and guidance from experienced Mobility Advisor to assist in work permit and visa application together with relocation to and settling into living and working in Vietnam.</p><p><strong>FURTHER INFO</strong></p><p>As an expatriate candidate you will require a work permit to be employed in Vietnam.\u00a0 To qualify for a work permit you will need a PhD qualification and you will need to be able to demonstrate at least 5 years of teaching across relevant subjects in a tertiary education environment.</p><p>English is the language of teaching and communication at RMIT Vietnam. For this role, the minimum requirement is IELTS Academic 7.0 and with no band less than 6.5 (or equivalent).\u00a0</p><p>\u00a0<a href=\"https://secure.dc2.pageuppeople.com/apply/TransferRichTextFile.ashx?sData=UFUtVjMtRzyaMblntBqSSJ32lgNNuqlZuvL2Yb1opLmxnAM2TX_RixYZwx3dQLYGi4NUA2qWYMScEjPf8S_cXB4-SGT5v9l4RDlk1hiJ2hEGeUm04dLm0qnRnC1gVTXgUIekzHSidysb2UZ4D7KX9xI0Z4Omhw%7e%7e\" target=\"_blank\">NEW Information Pack - Foreign Candidates - Academic Dec 2020.pdf</a></p><p>\u00a0<a href=\"https://secure.dc2.pageuppeople.com/apply/TransferRichTextFile.ashx?sData=UFUtVjMtzsOKVQHZWMzAY1Ypr2adKvp1g8acMY43CDkUeTRXeUn4nc2IRei-TPYAOLUutehJ9cwLxf19AH42gPTX1QXVLQrf2tmT0pCZRUvkb9ANdJiHrADmLfHVtdbPfvpbyxs9r2h3rIafBPmZ2Nti5bqr7A%7e%7e\" target=\"_blank\">Academic FAQ's RMIT Vietnam.pdf</a></p><p><strong>HOW TO APPLY</strong></p><p>Please submit your CV, covering letter, and a separate document addressing the Key Selection criteria by clicking on the \u00e2\u0080\u0098<strong>Apply</strong>\u00e2\u0080\u0099 link below.\u00a0</p><h2>Applications Close:</h2><p><span style=\"color:rgb(74,74,74);\">27th 2 2022 11.59 pm</span></p><p>RMIT University Vietnam (RMIT Vietnam) is a campus of RMIT University. RMIT Vietnam is creating an innovative research, teaching and learning culture. We are committed to providing internationally recognised high-quality education and professional training for our students, clients and members of the community.\u00a0 As an internationally recognised Australian university based in Asia, RMIT Vietnam is assisting in the development of human resources capability in Vietnam and the region.</p><p><a href=\"https://www.rmit.edu.vn/about-us\" target=\"_blank\">https://www.rmit.edu.vn/about-us</a></p>\n</div>", "requirements_description": "N/A", "conditions_description": "N/A", "employer_description": "N/A", "department_description": "N/A", "additional_information": "N/A", "apply_link": "N/A", "employer_link": "N/A", "job_type": "N/A", "logo": "https://content.academicpositions.com/eyJidWNrZXQiOiJhcC1wcm9kdWN0aW9uLW1lZGlhLWFyY2hpdmUiLCJrZXkiOiIyMDE2XC8wN1wvUk1JVExvZ28ucG5nIiwiZWRpdHMiOltdfQ=="}