{"url": "https://academicpositions.com/ad/emlyon-business-school-campus-france/2021/full-time-faculty-positions-at-emlyon-business-school-france/173414", "title": "Full-time Faculty Positions at emlyon business school - FRANCE", "publish_date": "2021-12-21", "deadline": "N/A", "location": "23, avenue Guy de Collongue \u00c3\u0089cully, France", "city": "23", "country": "France", "position": "Other Category", "field": "Business Administration, Business Economics, Entrepreneurship, Management, Marketing,", "salary": "N/A", "max_working_hours": "N/A", "employer": "emlyon business school Campus France", "job_description": "<div class=\"editor ck-content mt-6 mb-6 mb-md-8 mt-md-8\" id=\"editor\">\n<p><strong>THE POSITIONS</strong></p><p><strong>emlyon</strong> business school invites applications for following full-time Faculty positions:</p><ul><li><a href=\"https://hr.em-lyon.com/en/job/faculte-en/963-a-full-position-in-entrepreneurship-at-full-professor-level-en/\" target=\"_blank\">A full-time position in Entrepreneurship at Full professor level</a></li><li><a href=\"https://hr.em-lyon.com/en/job/faculte-en/957-a-full-position-in-corporate-entrepreneurship-innovation-management-at-associate-or-full-professor-level-en/\" target=\"_blank\">A full-time position in Corporate Entrepreneurship / Innovation Management at Associate or Full professor level</a></li><li><a href=\"https://hr.em-lyon.com/en/job/faculte-en/954-a-full-time-position-in-sport-marketing-at-associate-or-full-professor-level-en/\" target=\"_blank\">A full-time position in Sport Marketing at Associate or Full professor level</a></li></ul><p>Appointments are made at full Professor, Associate Assistant, depending on research, teaching record and business experience.</p><p>All these positions are based in France (Lyon - St Etienne \u00e2\u0080\u0093 Paris)</p><p><span style=\"color:black;\">Rank of appointment and salary will be commensurate with qualifications and experience. Salary and conditions will be competitive with leading European Business Schools</span></p><p>Successful candidates are expected to start by <strong>September 2022.</strong>\u00a0</p><p><span style=\"color:black;\">We strongly encourage people of all backgrounds (gender, ethnic background, nationality) to apply.</span></p><p><span style=\"color:black;\">Fluency in English is required. Speaking French is not a requirement but holding French basic notions will be an asset. For non-French professors basic language support is offered at emlyon.</span></p><p><span style=\"color:black;\">The selected candidate is expected to be based in Lyon or nearby area. Emlyon has set-up a relocation policy to support the moving process.</span></p><p><strong>THE SCHOOL</strong></p><p><span style=\"color:#4A4A49;\"><strong>emlyon\u00a0</strong>business school, one of the leading French Grandes coles in Management, has consistently been ranked among the top European Business Schools. It holds a triple accreditation (AACSB, EQUIS, and AMBA) and offers a wide range of programs including a BBA, MSc in Management, Specialized Master's degrees, MBA, DBA, PhD, as well as open and tailor-made executive programs.</span><strong>emlyon</strong> business school is ranked among the top 100 best universities and business schools of the world, in the latest Shanghai ranking. In the Management category, the school reaches the <strong>top 3 of best French business schools</strong>.\u00a0</p><p><span style=\"color:#1A1A1A;\">World-class institution, emlyon welcomes in its Faculty 170 highly qualified professors whose research inform the scientific conversation as well as the economic and social debates. These professors share and diffuse their knowledge and expertise with all our participants via innovative pedagogical designs.\u00a0The school counts seven campuses around the world: Lyon, Saint-\u00c3\u0089tienne, Paris, Casablanca, Shanghai, Bhubaneswar and Mumbai.\u00a0</span></p><p><strong>THE ENVIRONMENT</strong></p><p><span style=\"color:#4A4A49;\"><strong>emlyon\u00a0</strong>business school\u00a0is at the center of a vibrant ecosystem of large universities with excellent research teams in engineering, computer science, natural sciences, social sciences, and the humanities (see:\u00a0</span><a href=\"https://www.onlylyon.com/en\" target=\"_blank\">https://www.onlylyon.com/en</a>)</p><p><span style=\"color:#4A4A49;\">Lyon is the second largest city in France, with a long tradition in entrepreneurship and with a strong digital industry.\u00a0</span></p><p><span style=\"color:#4A4A49;\"><strong>Further information</strong></span></p><ul><li><span style=\"color:#4A4A49;\">About <strong>emlyon\u00a0</strong>business school\u00a0:\u00a0</span><a href=\"http://www.em-lyon.com/en/\" target=\"_blank\">http://www.em-lyon.com/en/</a></li></ul><p><span style=\"color:black;\"><strong>THE APPLICATION SHOULD CONSIST OF\u00a0</strong></span></p><ul><li><span style=\"color:black;\">A cover letter including motivation to join\u00a0</span><strong>emlyon</strong> business school</li><li><span style=\"color:black;\">A teaching statement (with teaching evaluation)</span></li><li><span style=\"color:black;\">Research samples</span></li><li><span style=\"color:black;\">An up-to-date curriculum vitae</span></li><li><span style=\"color:black;\">Reference letters from two referees</span></li></ul><p><span style=\"color:black;\">All application materials should be submitted in English. The application materials will not be returned.\u00a0</span></p><p><span style=\"color:black;\">Candidates are strongly encouraged to apply as soon as possible as review of applications will begin immediately.</span></p><p>Interested candidates should apply electronically through emlyon business school recruitment webpage:</p><p><a href=\"https://hr.em-lyon.com/en/job/faculte-en/\" target=\"_blank\">HERE</a></p>\n</div>", "requirements_description": "N/A", "conditions_description": "N/A", "employer_description": "N/A", "department_description": "N/A", "additional_information": "N/A", "apply_link": "N/A", "employer_link": "N/A", "job_type": "N/A", "logo": "https://content.academicpositions.com/eyJidWNrZXQiOiJhcC1wcm9kdWN0aW9uLW1lZGlhLWFyY2hpdmUiLCJrZXkiOiI0ZmVcL2Q0YVwvNGZlZDRhOTBkZTQ2YmJlNDhhYjdkOTMwYmM0YTQ0OTgucG5nIiwiZWRpdHMiOltdfQ=="}