{"url": "https://academicpositions.com/ad/university-of-stavanger/2022/phd-fellowship-in-subsurface-geosciences/174664", "title": "PhD Fellowship in Subsurface Geosciences", "publish_date": "2022-01-31", "deadline": "2022-02-27", "location": "Kjell Arholmsgt. 41 Stavanger, Norway", "city": "Kjell Arholmsgt. 41 Stavanger", "country": "Norway", "position": "PhD", "field": "Energy Technology, Geochemistry, Geography, Geology, Geotechnical Engineering, and 2 morePaleontology,Seismology", "salary": "N/A", "max_working_hours": "N/A", "employer": "University of Stavanger", "job_description": "N/A", "requirements_description": "N/A", "conditions_description": "N/A", "employer_description": "N/A", "department_description": "N/A", "additional_information": "N/A", "apply_link": "N/A", "employer_link": "N/A", "job_type": "N/A", "logo": "https://content.academicpositions.com/eyJidWNrZXQiOiJhcC1wcm9kdWN0aW9uLW1lZGlhLWFyY2hpdmUiLCJrZXkiOiI2M2FcLzExZVwvNjNhMTFlYWFjYWU5YzQyNjExZjE4ZWU0Y2FlOTljNzcucG5nIiwiZWRpdHMiOltdfQ=="}