{"url": "https://academicpositions.com/ad/university-of-gothenburg/2022/senior-lecturer-in-mathematics-or-mathematical-statistics/175147", "title": "Senior lecturer in mathematics or mathematical statistics", "publish_date": "2022-02-10", "deadline": "2022-03-15", "location": "Vasagatan 33 Gothenburg, Sweden", "city": "Vasagatan 33 Gothenburg", "country": "Sweden", "position": "Lecturer", "field": "Applied Mathematics, Statistics,", "salary": "N/A", "max_working_hours": "N/A", "employer": "University of Gothenburg", "job_description": "<div class=\"editor ck-content mt-6 mb-6 mb-md-8 mt-md-8\" id=\"editor\">\n<p>The University of Gothenburg tackles society\u00e2\u0080\u0099s challenges with diverse knowledge. 53 500 students and 6 500 employees make the university a large and inspiring place to work and study. Strong research and attractive study programmes attract scientists and students from around the world. With new knowledge and new perspectives, the University contributes to a better future.</p><p>The department of Mathematical Sciences at the University of Gothenburg and Chalmers University of Technology is one of the largest departments of mathematical sciences in the Nordic countries with about 200 employees. The department comprises the three divisions Algebra and Geometry, Analysis and Probability Theory, and Applied Mathematics and Statistics.</p><p>We make a significant contribution to the benefit of society by extensive education. The work environment is supportive, creative, and international, with a steady flow of international guests. More information about us is available on the website:</p><p><a href=\"https://www.chalmers.se/en/departments/math/Pages/default.aspx\" target=\"_blank\"><u>https://www.chalmers.se/en/departments/math/Pages/default.aspx</u></a></p><h2>Subject area</h2><p>Mathematics or mathematical statistics</p><h2>Subject area description</h2><p><strong>Subject area description</strong>\u00a0</p><p>We are looking for senior lecturers in mathematics or mathematical statistics who can strongly contribute to the department's ambition to conduct both teaching and research at the highest international level.</p><p>The new employee is expected to contribute with high quality teaching in undergraduate education and to be involved in the development of the education program.</p><p>We also expect the new employee to strengthen and complement the research conducted in one of the department's research areas <a href=\"https://www.chalmers.se/en/departments/math/research/research-groups/Pages/default.aspx\" target=\"_blank\"><u>https://www.chalmers.se/en/departments/math/research/research-groups/Pages/default.aspx</u></a></p><h2>Job assignments</h2><p>The job assignments include</p><ul><li>teaching and development of courses in mathematics or mathematical statistics at both undergraduate and postgraduate level,</li><li>conducting research,</li><li>supervising students (at bachelor\u00e2\u0080\u0099s, master\u00e2\u0080\u0099s, and doctoral level),</li><li>participating in the department's activities through administrative assignments,</li><li>applying for external grants.</li></ul><p>You should actively seek challenges and new opportunities to develop yourself. Communication and collaboration skills are important as many of your tasks will be performed in collaboration with others. Furthermore, you are expected to collaborate with the surrounding society, for example in collaborative projects and in popular science activities.</p><h2>Eligibility</h2><p>The qualifications for academic positions are given in Chapter 4, Section 3 - 4 of the Higher Education Ordinance. We expect you to have a doctorate degree in mathematics or mathematical statistics, or equivalent scientific competence regarding the subject content of the employment and the tasks included in the employment. You are also expected to have documented pedagogical experience and skills in mathematics or mathematical statistics at university.</p><p>The official language at the University of Gothenburg is Swedish and teaching normally takes place in Swedish at the bachelor's level and in English at the higher levels. Good language skills and the ability to teach in English are required. Applicants who do not speak Swedish at the time of employment are expected to be able to teach in Swedish within two years.</p><p>Courses in higher education teaching and learning of at least 15 credits or equivalent competence is necessary for the employment. If this is lacking at the time of employment, the employee is expected to acquire such an education within two years.</p><h2>Assessment</h2><p>The applications are mainly assessed based on pedagogical and scientific merits and potential. Special emphasis will be placed on pedagogical merits and potential.</p><p>When assessing pedagogical qualifications, special emphasis is placed on the ability to plan and teach courses in the subject area. It is important that you can communicate well orally and in writing, collaborate, inspire, and engage students and that you can take personal responsibility for your work tasks. Documented experience of and interest in the development and use of digital aids in teaching is an advantage.</p><p>When assessing scientific competence, special attention is paid to research documented through high-quality publications. Quality is more important than quantity. Successful research after a doctoral degree and international scientific collaboration are meritorious.</p><p>After an overall assessment of merits and development potential, we will select the candidate that is judged to have the best qualifications to carry out the tasks included in the employment, collaborate with other staff members, and contribute to a positive development of the department. The weighted assessment also includes how the applicant's qualifications and plans strengthen and complement the department.</p><p>In the case of otherwise equivalent qualifications, the ability to teach in Swedish already at the start of the employment and / or experience of teaching courses in financial mathematics or knowledge in this area is an advantage.</p><p>In assessing merits and experience, parental leave, sick leave, or other similar circumstances will be considered. The reasons and scope should be stated in connection with the presentation of merits and experiences.</p><p>We are a parent-friendly department and work in different ways to find a balance between work and private life for our employees</p><h2>Employment</h2><p>Type of employment: Permanent employment<br/>Extent: 100 %<br/>Location: Department of Mathematical Sciences, Gothenburg<br/>First day of employment: By agreement</p><h2>Appointment procedure</h2><p>The assessment process will include statements from external experts, interviews, and test lectures</p><h2>For further information:</h2><p>Stefan Lemurell, viceprefekt, +46 31 772 53 03, <a href=\"mailto:stefan.lemurell@gu.se\"><u>stefan.lemurell@gu.se</u></a>,</p><p>Bernt Wennberg, prefekt, +46 31 772 5326, <a href=\"mailto:bernt.wennberg@gu.se\"><u>bernt.wennberg@gu.se</u></a></p><h2>Unions</h2><p>Union representatives at the University of Gothenburg: <a href=\"https://medarbetarportalen.gu.se/anstallning/att-vara-anstalld/fackliga-organisationer/?languageId=100001&amp;skipSSOCheck=true\" target=\"_blank\"><u>https://medarbetarportalen.gu.se/anstallning/att-vara-anstalld/fackliga-organisationer/?languageId=100001&amp;skipSSOCheck=true</u></a></p><h2>Information for International Applicants</h2><p>Choosing a career in a foreign country is a big step. Thus, to give you a general idea of what we and Gothenburg have to offer in terms of benefits and life in general for you and your family/spouse/partner please visit:</p><p><a href=\"https://www.gu.se/en/about-the-university/welcome-services\" target=\"_blank\"><u>https://www.gu.se/en/about-the-university/welcome-services</u></a><br/><a href=\"https://www.movetogothenburg.com/\" target=\"_blank\"><u>https://www.movetogothenburg.com/</u></a></p><p>For more information about the Faculty of Science please visit <a href=\"https://www.gu.se/en/science\" target=\"_blank\"><u>https://www.gu.se/en/science</u></a>.</p><h2>How to apply</h2><p>To apply for a position at the University of Gothenburg, you must register an account in our online recruitment system. Together with your application the following should be attached:</p><ul><li>Personal letter.</li><li>CV, including complete publication list.</li><li>Report on pedagogical qualifications, with information on the scope and type of teaching and a statement on its quality. The report should also include pedagogical reflection and teaching philosophy (maximum four pages).</li><li>Explanation of scientific qualifications and motivation for the selection of a maximum of six scientific publications that you refer to in the application. Indicate your role and work effort for the selected publications.</li><li>Four-year research plan with a description of ongoing and planned research and other planned activities relevant to the employment (maximum four pages).</li><li>Report on merits in management, administration, and collaboration.</li><li>Complete electronic copies of your main publications (maximum six).</li><li>Copies of relevant diplomas and other documents that you wish to refer to.</li><li>Two references that we can contact.</li></ul><p>It is the responsibility of the applicant to ensure that the application is complete in accordance with the instructions in the job advertisement, and that it is submitted before the deadline. The selection of candidates is made based on the qualifications registered in the application. Any documents that are not available in electronic format should be mailed in two copies to:</p><p>Faculty Office for Science\u00a0<br/>University of Gothenburg<br/>Box 460<br/>S-405 30 G\u00c3\u00b6teborg, Sweden</p><p>The application is to be written in English.</p><p><strong>Closing date</strong>: 2022-03-15</p><p><i>The University of Gothenburg promotes equal opportunities, equality and diversity.</i></p><p><i>Salary is determined on an individual basis.</i></p><p><i>Applications will be destroyed or returned (upon request) two years after the decision of employment has become final. Applications from the employed and from those who appeal the decision will not be returned.</i></p><p>In connection to this recruitment, we have already decided which recruitment channels we should use. We therefore decline further contact with vendors, recruitment and staffing companies.</p>\n</div>", "requirements_description": "N/A", "conditions_description": "N/A", "employer_description": "N/A", "department_description": "N/A", "additional_information": "N/A", "apply_link": "N/A", "employer_link": "N/A", "job_type": "N/A", "logo": "https://content.academicpositions.com/eyJidWNrZXQiOiJhcC1wcm9kdWN0aW9uLW1lZGlhLWFyY2hpdmUiLCJrZXkiOiIyMDE2XC8wNFwvR290aGVuYnVyZ0xvZ28ucG5nIiwiZWRpdHMiOltdfQ=="}