{"url": "https://academicpositions.com/ad/american-university-of-beirut/2021/tenure-track-position-in-health-promotion-health-communication-health-behavior-and-education/171633", "title": "Tenure track position in Health Promotion, Health Communication, Health Behavior and Education", "publish_date": "2021-12-08", "deadline": "N/A", "location": "Riad El-Solh Beirut, Lebanon", "city": "Riad El-Solh Beirut", "country": "Lebanon", "position": "Assistant Professor", "field": "Behavioural Science, Epidemiology, Health Economics, Health Science, Public Health,", "salary": "N/A", "max_working_hours": "N/A", "employer": "American University of Beirut", "job_description": "<div class=\"editor ck-content mt-6 mb-6 mb-md-8 mt-md-8\" id=\"editor\">\n<p>The <strong>Faculty of Health Sciences</strong> (FHS) of the <strong>American University of Beirut</strong> currently seeks for its <strong>Department of</strong> <strong>Health Promotion and Community Health</strong> (HPCH) a candidate with a <strong>PhD/DrPH degree</strong> in Health Promotion, Health Communication, Health Behavior and Education, or a related discipline in Public Health, behavioral or social sciences, at the ranks of assistant, associate or full professor, depending on qualifications. Visiting positions at all levels may be considered.</p><p><span style=\"color:black;\">The HPCH Department hosts a concentration in Health Promotion and Community Health in the Master of Public Health (MPH) program which is accredited by the\u00a0</span>Council on Education for Public Health (CEPH)<span style=\"color:black;\">. The Department\u00a0</span>launched its first CEPH-accredited Bachelor of Arts in Health Communication (BHCOM) in AY 2019-20. The HPCH Department contributes to teaching in undergraduate and graduate public health programs at FHS, and to teaching public health in the Faculty of Medicine.</p><p>The Department is specifically interested in candidates who demonstrate methodological and interdisciplinary skills, have a track record of teaching graduate and undergraduate courses, and <span style=\"color:black;\">whose research applies behavioral or social science perspectives in health promotion, who have the potential to address complex public health problems that affect populations in Lebanon, the Middle-East and North Africa region, or similar settings</span>.</p><p>Candidates are expected to teach <span style=\"color:black;\">graduate and undergraduate courses,\u00a0</span>such as social marketing, e-health, health communication theory, program evaluation and policy/advocacy. The Department welcomes applicants who have expertise in health communication, marketing and related disciplines, have the potential to address complex public health contexts, and be involved in research, teaching, and practice which align with the missions of FHS and HPCH (<a href=\"http://www.aub.edu.lb/fhs\" target=\"_blank\">www.aub.edu.lb/fhs</a>). Proficiency in Arabic is an added value.</p><p>Interested candidates should submit their application including a curriculum vitae, personal statement outlining their research and teaching interests, a letter of intent that clarifies how their experiences fit with the position and the missions of FHS and the HPCH Department. This material with contact information for three referees should be sent by email to Interim Dean Abla Sibai (<a href=\"mailto:am00@aub.edu.lb\">am00@aub.edu.lb</a>) copied to Ms. Mona Katul (<a href=\"mailto:mkatul@aub.edu.lb\">mkatul@aub.edu.lb</a>).</p><p>Further information about AUB can be found at:\u00a0<a href=\"http://www.aub.edu.lb\" target=\"_blank\">http://www.aub.edu.lb</a> and about FHS and the Department at:\u00a0<a href=\"http://website.aub.edu.lb/fhs/fhs_home/Pages/index.aspx\" target=\"_blank\">http://website.aub.edu.lb/fhs/fhs_home/Pages/index.aspx</a></p><p>Review of applications will start on December 15, 2021 and will continue until the position is filled.</p><p><span style=\"color:#707070;\"><i><strong>Within the framework of Lebanese Law, the American University of Beirut is an equal opportunity employer. \u00e2\u0080\u008b</strong></i></span></p>\n</div>", "requirements_description": "N/A", "conditions_description": "N/A", "employer_description": "N/A", "department_description": "N/A", "additional_information": "N/A", "apply_link": "N/A", "employer_link": "N/A", "job_type": "N/A", "logo": "https://content.academicpositions.com/eyJidWNrZXQiOiJhcC1wcm9kdWN0aW9uLW1lZGlhLWFyY2hpdmUiLCJrZXkiOiIzYWZcL2ZjNFwvM2FmZmM0NDg4YTRjMDkwNGNjMTY4ZWU1NmE4OGNlZjkucG5nIiwiZWRpdHMiOltdfQ=="}