{"url": "https://academicpositions.com/ad/ilmenau-university-of-technology/2021/research-associate-f-m-d/173375", "title": "Research Associate (f/m/d)", "publish_date": "2021-12-22", "deadline": "2022-03-01", "location": "Ehrenbergstra\u00c3\u009fe 29 Ilmenau, Germany", "city": "Ehrenbergstra\u00c3\u009fe 29 Ilmenau", "country": "Germany", "position": "Research Assistant", "field": "Algorithms, Artificial Intelligence, Computational Sciences, Computing in Social science, Arts and Humanities, Media and Communication Studies, and 1 moreSocial Psychology", "salary": "N/A", "max_working_hours": "N/A", "employer": "Ilmenau University of Technology", "job_description": "<div class=\"editor ck-content mt-6 mb-6 mb-md-8 mt-md-8\" id=\"editor\">\n<p>In the Department Computational Communication Science as soon as possible a</p><h2><strong>Research Associate (f/m/d)</strong></h2><h2><strong>Your tasks</strong></h2><p>- Participation in a large-scale interdisciplinary project and collaboration with various cooperation partners at TU Ilmenau and FSU Jena<br/>- Research and elaboration of the state of the art of \"AI\" teaching in communication and social sciences.<br/>- Conception, further development, implementation and evaluation of various courses in computational social sciences (CSS), e.g., Ethical and Legal Foundations or Introduction to Methods of CSS in cooperation with project partners<br/>- Support of the department in administrative tasks related to the project<br/>- Cooperation in science communication</p><h2><strong>Your profile</strong></h2><p>In this large-scale interdisciplinary project, a joint educational program will be developed that covers the entire range of artificial intelligence (AI) technologies and their fields of application in science and practice. The advertised project position at the Department of CCS will in particular represent the communication science perspective, cooperating with other social science and technical disciplines.<br/>- Master\u00e2\u0080\u0099s Degree in Social Sciences (i.e. Communication Science, Psychology, or a closely related discipline)<br/>- Advanced research skills and excellent knowledge of quantitative data analysis (in R or similar applications)<br/>- Programming skills in R, Python or another programming language are beneficial, however nor required<br/>- Good knowledge of computational social science methods or a strong interest and the willingness to get acquainted with the topic<br/>- Very good knowledge of English, good knowledge of German<br/>- An interest in interdisciplinary work, communication skills and the ability to work in a team</p><h2><strong>What we offer you:</strong></h2><p>From individual advancement with a wide range of continuing education opportunities to a variety of health and recreational offerings, you can expect an appreciative working environment at a renowned university at TU-Ilmenau. In addition to an attractive, familyfriendly working hours model, you will also benefit from advantages such as the use of the dining halls of the Studierendenwerk Th\u00c3\u00bcringen, as well as participation in.</p><p>The university stands in the fields of technology, mathematics and natural sciences, business and media for teaching and research at the highest level. She attaches particular importance to innovative teaching and interdisciplinarity. She identifies with Humboldt's ideals and pursues the vision of a cosmopolitan campus family.<br/>Technische Universit\u00c3\u00a4t Ilmenau is holder of the \u00e2\u0080\u009eTOTAL E-Quality\u00e2\u0080\u009c distinction and emphasizes gender equality.<br/>Severely disabled applicants with essentially identical professional suitability will be preferentially selected.<br/>Technische Universit\u00c3\u00a4t Ilmenau offers flexible working time models.</p>\n</div>", "requirements_description": "N/A", "conditions_description": "N/A", "employer_description": "N/A", "department_description": "N/A", "additional_information": "N/A", "apply_link": "N/A", "employer_link": "N/A", "job_type": "N/A", "logo": "https://content.academicpositions.com/eyJidWNrZXQiOiJhcC1wcm9kdWN0aW9uLW1lZGlhLWFyY2hpdmUiLCJrZXkiOiIyMDEyXC8wM1wvVFVJbG1lbmF1TG9nby5wbmciLCJlZGl0cyI6W119"}