{"url": "https://academicpositions.com/ad/imec/2021/r-d-manager-imager-design/164109", "title": "R&D Manager Imager Design", "publish_date": "2021-10-01", "deadline": "N/A", "location": "Kapeldreef 75 Heverlee, Belgium", "city": "Kapeldreef 75 Heverlee", "country": "Belgium", "position": "Engineer/Technician", "field": "Electronics, Engineering, Engineering Physics, Image Processing,", "salary": "N/A", "max_working_hours": "N/A", "employer": "imec", "job_description": "N/A", "requirements_description": "N/A", "conditions_description": "N/A", "employer_description": "N/A", "department_description": "N/A", "additional_information": "N/A", "apply_link": "N/A", "employer_link": "N/A", "job_type": "N/A", "logo": "https://content.academicpositions.com/eyJidWNrZXQiOiJhcC1wcm9kdWN0aW9uLW1lZGlhLWFyY2hpdmUiLCJrZXkiOiJjZGRcL2E2ZFwvY2RkYTZkZTg0NDkzZDY0ZWEyODQwYWRkMzdmZDhiM2QucG5nIiwiZWRpdHMiOltdfQ=="}