{"url": "https://academicpositions.com/ad/deutsches-elektronen-synchrotron-desy/2021/radio-frequency-engineer-or-physicist-for-development-of-state-of-the-art-accelerator-beam-diagnostics/164116", "title": "Radio-frequency engineer or physicist for development of state-of-the- art accelerator beam diagnostics", "publish_date": "2021-10-01", "deadline": "N/A", "location": "Notkestra\u00c3\u009fe 85 Hamburg, Germany", "city": "Notkestra\u00c3\u009fe 85 Hamburg", "country": "Germany", "position": "Engineer/Technician", "field": "Accelerator Physics, Communication Engineering, Control Systems Engineering, Electrical Engineering, Electronics, and 3 moreEngineering,Optics,Physics", "salary": "N/A", "max_working_hours": "N/A", "employer": "Deutsches Elektronen-Synchrotron (DESY)", "job_description": "N/A", "requirements_description": "N/A", "conditions_description": "N/A", "employer_description": "N/A", "department_description": "N/A", "additional_information": "N/A", "apply_link": "N/A", "employer_link": "N/A", "job_type": "N/A", "logo": "https://content.academicpositions.com/eyJidWNrZXQiOiJhcC1wcm9kdWN0aW9uLW1lZGlhLWFyY2hpdmUiLCJrZXkiOiIyMDEyXC8wOFwvRGV1dHNjaGVzLUVsZWt0cm9uZW4tU3luY2hyb3Ryb24ucG5nIiwiZWRpdHMiOltdfQ=="}