{"url": "https://academicpositions.com/ad/natural-resources-institute-finland-luke/2021/research-scientist-in-statistical-genetics/171571", "title": "Research scientist in statistical genetics", "publish_date": "2021-12-08", "deadline": "N/A", "location": "Latokartanonkaari 9 Helsinki, Finland", "city": "Latokartanonkaari 9 Helsinki", "country": "Finland", "position": "Researcher", "field": "Animal Biology & Ethology, Applied Mathematics, Genetics, Statistics,", "salary": "N/A", "max_working_hours": "N/A", "employer": "Natural Resources Institute Finland (Luke)", "job_description": "N/A", "requirements_description": "N/A", "conditions_description": "N/A", "employer_description": "N/A", "department_description": "N/A", "additional_information": "N/A", "apply_link": "N/A", "employer_link": "N/A", "job_type": "N/A", "logo": "https://content.academicpositions.com/eyJidWNrZXQiOiJhcC1wcm9kdWN0aW9uLW1lZGlhLWFyY2hpdmUiLCJrZXkiOiI5MWFcL2RjM1wvOTFhZGMzNDk2MGM3MzI4ZjAxM2Y0OWU4YTdkMmY4OWMucG5nIiwiZWRpdHMiOltdfQ=="}