{"url": "https://academicpositions.com/ad/university-of-nottingham/2022/assistant-professors-in-finance-risk-and-banking/175113", "title": "Assistant Professors in Finance, Risk and Banking", "publish_date": "2022-02-10", "deadline": "2022-03-10", "location": "University Park Nottingham, United Kingdom", "city": "University Park Nottingham", "country": "United Kingdom", "position": "Research Assistant", "field": "Accounting, Finance, Financial Economics, Risk Management,", "salary": "N/A", "max_working_hours": "N/A", "employer": "University of Nottingham", "job_description": "N/A", "requirements_description": "N/A", "conditions_description": "N/A", "employer_description": "N/A", "department_description": "N/A", "additional_information": "N/A", "apply_link": "N/A", "employer_link": "N/A", "job_type": "N/A", "logo": "https://content.academicpositions.com/eyJidWNrZXQiOiJhcC1wcm9kdWN0aW9uLW1lZGlhLWFyY2hpdmUiLCJrZXkiOiIxZTdcL2UwMFwvMWU3ZTAwZDI1MTMyMTNjMGIxN2EyNTkwY2QwYTM3NDkuanBlZyIsImVkaXRzIjpbXX0="}