{"url": "https://academicpositions.com/ad/universite-libre-de-bruxelles/2021/phd-student-full-time-position-at-the-signal-transduction-metabolism-laboratory-televie-funded-project-liver-inflammation-and-cancer-in-obesity/164769", "title": "PhD Student Full-time position at the Signal Transduction & Metabolism Laboratory - TELEVIE Funded project Liver inflammation and cancer in obesity", "publish_date": "2021-10-15", "deadline": "N/A", "location": "Avenue Franklin Roosevelt 50 Brussels, Belgium", "city": "Avenue Franklin Roosevelt 50 Brussels", "country": "Belgium", "position": "PhD", "field": "Biology, Cancer Research, Cell Biology, Genetics, Molecular Biology,", "salary": "N/A", "max_working_hours": "N/A", "employer": "Universit\u00c3\u00a9 libre de Bruxelles (ULB)", "job_description": "N/A", "requirements_description": "N/A", "conditions_description": "N/A", "employer_description": "N/A", "department_description": "N/A", "additional_information": "N/A", "apply_link": "N/A", "employer_link": "N/A", "job_type": "N/A", "logo": "https://content.academicpositions.com/eyJidWNrZXQiOiJhcC1wcm9kdWN0aW9uLW1lZGlhLWFyY2hpdmUiLCJrZXkiOiIyMDE0XC8wMVwvdWxiLWxvZ28ucG5nIiwiZWRpdHMiOltdfQ=="}