{"url": "https://academicpositions.com/ad/vtt/2021/research-scientist-senior-scientist-for-digital-electronics-and-embedded-software/165683", "title": "Research Scientist / Senior Scientist for Digital Electronics and Embedded Software", "publish_date": "2021-11-09", "deadline": "N/A", "location": "Vuorimiehentie 3 Helsinki, Finland", "city": "Vuorimiehentie 3 Helsinki", "country": "Finland", "position": "Researcher", "field": "Computer Science, Electronics, Engineering, Programming Languages,", "salary": "N/A", "max_working_hours": "N/A", "employer": "VTT", "job_description": "N/A", "requirements_description": "N/A", "conditions_description": "N/A", "employer_description": "N/A", "department_description": "N/A", "additional_information": "N/A", "apply_link": "N/A", "employer_link": "N/A", "job_type": "N/A", "logo": "https://content.academicpositions.com/eyJidWNrZXQiOiJhcC1wcm9kdWN0aW9uLW1lZGlhLWFyY2hpdmUiLCJrZXkiOiIxYjJcLzA2Y1wvMWIyMDZjODQ0MTljY2ZlNWNjODU2MzM0MTZjMWVhMmUucG5nIiwiZWRpdHMiOltdfQ=="}