{"url": "https://academicpositions.com/ad/vrije-universiteit-brussel/2022/professor-french-applied-linguistics/174911", "title": "Professor French (applied) linguistics", "publish_date": "2022-02-04", "deadline": "2022-03-11", "location": "Boulevard de la Plaine 2 Brussels, Belgium", "city": "Boulevard de la Plaine 2 Brussels", "country": "Belgium", "position": "Assistant Professor", "field": "Applied Linguistics, Literary Theory, Romance languages,", "salary": "N/A", "max_working_hours": "N/A", "employer": "Vrije Universiteit Brussel (VUB)", "job_description": "<div class=\"editor ck-content mt-6 mb-6 mb-md-8 mt-md-8\" id=\"editor\">\n<h2><strong>1 - Working at the VUB</strong></h2><p>For already 50 years, the <strong>Vrije Universiteit Brussel</strong> has stood for freedom, equality and connectedness. These values are strongly present on our campuses, in our students as well as our staff. At the VUB, you\u00e2\u0080\u0099ll find a diverse collection of personalities: pure innovators and especially <strong>people who are 100% their authentic selves</strong>. With about <strong>3.500 employees</strong>, we are the <strong>largest Flemish-speaking employer in Brussels</strong>, an international city with which we are all too happy to be connected, and around which our four campuses are located.</p><p>Our education and research are grounded in the principles of <strong>free research</strong> with an eye on human progress. We disapprove of every purely authoritative argument and guarantee the free formation of judgement that is necessary for this basic principle to be incorporated in the community.</p><p>The VUB is autonomous and managed <strong>democratically</strong>. As such, we guarantee fundamental freedoms within our university, as well as the right of the university community to be involved in making and checking university policy.</p><p>The mission of the university includes:</p><ul><li>the development, the transfer and the application of high-standing academic education and scientific research, free from any prejudice;</li><li>community integration of this in a spirit of social compassion;</li><li>critical development of everyone in light of the responsibilities borne in the community.</li></ul><h2><strong>2 - Position description</strong></h2><p>The Faculty of <strong>Faculteit Letteren en Wijsbegeerte</strong>, Department <strong>Linguistics and Literary Studies</strong>, is looking for a <strong>tenure track lecturer</strong>.\u00a0</p><p>More concretely your work package contains:\u00a0</p><p><strong><u>Education and Research domain:</u></strong></p><p>French (applied) linguistics</p><p><strong><u>Education tasks:</u></strong></p><p>You will be responsible for several course units in the field of French linguistics and applied linguistics, amounting to approximately 24 ECTS of self-taught course units, possibly supplemented by other course units taught by an assistant under the responsibility of the appointed faculty member. The precise selection of course units will be determined in function of the needs of the study programs (given a pending program reform), but will be in line with the following package:</p><ul><li>Grammaire et linguistique du fran\u00c3\u00a7ais: introduction (hoorcollege), BA1 Applied Linguistics and Linguistics and Literary Studies, Semester 2 - ca. 2 hours of lectures per week - 6 ECTS</li><li>Grammaire et linguistique du fran\u00c3\u00a7ais 2 (hoorcollege), BA2 Linguistics and Literary Studies, Semester 2 \u00e2\u0080\u0093 ca. 2 hours of lectures per week \u00e2\u0080\u0093 6 ECTS</li><li>Introduction \u00c3\u00a0 la linguistique appliqu\u00c3\u00a9e du fran\u00c3\u00a7ais, BA3 Linguistics and Literary Studies, Semester 1 \u00e2\u0080\u0093 ca. 2 hours of lectures per week \u00e2\u0080\u0093 3 ECTS</li><li>Acquisition du fran\u00c3\u00a7ais langue \u00c3\u00a9trang\u00c3\u00a8re, Master Linguistics and Literary Studies, Multilingual Master and Educational Master, Semester 1 \u00e2\u0080\u0093 ca. 2 hours of lectures per week \u00e2\u0080\u0093 6 ECTS</li><li>Communication en contexte plurilingue, Master Linguistics and Literary Studies and Multilingual Master, Semester 2 \u00e2\u0080\u0093 ca. 2 hours of lectures per week \u00e2\u0080\u0093 6 ECTS</li></ul><p>The content of the courses can be determined in consultation with the program directors so that a connection can be found with the expertise of the faculty member to be recruited. These course units also require the supervision of working students (\u00e2\u0080\u0098werkstudenten\u00e2\u0080\u0099), and each faculty member is also expected to supervise a number of students determined by the study programs for their Bachelor's and Master's theses.</p><p><strong><u>Research tasks:</u></strong></p><p>Research in French (applied) linguistics, linking up with and strengthening one of the research priorities of the Center for Linguistics (CLIN), and one of the research priorities of the Brussels Institute for Applied Linguistics (BIAL).</p><p>Active fundraising and supervision of doctoral students in one of the aforementioned areas.</p><p>Building an international network in one of the aforementioned fields.</p><p><strong><u>Other tasks:</u></strong></p><p>Participation in the administrative responsabilities of the research group(s), study program(s), department and faculty. Contributions in terms of outreach and community engagement, as well as in terms of internationalization.\u00a0</p><p>For this function, our\u00a0<strong>Brussels Humanities, Sciences &amp; Engineering Campus (Elsene)</strong>\u00a0will serve as your home base.\u00a0</p><h2><strong>3 - Profile</strong></h2><p>What do we expect from you?</p><p><strong>You have\u00a0a diploma of doctor in French Linguistics or Applied Linguistics, or in a comparable, relevant domain.</strong></p><ul><li>As far as research is concerned, you can connect to and strengthen one of the research priorities of the Center for Linguistics (CLIN), and one of the research priorities of the Brussels Institute for Applied Linguistics (BIAL);</li><li>You perform sound scientific research in the relevant domains, demonstrable through (co-)authorship of publications listed in one of the categories of the VABB database;</li><li>You have experience in the teaching of French (applied) linguistics, and didactic qualities in line with the teaching duties, as evidenced in a trial teaching session (in the case of limited teaching experience) or based on student evaluations;</li><li>You are committed to research-based teaching, as shown in a clear vision on each of the courses to be taught;</li><li>You are an active member of international research network(s) or has a clear vision on how to develop and extend such a network;</li><li>You have experience in fundraising or has a clear vision on how to apply for funding, with an ambitious but realistic plan for the next five years;</li><li>You have a clear vision on scientific, methodological and societal engagement and on the involvement in the study programme(s), the department and the research group(s);</li><li>Multilingualism and international experience is an added value; non-Dutch-speaking candidates are expected to acquire Dutch at A2 level within two years, with a B2 level no later than five years after appointment; proficiency in English at a C1 level as well as a demonstrable basic proficiency in Dutch or ongoing efforts to acquire this before the start of the position are recommended.</li></ul><ul><li>You subscribe to the university\u00e2\u0080\u0099s vision of education. The full text in relation to this is available on the university website.</li></ul><ul><li>Every first appointment is dependent upon the successful delivery of a teaching session.</li></ul><ul><li>Members of the academic staff who, as title-holders, are charged with teaching assignments, must be able to demonstrate the required knowledge of the language of instruction for the relevant course units. Example: When a course unit is taught in English, the candidate is required to have the appropriate certificate. More information about the regulations concerning the language proficiency you can find via\u00a0<a href=\"https://jobs.vub.be/content/Regulations-concerning-language-proficiency/\" target=\"_blank\"><u>https://jobs.vub.be/content/Regulations-concerning-language-proficiency/</u></a> \u00a0</li></ul><h2><strong>4 - Offer</strong></h2><p>Are you going to be our new colleague?</p><p>You\u00e2\u0080\u0099ll be offered a\u00a0<strong>tenure track\u00a0appointment</strong>, for <strong>an assignment of\u00a01\u00a0FTE</strong>, for\u00a0<strong>5 years</strong>, with eligibility for tenure in the rank of senior lecturer by the end of this initial period, with planned starting date\u00a0<strong>01/10/2022</strong>.\u00a0</p><p>You\u00e2\u0080\u0099ll receive a salary linked to one of the scales set by the government.</p><p>At the VUB, you\u00e2\u0080\u0099re guaranteed an open, involved and diverse workplace where you are offered opportunities to (further) build on your career.</p><p>As well as this, you\u00e2\u0080\u0099ll enjoy various benefits:</p><ul><li><strong>Full reimbursement for your home-work commute with public transport </strong>according to VUB-policy, or compensation if you come by bike;</li><li>Cost-free <strong>hospitalisation insurance</strong>;</li><li>The space to form your job content and <strong>continuously learn</strong> via VUB LRN;</li><li><strong>Excellent facilities for sport and exercise</strong>;</li><li><strong>Ecocheques</strong>;</li><li>Delicious meals at attractive prices in our <strong>campus restaurants</strong>;</li><li>An open, family-friendly work environment where attention is paid to work-life balance, and exceptional holiday arrangements with <strong>35 days of leave</strong> (based on a fulltime contract).</li></ul><h2><strong>5 - Interested?</strong></h2><p>Is this the job you\u00e2\u0080\u0099ve been dreaming of?</p><p>Send us <strong><u>ONLINE</u></strong> and <strong><u>at latest on 11/03/2022</u></strong>:</p><ul><li>your motivation letter, including your vision on education and research, and an explanation about the development of your future research;</li><li>your curriculum vitae, including you academic dossier;</li><li>your degrees and diplomas (not applicable for VUB alumni) and language certificates.</li></ul><p>Do you have questions about the job content? Contact Rik Vosters\u00a0at rik.vosters@vub.be\u00a0or on +32(0) 497531840.</p><p>Would you like to know what it\u00e2\u0080\u0099s like to work at the VUB? Go to <strong><u>www.vub.ac.be/vacatures</u></strong> and find all there is to know about our campuses, benefits, strategic goals and your future colleagues.</p>\n</div>", "requirements_description": "N/A", "conditions_description": "N/A", "employer_description": "N/A", "department_description": "N/A", "additional_information": "N/A", "apply_link": "N/A", "employer_link": "N/A", "job_type": "N/A", "logo": "https://content.academicpositions.com/eyJidWNrZXQiOiJhcC1wcm9kdWN0aW9uLW1lZGlhLWFyY2hpdmUiLCJrZXkiOiJlYmRcL2NmZFwvZWJkY2ZkZTdkNmZhZDM2Mzc5N2U0Yjk1MGRjM2MzODkucG5nIiwiZWRpdHMiOltdfQ=="}