{"url": "https://academicpositions.com/ad/vtt/2022/research-technician-plant-biotechnology/175350", "title": "Research Technician, Plant Biotechnology", "publish_date": "2022-02-17", "deadline": "2022-03-06", "location": "Vuorimiehentie 3 Helsinki, Finland", "city": "Vuorimiehentie 3 Helsinki", "country": "Finland", "position": "Engineer/Technician", "field": "Biotechnology, Botany and plant science, Cell Biology, Molecular Biology,", "salary": "N/A", "max_working_hours": "N/A", "employer": "VTT", "job_description": "<div class=\"editor ck-content mt-6 mb-6 mb-md-8 mt-md-8\" id=\"editor\">\n<p><strong>Would you like to do impactful research in the cutting edge of natural sciences with superb colleagues who are top expert in their field? Do you want to build a science career and work in a versatile role at the interface of academy and industry? VTT might be just the place for you.</strong></p><p><i>VTT is one of the leading applied research organisations in Europe. What unites us are curiosity, a passion for learning and a purpose: to solve the biggest challenges of our time\u00a0and turn them into sustainable growth and well-being. Our cross-disciplinary community of over 2000 brilliant minds is focused on creating impact through science-based innovation.\u00e2\u0080\u00af Get to know us further\u00a0by exploring VTT\u00e2\u0080\u0099s research infra at\u00e2\u0080\u00af</i><a href=\"https://www.vttresearch.com/en/vtt-world/\" target=\"_blank\"><i><strong>VTT World</strong></i></a><i><strong>.\u00a0</strong></i></p><p><strong>We are now looking for Research Technician to join our Plant Biotechnology team.</strong></p><p>In this position, you will have an essential role in taking part in diverse research projects with a dedicated project team.</p><p>Our team, Plant Biotechnology, works on topics of great importance to society such as the sustainable production of biomass, ingredients, high-value chemicals and proteins utilizing cells in contained systems. Commercial applications can be found in chemical, pharmaceutical, cosmetic, personal care, food and feed, beverage, flavour and fragrance industries. Our activities are fully in line with VTT\u00e2\u0080\u0099s mission to build a sustainable food system and enable bioinspired production for sustainable materials.</p><p>Learn more about our research:\u00a0</p><p><a href=\"https://www.vttresearch.com/en/ourservices/plant-biotechnology\" target=\"_blank\">Plant biotechnology applications and products (vttresearch.com)</a>;</p><p><a href=\"https://www.vttresearch.com/en/ourservices/vtt-cellularfood-creating-and-piloting-sustainable-novel-food-solutions\" target=\"_blank\">Cellural food solutions and cellural agriculture (vttresearch.com)</a></p><h2><strong>Your responsibilities as Research Technician:</strong></h2><ul><li>Laboratory project work with plant cell, tissue and organ cultures, microbes and molecular biology</li><li>Perform laboratory experiments supervised by scientists</li><li>Documentation of experimental data and preparation of reports for scientists</li><li>Support laboratory organisational tasks</li></ul><h2><strong>Who are we looking for</strong></h2><p><strong>Your profile and experience:</strong></p><ul><li>Laboratory technician degree (no PhD or master\u00e2\u0080\u0099s degree required)</li><li>Hands-on experience with cell cultures</li><li>Work experience in molecular biology and excellent laboratory skills</li><li>Good scientific documentation and reporting skills</li><li>Good written and spoken English skills</li></ul><p><strong>It is an advantage if you also have:</strong></p><ul><li>Experience working with plant cell, tissue and organ cultures</li><li>Competence on microalgae/microorganisms</li></ul><h2><strong>As a person, we hope that you:</strong></h2><ul><li>skillfully and precisely perform experiments</li><li>can work independently and plan your own workdays</li><li>contribute to a good working environment and work well with other team members</li><li>show a high degree of responsibility and dedication in taking care of valuable living cultures</li></ul><h2><strong>With VTT, you\u00e2\u0080\u0099ll\u00a0enjoy:</strong></h2><ul><li><strong>Natural sciences with\u00a0an\u00a0impact.</strong>\u00a0VTT works on the cutting-edge of natural sciences, and we\u00e2\u0080\u0099ve invested into building state-of-the-art research facilities for natural sciences, such as the Bioruukki pilot infrastructure for bio- and circular economy. Our research agenda is dedicated to solving systemic and technological challenges, such as reaching carbon neutrality and unleashing the power of synthetic biology. That means that at VTT, your expertise in natural sciences will go towards creating real impact. Read more about our strategy \u00e2\u0080\u0093\u00a0<a href=\"https://www.vttresearch.com/en/news-and-ideas/welcome-path-exponential-hope-how-turn-turbulence-2020s-sustainable-growth\" target=\"_blank\">the path of exponential hope</a>.</li><li><strong>Superb colleagues and community. </strong>With VTT, you\u00e2\u0080\u0099ll join a community of over 2000 multidisciplinary experts who foster a culture of trust, openness and sharing knowledge. We work truly across disciplines, and house all the cutting-edge sciences from quantum computing to synthetic biology under one roof. Collaborating with superb colleagues is a source of learning, inspiration, and fun.</li><li><strong>Excellent career in research. </strong>At VTT, excellence in research is a strategic priority. We offer long-term positions and stable career paths in top-level research. People tend to stay with us over 10 years since there are always new roles and responsibilities to grow into. A combination of cutting-edge academic research and applied customer projects keeps\u00a0your career path\u00a0interesting.</li><li><strong>Support for your well-being. </strong>Our people are our main asset, so we take good care of them. We aim to nurture great team spirit and leadership and offer versatile well-being services to enable a good work\u00e2\u0080\u0093life balance. On top of 6 weeks of paid holidays we offer exercise and culture benefits, hobby clubs, and voluntary well-being services such as meditation programmes and trainings on cognitive ergonomics.\u00a0\u00a0\u00a0 \u00a0</li></ul><p><strong>Apply now\u00a0and\u00a0join our community of brilliant minds!</strong></p><p>Please\u00e2\u0080\u00afsend your CV and application with your salary request via our recruitment system as soon as possible\u00e2\u0080\u00afbut\u00a0<strong>at the latest by 6 March 2022.\u00a0</strong>We will process applications as they come in.</p><h2><strong>Interested and want to hear more?</strong></h2><p>For further information, please contact Research Team Leader Heiko Rischer, heiko.rischer@vtt.fi</p><p><strong>We look forward to hearing from you!</strong></p><p><strong>Location:</strong>\u00a0Espoo, Finland</p><p>Apply between <strong>14 February 2022</strong> and <strong>6 March 2022 23:59 (Europe/Helsinki)</strong></p><p><strong>Employment type:</strong> Fulltime, permanent</p><h2>VTT</h2><p><i>VTT is a visionary research, development and innovation partner. We drive sustainable growth and tackle the biggest global challenges of our time and turn them into growth opportunities. We go beyond the obvious to help the society and companies to grow through technological innovations. We have over 75 years of experience of top-level research and science-based results. VTT\u00c2\u00b4s turnover and other operating income is 258 M\u00e2\u0082\u00ac. VTT is at the sweet spot where innovation and business come together.</i></p><p>VTT \u00e2\u0080\u0093 beyond the obvious.</p>\n</div>", "requirements_description": "N/A", "conditions_description": "N/A", "employer_description": "N/A", "department_description": "N/A", "additional_information": "N/A", "apply_link": "N/A", "employer_link": "N/A", "job_type": "N/A", "logo": "https://content.academicpositions.com/eyJidWNrZXQiOiJhcC1wcm9kdWN0aW9uLW1lZGlhLWFyY2hpdmUiLCJrZXkiOiIxYjJcLzA2Y1wvMWIyMDZjODQ0MTljY2ZlNWNjODU2MzM0MTZjMWVhMmUucG5nIiwiZWRpdHMiOltdfQ=="}