{"url": "https://academicpositions.com/ad/eurotechpostdoc2/2021/eurotechpostdoc2-programme/172186", "title": "EuroTechPostdoc2 programme", "publish_date": "2021-12-10", "deadline": "2022-02-24", "location": "N/A", "city": "N/A", "country": "N/A", "position": "Other Category", "field": "Accelerator Physics, Accounting, Acoustic Engineering, Acoustics, Addiction Medicine, and 406 moreAdult Education,Aeronautical Engineering,Aerospace Engineering,Agricultural Economics,Agricultural Engineering,Agronomy,Algebra,Algorithms,Allergology,Analysis,Analytical Chemistry,Anatomy,Andrology,Anesthesiology,Animal Biology & Ethology,Animal Science,Applied Mathematics,Applied Philosophy,Applied Physics,Aquaculture,Architecture,Artificial Intelligence,Artificial Neural Network,Arts Education,Astrobiology,Astrochemistry,Astronomy,Astrophysics,Atmospheric Chemistry,Atmospheric Sciences,Atomic, Molecular and Optical Physics,Audio Systems Engineering,Audiology,Automotive Engineering,Automotive Systems Engineering,Bacteriology,Bariatrics,Behavioural Economics,Behavioural Science,Big Data,Biochemistry,Bioengineering,Biogeography,Bioinformatics,Biomedical Engineering,Biomedicine,Biophysics,Biostatistics,Biosystems Engineering,Biotechnology,Botany and plant science,Business Administration,Business Economics,Business Education,Business Ethics,Cancer Research,Cardiology,Cartography,Catalysis,Cell Biology,Chemical Biology,Chemical Engineering,Chemical Physics,Chemical Thermodynamics,Chemo-informatics,Chronobiology,Civil Engineering,Climatology,Clinical Sciences,Cognitive Psychology,Communication Design,Communication Engineering,Comparative Education,Computational Biology,Computational Chemistry,Computational Economics,Computational Engineering,Computational Linguistics,Computational Mathematics,Computational Physics,Computational Sciences,Computer Architecture,Computer Communications (Networks),Computer Engineering,Computer Graphics,Computer Vision,Computer and Society,Computing in Mathematics, Natural Science, Engineering and Medicine,Computing in Social science, Arts and Humanities,Condensed Matter Physics,Consumer Economics,Control Systems Engineering,Controlling,Corporate Finance,Cosmology,Crop Science,Cryogenics,Curriculum Theory,Cyber Security,Data Mining,Data Structures,Databases,Dentistry,Dermatology,Design History,Development Economics,Developmental Biology,Didactics,Digital Education,Disaster Medicine,Distributed Computing,Early Childhood Education,Ecological Engineering,Ecology,Econometrics,Economic Geography,Economic History,Economic Psychology,Economic Sociology,Educational Assessment,Educational Leadership,Educational Management,Educational Policy,Educational Psychology,Educational Technology,Educational Theory,Electrical Engineering,Electrochemistry,Electromagnetism,Electronics,Emergency Medicine,Endocrinology,Energy Economics,Energy Technology,Engineering Education,Engineering Physics,Entomology,Entrepreneurship,Environmental Chemistry,Environmental Economics,Environmental Engineering,Environmental Science,Epidemiology,Ethics,Evolutionary Biology,Experimental Physics,Experimental Psychology,Fashion Design,Finance,Financial Economics,Fire Safety Engineering,Fluid Dynamics,Fluid Mechanics,Food Economics,Food Science,Forensic Science,Forestry,Further (Post-compulsory) Education,Game Design,Game Theory,Gastroenterology,Gender Studies,Genetics,Geochemistry,Geodesy and Surveying,Geography,Geoinformatics (GIS),Geology,Geometry and Topology,Geomicrobiology,Geomorphology,Geophysics,Geostatistics,Geotechnical Engineering,Geriatrics,Gerontology,Graphic Design,Health Economics,Health Science,Hematology,Hepatology,Higher Education,Histology,History of Mathematics,History of Philosophy,History of Science,Horticulture,Human Biology,Human Development Theory,Human Resource Management,Human-computer Interaction,Humanities Education,Hydraulics,Hydrogeology,Hydrology,Image Processing,Immunochemistry,Immunology,Implantology,Industrial Design,Industrial Economics,Industrial Engineering,Infectious Diseases,Informatics,Information Science,Information Systems,Information Systems (Business Informatics),Inorganic Chemistry,Instrumentation Engineering,Interior Design,Internal Medicine (General Medicine),International Economics,International Education,International and Comparative Labour,International and Humanitarian Medicine,Labour Economics,Landscape Architecture,Language Education,Language Technology,Laser Physics,Limnology,Literacy Education,Logic,Logistics,Logopedics,Machine Learning,Machine Vision,Macroeconomics,Management,Manufacturing,Manufacturing Engineering,Marine Biology,Marine Engineering,Marine Geoscience,Marketing,Materials Chemistry,Materials Engineering,Materials Physics,Mathematical Chemistry,Mathematical Economics,Mathematical Physics,Mathematics Education,Mechanical Engineering,Mechanics,Mechatronics,Media Education,Medical Imaging,Medical Management,Medical Physics,Medical Technology,Medicinal Chemistry,Meteorology,Microbiology,Microeconomics,Military Engineering,Mineralogy,Mining Engineering,Molecular Biology,Molecular Chemistry,Molecular Medicine,Molecular Physics,Mycology,Nanobiochemistry,Nanobiology,Nanochemistry,Nanotechnology,Nephrology,Neurolinguistics,Neurology,Neuropsychology,Neuroscience,Nuclear Chemistry,Nuclear Engineering,Nuclear Physics,Number Theory,Nursing Science,Nutrition and Dietetics,Observation Medicine,Observational Astronomy,Obstetrics & Gynecology,Occupational Therapy,Oceanography,Oncology,Operating Systems,Ophthalmology,Optical Engineering,Optics,Optometry,Organic Chemistry,Organizational Economics,Organizational Psychology,Organometallic Chemistry,Orthopedics,Otolaryngology,Paleobiology,Paleoclimatology,Paleontology,Parallel Computing,Parasitology,Particle Physics,Pathology,Peace Education,Pedagogic Theory,Pediatrics,Petrochemistry,Petroleum Engineering,Petrology,Pharmacy & Pharmacology,Philosophy of Science,Photochemistry,Photonics,Physical Chemistry,Physiology,Physiotherapy,Phytochemistry,Plant Fertilization, Animal and Human Nutrition,Plant Protection and Animal Health,Plasma Physics,Polymer Chemistry,Pre-school Education,Primary Education,Probability Theory,Product Design,Production development,Programming Languages,Project Management,Psychiatry & Psychology,Public Economics,Public Health,Quality Assurance Engineering,Quantitative Psychology,Quantum Computing,Quantum Physics,Radiochemistry,Radiology,Railway Engineering,Real Estate Economics,Regenerative Medicine,Rehabilitation Medicine,Remote Sensing,Renewable Energy,Resource Economics,Respiratory Medicine,Rheumatology,Risk Management,Robotics,Safety Engineering,Science Education,Secondary Education,Seismology,Signal Processing,Social Science Education,Socioeconomics,Software Design,Software Engineering,Soil Science,Solid-state Chemistry,Solid-state Physics,Spatial Planning,Special Education,Spectroscopy,Sport Science,Sports Medicine & Exercise Physiology,Statistics,Stochastics,Strategic Management,Structural Biology,Structural Engineering,Supply Chain Management,Surface Chemistry,Surgery,Synthetic Chemistry,Systematics (Taxonomy),Systems Biology,Systems Engineering,Teacher Education,Teaching Methods,Technology Education,Technology Management,Telecommunications Engineering,Textile Design,Theoretical Chemistry,Theoretical Physics,Theory of Computation,Thermochemistry,Thermodynamics,Tourism Economics,Toxicology,Transfusion Medicine,Transplantation,Transport Economics,Transportation Engineering,Traumatology,Urban Design,Urban Studies,Urology,Vascular Medicine,Vehicle Dynamics,Veterinary sciences,Virology,Vocational Education,Volcanology,Waste Management,Water Science,Welfare Economics,Zoology", "salary": "N/A", "max_working_hours": "N/A", "employer": "EuroTechPostdoc2", "job_description": "<div class=\"editor ck-content mt-6 mb-6 mb-md-8 mt-md-8\" id=\"editor\">\n<h4>Outline</h4><p>The <strong>EuroTech Universities Alliance</strong> (https://eurotech-universities.eu/) is a strategic partnership of leading European universities of science &amp; technology committed to excellence in research and jointly developing solutions to the grand challenges of society. The members are: Technical University of Denmark (<strong>DTU</strong>), \u00c3\u0089cole polytechnique f\u00c3\u00a9d\u00c3\u00a9rale de Lausanne (<strong>EPFL</strong>), \u00c3\u0089cole Polytechnique (<strong>L'X</strong>), Technion Israel Institute of Technology (<strong>Technion)</strong>, Eindhoven University of Technology (<strong>TU/e</strong>), Technical University of Munich (<strong>TUM</strong>). By promoting in-depth collaboration across research and education, as well as nurturing innovation and entrepreneurship, the Alliance combines the complementary strengths of its partner universities to jointly achieve multi-scale initiatives of high impact on society and industry. The Alliance also openly engages with all societal actors to raise awareness on the opportunities offered by science and technology.</p><p>The main characteristics of EuroTechPostdoc2 are:</p><ul><li>EuroTechPostdoc2 is a <strong>Marie Sk\u00c5\u0082odowska-Curie</strong> fellowship programme.</li><li>Potential fellows have to submit their <strong>own research proposal</strong> including a <strong>Host Supervisor</strong> and a <strong>Co-host Supervisor</strong> <strong>from two different EuroTech universities</strong>.<ul><li>Four universities can act as Host Institution:<ul><li>Technical University of Denmark (DTU),</li><li>L\u00e2\u0080\u0099\u00c3\u0089cole Polytechnique \u00c3\u00a0 Paris (l\u00e2\u0080\u0099X),</li><li>Eindhoven University of Technology (TU/e)</li><li>Technical University of Munich (TUM)</li></ul></li><li>All six universities within the EuroTech Universities Alliance can act as Co-host Institution:<ul><li>The four above, but also</li><li>\u00c3\u0089cole Polytechnique F\u00c3\u00a9d\u00c3\u00a9rale de Lausanne (EPFL)</li><li>Technion Israel Institute of Technology (Technion)</li></ul></li></ul></li><li>Eligibility criteria apply (see below)</li><li>The project should be a <strong>collaborative project</strong> between the two EuroTech universities involved. The best way to collaborate can be decided between the fellow and the supervisors involved. However, secondments or several shorter research visits are encouraged.</li><li>The programme is <strong>open to all research topics</strong> within the alliance. Fellows may freely choose a research topic and the appropriate organisations to host them, fitting their individual needs and ambitions. There are no focus areas defined nor used in the evaluation.</li><li>We will be offering <strong>70 fellowships of 24-months each</strong>, distributed over 2 calls of 35 positions each, divided over the universities as follows: DTU, TU/e and TUM: each 20 positions; L\u00e2\u0080\u0099X: 10 positions.</li><li>The first call has closed, and the evaluation is finished.</li><li>The second call is currently open with <strong>a deadline on February 24, 2022</strong>.</li><li>Fellowships must start <strong>before February 1, 2023</strong>.</li><li>During the programme, we will be offering <strong>extensive training opportunities</strong> within the so-called EuroTech Postdoc Academy.</li></ul><p>EuroTechPostdoc2 is dedicated to promoting the role of women in science, and, therefore, explicitly invites women to apply.</p><h4>What is funded</h4><p>The fellowship consists of a <strong>monthly salary</strong> for the postdoctoral researcher based on the salary scale of the Host Institution and is granted for a <strong>period of twenty-four (24) months</strong>, and a dedicated <strong>Career development and research budget</strong> (up to \u00e2\u0082\u00ac8,000) and <strong>Collaboration and travel budget</strong> (up to \u00e2\u0082\u00ac6,000) related to the project.</p><p>The <strong>monthly salary</strong> is among others dependent on the Host Institution. Below, we therefore mention the minimum gross salary per institution. The actual salary will be based on the experience and qualifications of each admitted postdoctoral researcher.</p><ul><li>DTU: The minimum gross salary for DTU fellows is 40,543 DKK, including a pension contribution of 17,1% (based on the collective agreements (AC overenskomst)).</li><li>L\u00e2\u0080\u0099X: The minimum gross salary for l\u00e2\u0080\u0099X fellows is 3,080 EUR.</li><li>TU/e: The minimum gross salary for TU/e fellows is 3,353 EUR (Salary scale 10.4, in accordance with the Collective Labor Agreement for Dutch Universities.) Additionally, fellows receive an annual holiday allowance of 8% of the yearly salary, plus a year-end allowance of 8.3% of the annual salary.</li><li>TUM: The minimum gross salary for TUM fellows is 4,074.30 EUR (Payment Group TV-L E13 level 1, on the basis of the collective agreement for the public service of the federal state of Bavaria).</li></ul><p>The <strong>Career development and research budget</strong> is a fixed amount of up to \u00e2\u0082\u00ac8000 per fellowship. This amount is intended to cover the costs associated with the fellow\u00e2\u0080\u0099s project as outlined in the Research Plan of the proposal, including, but not limited to:</p><ul><li>the cost of attending the 2 compulsory Bootcamps (1 week each) at one of the EuroTech partner universities</li><li>the potential costs of open access publication (which is compulsory in projects receiving EU funding, maximum embargo of 6 months (12 months for social sciences and humanities) after publication)</li><li>attending career development and training courses</li><li>attending conferences &amp; meetings</li><li>outreach and communication activities</li></ul><p>If sufficient, this amount could also help to cover the cost of the research (e.g. consumables, small equipment, access to databases etc), as appropriate.</p><p>The <strong>Collaboration and travel budget</strong> is a fixed amount of up to \u00e2\u0082\u00ac6000 per fellowship, to cover the expenses related to the collaboration with the Co-Host Supervisor described in the proposal (including travel and accommodation expenses during secondments and/or visits to the Co-Host Institution). If sufficient, this amount can also be used for other collaborative travels directly related to the research project.</p><p><strong>Additional Career development and research costs</strong>, and <strong>additional Collaboration and travel cost</strong> necessary to conduct the fellow\u00e2\u0080\u0099s project as outlined in the Research Plan of the proposal is covered by the Host Department or Host Group and has to be negotiated individually.</p><h4>Duration</h4><p>Each fellowship is granted for a period of twenty-four (24) months. Prolongation within the EuroTechPostdoc2 Programme is not possible.</p><h4>Eligibility</h4><p>To be considered eligible, applicants must fulfil the following eligibility criteria:</p><ul><li>Applicants must be <strong>Experienced Researchers</strong>, namely they must, on the call deadline (February 24, 2022), be in possession of a doctoral degree or have at least four years of full-time equivalent research experience.</li><li><strong>MSCA Mobility Rule</strong>: Researchers may not have resided or carried out their main activity (work, studies, etc.) in the country of the Host Institution for more than twelve (12) months in the three (3) years immediately before the call deadline (February 25, 2019 \u00e2\u0080\u0093 February 24, 2022). Time spent as part of a procedure for obtaining refugee status under the Geneva Convention, compulsory national service and/or short stays such as holidays are not taken into account. Exceptions related to Covid-19 can be considered, based on a case-by-case analysis.</li><li>Applicants must be able to carry out <strong>full time research</strong> during the fellowship period (parental leave, sick leave, military leave and care leave are accepted).</li><li>Research direction should follow the <strong>H2020 Ethics rules</strong>.</li></ul><h4>How to apply</h4><p>Applications need to be done via an online the application portal. A link is provided on <a href=\"http://eurotech-postdoc2.eu/\" target=\"_blank\">http://eurotech-postdoc2.eu/</a>.</p><h4>Further information and contact</h4><p>Please visit the EuroTechPostdoc2 website <a href=\"http://eurotech-postdoc2.eu/\" target=\"_blank\">http://eurotech-postdoc2.eu/</a> for further information.</p><p>Contact: <a href=\"mailto:postdoc2@eurotech-universities.eu\">postdoc2@eurotech-universities.eu</a></p><p>This project has received funding from the European Union\u00e2\u0080\u0099s Horizon 2020 research and innovation programme under the Marie Sk\u00c5\u0082odowska-Curie grant agreement No. 899987.</p>\n</div>", "requirements_description": "N/A", "conditions_description": "N/A", "employer_description": "N/A", "department_description": "N/A", "additional_information": "N/A", "apply_link": "N/A", "employer_link": "N/A", "job_type": "N/A", "logo": "https://content.academicpositions.com/eyJidWNrZXQiOiJhcC1wcm9kdWN0aW9uLW1lZGlhLWFyY2hpdmUiLCJrZXkiOiJ1cGxvYWRzXC9LMWpDbWZsZThyUXJ2UVppU0ZxamVGNUY0aVpIN1NrcUl2QmVYcDdrLmpwZyIsImVkaXRzIjpbXX0="}