{"url": "https://academicpositions.com/ad/nioz-royal-netherlands-institute-for-sea-research/2022/tenure-track-principle-investigator-position-on-the-dynamics-of-lower-trophic-level-consumers/174805", "title": "Tenure-track Principle Investigator position on the Dynamics of Lower Trophic Level Consumers", "publish_date": "2022-02-02", "deadline": "2022-03-04", "location": "Landsdiep 4 Den Helder, Netherlands", "city": "Landsdiep 4 Den Helder", "country": "Netherlands", "position": "Assistant Professor", "field": "Ecology, Marine Biology, Marine Geoscience, Molecular Biology, Oceanography, and 1 moreSystematics (Taxonomy)", "salary": "N/A", "max_working_hours": "N/A", "employer": "NIOZ Royal Netherlands Institute for Sea Research", "job_description": "N/A", "requirements_description": "N/A", "conditions_description": "N/A", "employer_description": "N/A", "department_description": "N/A", "additional_information": "N/A", "apply_link": "N/A", "employer_link": "N/A", "job_type": "N/A", "logo": "https://content.academicpositions.com/eyJidWNrZXQiOiJhcC1wcm9kdWN0aW9uLW1lZGlhLWFyY2hpdmUiLCJrZXkiOiIyMDEyXC8wOFwvTklPWkxvZ28ucG5nIiwiZWRpdHMiOltdfQ=="}