{"url": "https://academicpositions.com/ad/university-of-turku/2022/doctoral-candidate-position-with-a-research-focus-on-plankton-parasite-interactions/174279", "title": "Doctoral candidate position with a research focus on plankton-parasite interactions", "publish_date": "2022-01-20", "deadline": "2022-03-11", "location": "TURUN YLIOPISTO Turku, Finland", "city": "TURUN YLIOPISTO Turku", "country": "Finland", "position": "PhD", "field": "Bioinformatics, Genetics, Microbiology,", "salary": "N/A", "max_working_hours": "N/A", "employer": "University of Turku", "job_description": "N/A", "requirements_description": "N/A", "conditions_description": "N/A", "employer_description": "N/A", "department_description": "N/A", "additional_information": "N/A", "apply_link": "N/A", "employer_link": "N/A", "job_type": "N/A", "logo": "https://content.academicpositions.com/eyJidWNrZXQiOiJhcC1wcm9kdWN0aW9uLW1lZGlhLWFyY2hpdmUiLCJrZXkiOiIxZWNcLzkwYlwvMWVjOTBiZWY5NjU2NTEyMThmYjg5OWE4OTA1NDlhNGQucG5nIiwiZWRpdHMiOltdfQ=="}