{"url": "https://academicpositions.com/ad/university-of-copenhagen/2022/postdoc-position-in-southeast-european-neolithic-archaeology/175302", "title": "Postdoc position in southeast European Neolithic archaeology", "publish_date": "2022-02-16", "deadline": "2022-03-28", "location": "Studiestr\u00c3\u00a6de Copenhagen, Denmark", "city": "Studiestr\u00c3\u00a6de Copenhagen", "country": "Denmark", "position": "Postdoc", "field": "Archaeology,", "salary": "N/A", "max_working_hours": "N/A", "employer": "University of Copenhagen", "job_description": "<div class=\"editor ck-content mt-6 mb-6 mb-md-8 mt-md-8\" id=\"editor\">\n<p>The Saxo Institute, Faculty of Humanities at University of Copenhagen, offers a 3-year postdoc position focused on the southeast European Neolithic. The position is available from 1 September 2022 and is part of the research project \u00e2\u0080\u0098A World without Images: Uncovering the absence of figurative representations in Early Neolithic northern Europe\u00e2\u0080\u0099 funded by the Carlsberg Foundation.</p><p><strong>Project description</strong><br/>The overall goal of the project is to explain why figurative representations are missing among Northern Europe\u00e2\u0080\u0099s first farmers. As farming spread from southeast to central Europe, the number of figurines decreased and when agriculture expanded to northern Europe, they had disappeared. The project seeks explanations for the absence of figurines in deep socio-cultural and ritual-religious differences dividing Neolithic Europe in a figurative southeastern part and an imageless northern part. This will include the identification and analyses of shifts in social organization and ritual-religious practices across early agricultural communities in southeast and central Europe.</p><p>The successful candidate will be part of a small research group consisting of the Principal Investigator and one PhD student and will be based at the Saxo Institute, University of Copenhagen, under supervision of Principal Investigator of the project Associate Professor Rune Iversen.</p><p><strong>Job description</strong><br/>The postdoc will focus on data collection, comparative analyses and presentation of results. The data collection centres on the southeast European Neolithic including, but not limited to, the Star\u00c4\u008devo-K\u00c3\u00b6r\u00c3\u00b6s-Cri\u00c5\u009f complex and the Linear Pottery culture. The data collection will focus on two main aspects: the presence of figurines and the manifestations of changes in ritual practices and belief systems across early Neolithic groups. The main task will be to collect and record the relevant data in a custom-made database and perform detailed distribution maps in GIS in order to investigate similarities and differences in material culture. The gathered information will be incorporated into a wider analysis referring to the main project\u00e2\u0080\u0099s research question.</p><p>The selected candidate is expected to contribute substantially to publications in the research group, oral dissemination of results, organization of an international workshop to be held at the University of Copenhagen and participate in active research environments, including a stay at another research institution.</p><p><strong>Qualification requirements</strong><br/>In order to be considered for the position, applicants must have research qualifications at least corresponding to what can be achieved as part of a successfully completed PhD. The ideal candidate will have a PhD in southeast European Neolithic archaeology. We seek candidates with good interpersonal skills, the ability to organise work independently and to produce state-of-the-art research. Experiences with managing large datasets and familiarity with GIS is an advantage. Furthermore, good skills in spoken and written English is a prerequisite.</p><p>For further details about the qualification requirements for postdocs, please refer to the job structure for Academic Staff at Universities 2013: <a href=\"https://ufm.dk/en/legislation/prevailing-laws-and-regulations/education/files/job-structure-for-academic-staff-at-universities-2013.pdf\" target=\"_blank\"><u>https://ufm.dk/en/legislation/prevailing-laws-and-regulations/education/files/job-structure-for-academic-staff-at-universities-2013.pdf</u></a></p><p><strong>Salary and conditions of employment</strong><br/>Terms of appointment and salary will be in accordance with an agreement between the Ministry of Finance and The Danish Confederation of Professional Associations (AC). The salary range starts at DKK 35,000 (EUR 4,701) per month + a 17.1 % contribution to the pension scheme. It is possible to negotiate salary supplements on an annual basis.</p><p>The Danish Ministry of Finance and the Danish Confederation of Professional Associations (AC) have further agreed on a protocol that makes it possible for international researchers employed by the University to achieve a pension exemption, whereby the pension contribution will be paid out as salary. For more information about the different pension schemes, please see <a href=\"https://ism.ku.dk/onarrival/pension/\" target=\"_blank\"><u>https://ism.ku.dk/onarrival/pension/</u></a></p><p>A special tax scheme is offered to researchers recruited abroad, <a href=\"https://ism.ku.dk/onarrival/\" target=\"_blank\"><u>https://ism.ku.dk/onarrival</u></a></p><p>If you consider applying from abroad, you may find useful information on how it is to work in Denmark and at UCPH here: <a href=\"https://ism.ku.dk/\" target=\"_blank\"><u>http://ism.ku.dk</u></a>, \u00e2\u0080\u008b\u00e2\u0080\u008b<a href=\"http://www.nyidanmark.dk/en-us/frontpage.htm\" target=\"_blank\"><u>http://www.nyidanmark.dk/en-us/frontpage.htm</u></a> and <a href=\"https://www.workindenmark.dk/\" target=\"_blank\"><u>https://www.workindenmark.dk</u></a></p><p>We seek to reflect the breadth and diversity of society and encourage applications irrespective of personal background.</p><p><strong>Application</strong><br/>Submit the application online in Adobe PDF or Word format.</p><p>Please click on the \u00e2\u0080\u0098APPLY NOW\u00e2\u0080\u0099 icon at the bottom of the page and fill in the application form.</p><p>The application must be written in English and include the following enclosures:</p><ul><li>Cover letter (max 1 pages), including your motivation for applying for the specific postdoc position.</li><li>Curriculum vitae (with the applicant\u00e2\u0080\u0099s email and telephone number), including information about your education, experience, language skills and other skills relevant for the position.</li><li>Documentation of qualifications (examination certificates/PhD diploma, etc.).</li><li>Complete list of publications. The enclosed publications must be marked with*.</li><li>Research plan, including a short description of previous research and a plan for the coming years that includes an account of how the applicant will contribute to the deliverables in the project/job description.</li><li>Documentation of teaching qualifications and research dissemination, if any.</li><li>Publications. Applicants may choose a maximum of three publications for assessment. Publication dates must be clearly marked on the publication list. The publications selected must be uploaded as attachments and listed from 1 to 3. Should any of the submitted publications consist of work with named co-authors, or work that is otherwise the result of collective academic endeavours, the extent of the applicant\u00e2\u0080\u0099s contribution to the work must be clearly stipulated. The Faculty may ask for a signed statement from the co-authors stipulating the extent and nature of each individual\u00e2\u0080\u0099s contribution.</li></ul><p>Only material in Danish, Norwegian, Swedish, German and English can be expected to be assessed.</p><p><strong>Appointment procedure</strong><br/>Applicants are selected for assessment on the advice of an Appointment Committee. All applicants will be notified of the decision of the Appointment Committee. Following shortlisting, an Assessment Committee is appointed. Shortlisted applicants are notified of the composition of this committee. Applicants have the opportunity to comment on the assessment of their own application. Following assessment, a number of qualified candidates will be invited for an interview.</p><p>For further information on the recruitment process: <a href=\"https://employment.ku.dk/faculty/recruitment-process/\" target=\"_blank\"><u>Recruitment, UCPH</u></a>.</p><p><strong>Contact information</strong><br/>For further information about the position, please contact Principal Investigator of the project Associate Professor <a href=\"mailto:runeiversen@hum.ku.dk\"><u>Rune Iversen</u></a> (email: runeiversen@hum.ku.dk, phone: +45 93509427)</p><p>For any further questions regarding recruitment please contact HR officer, e-mail: <a href=\"mailto:hrsc@hrsc.ku.dk\"><u>hrsc@hrsc.ku.dk</u></a>, please refer to ID number: 211-1011/22-2I #1.</p><p><strong>Application deadline</strong></p><p>Applicants must submit the application electronically no later than <strong>28 March 2022 at 23.59 (CEST)</strong>.<strong> \u00a0</strong></p><p>Applicants can amend their application after submission up until the application deadline.</p><p>Applications or supplementary material received thereafter will not be considered.</p><p><a href=\"https://candidate.hr-manager.net/ApplicationInit.aspx?cid=1307&amp;ProjectId=155811&amp;DepartmentId=18986&amp;MediaId=5&amp;SkipAdvertisement=true\" target=\"_blank\"><strong>S\u00c3\u0098G STILLINGEN</strong></a></p><p><i>K\u00c3\u00b8benhavns Universitet giver sine knap 10.000 medarbejdere muligheder for at udnytte deres talent fuldt ud i et ambiti\u00c3\u00b8st, uformelt milj\u00c3\u00b8. Vi sikrer traditionsrige og moderne rammer om uddannelser og fri forskning p\u00c3\u00a5 h\u00c3\u00b8jt internationalt niveau. Vi s\u00c3\u00b8ger svar og l\u00c3\u00b8sninger p\u00c3\u00a5 f\u00c3\u00a6lles problemer og g\u00c3\u00b8r ny viden tilg\u00c3\u00a6ngelig og nyttig for andre.</i></p><h3><strong>Info</strong></h3><p><strong>Ans\u00c3\u00b8gningsfrist:</strong> 28-03-2022</p><p><strong>Ans\u00c3\u00a6ttelsesdato:</strong> 01-09-2022</p><p><strong>Afdeling/Sted:</strong> Saxo-Instituttet</p>\n</div>", "requirements_description": "N/A", "conditions_description": "N/A", "employer_description": "N/A", "department_description": "N/A", "additional_information": "N/A", "apply_link": "N/A", "employer_link": "N/A", "job_type": "N/A", "logo": "https://content.academicpositions.com/eyJidWNrZXQiOiJhcC1wcm9kdWN0aW9uLW1lZGlhLWFyY2hpdmUiLCJrZXkiOiI1OTBcLzcyNFwvNTkwNzI0NmU2YjZlOTIwZTA2MWQzZWQyZWVhZTMwYjAucG5nIiwiZWRpdHMiOltdfQ=="}