{"url": "https://academicpositions.com/ad/wenzhou-kean-university/2021/assistant-professor-lecturer-in-communication/165378", "title": "Assistant Professor/Lecturer in Communication", "publish_date": "2021-11-02", "deadline": "N/A", "location": "88 Daxue Rd, Ouhai, Zhejiang Province Wenzhou, China", "city": "88 Daxue Rd", "country": "China", "position": "Assistant Professor", "field": "Business Ethics, Business and Economics, Journalism, Literature, Marketing, and 2 moreMedia and Communication Studies,Social Science", "salary": "N/A", "max_working_hours": "N/A", "employer": "Wenzhou-Kean University", "job_description": "N/A", "requirements_description": "N/A", "conditions_description": "N/A", "employer_description": "N/A", "department_description": "N/A", "additional_information": "N/A", "apply_link": "N/A", "employer_link": "N/A", "job_type": "N/A", "logo": "https://content.academicpositions.com/eyJidWNrZXQiOiJhcC1wcm9kdWN0aW9uLW1lZGlhLWFyY2hpdmUiLCJrZXkiOiIyODNcLzY0NFwvMjgzNjQ0MTViNjFlMWM1NTViMTU2ZjljNjM5MjZmMTYucG5nIiwiZWRpdHMiOltdfQ=="}