{"url": "https://academicpositions.com/ad/fraunhofer-institute-optronics-system-technologies-image-exploitation-iosb/2021/wissenschaftler-in-im-bereich-data-analytics-und-ki-fur-industrielle-anwendungen/164017", "title": "Scientist in the field of data analytics and AI for industrial applications", "publish_date": "2021-09-30", "deadline": "N/A", "location": "Fraunhoferstra\u00c3\u009fe 1 Karlsruhe, Germany", "city": "Fraunhoferstra\u00c3\u009fe 1 Karlsruhe", "country": "Germany", "position": "Researcher", "field": "Computer Communications (Networks), Computer Science, Engineering, Informatics, Mechanical Engineering,", "salary": "N/A", "max_working_hours": "N/A", "employer": "Fraunhofer IOSB, Karlsruhe", "job_description": "N/A", "requirements_description": "N/A", "conditions_description": "N/A", "employer_description": "N/A", "department_description": "N/A", "additional_information": "N/A", "apply_link": "N/A", "employer_link": "N/A", "job_type": "N/A", "logo": "https://content.academicpositions.com/eyJidWNrZXQiOiJhcC1wcm9kdWN0aW9uLW1lZGlhLWFyY2hpdmUiLCJrZXkiOiIyMDEzXC8xMVwvZnJhdW5ob2Zlcmlvc2IucG5nIiwiZWRpdHMiOltdfQ=="}