{"url": "https://academicpositions.com/ad/tu-berlin/2021/research-assistant-0-75-working-time-salary-grade-e13-tv-l-berliner-hochschulen/173282", "title": "Research Assistant - 0.75 working time - salary grade E13 TV-L Berliner Hochschulen", "publish_date": "2021-12-21", "deadline": "N/A", "location": "Stra\u00c3\u009fe des 17. Juni 135 Berlin, Germany", "city": "Stra\u00c3\u009fe des 17. Juni 135 Berlin", "country": "Germany", "position": "Research Assistant", "field": "Applied Physics, Machine Learning, Optics, Photonics, Quantum Computing, and 1 moreQuantum Physics", "salary": "N/A", "max_working_hours": "N/A", "employer": "TU Berlin", "job_description": "<div class=\"editor ck-content mt-6 mb-6 mb-md-8 mt-md-8\" id=\"editor\">\n<h2><strong>Working field:</strong></h2><p>Collaboration in the DFG / ANR third-party funded project \"Photonic Quantum Reservoir Computing\". In PhotonicQRC we will implement a disruptive photonic quantum reservoir computer for the first time in cooperation with two French institutions and an institution based in Bremen, Germany. Quantum Reservoir Computing combines novel machine learning with quantum physics: A complex, non-optimized coherent quantum state (the reservoir) is transformed linearly to emulate a target quantum system. The decisive advantage is that the exponentially scaling dimensionality of quantum physics can be used efficiently under very relaxed and thus more hardware-friendly conditions.<br/>The main tasks are:</p><ul><li>Design and numerical optimization of the photonic hardware platform from quantum dot microresonators</li><li>Epitaxial growth of semiconductor heterostructures with positioned quantum dots</li><li>Nanostructuring of quantum dot microresonator arrays</li><li>Optical and quantum optical characterization of the developed arrays</li><li>System integration and participation in the implementation of photonic quantum reservoir computing</li></ul><h2><strong>Requirements:</strong></h2><p>Successfully completed university degree (Master, Diplom or equivalent) of physics or similar courses of study with in-depth knowledge and experience in the development and optical and quantum-optical study of low-dimensional semiconductor materials and photonic components, especially in the context of the final theses, preferably in the field of nanophotonics; Experience in the field of neuromorphic computing and in the manufacture of semiconductor components in a clean room environment is desirable; as well as the willingness for interdisciplinary cooperation with the external project groups. Good command of German and/or English required; willingness to acquire the language skills that are missing in each case.</p><h2><strong>How to apply:</strong></h2><p>Please send your application with the <strong>reference number</strong> and the appropriate documents (CV, certificates, a list of publications, and names and contact details of referees, all combined in a single pdf file, max 5 MB) <strong>by email to Prof. Dr. Stephan Reitzenstein (</strong><a href=\"mailto:reitzenstein.office@physik.tu-berlin.de\"><strong><u>reitzenstein.office@physik.tu-berlin.de</u></strong></a><strong>).</strong><br/>By submitting your application via email you consent to having your data electronically processed and saved. Please note that we do not provide a guarantee for the protection of your personal data when submitted as unprotected file. Please find our data protection notice acc. DSGVO (General Data Protection Regulation) at the TU staff department homepage: <a href=\"https://www.abt2-t.tu-berlin.de/menue/themen_a_z/datenschutzerklaerung/\" target=\"_blank\"><u>https://www.abt2-t.tu-berlin.de/menue/themen_a_z/datenschutzerklaerung/</u></a> or quick access 214041.<br/>To ensure equal opportunities between women and men, applications by women with the required qualifications are explicitly desired. Qualified individuals with disabilities will be favored. The TU Berlin values the diversity of its members and is committed to the goals of equal opportunities.<br/>Technische Universit\u00c3\u00a4t Berlin - Der Pr\u00c3\u00a4sident - , Fakult\u00c3\u00a4t II, Institut f\u00c3\u00bcr Festk\u00c3\u00b6rperphysik, Prof. Dr. Stephan Reitzenstein, Sekr. EW 5-3, Hardenbergstr. 36, 10623 Berlin</p>\n</div>", "requirements_description": "N/A", "conditions_description": "N/A", "employer_description": "N/A", "department_description": "N/A", "additional_information": "N/A", "apply_link": "N/A", "employer_link": "N/A", "job_type": "N/A", "logo": "https://content.academicpositions.com/eyJidWNrZXQiOiJhcC1wcm9kdWN0aW9uLW1lZGlhLWFyY2hpdmUiLCJrZXkiOiIyMDEyXC8wNVwvVFVCZXJsaW5Mb2dvLnBuZyIsImVkaXRzIjpbXX0="}