{"url": "https://academicpositions.com/ad/university-of-hong-kong/2021/tenure-track-professor-associate-professor-assistant-professor-in-accounting/165035", "title": "Tenure-Track Professor/ Associate Professor/ Assistant Professor in Accounting", "publish_date": "2021-10-22", "deadline": "N/A", "location": "Pok Fu Lam, Southern District , Hong Kong", "city": "Pok Fu Lam", "country": "Hong Kong", "position": "Assistant Professor", "field": "Accounting, Business Economics, Business and Economics,", "salary": "N/A", "max_working_hours": "N/A", "employer": "University of Hong Kong", "job_description": "N/A", "requirements_description": "N/A", "conditions_description": "N/A", "employer_description": "N/A", "department_description": "N/A", "additional_information": "N/A", "apply_link": "N/A", "employer_link": "N/A", "job_type": "N/A", "logo": "https://content.academicpositions.com/eyJidWNrZXQiOiJhcC1wcm9kdWN0aW9uLW1lZGlhLWFyY2hpdmUiLCJrZXkiOiJkMWZcLzIwMFwvZDFmMjAwYWJmNTEzY2ZkYWYzNzI0NTljMWM3Njg3NDkuanBlZyIsImVkaXRzIjpbXX0="}