{"url": "https://academicpositions.com/ad/ku-leuven/2022/phd-scholarship-in-operations-research/175063", "title": "PhD Scholarship in Operations Research", "publish_date": "2022-02-09", "deadline": "2022-04-04", "location": "Oude Markt 13 Leuven, Belgium", "city": "Oude Markt 13 Leuven", "country": "Belgium", "position": "PhD", "field": "Algorithms, Applied Mathematics, Business Administration, Business Economics, Computational Mathematics, and 5 moreIndustrial Economics,Industrial Engineering,Programming Languages,Project Management,Stochastics", "salary": "N/A", "max_working_hours": "N/A", "employer": "KU Leuven", "job_description": "N/A", "requirements_description": "N/A", "conditions_description": "N/A", "employer_description": "N/A", "department_description": "N/A", "additional_information": "N/A", "apply_link": "N/A", "employer_link": "N/A", "job_type": "N/A", "logo": "https://content.academicpositions.com/eyJidWNrZXQiOiJhcC1wcm9kdWN0aW9uLW1lZGlhLWFyY2hpdmUiLCJrZXkiOiIyZmFcL2RjN1wvMmZhZGM3NWRkOTM1YjM5NGYyNmUzODc3MzUwZWNiYTMucG5nIiwiZWRpdHMiOltdfQ=="}