{"url": "https://academicpositions.com/ad/king-abdullah-university-science-technology-kaust/2022/postdoctoral-research-fellow-computer-vision-computer-graphics-and-deep-learning/174765", "title": "Postdoctoral Research Fellow - Computer vision, computer graphics and deep learning", "publish_date": "2022-02-01", "deadline": "N/A", "location": "King Abdullah University of Science and Technology Thuwal, Saudi Arabia", "city": "King Abdullah University of Science and Technology Thuwal", "country": "Saudi Arabia", "position": "Postdoc", "field": "Artificial Intelligence, Computational Sciences, Computer Graphics, Computer Vision, Informatics,", "salary": "N/A", "max_working_hours": "N/A", "employer": "King Abdullah University of Science and Technology (KAUST)", "job_description": "N/A", "requirements_description": "N/A", "conditions_description": "N/A", "employer_description": "N/A", "department_description": "N/A", "additional_information": "N/A", "apply_link": "N/A", "employer_link": "N/A", "job_type": "N/A", "logo": "https://content.academicpositions.com/eyJidWNrZXQiOiJhcC1wcm9kdWN0aW9uLW1lZGlhLWFyY2hpdmUiLCJrZXkiOiIyMDEzXC8xMFwva2F1c3QucG5nIiwiZWRpdHMiOltdfQ=="}