{"url": "https://academicpositions.com/ad/kth-royal-institute-of-technology/2021/associate-professor-in-engineering-acoustics/173343", "title": "Associate Professor in Engineering acoustics", "publish_date": "2021-12-22", "deadline": "2022-02-18", "location": "Valhallav\u00c3\u00a4gen 79 Stockholm, Sweden", "city": "Valhallav\u00c3\u00a4gen 79 Stockholm", "country": "Sweden", "position": "Associate Professor", "field": "Acoustic Engineering, Engineering Physics,", "salary": "N/A", "max_working_hours": "N/A", "employer": "KTH Royal Institute of Technology", "job_description": "N/A", "requirements_description": "N/A", "conditions_description": "N/A", "employer_description": "N/A", "department_description": "N/A", "additional_information": "N/A", "apply_link": "N/A", "employer_link": "N/A", "job_type": "N/A", "logo": "https://content.academicpositions.com/eyJidWNrZXQiOiJhcC1wcm9kdWN0aW9uLW1lZGlhLWFyY2hpdmUiLCJrZXkiOiIyMDE2XC8wNlwvS1RIX0xvZ290eXBfUkdCXzIwMTMuanBnIiwiZWRpdHMiOltdfQ=="}