{"url": "https://academicpositions.com/ad/universite-cote-dazur-uca/2021/chairs-of-excellence-2022-call/164997", "title": "Chairs of Excellence 2022 call", "publish_date": "2021-10-22", "deadline": "2022-03-01", "location": "Campus Valrose, Batiment M28 avenue Valrose Nice, France", "city": "Campus Valrose", "country": "France", "position": "Management", "field": "Agricultural Science, Agronomy, Bioinformatics, Biology, Botany and plant science, and 22 moreCancer Research,Cell Biology,Computational Biology,Crop Science,Developmental Biology,Ecology,Endocrinology,Environmental Science,Evolutionary Biology,Genetics,Health Science,Medicine,Molecular Biology,Nephrology,Oncology,Pathology,Pharmacy & Pharmacology,Physiology,Plant Protection and Animal Health,Regenerative Medicine,Structural Biology,Systems Biology", "salary": "N/A", "max_working_hours": "N/A", "employer": "Universit\u00c3\u00a9 C\u00c3\u00b4te d\u00e2\u0080\u0099Azur (UCA)", "job_description": "N/A", "requirements_description": "N/A", "conditions_description": "N/A", "employer_description": "N/A", "department_description": "N/A", "additional_information": "N/A", "apply_link": "N/A", "employer_link": "N/A", "job_type": "N/A", "logo": "https://content.academicpositions.com/eyJidWNrZXQiOiJhcC1wcm9kdWN0aW9uLW1lZGlhLWFyY2hpdmUiLCJrZXkiOiIwNjhcLzJkMFwvMDY4MmQwOTVlOGIxY2IyYTI4MzgwNDM2Y2M3NWY0YzAucG5nIiwiZWRpdHMiOltdfQ=="}