{"url": "https://academicpositions.com/ad/university-of-agder-uia/2022/post-doctoral-research-fellow-in-ict-artificial-intelligence-powered-smart-sensing-and-communications-for-autonomous-systems/175376", "title": "Post-Doctoral Research Fellow in ICT - Artificial Intelligence powered Smart Sensing and Communications for Autonomous Systems", "publish_date": "2022-02-17", "deadline": "2022-03-15", "location": "Gimlemoen 25 Kristiansand, Norway", "city": "Gimlemoen 25 Kristiansand", "country": "Norway", "position": "PhD", "field": "Artificial Intelligence, Communication Engineering, Computer Communications (Networks), Control Systems Engineering, Electrical Engineering, and 7 moreElectronics,Industrial Engineering,Machine Learning,Robotics,Signal Processing,Systems Engineering,Telecommunications Engineering", "salary": "N/A", "max_working_hours": "N/A", "employer": "University of Agder (UiA)", "job_description": "N/A", "requirements_description": "N/A", "conditions_description": "N/A", "employer_description": "N/A", "department_description": "N/A", "additional_information": "N/A", "apply_link": "N/A", "employer_link": "N/A", "job_type": "N/A", "logo": "https://content.academicpositions.com/eyJidWNrZXQiOiJhcC1wcm9kdWN0aW9uLW1lZGlhLWFyY2hpdmUiLCJrZXkiOiJjNWRcLzYyOFwvYzVkNjI4MGVhN2ZjMjA3MDU2ZWRkZjU0YjAwMGRlNzYucG5nIiwiZWRpdHMiOltdfQ=="}