{"url": "https://academicpositions.com/ad/university-of-cologne/2022/phd-position-f-m-d-division-of-mathematics-department-of-mathematics-and-computer-science/175321", "title": "PhD Position (f/m/d) - Division of Mathematics | Department of Mathematics and Computer Science", "publish_date": "2022-02-16", "deadline": "2022-03-01", "location": "Frangenheimstra\u00c3\u009fe 4 Cologne, Germany", "city": "Frangenheimstra\u00c3\u009fe 4 Cologne", "country": "Germany", "position": "PhD", "field": "Applied Mathematics, Computational Mathematics, Probability Theory,", "salary": "N/A", "max_working_hours": "N/A", "employer": "University of Cologne", "job_description": "N/A", "requirements_description": "N/A", "conditions_description": "N/A", "employer_description": "N/A", "department_description": "N/A", "additional_information": "N/A", "apply_link": "N/A", "employer_link": "N/A", "job_type": "N/A", "logo": "https://content.academicpositions.com/eyJidWNrZXQiOiJhcC1wcm9kdWN0aW9uLW1lZGlhLWFyY2hpdmUiLCJrZXkiOiIyMDEzXC8wOFwvQ29sb2duZUxvZ28ucG5nIiwiZWRpdHMiOltdfQ=="}