{"url": "https://academicpositions.com/ad/free-university-of-bozen-bolzano/2022/professorship-in-transformation-engaged-design-research/173868", "title": "Professorship in Transformation-engaged Design Research", "publish_date": "2022-01-12", "deadline": "2022-03-31", "location": "Universit\u00c3\u00a4tsplatz 1 - piazza Universit\u00c3\u00a0 Bolzano, Italy", "city": "Universit\u00c3\u00a4tsplatz 1 - piazza Universit\u00c3\u00a0 Bolzano", "country": "Italy", "position": "Researcher", "field": "Architecture, Cultural Studies, Industrial Design, Social Anthropology, Sociology,", "salary": "N/A", "max_working_hours": "N/A", "employer": "Free University of Bozen - Bolzano", "job_description": "N/A", "requirements_description": "N/A", "conditions_description": "N/A", "employer_description": "N/A", "department_description": "N/A", "additional_information": "N/A", "apply_link": "N/A", "employer_link": "N/A", "job_type": "N/A", "logo": "https://content.academicpositions.com/eyJidWNrZXQiOiJhcC1wcm9kdWN0aW9uLW1lZGlhLWFyY2hpdmUiLCJrZXkiOiIyMDExXC8xMFwvVU5JQlotMXgxLnBuZyIsImVkaXRzIjpbXX0="}