{"url": "https://academicpositions.com/ad/university-akureyri/2022/phd-position-at-the-university-of-akureyri-unak/175060", "title": "PhD position at the University of Akureyri (UNAK)", "publish_date": "2022-02-09", "deadline": "2022-03-09", "location": "Nor\u00c3\u00b0ursl\u00c3\u00b3\u00c3\u00b0 2 Akureyri, Iceland", "city": "Nor\u00c3\u00b0ursl\u00c3\u00b3\u00c3\u00b0 2 Akureyri", "country": "Iceland", "position": "PhD", "field": "Applied Psychology, Cognitive Psychology, Health Psychology, Health Science, Neuropsychology, and 1 moreNeuroscience", "salary": "N/A", "max_working_hours": "N/A", "employer": "University of Akureyri", "job_description": "<div class=\"editor ck-content mt-6 mb-6 mb-md-8 mt-md-8\" id=\"editor\">\n<p>We are looking for a highly committed, enthusiastic doctoral candidate for a 3-year position within the EPiC SAD study, that will examine environmental, physiological, and cognitive risk factors for seasonal affective disorder. The hosting University is the University of Akureyri (UNAK) in Northern Iceland. The project will start in late spring 2022 and will be carried out in close collaboration with the University of Iceland (H\u00c3\u008d) in Reykjav\u00c3\u00adk. The doctoral candidate will be registered at the Centre for doctoral studies and will be supervised by Prof. Yvonne H\u00c3\u00b6ller, Faculty of Psychology at UNAK, co-supervised by Assoc. Prof. G\u00c3\u00adsli Kort Krist\u00c3\u00b3fersson, Faculty of Health Sciences at UNAK and Prof. Ragnar P. \u00c3\u0093lafsson, Faculty of Psychology, University of Iceland, and would join the doctoral school at UNAK within the health sciences study line.</p><p>The research requires travelling around Iceland in order to record environmental exposure, EEG-data, and psychological self-report questionnaires in a sample of 200 participants in a longitudinal study.</p><p><u>Required skills:</u></p><ul><li>A Master degree in neuroscience, health sciences, psychology, or a field that is useful for the project</li><li>Excellent written and oral communication skills in English</li><li>Excellent scientific skills such as literature research, scientific writing</li><li>Excellent organization skills</li><li>A driving licence in order to be able to travel to remote places with our mobile laboratory equipment</li><li>Technical affinity in order to be able to deal with exposometers and EEG hard- and software</li></ul><p><u>Desired skills:</u></p><ul><li>Experience with EEG recording and analysis</li><li>Experience with using psychological questionnaires</li><li>Experience with using psychological interviews</li><li>Fluency in the Icelandic language in written and oral communication</li></ul><p>The University of Akureyri (UNAK) offers a friendly working environment at one of the most beautiful research locations in the world, with many nearby leisure activities. UNAK proudly provides high-quality supervision which is monitored and regulated by the Centre for doctoral studies. The Centre provides a structured doctoral program which is tailored to the individual student\u00e2\u0080\u0099s needs and includes provision of supervision guidelines, professionality, peer-support, and didactical education.</p><p>Approval of registration for doctoral studies is a condition for employment.</p><p>Applications including a CV, Bachelor and Master Diploma copy in English, 2 contacts of reference (e-mail/phone), and a motivational letter or video (as a link) should be sent to:\u00a0</p><p>Prof. Yvonne H\u00c3\u00b6ller,\u00a0<a href=\"mailto:yvonne@unak.is\">yvonne@unak.is</a>.\u00a0Deadline 09.03.22</p>\n</div>", "requirements_description": "N/A", "conditions_description": "N/A", "employer_description": "N/A", "department_description": "N/A", "additional_information": "N/A", "apply_link": "N/A", "employer_link": "N/A", "job_type": "N/A", "logo": "https://content.academicpositions.com/eyJidWNrZXQiOiJhcC1wcm9kdWN0aW9uLW1lZGlhLWFyY2hpdmUiLCJrZXkiOiIyMDE2XC8wMVwvYWt1cmV5cmkuanBnIiwiZWRpdHMiOltdfQ=="}