{"url": "https://academicpositions.com/ad/ku-leuven/2022/vacancy-for-a-senior-academic-staff-position-in-intellectual-property-rights/175266", "title": "Vacancy for a Senior Academic Staff Position in \u00e2\u0080\u0098Intellectual Property Rights\u00e2\u0080\u0099", "publish_date": "2022-02-15", "deadline": "2022-03-10", "location": "Oude Markt 13 Leuven, Belgium", "city": "Oude Markt 13 Leuven", "country": "Belgium", "position": "Other Category", "field": "Artificial Intelligence, Big Data, Digital Law, European Law, Information Science, and 2 moreInternational Law,Property Law", "salary": "N/A", "max_working_hours": "N/A", "employer": "KU Leuven", "job_description": "N/A", "requirements_description": "N/A", "conditions_description": "N/A", "employer_description": "N/A", "department_description": "N/A", "additional_information": "N/A", "apply_link": "N/A", "employer_link": "N/A", "job_type": "N/A", "logo": "https://content.academicpositions.com/eyJidWNrZXQiOiJhcC1wcm9kdWN0aW9uLW1lZGlhLWFyY2hpdmUiLCJrZXkiOiIyZmFcL2RjN1wvMmZhZGM3NWRkOTM1YjM5NGYyNmUzODc3MzUwZWNiYTMucG5nIiwiZWRpdHMiOltdfQ=="}