{"url": "https://academicpositions.com/ad/singapore-institute-of-technology-sit/2021/faculty-positions-in-design-and-specialised-businesses/160581", "title": "Faculty Positions in Design and Specialised Businesses", "publish_date": "2021-12-01", "deadline": "N/A", "location": "10 Dover Drive , Singapore", "city": "10 Dover Drive ", "country": "Singapore", "position": "Engineer/Technician", "field": "Accounting, Business Economics, Corporate Finance, Finance, Financial Economics, and 11 moreHuman Resource Management,Labour Economics,Macroeconomics,Management,Manufacturing,Marketing,Mathematical Economics,Microeconomics,Public Economics,Strategic Management,Transport Economics", "salary": "N/A", "max_working_hours": "N/A", "employer": "Singapore Institute of Technology (SIT)", "job_description": "N/A", "requirements_description": "N/A", "conditions_description": "N/A", "employer_description": "N/A", "department_description": "N/A", "additional_information": "N/A", "apply_link": "N/A", "employer_link": "N/A", "job_type": "N/A", "logo": "https://content.academicpositions.com/eyJidWNrZXQiOiJhcC1wcm9kdWN0aW9uLW1lZGlhLWFyY2hpdmUiLCJrZXkiOiI5MDJcLzE2NFwvOTAyMTY0OTc3MDhiYjNiMDUyZTQ1MWE0ODkwMWI1ZTMucG5nIiwiZWRpdHMiOltdfQ=="}