{"url": "https://academicpositions.com/ad/deutsches-elektronen-synchrotron-desy/2022/postdoctoral-fellow-in-x-ray-multibeam-ptychographic-imaging-at-petra-iii-max-iv/175294", "title": "Postdoctoral fellow in X-ray multibeam ptychographic imaging at PETRA III/MAX IV", "publish_date": "2022-02-16", "deadline": "2022-03-16", "location": "Notkestra\u00c3\u009fe 85 Hamburg, Germany", "city": "Notkestra\u00c3\u009fe 85 Hamburg", "country": "Germany", "position": "Postdoc", "field": "Applied Physics, Catalysis, Image Processing, Materials Chemistry, Nanotechnology, and 2 moreOptics,Photonics", "salary": "N/A", "max_working_hours": "N/A", "employer": "Deutsches Elektronen-Synchrotron (DESY)", "job_description": "<div class=\"editor ck-content mt-6 mb-6 mb-md-8 mt-md-8\" id=\"editor\">\n<p>For our location in Hamburg we are seeking:</p><h2>Postdoctoral fellow in X-ray multibeam ptychographic imaging at PETRA III/MAX IV</h2><h4>Remuneration Group 13 | Limited: 2 + 2 years | Starting date: earliest possible | ID: FSPO021/2021 | Deadline: 16.03.2022 | Full-time/Part-time</h4><p>DESY, with its more than 2700 employees at its two locations in Hamburg and Zeuthen, is one of the world's leading research centres. Its research focuses on decoding the structure and function of matter, from the smallest particles of the universe to the building blocks of life. In this way, DESY contributes to solving the major questions and urgent challenges facing science, society and industry. With its ultramodern research infrastructure, its interdisciplinary research platforms and its international networks, DESY offers a highly attractive working environment in the fields of science, technology and administration as well as for the education of highly qualified young scientists.</p><p>The Nanoscience and X-ray optics group at DESY is seeking a postdoc for a project in collaboration with MAX IV Laboratory (Sweden) and Karlsruhe Institute of Technology (Germany). This project aims to advance new lens-less imaging methods: multibeam ptychography and multibeam ptychographic computed tomography to address fundamental questions in materials chemistry and heterogeneous catalysis. These coherent imaging methods will be developed and commissioned at PETRA III/IV (Hamburg, Germany) and MAX IV (Lund, Sweden). The main goal is to improve the performance of nanoimaging beamlines in terms of measurement speed, duration, and efficiency and broaden the experimental possibilities and utilization of such beamlines.</p><h2>About your role:</h2><ul><li>Simulation, tuning and optimization of the optical scheme for lens-less imaging</li><li>Commissioning of the microscopy set-up</li><li>Imaging experiments, data evaluation</li><li>Apply and perform experiments at large scale facilities</li></ul><h2>Good reasons to join:</h2><p>Look forward to a unique working environment on our international research campus. We attach particular importance to appreciative cooperation and the well-being of our DESY employees. Gender equality is an important aspect for us. To support work life balance we offer flexible working hours, variable part-time and job-sharing. You will benefit from our family-friendly and collegial atmosphere, our established health management and occupational pension provision. As a public employer, we offer you a secure workplace and facilitate your individual career with our compre\u00c2\u00adhensive training and development opportunities. Remuneration is according to the regulations of the TV-AVH. DESY offers its employees a financial supplement for a job ticket at both locations.</p><h2>About you:</h2><ul><li>Ph.D. in physics or related field obtained less than 5 years ago</li><li>Experience with programming languages (Python, C++, etc.)</li><li>Knowledge in optics</li><li>Good communication skills and ability to work in an international and multi-disciplinary team with English as working language</li><li>Experience with visible/X-ray optical set-ups</li><li>Experience with experiments at large scale facilities (e.g. synchrotrons or FELs)</li></ul><p>For further information please contact Dr. M. Lyubomirskiy at <a href=\"tel:+494089983203\">+49 40 8998-3203</a> (<a href=\"mailto:mikhail.lyubomirskiy@desy.de\">mikhail.lyubomirskiy@desy.de</a>).</p><p>We look forward to receiving your application via our application portal:</p><p><a href=\"https://formular.as-mediendesign.de/b/8e0db/postdoctoral-fellow-in-x-ray-multibeam-ptychographic-imaging-at-petra-iii-max-iv\" target=\"_blank\"><strong>Apply now!</strong></a></p><p>DESY promotes equal opportunities and diversity. The professional development of women is very important to us and therefore we strongly encourage women to apply for the vacant position.<br/>Applications from severely disabled persons will be given preference if they are equally qualified.</p><p>You can find further information here:<br/><a href=\"https://www.desy.de/career\" target=\"_blank\">https://www.desy.de/career</a></p><p>Deutsches Elektronen-Synchrotron DESY<br/>Human Resources Department | Notkestra\u00c3\u009fe 85 | 22607 Hamburg<br/>Phone: <a href=\"tel:+494089983392\">+49 40 8998-3392</a></p>\n</div>", "requirements_description": "N/A", "conditions_description": "N/A", "employer_description": "N/A", "department_description": "N/A", "additional_information": "N/A", "apply_link": "N/A", "employer_link": "N/A", "job_type": "N/A", "logo": "https://content.academicpositions.com/eyJidWNrZXQiOiJhcC1wcm9kdWN0aW9uLW1lZGlhLWFyY2hpdmUiLCJrZXkiOiIyMDEyXC8wOFwvRGV1dHNjaGVzLUVsZWt0cm9uZW4tU3luY2hyb3Ryb24ucG5nIiwiZWRpdHMiOltdfQ=="}