{"url": "https://academicpositions.com/ad/oslo-metropolitan-university/2022/msca-2022-calls-for-expression-of-interest-in-sustainable-societies-in-the-21st-century-from-welfare-states-to-eco-social-states/174722", "title": "MSCA 2022 - calls for expression of interest in Sustainable societies in the 21st century: From welfare states to eco-social states", "publish_date": "2022-02-01", "deadline": "2022-02-28", "location": "Pilestredet 46 Oslo, Norway", "city": "Pilestredet 46 Oslo", "country": "Norway", "position": "Other Category", "field": "Public Policy, Sociology,", "salary": "N/A", "max_working_hours": "N/A", "employer": "OsloMet \u00e2\u0080\u0093 Oslo Metropolitan University", "job_description": "N/A", "requirements_description": "N/A", "conditions_description": "N/A", "employer_description": "N/A", "department_description": "N/A", "additional_information": "N/A", "apply_link": "N/A", "employer_link": "N/A", "job_type": "N/A", "logo": "https://content.academicpositions.com/eyJidWNrZXQiOiJhcC1wcm9kdWN0aW9uLW1lZGlhLWFyY2hpdmUiLCJrZXkiOiIyMzdcLzFkZFwvMjM3MWRkYzA1MjE2ZWE1MGRmYjY0NjJkNDRjYzYzZjEucG5nIiwiZWRpdHMiOltdfQ=="}