{"url": "https://academicpositions.com/ad/university-of-luxembourg/2022/devops-engineer-research-development-specialist/161774", "title": "DevOps Engineer (Research & Development specialist)", "publish_date": "2022-02-07", "deadline": "N/A", "location": "6, rue Richard Coudenhove-Kalergi , Luxembourg", "city": "6", "country": "Luxembourg", "position": "Engineer/Technician", "field": "Computer Communications (Networks), Computing in Mathematics, Natural Science, Engineering and Medicine, Informatics, Information Systems (Business Informatics), Operating Systems, and 2 moreProgramming Languages,Software Engineering", "salary": "N/A", "max_working_hours": "N/A", "employer": "University of Luxembourg", "job_description": "N/A", "requirements_description": "N/A", "conditions_description": "N/A", "employer_description": "N/A", "department_description": "N/A", "additional_information": "N/A", "apply_link": "N/A", "employer_link": "N/A", "job_type": "N/A", "logo": "https://content.academicpositions.com/eyJidWNrZXQiOiJhcC1wcm9kdWN0aW9uLW1lZGlhLWFyY2hpdmUiLCJrZXkiOiIyMDEwXC8wOVwvTG9nby13ZWItUlZCLWtvcGllcmEucG5nIiwiZWRpdHMiOltdfQ=="}