{"url": "https://academicpositions.com/ad/cluster-of-excellence-balance-of-the-microverse/2022/several-doctoral-and-postdoctoral-researcher-positions/174298", "title": "Several Doctoral and Postdoctoral Researcher Positions", "publish_date": "2022-01-20", "deadline": "2022-02-21", "location": "F\u00c3\u00bcrstengraben 1 Jena, Germany", "city": "F\u00c3\u00bcrstengraben 1 Jena", "country": "Germany", "position": "Postdoc", "field": "Biochemistry, Bioinformatics, Cell Biology, Computational Biology, Immunology, and 2 moreMicrobiology,Molecular Biology", "salary": "N/A", "max_working_hours": "N/A", "employer": "Cluster of Excellence \u00e2\u0080\u009cBalance of the Microverse\u00e2\u0080\u009d", "job_description": "<div class=\"editor ck-content mt-6 mb-6 mb-md-8 mt-md-8\" id=\"editor\">\n<p>The <strong>Cluster of Excellence </strong><i><strong>\u00e2\u0080\u009cBalance of the Microverse\u00e2\u0080\u009d </strong></i>of the Friedrich Schiller University Jena, Germany, combines expertise in life, material, optical and computational sciences to elevate microbiome studies from descriptive to hypothesis-driven and functional analyses. Our core mission is to elucidate fundamental principles of the interactions and functions in microbial communities in diverse habitats ranging from oceans and groundwater to plant and human hosts. We aim to identify the shared characteristics of disturbed or polluted ecosystems as well as infectious diseases on the microbiome level, and develop strategies for their remediation by targeted interventions. Our full spectrum of expertise in the physical and life sciences will be leveraged to address these important issues in natural habitats as well as synthetic arenas in a collaborative manner. The affiliated early career program of the <i>Jena School for Microbial Communication (JSMC)</i> offers an ambitious, structured and interdisciplinary post-graduate training based on top-level fundamental research.</p><p>The Cluster of Excellence <i>Balance of the Microverse</i> invites applications for\u00a0</p><p><strong>Several Doctoral and Postdoctoral Researcher Positions</strong></p><p>We are recruiting engaging and motivated individuals to join our research cluster. Important for all candidates will be the willingness to collaborate widely and to look beyond traditional disciplines to further our mission. What are the similarities and differences in the recruitment and maintenance of plant and animal microbiomes? What imaging technologies can best be adapted to study microbes in their natural environment with minimal artificial manipulation? What can we learn about the resilience and stability of microbial communities in diverse environments such as soil, the oceans and ground water? How can we translate our understanding of microbiomes to positive societal impact? Answering these questions requires that we come together as a scientific community to which we contribute expertise as well as a curiosity about unfamiliar subjects.</p><p><strong>We expect:</strong></p><ul><li>A degree (MSc, PhD or equivalent) in natural sciences (Biology, Microbiology, Molecular Biology, Biochemistry, Bioinformatics, Physics or closely related fields). Candidates in the final stages of obtaining their degree are eligible to apply</li><li>Desirable methodological skills: excellent background in molecular biology, biochemistry, cell biology, immunology and/or microbiology, hands-on knowledge of analytical methods</li><li>Highly motivated individuals with an interest in joining one of the interdisciplinary research areas of the Microverse Cluster</li><li>The abililty to work creatively and independently towards developing your own research project</li><li>A collaborative personality\u00a0with enthusiasm for actively participating in the dynamic Microverse community</li><li>Excellent English communication skills, both written and spoken</li></ul><p><strong>We offer:</strong></p><ul><li>A highly communicative atmosphere within a scientific network providing top-level research facilities</li><li>A comprehensive mentoring program and soft skill courses for early career researchers</li><li><i>Jena \u00e2\u0080\u0093</i> <i>City of Science</i>: a young and lively town with a vibrant local cultural agenda</li></ul><p>The positions will be funded through the Excellence Strategy of the German federal and state governments or the Carl Zeiss Foundation. The Friedrich Schiller University Jena is an equal opportunity employer and part-time contracts can be discussed. Disabled persons with comparable qualifications will receive preferential status.</p><p>Applications are exclusively accepted via the JSMC Online Application Portal:</p><p><a href=\"https://apply.jsmc.uni-jena.de/\" target=\"_blank\"><strong>https://apply.jsmc.uni-jena.de/</strong></a></p><p>Please familiarize yourself with the currently available projects (<a href=\"https://www.microverse-cluster.de/en/\" target=\"_blank\">www.microverse-cluster.de</a>) and the application process as described in the Online Application Portal. Selected applicants will be invited to an online recruitment meeting taking place in March. Awarding decisions will be announced shortly thereafter, and candidates are expected to be available to start their projects from April 2022.</p><p><strong><u>Application deadline:</u> 21 February 2022</strong></p>\n</div>", "requirements_description": "N/A", "conditions_description": "N/A", "employer_description": "N/A", "department_description": "N/A", "additional_information": "N/A", "apply_link": "N/A", "employer_link": "N/A", "job_type": "N/A", "logo": "https://content.academicpositions.com/eyJidWNrZXQiOiJhcC1wcm9kdWN0aW9uLW1lZGlhLWFyY2hpdmUiLCJrZXkiOiI3OTFcLzg5NlwvNzkxODk2ZTQxMTYyMTFkYmJiMjljYWU4MDBlM2NkNjcuanBlZyIsImVkaXRzIjpbXX0="}