{"url": "https://academicpositions.com/ad/university-passau/2022/doctoral-and-postdoctoral-positions-at-the-dfg-research-training-group-digital-platform-ecosystems/174064", "title": "Doctoral (PhD) and postdoctoral positions at the DFG Research Training Group \"Digital Platform Ecosystems\"", "publish_date": "2022-01-17", "deadline": "2022-02-28", "location": "Innstr. 41 Passau, Germany", "city": "Innstr. 41 Passau", "country": "Germany", "position": "Postdoc", "field": "Information Systems, Management, Marketing, Organizational Economics, Socioeconomics,", "salary": "N/A", "max_working_hours": "N/A", "employer": "University of Passau", "job_description": "<div class=\"editor ck-content mt-6 mb-6 mb-md-8 mt-md-8\" id=\"editor\">\n<p>The University of Passau owes its strong visibility and good repute to excellent research, innovative teaching and its tight-knit international academic networks. Some 12,000 students and more than 1,200 staff study and work on our university campus, which is located a stone\u00e2\u0080\u0099s throw from the historical Old Town of Passau and combines state-of-the-art technical infrastructure with award-winning architecture. Internationally successful high-tech companies and a vibrant start-up scene, coupled with a rich culture and Lower Bavarian traditions, give Passau and the surrounding area a special appeal that makes it a great place to live and work.</p><p>The University of Passau is offering</p><p><strong>doctoral and postdoctoral positions</strong></p><p><strong>for the DFG Research Training Group 2720 on Digital Platform Ecosystems (DPE):</strong> Digital Platform-Based Value Creation and its Implications for Data Exchange, Organisation and Socio-Economic Development.</p><p><strong>The Research Training Group (RTG)</strong></p><p>The RTG (see<span style=\"color:blue;\"> <u>https://dpe.uni-passau.de</u></span> for more information) is a postgraduate excellence programme and vibrant interdisciplinary research community. It is comprised of 22 doctoral and postdoctoral students, nine principal investigators/doctoral supervisors and an international network of research partners from the disciplines of information systems, management, organisation, marketing, economics and communication studies. Together, they investigate the idiosyncratic characteristics of digital platform ecosystems and their implications for the transformation and design of economic value-creation architectures as well as for overarching socio-economic and regulatory developments. The RTG is organised in three interdisciplinary thematic areas:</p><ul><li>Data exchange in digital platform ecosystems</li><li>Innovation, transformation, and organisation in digital platform ecosystems</li><li>Socio-economic and regulatory dimensions of digital platform ecosystems</li></ul><p><strong>What we offer</strong></p><p>Positions are available for <strong>three</strong> years, starting October 2022, and are remunerated with an internationally competitive salary (75%\u00e2\u0080\u0093100% FTE, TV-L 13) with social security and healthcare contributions. The RTG is generously funded by the German Research Foundation (DFG;<span style=\"color:blue;\"> <u>https://www.dfg.de/en/</u></span>). Doctoral and postdoctoral researchers are closely mentored by at least two professors and receive a tailored, interdisciplinary training programme, including a three-month research stay abroad to promote internationally competitive top-level research around the phenomenon of digital platform ecosystems. Post-doctoral researchers receive advanced training and take on leadership responsibilities in the RTG. The research programme is fully funded, including office space, equipment, research expenses and travel grants. The RTG is based at the University of Passau, which has an outstanding international reputation in research and teaching, a strong focus on digitalisation and digital technologies as well as an award-winning campus in one of the most beautiful historic towns in Europe.</p><p><strong>What you provide</strong></p><p>We are looking for aspiring early career researchers with a strong interest in and an openness to conducting interdisciplinary research at an internationally competitive level. At the time of hiring, applicants must have completed a university master's degree (and for postdoc positions, a doctoral degree) in one of the areas covered by the RTG. Applicants should have demonstrated academic excellence in their studies and, for the postdoctoral position, show potential for a successful academic career. Furthermore, applicants should be dedicated and perseverant researchers, possess strong social and communicative skills and be fluent in English as well as committed to contributing to the RTG community.</p><p><strong>How to apply</strong></p><p>For details on the application process visit<span style=\"color:blue;\"> <u>www.dpe.uni-passau.de/en/application</u></span>.</p><p><strong>The application deadline is 28 February 2022.</strong> Interviews will be conducted from 28 April to 3 May 2022 (if feasible, in person on campus), and decisions communicated shortly thereafter. If you have any further questions, please contact the speaker of the RTG, Professor Jan Kr\u00c3\u00a4mer, by email at<span style=\"color:blue;\"> <u>dpe@uni-passau.de</u></span>.</p><p><strong>RTG Digital Platform Ecosystems \u00c2\u00b7 University of Passau \u00c2\u00b7 Innstr. 42 \u00c2\u00b7 94032 Passau, Germany</strong></p><p><span style=\"color:blue;\"><strong><u>https://dpe.uni-passau.de</u></strong></span></p><p>The University of Passau aims to balance the diversity of employees. We encourage female applicants to apply for these positions. The positions are suitable for people with disabilities. Registered disabled applicants are given preference over non-disabled applicants who do not otherwise have statutory preferential status if their overall personal aptitudes, skills and qualifications are equal.</p><p>Emailed applications are kept on file for six months after the conclusion of the appointment procedure, whereupon they are deleted from our systems.</p><p>Please visit<span style=\"color:blue;\"> <u>www.uni-passau.de/en/university/current-vacancies</u></span> for our data privacy statement.</p>\n</div>", "requirements_description": "N/A", "conditions_description": "N/A", "employer_description": "N/A", "department_description": "N/A", "additional_information": "N/A", "apply_link": "N/A", "employer_link": "N/A", "job_type": "N/A", "logo": "https://content.academicpositions.com/eyJidWNrZXQiOiJhcC1wcm9kdWN0aW9uLW1lZGlhLWFyY2hpdmUiLCJrZXkiOiIyMDE2XC8wNFwvcGFzc2F1LnBuZyIsImVkaXRzIjpbXX0="}