{"url": "https://academicpositions.com/ad/university-hospital-of-wurzburg/2022/phd-student-doktorand-in-car-t-cell-engineering-for-cancer-immunotherapy-m-f-d/173869", "title": "PhD Student (Doktorand) in CAR T cell Engineering for Cancer Immunotherapy (m/f/d)", "publish_date": "2022-01-12", "deadline": "N/A", "location": "Josef-Schneider-Stra\u00c3\u009fe 2 W\u00c3\u00bcrzburg, Germany", "city": "Josef-Schneider-Stra\u00c3\u009fe 2 W\u00c3\u00bcrzburg", "country": "Germany", "position": "PhD", "field": "Biochemistry, Biomedicine, Biophysics, Cancer Research, Cell Biology, and 3 moreImmunochemistry,Immunology,Molecular Biology", "salary": "N/A", "max_working_hours": "N/A", "employer": "University Hospital of W\u00c3\u00bcrzburg", "job_description": "<div class=\"editor ck-content mt-6 mb-6 mb-md-8 mt-md-8\" id=\"editor\">\n<p><strong>Universit\u00c3\u00a4tsklinikum W\u00c3\u00bcrzburg, Medizinische Klinik und Poliklinik II \u00e2\u0080\u0093 Translational CAR T Cell Research Program\u00a0</strong>(Director: Prof. Michael Hudecek, Project lead: Dr. Thomas Nerreter), is inviting applications for\u00a0</p><p><strong>PhD Student (Doktorand) in CAR T cell Engineering for Cancer Immunotherapy (m/f/d)\u00a0</strong></p><p>Our research focuses on the development and clinical translation of <strong>adoptive cancer immunotherapy with T cells\u00a0</strong>that have been modified by gene transfer to express chimeric antigen receptors (CARs). CAR T cell therapy is a transformative treatment in cancer medicine and the PhD student desired for this project will have the ability to make a contribution to this transformation.</p><p><strong>Your project:\u00a0</strong>is handling the challenges of treating glioblastoma in <i>ex vivo\u00a0</i>and <i>in vivo\u00a0</i>models targeting different surface antigens. The project is embedded in a collaboration of the Medizinische Klinik und Poliklinik II as well as the Neurochirurgische Klinik and Poliklinik in order to join forces in overcoming the tumor heterogeneity and immunosuppressive tumormicroenvironment in glioblastoma.</p><p>The project is based on chimeric antigen receptor (CAR) T cell genetic engineering with in-depth functional analyses <i>in vitro, ex vivo\u00a0</i>and <i>in vivo</i>. The project is highly visible, high risk/high gain and can serve as the kickstarter for an excellent scientific career. The Program is designed for a 3-year period and can start immediately (from February 2022). Salary is paid according to the German public service scale based on candidates' background and experience (TV-L).\u00a0</p><p><strong>Your qualification:\u00a0</strong>Applicants for this position should have or be about to obtain their master's degree in biomedicine, biology, biophysics, biochemistry, or a related field with excellent result, have expertise in (T cell) immunology and/or advanced microscopy methods, ideally also mouse tumor models and molecular biology. Key characteristics of successful applicants will include a high level of enthusiasm, result oriented work style, analytical thinking, excellent communication and time management skills and the ability to face scientific challenges with creativity and dedication.</p><p><strong>Your team:\u00a0</strong>Being one of <strong>the leading CAR T research programs in Europe</strong>, we provide a stimulating environment with an international team of experienced, innovative scientists, medical doctors, and technicians with numerous national and international collaborators promoting top-class science.</p><p>You will be able to enroll in a structured PhD program through the W\u00c3\u00bcrzburg Graduate School of Life Sciences and be supported by a thesis committee of 3-4 excellently interconnected and experienced scientists.\u00a0</p><p>Disabled applicants (f/m/g) will be preferentially considered in case of equivalent qualifications.</p><p><strong>Application: </strong>Please send your application including a letter of motivation (German or English), expected availability date, CV and list of publications, bachelor/master thesis abstract, and an expressive letter of reference or the names of two potential referees as a <strong>combined pdf-file by email\u00a0</strong>to:\u00a0</p><p><a href=\"mailto:nerreter_t@ukw.de\"><strong>nerreter_t@ukw.de</strong></a>, Reference: \u00e2\u0080\u009cPhD-Student\"</p><p>Universit\u00c3\u00a4tsklinikum W\u00c3\u00bcrzburg,</p><p>Medizinische Klinik und Poliklinik II \u00e2\u0080\u0093 H\u00c3\u00a4matologie/Onkologie,</p><p>Dr. Thomas Nerreter</p><p>Versbacher Stra\u00c3\u009fe 5, Building E4/R 3.07, 97078 W\u00c3\u00bcrzburg, Germany</p><p><a href=\"http://www.ukw.de\" target=\"_blank\"><strong>www.ukw.de</strong></a></p><p>Informationen zum Umgang mit Ihren Daten im Bewerbungsverfahren finden Sie unter\u00a0<a href=\"http://www.ukw.de/recht/datenschutz\" target=\"_blank\">www.ukw.de/recht/datenschutz</a>\u00a0</p>\n</div>", "requirements_description": "N/A", "conditions_description": "N/A", "employer_description": "N/A", "department_description": "N/A", "additional_information": "N/A", "apply_link": "N/A", "employer_link": "N/A", "job_type": "N/A", "logo": "https://content.academicpositions.com/eyJidWNrZXQiOiJhcC1wcm9kdWN0aW9uLW1lZGlhLWFyY2hpdmUiLCJrZXkiOiIxYTNcLzYxNlwvMWEzNjE2Y2ZkYWFkZWY4ODE4YTQ3MWYwNWJlN2U3MDcuanBlZyIsImVkaXRzIjpbXX0="}