{"url": "https://academicpositions.com/ad/american-university-of-iraq-baghdad/2022/assistant-associate-professor-of-physics/174807", "title": "Assistant/ Associate Professor of Physics", "publish_date": "2022-02-02", "deadline": "N/A", "location": "Airport Road Baghdad, Iraq", "city": "Airport Road Baghdad", "country": "Iraq", "position": "Associate Professor", "field": "Accelerator Physics, Acoustics, Applied Physics, Atomic, Molecular and Optical Physics, Biophysics, and 24 moreChemical Physics,Computational Physics,Condensed Matter Physics,Cryogenics,Electromagnetism,Experimental Physics,Fluid Dynamics,Fluid Mechanics,Geophysics,Laser Physics,Materials Physics,Mathematical Physics,Medical Physics,Molecular Physics,Nuclear Physics,Optics,Particle Physics,Photonics,Plasma Physics,Quantum Physics,Solid-state Physics,Theoretical Physics,Thermodynamics,Vehicle Dynamics", "salary": "N/A", "max_working_hours": "N/A", "employer": "American University of Iraq - Baghdad", "job_description": "<div class=\"editor ck-content mt-6 mb-6 mb-md-8 mt-md-8\" id=\"editor\">\n<p><strong>Faculty Position/ College of Arts &amp; Sciences\u00a0</strong></p><p><strong>Why the American University of Iraq \u00e2\u0080\u0093 Baghdad?</strong></p><p>Opening its doors in January of 2021, the new American University of Iraq \u00e2\u0080\u0093 Baghdad (AUIB) began as a dream of influential individuals in Iraqi and the United States business, industry and government who want to see a world-class institution of higher learning established in the city, reminiscent of the days when Baghdad was an educational mecca and flourishing capital of the Muslim world.\u00a0 With a great library, palatial college buildings and student centers, state-of-the-art classrooms, laboratories, and athletic facilities, AUIB will be a beautiful campus attracting students, faculty, and staff from throughout the world.\u00a0 We invite you to join us in this exciting new venture.</p><p>We invite applications and nominations for the position of:</p><p><strong>Assistant/ Associate Professor of Physics</strong></p><p>This position will report directly to the <strong>Dean of the College of Arts &amp; Sciences</strong></p><p><strong>Job description/ duties and responsibilities include, but not limited to:</strong></p><ol><li>Teach basic and advanced physics courses for undergraduate majors in physics and related fields.</li><li>Set up physics labs and supervise lab instruction.</li><li>Contribute to ongoing physics program review, assessment, and evaluation.</li><li>Advise major students on all matters that relate to their course selection and academic success.</li><li>Participate in department/college meetings, take part in various committees, and assist in recruitment activities.</li><li>Assist in departmental and programmatic planning and preparations as relevant.</li><li>Undertake research activities, collaborate with faculty on research projects, and establish research collaborations with external members of the academic community.</li><li>Be familiar with all the rules, regulations and policies that govern teaching, research, and interactions with members of the university community and always observe them.</li></ol><p><strong>Qualifications:\u00a0 Candidate must have:</strong></p><ol><li>PhD in physics from an accredited North American university.</li><li>Minimum of 3 years of teaching experience post- graduation in a college/ university setting.</li><li>Familiarity with American system of higher education.</li></ol><p><strong>Application Procedure:\u00a0</strong></p><p>Applications should include:</p><ul><li><strong>Cover Letter</strong></li><li><strong>Curriculum Vita</strong></li><li><strong>Passport First Data Page</strong></li><li><strong>Contact Information For Three (3) Professional References</strong></li><li><strong>Copies Of Degrees Or Certification</strong></li></ul><p>Applications will be accepted until the position is filled. Confidential review of materials and screening of candidates will begin immediately.\u00a0</p><p>Please apply through AUIB website OR send your application and supporting documents to the following email address:</p><p><a href=\"mailto:jobs@auib.edu.iq\">jobs@auib.edu.iq</a>\u00a0with\u00a0<a href=\"mailto:Karin.Jesuis@auib.edu.iq\">Karin.Jesuis@auib.edu.iq</a>\u00a0in copy.<strong>\u00a0</strong></p><p><strong>A declaration of a relation at AUIB is obligatory</strong></p><p><strong>We will contact you if you are selected for interview.</strong></p><p><i>AUIB is seeking to diversify its workforce and actively encourages candidates of all backgrounds to apply. AUIB especially welcomes applications from native English speaking\u00a0candidates and those with academic qualifications obtained in Europe and North America.\u00a0</i></p>\n</div>", "requirements_description": "N/A", "conditions_description": "N/A", "employer_description": "N/A", "department_description": "N/A", "additional_information": "N/A", "apply_link": "N/A", "employer_link": "N/A", "job_type": "N/A", "logo": "https://content.academicpositions.com/eyJidWNrZXQiOiJhcC1wcm9kdWN0aW9uLW1lZGlhLWFyY2hpdmUiLCJrZXkiOiJ1cGxvYWRzXC9pNGszZzI0c3NUb0VuOFpCbG8zVDI3Wm5TRU1RdXppU2hLRFdTdGVkLmpwZyIsImVkaXRzIjpbXX0="}