{"url": "https://academicpositions.com/ad/universitat-hamburg/2021/postdoctoral-position-in-quantum-physics/171324", "title": "Postdoctoral position in Quantum Physics", "publish_date": "2021-12-06", "deadline": "2022-03-06", "location": "Mittelweg 177 Hamburg, Germany", "city": "Mittelweg 177 Hamburg", "country": "Germany", "position": "Postdoc", "field": "Computational Physics, Experimental Physics, Optics, Photonics, Quantum Physics, and 1 moreTheoretical Physics", "salary": "N/A", "max_working_hours": "N/A", "employer": "Universit\u00c3\u00a4t Hamburg", "job_description": "<div class=\"editor ck-content mt-6 mb-6 mb-md-8 mt-md-8\" id=\"editor\">\n<p>The theory group on 'Fundamental Processes in Quantum Physics' at the Center for Optical Quantum Technologies of the University of Hamburg announces a postdoctoral position in theoretical physics.</p><p>The underlying project aims at developing novel quantum and hybrid algorithms for quantum simulation based on a Rydberg tweezer platform for ultracold atoms. Applications to relevant computational and optimization problems are envisaged.</p><p>Ideally a close interface with the underlying driven many-body Rydberg physics will be established. Research is performed in the above theory group with an immediate link to the corresponding experimental groups.</p><p>For more information and/or details please contact Prof. Dr. Peter Schmelcher at the below given email (see also https://www.physik.uni-hamburg.de/en/ilp/schmelcher.html).</p><p>We are looking for a strongly motivated and highly skilled postdoctoral researcher who shares the excitement of doing research in theoretical physics. The position will be available for a two years period with a possible extension up to five years.</p><p>To apply, please send a meaningful CV (including the names of potential references) with a cover letter to pschmelc@physnet.uni-hamburg.de.</p><p>Salaries are paid according to the German standards. Recruitment will continue until the position is filled.</p>\n</div>", "requirements_description": "N/A", "conditions_description": "N/A", "employer_description": "N/A", "department_description": "N/A", "additional_information": "N/A", "apply_link": "N/A", "employer_link": "N/A", "job_type": "N/A", "logo": "https://content.academicpositions.com/eyJidWNrZXQiOiJhcC1wcm9kdWN0aW9uLW1lZGlhLWFyY2hpdmUiLCJrZXkiOiIyMDEzXC8wMlwvdW5pLWhhbWJ1cmcyLmpwZyIsImVkaXRzIjpbXX0="}