{"url": "https://academicpositions.com/ad/hector-fellow-academy/2022/phd-or-dr-med-in-human-brain-mapping/174671", "title": "PhD or Dr. med. in Human Brain Mapping", "publish_date": "2022-01-31", "deadline": "2022-03-31", "location": "Schlossplatz 19 Karlsruhe, Germany", "city": "Schlossplatz 19 Karlsruhe", "country": "Germany", "position": "PhD", "field": "Anatomy, Cell Biology, Histology, Medical Imaging, Neuroscience,", "salary": "N/A", "max_working_hours": "N/A", "employer": "Hector Fellow Academy", "job_description": "<div class=\"editor ck-content mt-6 mb-6 mb-md-8 mt-md-8\" id=\"editor\">\n<p><strong>Project description:\u00a0</strong></p><p>Aim of the project is the cytoarchitectonic analysis and mapping of the human hypothalamus in histological sections, and the development of 3D maps of hypothalamic nuclei as a tool to evaluate structure-function relationships. The hypothalamus is part of the diencephalon that is involved in a variety of functions including the maintenance of the homeostasis, metabolism, stress, the circadian rhythm or sleep. The hypothalamus links the nervous system to the endocrine system via the pituitary gland. The function of the hypothalamus can be studied using functional magnetic resonance imaging, but it is difficult or even impossible to localize activations in the functionally different nuclei. Currently, there are no maps, which inform neuroimaging studies about the microstructural segregation of the hypothalamus in 3D space, while considering variations in individual brain anatomy. This is where the planned doctoral thesis comes in.</p><p>The project includes the analysis of serial, histological sections stained for cell bodies of ten postmortem brains. Microscopical image analysis and deep learning, in combination with statistical tools of analysis and visualization will be applied to obtain maps of the hypothalamus, which will be brought into a standard 3D space for comparison with functional imaging data. Cytoarchitectonic probability maps will be computed that reflect intersubject variability. One of the brains is the BigBrain, an anatomical model of a human brain, reconstructed at 20 mm isotropic, which allows to develop an ultrahigh-resolution reconstructions of hypothalamic nuclei. All maps will be made available to the scientific community, and are part of the Julich-Brain atlas and the multimodal atlas of the EBRAINS platform developed by the Human Brain Project. There is flexibility to shape the project according to the expertise and interests of the applicant. It is expected that results of the study will be published in high-impact scientific journals.\u00a0</p><p>The work takes place in an interdisciplinary team and offers possibilities to present results at internal, national and international meetings. \u00a0</p><p>\u00a0<strong>Keywords</strong></p><p>3D Maps, Image Analysis, Neuroanatomy, Atlasing, Cytoarchitecture</p><p><strong>Entry requirements</strong></p><p>Master in Biology, (cognitive) neuroscience, state exam medicine, or related with excellent grades</p><p><strong>Location</strong></p><p>Cecile and Oskar Vogt Institute, Univ.\u00a0Hospital D\u00c3\u00bcsseldorf, Heinrich Heine University D\u00c3\u00bcsseldorf\u00a0<br/>Contact data:\u00a0C. &amp; O. Vogt Institute<strong>\u00a0</strong>of Brain Research<br/>Heinrich Heine University D\u00c3\u00bcsseldorf<br/><a href=\"mailto:Katrin.Amunts@uni-duesseldorf.de\">Katrin.Amunts@uni-duesseldorf.de</a><br/>Phone: +49 211 81 06102 or +49 2461b 614300</p><p><strong>Starting date:\u00a0</strong>September 2022</p><p><strong>Funding: </strong>limited to 3 years</p><p><strong>How to apply:</strong></p><p>Please apply until <strong>March 31st, 2022</strong> via the\u00a0<a href=\"https://hectorfellowacademy.applicationportal.org/home.html\" target=\"_blank\">HFA application portal</a>.\u00a0</p><p>The Hector Fellows will arrange interviews (via skype or if feasible in-person) with the most promising applicants. The final candidates will be invited for a personal presentation on July 8, 2022 in Karlsruhe (Germany). The final decisions will be announced by August 2022.</p><p><strong>For further details about the project, please contact Hector Fellow at:\u00a0</strong><a href=\"mailto:Katrin.Amunts@uni-duesseldorf.de\">Katrin.Amunts@uni-duesseldorf.de</a></p><p><strong>For questions related to making your application, p</strong>lease<strong>\u00a0</strong>contact Hector Fellow Academy Office:\u00a0<a href=\"mailto:application@hector-fellow-academy.de\">application@hector-fellow-academy.de</a> or\u00a0<a href=\"http://www.hector-fellow-academy.de\" target=\"_blank\">www.hector-fellow-academy.de</a><strong>\u00a0</strong></p>\n</div>", "requirements_description": "N/A", "conditions_description": "N/A", "employer_description": "N/A", "department_description": "N/A", "additional_information": "N/A", "apply_link": "N/A", "employer_link": "N/A", "job_type": "N/A", "logo": "https://content.academicpositions.com/eyJidWNrZXQiOiJhcC1wcm9kdWN0aW9uLW1lZGlhLWFyY2hpdmUiLCJrZXkiOiI1ZmFcL2I0YVwvNWZhYjRhMTZkNmI2MTBkZGQxMTNlZjdhODEyYWMxNTYucG5nIiwiZWRpdHMiOltdfQ=="}