{"url": "https://academicpositions.com/ad/aix-marseille-universite/2022/amse-phd-program-in-economics/174455", "title": "AMSE PhD program in Economics", "publish_date": "2022-01-26", "deadline": "2022-04-29", "location": "Jardin du Pharo 58, bd Charles Livon Marseille, France", "city": "Jardin du Pharo 58", "country": "France", "position": "PhD", "field": "Behavioural Economics, Business Economics, Computational Economics, Consumer Economics, Development Economics, and 18 moreEconometrics,Energy Economics,Environmental Economics,Financial Economics,Health Economics,Industrial Economics,International Economics,Labour Economics,Mathematical Economics,Microeconomics,Organizational Economics,Public Economics,Real Estate Economics,Resource Economics,Socioeconomics,Tourism Economics,Transport Economics,Welfare Economics", "salary": "N/A", "max_working_hours": "N/A", "employer": "Aix-Marseille Universit\u00c3\u00a9", "job_description": "<div class=\"editor ck-content mt-6 mb-6 mb-md-8 mt-md-8\" id=\"editor\">\n<ul><li><strong>RESEARCH FIELD(S)1</strong></li></ul><p>\u00a0\u00a0\u00a0\u00a0\u00a0\u00a0\u00a0\u00a0 Social Sciences: Economics</p><ul><li><strong>JOB DESCRIPTION\u00a0</strong></li></ul><p>\u00a0\u00a0\u00a0\u00a0\u00a0\u00a0\u00a0\u00a0 Our PhD track is an international PhD Program, tailored for talented and passionate students. Our PhD candidates are trained in advanced economic theories and empirical methods, closely supervised by scientifically recognized faculty and produce frontier research in all fields of theoretical and empirical economics. Our PhD naturally leads to academic jobs as well as to positions in international organizations and in the private sector.</p><p>\u00a0\u00a0\u00a0\u00a0\u00a0\u00a0\u00a0\u00a0 As full members of the research department, our PhD students benefit from AMSE\u00e2\u0080\u0099s dynamic academic environment. They attend our various seminars series, present their work at our PhD brownbag seminar as well as at international conferences, participate to summer schools to acquire skills in their specific fields of specialization, and do visiting research stays in the best international universities. They also benefit from the expertise of AMSE senior faculty members, who are leading researchers working in all areas of economics and publishing their work in the best international journals. Finally, they benefit from interactions with their fellow students from all over the world.</p><p>The duration of a PhD at AMSE is three to four years, during which PhD students devote their time to research in a friendly environment with highly qualified faculty. They are offered an office in the same building as the faculty, together with around 50 other fellow PhD students, guaranteeing frequent interactions.</p><p>&gt;&gt;\u00a0<a href=\"https://www.amse-aixmarseille.fr/en/study/phd/doing-phd-amse\" target=\"_blank\">More details</a></p><ul><li><strong>QUALIFICATIONS/SKILLS/EDUCATION &amp; RESEARCH REQUIREMENTS</strong></li></ul><p>\u00a0\u00a0\u00a0\u00a0\u00a0\u00a0\u00a0\u00a0 A completed research-oriented Master's degree</p><ul><li><strong>APPLICATION DEADLINE\u00a0</strong></li></ul><p>April 29, 2022 - <a href=\"https://www.amse-aixmarseille.fr/sites/default/files/enseignement/poster_amse_phd_program_2022.pdf\" target=\"_blank\">application guidelines</a></p><ul><li><strong>STARTING DATE\u00a0</strong></li></ul><p>\u00a0\u00a0\u00a0\u00a0\u00a0\u00a0\u00a0\u00a0 September 2022</p><ul><li><strong>JOB LOCATION</strong></li></ul><p>\u00a0\u00a0\u00a0\u00a0\u00a0\u00a0\u00a0\u00a0 Marseille (France) / Aix-en-Provence (France)</p><ul><li><strong>REQUESTED DOCUMENTS OF APPLICATION</strong></li></ul><p><strong>Pre-application package</strong></p><ul><li>A detailed CV and a cover letter.</li><li>Detailed transcripts of bachelor- and master-level grades (including official grades for the ongoing academic year, which can be sent directly to the AMSE PhD program by the applicants\u00e2\u0080\u0099 institution).</li><li>A short research project (max 5 pages).</li><li>Two reference letters (including a research supervisor from the applicant\u00e2\u0080\u0099s institution), which must be sent directly and confidentially to the AMSE PhD program secretariat.</li></ul><p><strong>Full application package</strong></p><ul><li>All the documents from the pre-application package, except the short research project.</li><li>Detailed research project (max 10 pages, including a detailed 3-year agenda).</li><li>Supervision agreement by an AMSE faculty member.</li><li>Master dissertation (or equivalent research work).\u00a0</li></ul><p>All documents must be sent as PDF files to the AMSE PhD program secretariat. The subject of the mail must be \u00e2\u0080\u009cYOUR_NAME - AMSE PhD Application\u00e2\u0080\u009d. The first four items must be included in a single PDF file, following the order given above. The name of the file must be \u00e2\u0080\u009cYOUR_NAME \u00e2\u0080\u0093 AMSE PhD Application.pdf\u00e2\u0080\u009d. The name of the master dissertation file must be \u00e2\u0080\u009cYOUR_NAME \u00e2\u0080\u0093 Master dissertation.pdf\u00e2\u0080\u009d.</p><ul><li><strong>CONTACT TO APPLY\u00a0</strong></li></ul><p><a href=\"https://www.amse-aixmarseille.fr/en/study/phd/phd-program\" target=\"_blank\">Website</a></p><p>Secretary E-mail: bernadette.vouriot[at]univ-amu.fr</p><p>Phone: +33 (0)4 13 55 25 83</p>\n</div>", "requirements_description": "N/A", "conditions_description": "N/A", "employer_description": "N/A", "department_description": "N/A", "additional_information": "N/A", "apply_link": "N/A", "employer_link": "N/A", "job_type": "N/A", "logo": "https://content.academicpositions.com/eyJidWNrZXQiOiJhcC1wcm9kdWN0aW9uLW1lZGlhLWFyY2hpdmUiLCJrZXkiOiIxNzZcLzFlY1wvMTc2MWVjMWYwZGFkNGU2MmViMDllZDk2NzNkMjQ5YzQucG5nIiwiZWRpdHMiOltdfQ=="}