{"url": "https://academicpositions.com/ad/university-of-nicosia-medical-school/2021/post-doctoral-research-fellow-epidemiology/164506", "title": "Post-doctoral Research Fellow (Epidemiology)", "publish_date": "2021-10-11", "deadline": "N/A", "location": "93 Agiou Nikolaou Street, Engomi Nicosia, Cyprus", "city": "93 Agiou Nikolaou Street", "country": "Cyprus", "position": "PhD", "field": "Bioinformatics, Biology, Biostatistics, Epidemiology, Medicine, and 1 moreVirology", "salary": "N/A", "max_working_hours": "N/A", "employer": "University of Nicosia Medical School", "job_description": "N/A", "requirements_description": "N/A", "conditions_description": "N/A", "employer_description": "N/A", "department_description": "N/A", "additional_information": "N/A", "apply_link": "N/A", "employer_link": "N/A", "job_type": "N/A", "logo": "https://content.academicpositions.com/eyJidWNrZXQiOiJhcC1wcm9kdWN0aW9uLW1lZGlhLWFyY2hpdmUiLCJrZXkiOiJjNDVcLzNjYlwvYzQ1M2NiNjI0YTljNjVjMWU0NGEyNTI2N2IzMjdmZTUuYmluIiwiZWRpdHMiOltdfQ=="}