{"url": "https://academicpositions.com/ad/aix-marseille-universite/2022/phd-candidate-quantum-transport-modeling-of-heat-in-nanostructures/174994", "title": "PhD candidate: Quantum transport modeling of heat in nanostructures", "publish_date": "2022-02-08", "deadline": "2022-05-01", "location": "Jardin du Pharo 58, bd Charles Livon Marseille, France", "city": "Jardin du Pharo 58", "country": "France", "position": "PhD", "field": "Electrical Engineering, Fluid Dynamics, Materials Physics, Nanotechnology, Quantum Physics, and 1 moreThermodynamics", "salary": "N/A", "max_working_hours": "N/A", "employer": "Aix-Marseille Universit\u00c3\u00a9", "job_description": "<div class=\"editor ck-content mt-6 mb-6 mb-md-8 mt-md-8\" id=\"editor\">\n<p><strong>Context and subject:</strong></p><p>Electronic device downscaling led to very detrimental self-heating effect due to the thermalization of hot carriers generated by high electric fields.\u00a0</p><p>However, despite its importance, the problem of heat flow at the nanoscale is still much less understood than the one of electronic transport, and research work must be urgently carried out to solve this issue. We have recently developed an \u00e2\u0080\u009cin-house\u00e2\u0080\u009d quantum transport code of phonons based on the Non-Equilibrium Green's Function (NEGF) formalism [see Ref. 1-3 for more details]. The NEGF approach has been recognized since several years as one of the best-suited methods to realistically describe quantum transport in nano-devices. Based on this code, the PhD candidate will theoretically investigate the heat transport in various technologically relevant systems, like Si/Ge interfaces, semiconductor heterostructures and 2D materials architectures. He/she will have to answer open questions about the transport mechanisms of phonons in those systems and to propose original thermal management solutions.</p><p><strong>Eligibility criteria of the applicants:</strong></p><p>Applicants must hold a master degree in physics, material science or electrical engineering. Experience in programming would be appreciated.</p><p><strong>Funding:</strong> 3-year-PhD contract</p><p><strong>Application deadline:</strong> The 1st of May 2022.</p><p><strong>For more information</strong>, please contact:\u00a0</p><p><strong>Dr. Marc Bescond</strong></p><p>IM2NP UMR-CNRS 7334 at the Aix-Marseille University.</p><p>e-mail:\u00a0<a href=\"mailto:marc.bescond@im2np.fr\">marc.bescond@im2np.fr</a></p><p><strong>References on the topic\u00a0:</strong></p><ol><li>Y. Guo, M. Bescond, Z. Zhang, M. Luisier, M. Nomura, and S. Volz, \u00e2\u0080\u009cQuantum mechanical modeling of anharmonic phonon-phonon scattering in nanostructures,\u00e2\u0080\u009d <i>Phys. Rev. B</i>, <strong>102</strong>, 195412 (2020).\u00a0<a href=\"https://doi.org/10.1103/PhysRevB.102.195412\" target=\"_blank\">https://doi.org/10.1103/PhysRevB.102.195412</a></li><li>Y. Guo, M. Bescond, Z. Zhang, S. Xiong, K. Hirakawa, M. Nomura, S. Volz, \u00e2\u0080\u009cThermal conductivity minimum of graded superlattices due to phonon localization,\u00e2\u0080\u009d <i>APL Materials</i> <strong>9</strong> (9), 091104 (2021).\u00a0<a href=\"https://doi.org/10.1063/5.0054921\" target=\"_blank\">https://doi.org/10.1063/5.0054921</a></li><li>Y. Guo, Z. Zhang, M. Bescond, S. Xiong, M. Nomura, S. Volz, \u00e2\u0080\u009cAnharmonic phonon-phonon scattering at the interface between two solids by nonequilibrium Green's function formalism,\u00e2\u0080\u009d <i>Phys. Rev. B</i> <strong>103</strong> (17), 174306 (2021).\u00a0<a href=\"https://doi.org/10.1103/PhysRevB.103.174306\" target=\"_blank\">https://doi.org/10.1103/PhysRevB.103.174306</a></li><li>Y. Guo, Z. Zhang, M. Bescond, S. Xiong, M. Wang, M. Nomura, S. Volz, \u00e2\u0080\u009cSize effect on phonon hydrodynamics in graphite microstructures and nanostructures,\u00e2\u0080\u009d <i>Phys. Rev. B</i> <strong>104</strong> (7), 075450 (2021).\u00a0<a href=\"https://doi.org/10.1103/PhysRevB.104.075450\" target=\"_blank\">https://doi.org/10.1103/PhysRevB.104.075450</a></li><li>Z. Zhang, Y. Guo, M. Bescond, J. Chen, M. Nomura and S. Volz, \u00e2\u0080\u009cHeat Conduction Theory Including Phonon Coherence,\u00e2\u0080\u009d <i>Phys. Rev. Lett.</i> <strong>128,\u00a0</strong>015901 (2022). <a href=\"https://doi.org/10.1103/PhysRevLett.128.015901\" target=\"_blank\">https://doi.org/10.1103/PhysRevLett.128.015901</a></li></ol>\n</div>", "requirements_description": "N/A", "conditions_description": "N/A", "employer_description": "N/A", "department_description": "N/A", "additional_information": "N/A", "apply_link": "N/A", "employer_link": "N/A", "job_type": "N/A", "logo": "https://content.academicpositions.com/eyJidWNrZXQiOiJhcC1wcm9kdWN0aW9uLW1lZGlhLWFyY2hpdmUiLCJrZXkiOiIxNzZcLzFlY1wvMTc2MWVjMWYwZGFkNGU2MmViMDllZDk2NzNkMjQ5YzQucG5nIiwiZWRpdHMiOltdfQ=="}