{"url": "https://academicpositions.com/ad/university-of-nizwa/2021/academic-positions-college-of-arts-sciences/165823", "title": "Academic Positions - College of Arts & Sciences", "publish_date": "2021-11-11", "deadline": "N/A", "location": "Nizwa Nizw\u00c3\u00a1, Oman", "city": "Nizwa Nizw\u00c3\u00a1", "country": "Oman", "position": "Researcher", "field": "Architecture and Design, Arts Education, Education, Fashion Design, Product Design,", "salary": "N/A", "max_working_hours": "N/A", "employer": "University of Nizwa", "job_description": "N/A", "requirements_description": "N/A", "conditions_description": "N/A", "employer_description": "N/A", "department_description": "N/A", "additional_information": "N/A", "apply_link": "N/A", "employer_link": "N/A", "job_type": "N/A", "logo": "https://content.academicpositions.com/eyJidWNrZXQiOiJhcC1wcm9kdWN0aW9uLW1lZGlhLWFyY2hpdmUiLCJrZXkiOiI0OWNcL2EyMFwvNDljYTIwMGY5MjMyZmViOWZjYWExN2ZmZWIzMzIxZmUuanBlZyIsImVkaXRzIjpbXX0="}