{"url": "https://academicpositions.com/ad/cimi/2022/call-for-applications-academic-year-2021-2022/172734", "title": "Call for applications - Academic Year 2022-2023", "publish_date": "2022-02-14", "deadline": "2022-03-14", "location": "Universit\u00c3\u00a9 de Toulouse Toulouse, France", "city": "Universit\u00c3\u00a9 de Toulouse Toulouse", "country": "France", "position": "Other Category", "field": "Algebra, Analysis, Applied Mathematics, Computational Mathematics, Geometry and Topology, and 5 moreLogic,Number Theory,Probability Theory,Statistics,Stochastics", "salary": "N/A", "max_working_hours": "N/A", "employer": "LabEx CIMI", "job_description": "<div class=\"editor ck-content mt-6 mb-6 mb-md-8 mt-md-8\" id=\"editor\">\n<p>CIMI offers a 3-year support grant (co-funding)\u00a0<strong>for 4 to 7 students\u00a0</strong>starting a PhD in one of the teams related to CIMI to start in October of each year. <strong>The LabEx will end at the beginning of 2025, and this year we are only proposing 2/3 co-funding (the next 1/3 for the period 2025 will have to be proposed (own funds, ANR, ERC). For mathematics, the request for co-funding will be studied simultaneously by the EUR MINT.</strong></p><h2><a href=\"https://formify.math.univ-toulouse.fr/survey/Phd/users/new\" target=\"_blank\"><strong>Application form for PhD grants</strong></a></h2><p><strong>Closing date</strong> : March 14th at 10.00 p.m (Paris time)</p><p><strong>All applications must be submitted online.</strong></p><h2><strong>Eligibility criteria</strong></h2><p>Those fellowships are open, on a competitive basis, to French and foreign students and awarded on the basis of the quality of the academic records.</p><p>The research areas should be developed within the activities at</p><p>the\u00a0<a href=\"http://math.univ-toulouse.fr/\" target=\"_blank\">Institut de Math\u00c3\u00a9matiques de Toulouse (IMT)</a>,\u00a0</p><p>the\u00a0<a href=\"http://www.irit.fr/\" target=\"_blank\">Institut de Recherche en Informatique de Toulouse (IRIT)</a>\u00a0</p><p>the teams\u00a0ROC, SARA, MAC, TSF and\u00a0VERTICS of\u00a0<a href=\"http://www.laas.fr/\" target=\"_blank\">the\u00a0Laboratoire d'analyse et d'architecture des syst\u00c3\u00a8mes (LAAS)</a>.</p><p>Phd subjects with interactions between mathematics and computer science will be closely examined.</p><h2><strong>Work contract conditions</strong></h2><p>Recruited doctoral students will be paid \u00e2\u0082\u00ac 1975 gross per month. They will have the opportunity to sign a teaching endorsement for the duration of their doctoral studies.\u00a0</p><h2><strong>Application process</strong></h2><p>The application call for the academic year 2022-2023 is now open.</p><h2><a href=\"https://formify.math.univ-toulouse.fr/survey/Phd/users/new\" target=\"_blank\"><strong>Application form for PhD grants</strong></a></h2><p><strong>Closing date</strong> : March 14th at 10.00 p.m (Paris time)</p><p><strong>All applications must be submitted online.</strong></p><p><strong>Applicants must be able to provide the following documents :</strong></p><p>Applicant\u00e2\u0080\u0099s curriculum vitae</p><p>Details of grades obtained at university from the 1st year to present</p><p>Motivation letter from the applicant</p><p>Short description of the proposed Phd subject\u00a0<strong>signed by the applicant and the applicant\u00e2\u0080\u0099s supervisor</strong></p><p>Where appropriate, a proposal for co-financing</p><p><strong>IMPORTANT: The applicant is reponsible to make sure his/her application is complete prior to the closing date. Please note that fully completed applications only will be examined.</strong></p><p><strong>Contact:</strong> contact@cimi.univ-toulouse.fr</p><h4><strong>Selection process</strong></h4><p>Shortlisting by the\u00a0<a href=\"http://www.edmitt.ups-tlse.fr/\" target=\"_blank\">Ecole Doctorale Math\u00c3\u00a9matiques Informatique T\u00c3\u00a9l\u00c3\u00a9communications de Toulouse</a>\u00a0(EDMITT) thematic commissions</p><p>The final selection will be performed by the LabEx CIMI Executive Committee</p>\n</div>", "requirements_description": "N/A", "conditions_description": "N/A", "employer_description": "N/A", "department_description": "N/A", "additional_information": "N/A", "apply_link": "N/A", "employer_link": "N/A", "job_type": "N/A", "logo": "https://content.academicpositions.com/eyJidWNrZXQiOiJhcC1wcm9kdWN0aW9uLW1lZGlhLWFyY2hpdmUiLCJrZXkiOiIyMDEzXC8xMFwvQ0lNSS5wbmciLCJlZGl0cyI6W119"}