{"url": "https://academicpositions.com/ad/vtt/2022/apply-for-vtts-industrial-biotechnology-opportunities/175351", "title": "Apply for VTT's Industrial Biotechnology opportunities!", "publish_date": "2022-02-17", "deadline": "2022-03-10", "location": "Vuorimiehentie 3 Helsinki, Finland", "city": "Vuorimiehentie 3 Helsinki", "country": "Finland", "position": "Other Category", "field": "Bioengineering, Biotechnology, Botany and plant science, Cell Biology, Computational Biology, and 2 moreFood Science,Molecular Biology", "salary": "N/A", "max_working_hours": "N/A", "employer": "VTT", "job_description": "<div class=\"editor ck-content mt-6 mb-6 mb-md-8 mt-md-8\" id=\"editor\">\n<p><strong>Are you interested in working with Industrial Biotechnology at VTT?\u00a0Due to our continual growth, we are currently seeking new talents\u00a0in Industrial Biotechnology to join our\u00a0teams!</strong></p><p><i>VTT is one of the leading applied research organisations in Europe. What unites us are curiosity, a passion for learning and a purpose: to solve the biggest challenges of our time\u00a0and turn them into sustainable growth and well-being. Our cross-disciplinary community of over 2000 brilliant minds is focused on creating impact through science-based innovation. Get to know us further\u00a0by exploring VTT\u00e2\u0080\u0099s research infra at\u00e2\u0080\u00af</i><a href=\"https://www.vttresearch.com/en/vtt-world/\" target=\"_blank\"><i><strong>VTT World</strong></i></a><i><strong>.\u00a0</strong></i></p><p>VTT has world-class expertise in industrial biotechnology and synthetic biology that is harnessed to solve the global sustainability challenges. In the coming years, large proportion of the fossil-based raw materials will be replaced with wide range of bio-based raw materials and side streams. Industrial biotechnology is all about using living organisms, cell factories, in industrial production. Development of biointelligent manufacturing processes for chemicals, materials and food enables reaching the set goals.</p><p>At VTT, we work in multidisciplinary teams in close collaboration with our clients to create sustainable industrial biotechnical solutions. Protein production, enzyme discovery, metabolic engineering, systems biology and fermentation technologies are researched in our state-of-the-art facilities.</p><h2><strong>Open positions</strong></h2><p>If you are interested in joining VTT, find below information about our current job openings in the Industrial Biotechnology area. We warmly encourage you to apply\u00a0if you spot a position that might be suitable for your background and interests!\u00a0</p><p>If you don\u00e2\u0080\u0099t find open position that matches with your profile, you can also\u00a0send an open application for our Industrial Biotechnology opportunities by scrolling down the page\u00a0to be considered for the future job opportunities in the area. Please see the job specific application deadlines in the job ads below.</p><ul><li><a href=\"https://ats.talentadore.com/apply/research-team-leaders-protein-production/DwQ3q8\" target=\"_blank\">Research Team Leaders, Protein production</a></li><li><a href=\"https://ats.talentadore.com/apply/principal-scientist-protein-production/ZnglqD\" target=\"_blank\">Principal Scientist, Protein production</a></li><li><a href=\"https://ats.talentadore.com/apply/research-technician-plant-biotechnology/ZO9Qqm\" target=\"_blank\">Research Technician, Plant Biotechnology</a></li><li><a href=\"https://ats.talentadore.com/apply/business-development-manager-industrial-biotechnology/DGaj08\" target=\"_blank\">Business Development Manager, Industrial Biotechnology</a></li><li><a href=\"https://ats.talentadore.com/apply/principal-scientist-in-computational-biology/81xLQm\" target=\"_blank\">Principal Scientist in Computational Biology</a></li></ul><h2><strong>Working at VTT</strong></h2><p><strong>Want to know more about how\u00a0it is like to work at VTT?</strong> Get to know our Research Manager Dr Emilia Nordlund\u00e2\u0080\u0099s career story and experiences from working in VTT\u00e2\u0080\u0099s Industrial Biotechnology research:<a href=\"https://www.vttresearch.com/en/news-and-ideas/summer-job-slaughterhouse-making-eggs-without-chickens-how-biotechnology-researchers\" target=\"_blank\"> \"From a summer job at a slaughterhouse to making eggs without chickens \u00e2\u0080\u0093 how biotechnology researchers are shaping the future of food</a>\" - and learn more about working at VTT.\u00a0</p><p><strong>Are you an international talent looking for a new opportunity? </strong>Read more about the\u00a0<a href=\"https://www.vttresearch.com/en/research-jobs-in-finland\" target=\"_blank\">benefits of living and working in Finland as well as VTT's support for relocation</a> of the new employees!</p><p><strong>What we offer you:</strong>\u00a0</p><ul><li><strong>Natural sciences with\u00a0an\u00a0impact.</strong>\u00a0VTT works on the cutting-edge of natural sciences, and we\u00e2\u0080\u0099ve invested into building state-of-the-art research facilities for natural sciences, such as the Bioruukki pilot infrastructure for bio- and circular economy. Our research agenda is dedicated to solving systemic and technological challenges, such as reaching carbon neutrality and unleashing the power of synthetic biology. That means that at VTT, your expertise in natural sciences will go towards creating real impact. Read more about our strategy \u00e2\u0080\u0093\u00a0<a href=\"https://www.vttresearch.com/en/news-and-ideas/welcome-path-exponential-hope-how-turn-turbulence-2020s-sustainable-growth\" target=\"_blank\">the path of exponential hope</a>.</li><li><strong>Superb colleagues and community. </strong>With VTT, you\u00e2\u0080\u0099ll join a community of over 2000 multidisciplinary experts who foster a culture of trust, openness and sharing knowledge. We work truly across disciplines, and house all the cutting-edge sciences from quantum computing to synthetic biology under one roof. Collaborating with superb colleagues is a source of learning, inspiration, and fun.</li><li><strong>Excellent career in research. </strong>At VTT, excellence in research is a strategic priority. We offer long-term positions and stable career paths in top-level research. People tend to stay with us over 10 years since there are always new roles and responsibilities to grow into. A combination of cutting-edge academic research and applied customer projects keeps\u00a0your career path\u00a0interesting.</li><li><strong>Support for your well-being. </strong>Our people are our main asset, so we take good care of them. We aim to nurture great team spirit and leadership and offer versatile well-being services to enable a good work\u00e2\u0080\u0093life balance. On top of 6 weeks of paid holidays we offer exercise and culture benefits, hobby clubs, and voluntary well-being services such as meditation programmes and trainings on cognitive ergonomics.</li><li><strong>Nordic work\u00e2\u0080\u0093life balance.</strong>\u00a0Working in\u00a0Finland, the happiest country in the world, enables a\u00a0great quality of life. At\u00a0VTT, we\u00a0make our people\u00e2\u0080\u0099s well-being a strategic priority. Read more here (<a href=\"https://www.vttresearch.com/en/research-jobs-in-finland\" target=\"_blank\">https://www.vttresearch.com/en/research-jobs-in-finland</a>)</li></ul><h2><strong>More about VTT Industrial Biotechnology</strong></h2><p><strong>Do you want to know more about </strong><a href=\"https://www.vttresearch.com/en/research-expertise/industrial-biotechnology\" target=\"_blank\"><strong>Industrial Biotechnology at VTT</strong></a><strong>?</strong></p><p>Read more examples about our research and innovations:</p><p><a href=\"https://www.vttresearch.com/en/ourservices/protein-production-and-discovery\" target=\"_blank\">Protein production and discovery</a></p><p><a href=\"https://www.vttresearch.com/en/news-and-ideas/biotechnology-could-provide-environmentally-more-sustainable-alternative-egg-white\" target=\"_blank\">Biotechnology could provide an environmentally more sustainable alternative to egg white protein production</a></p><p><a href=\"https://www.vttresearch.com/en/news-and-ideas/vtt-and-dyadic-international-presenting-excellent-results-reached-development-new\" target=\"_blank\">VTT and Dyadic International presenting excellent results reached in development of a new fungal production platform C1</a></p><p><a href=\"https://www.vttresearch.com/en/news-and-ideas/tougher-and-lighter-dental-implant-crowns-can-be-made-cellulose-based-nanocomposites\" target=\"_blank\">Tougher and lighter dental implant crowns can be made of cellulose-based nanocomposites</a></p><p>Apply between <strong>15 February 2022</strong> and <strong>10 March 2022 23:59 (Europe/Helsinki)</strong></p><h2>VTT</h2><p><i>VTT is a visionary research, development and innovation partner. We drive sustainable growth and tackle the biggest global challenges of our time and turn them into growth opportunities. We go beyond the obvious to help the society and companies to grow through technological innovations. We have over 75 years of experience of top-level research and science-based results. VTT\u00c2\u00b4s turnover and other operating income is 258 M\u00e2\u0082\u00ac. VTT is at the sweet spot where innovation and business come together.</i></p><p>VTT \u00e2\u0080\u0093 beyond the obvious.</p>\n</div>", "requirements_description": "N/A", "conditions_description": "N/A", "employer_description": "N/A", "department_description": "N/A", "additional_information": "N/A", "apply_link": "N/A", "employer_link": "N/A", "job_type": "N/A", "logo": "https://content.academicpositions.com/eyJidWNrZXQiOiJhcC1wcm9kdWN0aW9uLW1lZGlhLWFyY2hpdmUiLCJrZXkiOiIxYjJcLzA2Y1wvMWIyMDZjODQ0MTljY2ZlNWNjODU2MzM0MTZjMWVhMmUucG5nIiwiZWRpdHMiOltdfQ=="}