{"url": "https://academicpositions.com/ad/universite-paris-saclay/2022/postdoc-contract-call-for-applications-artificial-intelligence-the-firm-design-and-the-next-generation-of-competences/174844", "title": "POSTDOC contract: Call for applications \"Artificial intelligence, the firm design and the next generation of competences\"", "publish_date": "2022-02-03", "deadline": "N/A", "location": "Espace Technologique - B\u00c3\u00a2timent Discovery, Route de l'Orme aux Merisiers - RD 128 Saint-R\u00c3\u00a9my-l\u00c3\u00a8s-Chevreuse, France", "city": "Espace Technologique - B\u00c3\u00a2timent Discovery", "country": "France", "position": "Postdoc", "field": "Artificial Intelligence, Business Administration, Business Economics, Information Systems, Management,", "salary": "N/A", "max_working_hours": "N/A", "employer": "Universit\u00c3\u00a9 Paris-Saclay", "job_description": "<div class=\"editor ck-content mt-6 mb-6 mb-md-8 mt-md-8\" id=\"editor\">\n<p>Artificial intelligence (AI) is now centric to the firm\u00e2\u0080\u0099s organizational design, especially due to the dominance of platforms. Platformization naturally has an impact on the competences of firms and their related ecosystems.</p><p>In liaison with the on-going research program carried out by the RITM and the European chair of intangibles, the work of the postdoctoral fellow, which is part of a broader reflection on artificial intelligence (AI) and emerging competences, aims in particular to contribute to a foresight and simulation effort of the competences /skills to be developed by companies, due to the current and expected expansion of the scope of application of AI.\u00a0</p><p>More specifically, the objective of the proposed research aims to participate and deploy a set of analytical instruments, intended to better appreciate the impact of AI on organizational and individual skills (cognitive skills, human skills, interactive skills, social abilities).</p><p><strong>The host institution</strong></p><p><strong>Universit\u00c3\u00a9 Paris-Saclay</strong>. Universit\u00c3\u00a9 Paris-Saclay offers a comprehensive and varied range of Undergraduate, Master's and PhD degrees, renowned internationally thanks to the University\u00e2\u0080\u0099s reputation for research excellence and the commitment of its academic staff. The University\u00e2\u0080\u0099s constituent faculties, institutes and component institutions all contribute to the curricula with cutting-edge specialized courses in Science and Engineering, Life Sciences and Health, and Social Sciences and Humanities.</p><p>The University of Paris-Saclay is ranked 13th worldwide, according to Shanghai Ranking and in the Top 50 of the world's best universities in 11 disciplines: 9th in physics (1st in Europe), 12th in agriculture, 22nd in clinical medicine, 29th in telecommunications engineering and statistics, 30th in biotechnology, 32nd in automation and control and 41st in mechanical engineering.</p><p>Universit\u00c3\u00a9 Paris-Saclay embodies the very best of what French higher education and research has to offer, recognized internationally for its level of excellence.</p><p>The University shares 275 laboratories with the French Alternative Energies and Atomic Energy Commission (CEA), the French National Centre for Scientific Research (CNRS), the Institut des Hautes Etudes Scientifiques (IHES), the French National Research Institute for Agriculture, Food and Environment (INRAE), the National Institute for Research in Digital Science and Technology (INRIA), the French National Institute of Health and Medical Research (INSERM) and the French Aerospace Lab (ONERA). Universit\u00c3\u00a9 Paris-Saclay currently represents 13% of France\u00e2\u0080\u0099s research potential.</p><p>Located in the south of Paris on vast sites that stretch across Paris, Orsay, \u00c3\u0089vry and Versailles, Universit\u00c3\u00a9 Paris-Saclay benefits from a strategic geographical and socio-economic position that is strengthened by its international visibility.</p><p>Universit\u00c3\u00a9 Paris-Saclay is nested in a protected natural area close to Paris, at the very heart of a dynamic economic hub.</p><p>With 48,000 students, 9,000 researchers and lecturers, and 11,000 technical and administrative staff members, Universit\u00c3\u00a9 Paris-Saclay is a driving force for the development of its local area and one of France\u00e2\u0080\u0099s leading institutions.</p><p><strong>RITM</strong> is the research laboratory in economics and management of the University Paris-Sud and brings together about sixty researchers around two axes: Networks-Innovation and Territories and Globalization.</p><p><strong>The European Chair of Intangibles</strong> is a platform for research and dissemination of knowledge about intangible assets from an international perspective. It is supported by leading companies and institutions.\u00a0</p><p>Useful links:</p><p>Universit\u00c3\u00a9 Paris-Saclay: https://www.universite-paris-saclay.fr/en</p><p>\u00a0RITM Research group:\u00a0<a href=\"http://www.ritm.universite-paris-saclay.fr/\" target=\"_blank\">www.ritm.universite-paris-saclay.fr</a>\u00a0</p><p>European chair on intangibles:\u00a0<a href=\"http://www.chairedelimmateriel.universite-paris-saclay.fr/\" target=\"_blank\">www.chairedelimmateriel.universite-paris-saclay.fr</a></p><p><strong>Profile sought / Required skills</strong></p><p>PhD in computer science, SSH (applied economics, \u00a0management science, \u00e2\u0080\u00a6), with a real background /interest in digital, innovation and foresight approaches.</p><p><strong>Documents to be transmitted\u00a0</strong></p><p>CV, letter (s) of recommendation and references, letter of motivation</p><p><strong>Contact</strong></p><p><strong>Ahmed BOUNFOUR</strong>, Professor, Universit\u00c3\u00a9 Paris-Saclay, RITM &amp; European Chair of Intangibles, 54 Bd Desgranges, 92330 Sceaux, France\u00a0</p><p>Email: Ahmed.bounfour@universite-paris-saclay.fr; Tel: (+33)140911733</p><p><strong>Location\u00a0</strong></p><p>Sceaux, faculty of Law, Economics, and Management (located 8 Kms south Paris)</p><p><strong>Duration\u00a0</strong></p><p>2 years contract, in line with international standards</p>\n</div>", "requirements_description": "N/A", "conditions_description": "N/A", "employer_description": "N/A", "department_description": "N/A", "additional_information": "N/A", "apply_link": "N/A", "employer_link": "N/A", "job_type": "N/A", "logo": "https://content.academicpositions.com/eyJidWNrZXQiOiJhcC1wcm9kdWN0aW9uLW1lZGlhLWFyY2hpdmUiLCJrZXkiOiI0ZThcLzA5ZFwvNGU4MDlkYjllZWM1YjMxZDc1MjM5NTk1YWMzMTk1MmMuanBlZyIsImVkaXRzIjpbXX0="}