{"url": "https://academicpositions.com/ad/european-synchrotron-radiation-facility-esrf/2022/post-doctoral-fellow-for-the-id32-soft-x-ray-beamline/174693", "title": "Post-doctoral Fellow for the ID32 soft X-ray Beamline", "publish_date": "2022-02-01", "deadline": "2022-02-18", "location": "71 avenue des Martyrs Grenoble, France", "city": "71 avenue des Martyrs Grenoble", "country": "France", "position": "Postdoc", "field": "Electromagnetism, Experimental Physics, Materials Chemistry, Spectroscopy, Surface Chemistry,", "salary": "N/A", "max_working_hours": "N/A", "employer": "European Synchrotron Radiation Facility (ESRF)", "job_description": "<div class=\"editor ck-content mt-6 mb-6 mb-md-8 mt-md-8\" id=\"editor\">\n<p>The European Synchrotron, the ESRF, is an international research centre based in Grenoble, France.</p><p>Through its innovative engineering, pioneering scientific vision and a strong commitment from its 700 staff members, the ESRF is recognised as one of the top research facilities worldwide. Its particle accelerator produces intense X-ray beams that are used by thousands of scientists each year for experiments in diverse fields such as biology, medicine, environmental sciences, cultural heritage, materials science, and physics.</p><p>Supported by 22 countries, the ESRF is an equal opportunity employer and encourages diversity.</p><p>You will participate in ongoing in-house research programmes, the running of the beamline and providing support to external users as a local contact. You will also develop your own research projects, which should exploit the unique capabilities of the ID32 beamline.</p><p>ID32 is a soft X-ray (400-1600eV) beamline with a scientific focus in the areas of electronic structure and magnetism. The beamline has two branches; one has been optimized for experiments using very high energy resolution soft X-ray resonant inelastic X-ray scattering (RIXS), with a state-of-the-art spectrometer and the other branch for soft X-ray absorption dichroism studies (e.g. X-ray Magnetic Circular dichroism (XMCD)) with a 9T superconducting high field magnet and surface science sample preparation facilities. Candidates interested in either, or both, of the ID32 branches are encouraged to apply.</p><p>For more details see:</p><p><a href=\"https://www.esrf.fr/ID32\" target=\"_blank\">https://www.esrf.fr/ID32</a></p><p>Further information may be obtained from Nick Brookes (tel.: +33 (0)4 76 88 24 39, email: <a href=\"mailto:brookes@esrf.fr\">brookes@esrf.fr</a>).</p><p>- PhD in chemistry, physics or closely related science obtained less than 3 years ago</p><p>- A strong background in X-ray spectroscopy is desirable</p><p>- Ability to interact with multi-disciplinary staff and facility users</p><p>- Proficiency in English (working language at the ESRF)</p><p>Contract of 18 months, renewable for a further 6 or 18-month period.</p><p>We offer a comprehensive benefits package designed to support your quality of life and your installation in the Grenoble area when relocation is needed.</p><p>The monthly salary may be complemented by additional allowances upon eligibility (expatriation allowance, etc...).</p><p>If you are interested in this position, please apply online at <a href=\"http://www.esrf.fr/Jobs\" target=\"_blank\">http://www.esrf.fr/Jobs</a> before 18 February 2022.</p>\n</div>", "requirements_description": "N/A", "conditions_description": "N/A", "employer_description": "N/A", "department_description": "N/A", "additional_information": "N/A", "apply_link": "N/A", "employer_link": "N/A", "job_type": "N/A", "logo": "https://content.academicpositions.com/eyJidWNrZXQiOiJhcC1wcm9kdWN0aW9uLW1lZGlhLWFyY2hpdmUiLCJrZXkiOiIyMDE0XC8wMVwvZXNyZi1sb2dvLnBuZyIsImVkaXRzIjpbXX0="}