{"url": "https://academicpositions.com/ad/empa/2022/scientist-postdoctoral-researcher-in-the-field-of-bioelectric-interfaces-and-photosynthesis/175047", "title": "Scientist / Postdoctoral Researcher in the Field of bioelectric interfaces and photosynthesis", "publish_date": "2022-02-09", "deadline": "N/A", "location": "Ueberlandstrasse 129Zurich, Switzerland", "city": "Ueberlandstrasse 129Zurich", "country": "Switzerland", "position": "Postdoc", "field": "Biophysics, Electrochemistry, Photochemistry, Spectroscopy,", "salary": "N/A", "max_working_hours": "N/A", "employer": "Empa", "job_description": "N/A", "requirements_description": "N/A", "conditions_description": "N/A", "employer_description": "N/A", "department_description": "N/A", "additional_information": "N/A", "apply_link": "N/A", "employer_link": "N/A", "job_type": "N/A", "logo": "https://content.academicpositions.com/eyJidWNrZXQiOiJhcC1wcm9kdWN0aW9uLW1lZGlhLWFyY2hpdmUiLCJrZXkiOiIyMDEyXC8wN1wvRW1wYS1sb2dvLW5ldy5qcGciLCJlZGl0cyI6W119"}