{"url": "https://academicpositions.com/ad/ku-leuven/2022/professor-in-risk-management-financial-mathematics-financial-statistics-or-mathematical-statistics/174571", "title": "Professor in Risk Management, Financial Mathematics, Financial Statistics or Mathematical Statistics", "publish_date": "2022-01-28", "deadline": "2022-02-28", "location": "Oude Markt 13 Leuven, Belgium", "city": "Oude Markt 13 Leuven", "country": "Belgium", "position": "Assistant Professor", "field": "Applied Mathematics, Finance, Financial Economics, Mathematical Economics, Probability Theory, and 3 moreRisk Management,Statistics,Stochastics", "salary": "N/A", "max_working_hours": "N/A", "employer": "KU Leuven", "job_description": "N/A", "requirements_description": "N/A", "conditions_description": "N/A", "employer_description": "N/A", "department_description": "N/A", "additional_information": "N/A", "apply_link": "N/A", "employer_link": "N/A", "job_type": "N/A", "logo": "https://content.academicpositions.com/eyJidWNrZXQiOiJhcC1wcm9kdWN0aW9uLW1lZGlhLWFyY2hpdmUiLCJrZXkiOiIyZmFcL2RjN1wvMmZhZGM3NWRkOTM1YjM5NGYyNmUzODc3MzUwZWNiYTMucG5nIiwiZWRpdHMiOltdfQ=="}