{"url": "https://academicpositions.com/ad/university-of-basel/2022/100-postdoctoral-position-in-bioinformatics-to-study-gene-regulatory-networks/174549", "title": "100% Postdoctoral Position in Bioinformatics to study Gene Regulatory Networks", "publish_date": "2022-01-28", "deadline": "2022-02-26", "location": "Petersplatz 1 Basel, Switzerland", "city": "Petersplatz 1 Basel", "country": "Switzerland", "position": "Postdoc", "field": "Bioinformatics, Computational Biology, Programming Languages,", "salary": "N/A", "max_working_hours": "N/A", "employer": "University of Basel", "job_description": "N/A", "requirements_description": "N/A", "conditions_description": "N/A", "employer_description": "N/A", "department_description": "N/A", "additional_information": "N/A", "apply_link": "N/A", "employer_link": "N/A", "job_type": "N/A", "logo": "https://content.academicpositions.com/eyJidWNrZXQiOiJhcC1wcm9kdWN0aW9uLW1lZGlhLWFyY2hpdmUiLCJrZXkiOiIyMDEzXC8wM1wvVW5pQmFzX0xvZ29fRU5fU2Nod2Fyel9SR0JfLnBuZyIsImVkaXRzIjpbXX0="}