{"url": "https://academicpositions.com/ad/university-of-agder-uia/2022/phd-research-fellow-in-e-health-at-the-faculty-of-social-sciences/174980", "title": "PhD Research Fellow in e-health at the Faculty of Social Sciences", "publish_date": "2022-02-07", "deadline": "2022-03-01", "location": "Gimlemoen 25 Kristiansand, Norway", "city": "Gimlemoen 25 Kristiansand", "country": "Norway", "position": "Postdoc", "field": "Clinical Sciences, Computing in Mathematics, Natural Science, Engineering and Medicine, Computing in Social science, Arts and Humanities, Health Science, Information Systems (Business Informatics),", "salary": "N/A", "max_working_hours": "N/A", "employer": "University of Agder (UiA)", "job_description": "N/A", "requirements_description": "N/A", "conditions_description": "N/A", "employer_description": "N/A", "department_description": "N/A", "additional_information": "N/A", "apply_link": "N/A", "employer_link": "N/A", "job_type": "N/A", "logo": "https://content.academicpositions.com/eyJidWNrZXQiOiJhcC1wcm9kdWN0aW9uLW1lZGlhLWFyY2hpdmUiLCJrZXkiOiJjNWRcLzYyOFwvYzVkNjI4MGVhN2ZjMjA3MDU2ZWRkZjU0YjAwMGRlNzYucG5nIiwiZWRpdHMiOltdfQ=="}