{"url": "https://academicpositions.com/ad/it-university-of-copenhagen/2022/assistant-associate-professorships-in-data-science-and-machine-learning/175145", "title": "Assistant/associate professorships in data science and machine learning", "publish_date": "2022-02-10", "deadline": "2022-03-28", "location": "Rued Langgaards Vej 7 Copenhagen, Denmark", "city": "Rued Langgaards Vej 7 Copenhagen", "country": "Denmark", "position": "Research Assistant", "field": "Artificial Intelligence, Artificial Neural Network, Big Data, Computational Sciences, Computer Communications (Networks), and 5 moreData Mining,Databases,Machine Learning,Machine Vision,Statistics", "salary": "N/A", "max_working_hours": "N/A", "employer": "IT University of Copenhagen (ITU)", "job_description": "<div class=\"editor ck-content mt-6 mb-6 mb-md-8 mt-md-8\" id=\"editor\">\n<p>The Computer Science Department at the IT University of Copenhagen invites applications for one or more faculty positions at the rank of assistant professor or associate professor. The proposed starting date is September 2022 or soon thereafter.<br/><strong>The candidate</strong><br/>We look to hire strong candidates holding a PhD in data science, computer science, computational statistics, or a closely related field.<br/>The candidate is expected to conduct research and research-based teaching in one or more of the department\u00e2\u0080\u0099s existing areas, including:</p><ul><li>Data mining, large-scale data analysis, data visualization</li><li>Machine learning</li><li>Natural language processing</li><li>Network science, analysis of large (social and other) networks</li><li>Bioinformatics</li><li>Computer vision, signal analysis</li><li>Computational social science</li><li>Fairness and accountability in data science and machine learning</li><li>Statistics, computational statistics, probabilistic modelling</li></ul><p>The ideal candidate should document:</p><ul><li>Publications of research at a high international level in well-respected peer reviewed venues</li><li>Competences in developing and conducting teaching that is well received by students</li><li>A record of contributing to the goals of the institutions in which he/she has worked, for example participation in committees, etc.</li></ul><p>In addition, candidates for a position as associate professor should be able to:</p><ul><li>Attract external research funding</li><li>Supervise PhD students</li><li>Read/speak a Scandinavian language or be willing to learn Danish</li></ul><p>The application should also state any additional qualities that the candidate may possess, such as excellent communication skills, leadership skills in diverse environments, and the like.</p><p><strong>Job description</strong><br/>The candidate is expected to conduct research and to collaborate with fellow faculty members in the Computer Science Department and to develop interdisciplinary and intersectoral collaborations when relevant. The candidate is expected to contribute to the IT University\u00e2\u0080\u0099s education programs, chiefly BSc and MSc Data Science and similar technical programs, both by giving courses and by supervising BSc and MSc theses. Furthermore, the candidate is expected to engage with society through external collaboration, to participate in securing external funding, and to contribute to the IT University\u00e2\u0080\u0099s strategic goals.</p><p><strong>Working at the IT University</strong><br/>Located in modern architecture at the intersection of the new \u00c3\u0098restad and the old Amager, a 6-minute metro ride from the center of Copenhagen, the IT University offers an informal working environment, a varied everyday life, and a highly motivated, ambitious, competent, and diverse international faculty, with PhD degrees from 17 different countries. The IT University is an equal opportunity employer and prides itself in actively and successfully pursuing an improved gender balance among students and among faculty. We encourage applicants from underrepresented groups.</p><p><strong>Working in Copenhagen</strong><br/>Copenhagen has a strong educational system, a rich cultural life, universal healthcare, good childcare, and well-functioning infrastructure. Copenhagen is among the world\u00e2\u0080\u0099s most livable cities according to the Economist Global Liveability Index. Living and working in Copenhagen will be a good experience for you and your family.</p><p><strong>General information</strong><br/>The IT University of Copenhagen is a public university focusing entirely on information technology, with a cross-disciplinary emphasis that includes business, computer science, and design.</p><p>The IT University\u00e2\u0080\u0099s vision is to create and share knowledge that is profound and leads to ground-breaking information technology and services for the benefit of humanity. The Computer Science Department seeks to conduct research and education that are both foundational and have impact on industry and society.</p><p><strong>Salary</strong><br/>Appointment and salary will be in accordance with the Ministry of Finance\u00e2\u0080\u0099s agreement with the Danish Confederation of Professional Associations (AC).</p><p><strong>Application</strong><br/>The application must be in English and must include:</p><ul><li>A motivated application, including a cogent argument for how qualified you are for the position and brief statements of research and teaching plans</li><li>A full CV, including name, address, phone number, e-mail, previous and present employment and academic background</li><li>Documentation of academic degrees (copy of degree certificates etc.)</li><li>Copies of 3-5 publications relevant to the position.</li><li>A numbered list of publications. The enclosed publications should be marked with an asterisk (*)</li><li>Documentation of pedagogical experience and teaching record within one or more of the teaching areas listed for the position</li></ul><p>For the position as associate professor: <i>preferably</i> documentation of both a) received observation and feedback on teaching, b) pedagogical training courses as a teacher, c) a formal written assessment of teaching competence and d) a teaching record within one or more of the teaching areas listed for the position.</p><p>Applications without the above-mentioned <i>required</i> documents will not be assessed.</p><p>The applicant will be accessed according to the Appointment Order from the Ministry of Science, Technology and Innovation of 13 March 2012.</p><p>The IT University may use shortlisting in connection to the recruitment process. In case of shortlisting, the Chair of the hiring committee selects applicants for assessment in consultation with the hiring committee after the application deadline. All applicants are notified whether their application has been passed for assessment. The shortlisting of candidates for assessment is based on the criteria in the job posting.\u00a0</p><p>Early contact with our faculty staff is strongly encouraged.</p><p>Questions about the position can be directed to Head of Department Peter Sestoft, email <a href=\"mailto:sestoft@itu.dk\">sestoft@itu.dk</a>, phone +45 7218 5083.</p><p><strong>Application procedure</strong><br/>You can only apply for this position through our e-recruitment system. Apply by pushing the button \"Apply for position\" in the job announcement on our website: <a href=\"http://en.itu.dk/About-ITU/Vacancies\" target=\"_blank\">http://en.itu.dk/About-ITU/Vacancies</a></p><p>Please note that all application material will be destroyed after the assessment.</p><p>The IT University uses tests in connection with the recruitment process.</p><p>Application deadline:\u00a0<strong>Monday 28 March 2022, at 23:59 CET/CEST.</strong></p><p>Applications/enclosures received after the application deadline will not be taken into consideration. If you submit an application, it is your responsibility to ensure that it arrives before the deadline, so please allow sufficient time for upload of publications and other documents.</p><p>The IT University invites all qualified researchers regardless of age, gender, religious affiliation or ethnic background to apply for the positions.</p>\n</div>", "requirements_description": "N/A", "conditions_description": "N/A", "employer_description": "N/A", "department_description": "N/A", "additional_information": "N/A", "apply_link": "N/A", "employer_link": "N/A", "job_type": "N/A", "logo": "https://content.academicpositions.com/eyJidWNrZXQiOiJhcC1wcm9kdWN0aW9uLW1lZGlhLWFyY2hpdmUiLCJrZXkiOiIyMDE2XC8wOFwvSVRVLWxvZ28uanBnIiwiZWRpdHMiOltdfQ=="}