{"url": "https://academicpositions.com/ad/charite-universitatsmedizin-berlin/2021/scientific-staff-phd-student-m-f-d/173572", "title": "Scientific Staff / PhD Student (m/f/d)", "publish_date": "2021-12-27", "deadline": "2022-02-18", "location": "Charit\u00c3\u00a9platz 1 Berlin, Germany", "city": "Charit\u00c3\u00a9platz 1 Berlin", "country": "Germany", "position": "PhD", "field": "Biochemistry, Bioinformatics, Biostatistics, Cancer Research, Cell Biology, and 5 moreClinical Sciences,Molecular Biology,Molecular Medicine,Pathology,Systems Biology", "salary": "N/A", "max_working_hours": "N/A", "employer": "Charit\u00c3\u00a9 - Universit\u00c3\u00a4tsmedizin Berlin", "job_description": "<div class=\"editor ck-content mt-6 mb-6 mb-md-8 mt-md-8\" id=\"editor\">\n<p><strong>THE CHARIT\u00c3\u0089 \u00e2\u0080\u0093 UNIVERSIT\u00c3\u0084TSMEDIZIN BERLIN</strong><br/>The Charit\u00c3\u00a9 \u00e2\u0080\u0093 Universit\u00c3\u00a4tsmedizin Berlin is a joint medical faculty, which serves both Freie Universit\u00c3\u00a4t Berlin and Humboldt Universit\u00c3\u00a4t zu Berlin. As one of the largest university hospitals in Europe with an important history, it plays a leading role in research, teaching and clinical care. The Charit\u00c3\u00a9 university hospital has also made a name for itself as a modern business with certifications in the medical, clinical and management fields.</p><h2>SCIENTIFIC STAFF / PHD STUDENT (M/F/D)</h2><h4>CC05 \u00e2\u0080\u0093 Institute of Pathology</h4><p><strong>Charit\u00c3\u00a9 Campus Mitte</strong></p><p>The Institute of Pathology of the University Hospital Charit\u00c3\u00a9 provides diagnostic services for \u00e2\u0088\u00bc60 000 patients a year. It is one of the most important pathology institutes in Germany with a dedicated molecular pathology department and several research groups and corresponding infrastructure. As the largest university hospital in Germany, Charit\u00c3\u00a9 also provides ample support for translational and basic research (e.g. curation of patient clinical data and assembly of patient collectives, a biobank with large tumor tissue collections, numerous core facilities etc.). On the same campus, there are the Max Planck Institute for Infection Biology, the IRI Life Sciences of Humboldt University and the Berlin Institute of Medical Systems Biology of MDC, offering extensive opportunities for collaboration and scientific exchange.</p><p><strong>Your area of responsibility:</strong></p><p>The group of Dr. Stefan Florian is looking for a graduate student (m/f/d) E13 / 65 % interested in applying systems biology, -omics based approaches to characterize tissue samples from large patient collectives in order to identify complex biomarker patterns that predict therapy outcome in breast cancer. The project will involve:</p><ul><li>Using confocal microscopy to generate high-throughput fluorescence datasets from patient samples with up to 30 channels</li><li>The use of cutting edge sequencing approaches (e.g. long read sequencing and single cell transcriptomics) to analyze breast cancer samples</li><li>Close collaborations with bioinformaticians, biologists and physicians to analyze the generated data</li><li>Mechanistic studies in breast cancer organoids to understand the observations in patient tissues</li></ul><p>Our publications can be found at:<br/><a href=\"https://www.ncbi.nlm.nih.gov/myncbi/stefan.florian.1/bibliography/public/\" target=\"_blank\">https://www.ncbi.nlm.nih.gov/myncbi/stefan.florian.1/bibliography/public/</a></p><p>We are a small international group including physicians, biologists and bioinformaticians and have close collaboration partners specialized in mass spectrometry and deep learning based data analysis at Charit\u00c3\u00a9, the Max Delbrueck Center for Molecular Medicine (MDC) and at the Center for Molecular Medicine in Cologne (CMMC). Working language in the group is English. We provide a friendly and supportive environment with flat hierarchies and strongly encourage (and expect) independent thinking.</p><p><strong>Your profile:</strong></p><ul><li>MSc in biology, bioinformatics, biochemistry, biostatistics or similar</li><li>Experience in fluorescence microscopy, 2nd or 3rd generation sequencing, data analysis using deep learning or machine learning approaches or working with organoids are helpful, but not required</li><li>Very good knowledge of written and spoken English</li><li>Interest in reaching out to colleagues from different disciplines and shaping the direction of the project</li></ul><p>Applications including a CV, motivation letter and the contact data (or letters) of references should be sent to <a href=\"mailto:sarema.pohlodek@charite.de\">sarema.pohlodek@charite.de</a></p><p>Scientific staff is given sufficient time to carry out their own scientific work in accordance with their employment relationship.</p><p><strong>REF. NO.:</strong><br/>DM.299.21b</p><p><strong>START:</strong><br/>as soon as possible</p><p><strong>LENGTH OF EMPLOYMENT:</strong><br/>31.08.2024</p><p><strong>WORKING TIME:</strong><br/>25.35 hours / week (65 %)</p><p><strong>PAY SCALE:</strong><br/>E13 according to collective agreement TV\u00c3\u00b6D VKA-K<br/>Employees are grouped into pay scales according to their qualifications and personal requirements. You can find our collective bargaining agreements (Tarifvertr\u00c3\u00a4ge) on our homepage (Link below). : <a href=\"http://www.charite.de/en/careers/\" target=\"_blank\"><strong><u>www.charite.de/en/careers/</u></strong></a></p><p>For further information please contact Dr. Stefan Florian, E-Mail: <a href=\"mailto:stefan.florian@charite.de\">stefan.florian@charite.de</a></p><p>Please send all application documents<br/>(e. g. cover letter, curriculum vitae, diplomas, certificates etc.) quoting the reference number DM.299.21b until February 18th 2022 to the following address:</p><p><a href=\"mailto:sarema.pohlodek@charite.de\"><strong>sarema.pohlodek@charite.de</strong></a><br/><strong>Charit\u00c3\u00a9 \u00e2\u0080\u0093 Universit\u00c3\u00a4tsmedizin Berlin</strong><br/><strong>Campus Charit\u00c3\u00a9 Mitte</strong><br/><strong>Institut f\u00c3\u00bcr Pathologie</strong><br/><strong>Dr. Stefan Florian</strong><br/><strong>Charit\u00c3\u00a9platz 1</strong><br/><strong>10117 Berlin</strong></p><p>More Information about Charit\u00c3\u00a9 as your employer: <a href=\"www.charite.de/en/careers/\" target=\"_blank\">www.charite.de/en/careers/</a></p>\n</div>", "requirements_description": "N/A", "conditions_description": "N/A", "employer_description": "N/A", "department_description": "N/A", "additional_information": "N/A", "apply_link": "N/A", "employer_link": "N/A", "job_type": "N/A", "logo": "https://content.academicpositions.com/eyJidWNrZXQiOiJhcC1wcm9kdWN0aW9uLW1lZGlhLWFyY2hpdmUiLCJrZXkiOiJkZTlcL2RlOVwvZGU5ZGU5ZWVjNWUwYTcxZTE3MTc4MmJlMWQyM2Y3NTMuanBlZyIsImVkaXRzIjpbXX0="}