{"url": "https://academicpositions.com/ad/leiden-university/2021/fellowship-programme-officer/169234", "title": "Fellowship programme officer", "publish_date": "2021-11-24", "deadline": "N/A", "location": "Rapenburg 70 Leiden, Netherlands", "city": "Rapenburg 70 Leiden", "country": "Netherlands", "position": "Research Assistant", "field": "Cultural Studies,", "salary": "N/A", "max_working_hours": "N/A", "employer": "Leiden University", "job_description": "N/A", "requirements_description": "N/A", "conditions_description": "N/A", "employer_description": "N/A", "department_description": "N/A", "additional_information": "N/A", "apply_link": "N/A", "employer_link": "N/A", "job_type": "N/A", "logo": "https://content.academicpositions.com/eyJidWNrZXQiOiJhcC1wcm9kdWN0aW9uLW1lZGlhLWFyY2hpdmUiLCJrZXkiOiI5NWZcLzc3Y1wvOTVmNzdjYjE3YjNmODExNDlkZmNlYmIyYWRmYzc1MWQucG5nIiwiZWRpdHMiOltdfQ=="}