{"url": "https://academicpositions.com/ad/vrije-universiteit-brussel/2022/senior-research-fellowship-gender-and-islam/174756", "title": "Senior Research Fellowship 'Gender and Islam'", "publish_date": "2022-02-01", "deadline": "2022-04-15", "location": "Boulevard de la Plaine 2 Brussels, Belgium", "city": "Boulevard de la Plaine 2 Brussels", "country": "Belgium", "position": "Researcher", "field": "Cultural Studies, Gender Studies, Social Research,", "salary": "N/A", "max_working_hours": "N/A", "employer": "Vrije Universiteit Brussel (VUB)", "job_description": "<div class=\"editor ck-content mt-6 mb-6 mb-md-8 mt-md-8\" id=\"editor\">\n<h2><strong>1 - Working at the VUB</strong></h2><p>For already 50 years, the <strong>Vrije Universiteit Brussel</strong> has stood for freedom, equality and connectedness. These values are strongly present on our campuses, in our students as well as our staff. At the VUB, you\u00e2\u0080\u0099ll find a diverse collection of personalities: pure innovators and especially <strong>people who are 100% their authentic selves</strong>. With about <strong>3.500 employees</strong>, we are the <strong>largest Flemish-speaking employer in Brussels</strong>, an international city with which we are all too happy to be connected, and around which our four campuses are located.</p><p>Our education and research are grounded in the principles of <strong>free research</strong> with an eye on human progress. We disapprove of every purely authoritative argument and guarantee the free formation of judgement that is necessary for this basic principle to be incorporated in the community.</p><p>The VUB is autonomous and managed <strong>democratically</strong>. As such, we guarantee fundamental freedoms within our university, as well as the right of the university community to be involved in making and checking university policy.</p><p>The mission of the university includes:</p><ul><li>the development, the transfer and the application of high-standing academic education and scientific research, free from any prejudice;</li><li>community integration of this in a spirit of social compassion;</li><li>critical development of everyone in light of the responsibilities borne in the community.</li></ul><h2><strong>2 - Position description</strong></h2><p>The Faculty of\u00a0<strong>Social Sciences &amp; Solvay Business School</strong>, Department\u00a0<strong>Political Sciences</strong>, is looking for a <strong>full-time professor</strong>.\u00a0</p><p>More concretely your work package contains:\u00a0</p><p><strong><u>Education and Research domain:</u></strong></p><p>Political Sciences: Gender and Islam</p><p><strong><u>Education tasks:</u></strong></p><ul><li>You are responsible for teaching courses at the Faculty of Social Sciences and Solvay Business School for an equivalent of 6 ECTS per semester in the field of gender, diversity, inclusivity and islam;</li><li>You supervise a limited number of bachelor\u00e2\u0080\u0099s and master\u00e2\u0080\u0099s theses.</li></ul><p><strong><u>Research tasks:</u></strong></p><ul><li>You conduct research in the domain of gender, diversity, inclusivity and islam;</li><li>You supervise PhD students;</li><li>You acquire external (research) funds.</li><li>The research position supports the development of an interdisciplinary research agenda to study the so-called \u00e2\u0080\u009cMuslim Question\u00e2\u0080\u009d, i.e. the problematisation of Islam and muslims on the basis of a perceived lack of compatibility with the values and practices undergirding \u00e2\u0080\u0098Western\u00e2\u0080\u0099 societies. The Muslim Question crystallizes around issues at the intersection of Islam, gender and sexuality - and explicitly around muslim masculinity - and has political, socio-economic, criminological, ethical, racial and cultural dimensions. The multidimensionality of the Muslim Question calls for an interdisciplinary investigation of gender (including masculinity) and Islam in Western societies, and preferably in urban contexts\u00a0\u00a0with large muslim communities where the issue is highly salient.</li></ul><p><strong><u>Other tasks:</u></strong></p><ul><li>You are responsible for research related service tasks at the level of the research group, the department, the faculty and/or the university;</li><li>You develop and maintain an international research network;</li><li>You contribute to creating external visibility for the research group, the department, the faculty and the university.</li></ul><p>For this function, our\u00a0<strong>Brussels Humanities, Sciences &amp; Engineering Campus (Elsene)</strong>\u00a0will serve as your home base.\u00a0</p><h2><strong>3 - Profile</strong></h2><p>What do we expect from you?</p><p><strong>As a formal minimum requirement, you must hold a PhD.\u00a0</strong></p><ul><li>You have a good research record with internationally refereed publications in the field of gender and Islam.</li><li>You have a proven track record in societal engagement in the field of gender and Islam.</li><li>You have a good track record in obtaining external funding in the field of gender and Islam.</li><li>You have expertise in teaching in the field of gender and Islam.</li></ul><ul><li>You subscribe to the university\u00e2\u0080\u0099s vision of education. The full text in relation to this is available on the university website.</li></ul><ul><li>Every first appointment is dependent upon the successful delivery of a teaching session.</li></ul><ul><li>Members of the academic staff who, as title-holders, are charged with teaching assignments, must be able to demonstrate the required knowledge of the language of instruction for the relevant course units. Example: When a course unit is taught in English, the candidate is required to have the appropriate certificate. More information about the regulations concerning the language proficiency you can find via\u00a0<a href=\"https://jobs.vub.be/content/Regulations-concerning-language-proficiency/\" target=\"_blank\">https://jobs.vub.be/content/Regulations-concerning-language-proficiency/</a></li></ul><h2><strong>4 - Offer</strong></h2><p>Are you going to be our new colleague?</p><p>You\u00e2\u0080\u0099ll be offered an\u00a0<strong>appointment as full-time professor</strong>, with planned starting date\u00a0<strong>01/11/2022</strong>.\u00a0</p><ul><li>If the recruitment is in the rank of <strong>lecturer</strong>, you'll be offered a <strong>tenure track appointment</strong>, which implies an initial appointment as lecturer for a period of <strong>5 years</strong>, with eligibility for tenure in the rank of senior lecturer by the end of this initial period.</li></ul><ul><li>If the recruitment is in <strong>an other academic ranks</strong>, you'll be offered an appointment for <strong>3 years</strong>, with eligibility for tenure in the same rank by the end of this initial period.<br/>\u00a0</li></ul><p>You\u00e2\u0080\u0099ll receive a salary linked to one of the scales set by the government.</p><p>At the VUB, you\u00e2\u0080\u0099re guaranteed an open, involved and diverse workplace where you are offered opportunities to (further) build on your career.</p><p>As well as this, you\u00e2\u0080\u0099ll enjoy various benefits:</p><ul><li><strong>Full reimbursement for your home-work commute with public transport </strong>according to VUB-policy, or compensation if you come by bike;</li><li>Cost-free <strong>hospitalisation insurance</strong>;</li><li>The space to form your job content and <strong>continuously learn</strong> via VUB LRN;</li><li><strong>Excellent facilities for sport and exercise</strong>;</li><li><strong>Ecocheques</strong>;</li><li>Delicious meals at attractive prices in our <strong>campus restaurants</strong>;</li><li>An open, family-friendly work environment where attention is paid to work-life balance, and exceptional holiday arrangements with <strong>35 days of leave</strong> (based on a fulltime contract).</li></ul><h2><strong>5 - Interested?</strong></h2><p>Is this the job you\u00e2\u0080\u0099ve been dreaming of?</p><p>Send us <strong><u>ONLINE</u></strong> and <strong><u>at latest on 15/04/2022</u></strong>:</p><ul><li>your motivation letter, including your vision on education and research, and an explanation about the development of your future research;</li><li>your curriculum vitae, including you academic dossier;</li><li>your degrees and diplomas (not applicable for VUB alumni) and language certificates.</li></ul><p>Do you have questions about the job content? Contact Prof. dr. Karin Vanderkerken, vicerector Onderzoeksbeleid Mevr. Mieke Gijsemans, directeur Research\u00a0at onderzoeksraad@vub.be\u00a0or on +32 (0)2 629 14 85.</p><p>Would you like to know what it\u00e2\u0080\u0099s like to work at the VUB? Go to <strong><u>www.vub.ac.be/vacatures</u></strong> and find all there is to know about our campuses, benefits, strategic goals and your future colleagues.</p><h2>DO YOU HAVE ANY FURTHER QUESTIONS ABOUT THIS VACANCY?</h2><p><span style=\"color:rgb(75,75,75)!important;\">You can contact the person mentioned in the job description.</span></p><p><a href=\"https://jobs.vub.be/talentcommunity/apply/768088001/?locale=en_GB\" target=\"_blank\">Apply now \u00c2\u00bb</a></p>\n</div>", "requirements_description": "N/A", "conditions_description": "N/A", "employer_description": "N/A", "department_description": "N/A", "additional_information": "N/A", "apply_link": "N/A", "employer_link": "N/A", "job_type": "N/A", "logo": "https://content.academicpositions.com/eyJidWNrZXQiOiJhcC1wcm9kdWN0aW9uLW1lZGlhLWFyY2hpdmUiLCJrZXkiOiJlYmRcL2NmZFwvZWJkY2ZkZTdkNmZhZDM2Mzc5N2U0Yjk1MGRjM2MzODkucG5nIiwiZWRpdHMiOltdfQ=="}