{"url": "https://academicpositions.com/ad/ait-austrian-institute-of-technology/2022/scientist-m-f-d-high-performance-vision-systems/175218", "title": "Scientist (m/f/d) High-Performance Vision Systems", "publish_date": "2022-02-14", "deadline": "N/A", "location": "Giefinggasse 4 Vienna, Austria", "city": "Giefinggasse 4 Vienna", "country": "Austria", "position": "Researcher", "field": "Algorithms, Computer Vision, Electrical Engineering, Image Processing, Machine Learning, and 2 moreMachine Vision,Systems Engineering", "salary": "N/A", "max_working_hours": "N/A", "employer": "AIT Austrian Institute of Technology", "job_description": "<div class=\"editor ck-content mt-6 mb-6 mb-md-8 mt-md-8\" id=\"editor\">\n<p>We are Austria\u00e2\u0080\u0099s largest research and technology organisation and an international player in applied research for innovative infrastructure solutions. This makes us a powerful development partner for industry and a top employer in the scientific community.\u00a0Our <strong>Center for Vision, Automation &amp; Control</strong> is seeking to hire new Ingenious Partners for our location in Vienna:</p><h2>Scientist (m/f/d) High-Performance Vision Systems</h2><h4>- Center for Vision, Automation &amp; Control -</h4><h3>Imagine</h3><ul><li>Our ompetence Unit <a href=\"https://www.ait.ac.at/en/research-topics/high-performance-vision-systems\" target=\"_blank\"><strong><u>High-Performance Vision Systems</u></strong></a><strong><u> (HVS)</u></strong> has been active in research for industrial inspection and quality assurance for more than 20 years, which makes us a technology leader in this area.</li><li>We develop ultrafast line scan sensors and cameras, we design scalable embedded vision systems and apply machine learning methods (for e.g. deep learning) to conduct high-performance visual quality inspections of products in manufacturing plants and production processes.</li><li>We develop 2D and 3D vision systems, that go beyond state-of-the-art. To reach this we combine innovations in hardware, software and algorithms.</li></ul><h3>Engage</h3><ul><li>You investigate 3D inspection and measurement systems to improve accuracy, speed and reliability.</li><li>You develop algorithms for fast 3D point cloud registration, modelling and optimization.</li><li>You take up the latest research results from the field of image processing and computer vision and actively develop them further.</li><li>You lead small to medium-sized research projects and actively engage with our national and international research partners.</li><li>You contribute to the definition of our strategic research direction and you prepare project proposals with support from your colleagues \u00e2\u0080\u0093 Together, you bring ideas to life.</li><li>You build a network with both industrial and academic partners.</li><li>You will publish your results in high-ranking journals and will support other scientists in doing so.</li><li>You supervise international interns, master and PhD students.</li></ul><h3>Achieve</h3><ul><li>Realize vision solutions together with a team of specialists in 3D and 2D Vision, AI, FPGA and electronics, CUDA, high speed computing, inspection systems, robot vision und more.</li><li>Your novel computer vision and 3D algorithms enables optical inline inspection at unprecedented speed, flexibility and robustness.</li><li>As part of an interdisciplinary team, your solutions improve the working world of the future and contribute to sustainable production processes.</li></ul><p>Your qualification as an <strong>Ingenious Partner</strong>:</p><ul><li>Completed technical studies in computer science, mathematics, electrical engineering, physics or other related fields</li><li>Excellent knowledge of mathematical methods, especially numerical methods</li><li>Experience in computer vision or image processing, especially in the design of complex algorithms</li><li>Good programming skills in Python and MATLAB.</li><li>Knowledge and/or lab experience of image acquisition techniques, optics, camera interface etc. is an advantage</li><li>Ability to work in a team, flexibility and commitment</li><li>Very good command of English, both in spoken and written, German knowledge is an advantage</li></ul><p><strong>What to expect:</strong><br/>The minimum gross annual salary according to the collective agreement is EUR 49.532,--. The actual salary will be determined individually, based on your qualifications and experience. In addition, we offer company benefits, flexible working conditions, individual training and career opportunities.<br/>\u00a0<br/>At AIT, the promotion of women is important to us - that's why we are especially looking forward to hearing from female applicants!<br/>Please\u00a0submit your application documents including CV, motivational letter and certificates online.</p><h4><strong>TOMORROW TODAY - WITH YOU?</strong></h4>\n</div>", "requirements_description": "N/A", "conditions_description": "N/A", "employer_description": "N/A", "department_description": "N/A", "additional_information": "N/A", "apply_link": "N/A", "employer_link": "N/A", "job_type": "N/A", "logo": "https://content.academicpositions.com/eyJidWNrZXQiOiJhcC1wcm9kdWN0aW9uLW1lZGlhLWFyY2hpdmUiLCJrZXkiOiIyMDE0XC8xMlwvQUlULnBuZyIsImVkaXRzIjpbXX0="}