{"url": "https://academicpositions.com/ad/university-of-strasbourg/2022/imcbio-phd-program-14-phd-positions-starting-october-2022-at-the-university-of-strasbourg/174690", "title": "IMCBio PhD program \u00e2\u0080\u0093 20 PhD positions starting October 2022 at the University of Strasbourg", "publish_date": "2022-02-01", "deadline": "2022-03-17", "location": "4 rue Blaise Pascal CS 90032 Strasbourg, France", "city": "4 rue Blaise Pascal CS 90032 Strasbourg", "country": "France", "position": "PhD", "field": "Botany and plant science, Cancer Research, Cell Biology, Developmental Biology, Genetics, and 6 moreHepatology,Immunology,Molecular Biology,Neuroscience,Structural Biology,Virology", "salary": "N/A", "max_working_hours": "N/A", "employer": "University of Strasbourg", "job_description": "<div class=\"editor ck-content mt-6 mb-6 mb-md-8 mt-md-8\" id=\"editor\">\n<p><img class=\"image_resized\" src=\"https://ap-production-media-archive.s3.eu-north-1.amazonaws.com/uploads/Q4ABjCRHvYONzpgU92pIoD5aq6OvgkDc0rLUr3Yv.png\" style=\"width:29.17%;\"/></p><p><span style=\"color:rgb(34,34,34);\">The IMCBio graduate school from the University of Strasbourg is recruiting 20 PhD students in 2022 through its international PhD program.</span></p><p>This interdisciplinary program, funded by the French National Research Agency (ANR), provides PhD students with a 3-year doctoral contract, mobility support, high-level training sessions and\u00a0access to state-of-the-art research platforms, as well as possibilities to travel abroad to learn new techniques.</p><p>PhD research projects in life sciences cover the IMCBio graduates school\u00e2\u0080\u0099s main research domains:</p><p>-\u00a0<a href=\"http://www.igbmc.fr/research/department/1/\" target=\"_blank\">Development and stem cells</a></p><p>-\u00a0<a href=\"http://www.igbmc.fr/research/department/2/\" target=\"_blank\">Functional genomics and cancer</a></p><p>-\u00a0<a href=\"http://www.igbmc.fr/research/department/3/\" target=\"_blank\">Integrated structural biology</a></p><p>-\u00a0<a href=\"http://www.igbmc.fr/research/department/4/\" target=\"_blank\">Translational medicine and neurogenetics</a></p><p>-\u00a0<a href=\"https://ibmc.cnrs.fr/\" target=\"_blank\">Architecture and reactivity of RNA</a></p><p>-\u00a0<a href=\"https://ibmc.cnrs.fr/laboratoire/m3i/\" target=\"_blank\">Insect models of innate immunity</a></p><p>-\u00a0<a href=\"http://www.ibmp.cnrs.fr/\" target=\"_blank\">Plant Biology</a></p><p>-\u00a0<a href=\"https://mitocross.unistra.fr/\" target=\"_blank\">Genomes expression and cross-talk in mitochondrial function and dysfunction</a><strong>\u00a0</strong></p><p><strong>-\u00a0</strong><a href=\"http://www.labex-hepsys.fr/index.php/en\" target=\"_blank\">Viral hepatitis and liver diseases</a><strong>\u00a0</strong></p><p>The IMCBio graduate school from the University of Strasbourg builds on the strong research developed in\u00a0<strong>four Laboratories of Excellence</strong>\u00a0(LabEx) INRT (Integrative biology: Nuclear dynamics, Regenerative and Translational medicine), MitoCross (Mitochondria-nucleus Cross-talk), NetRNA (Networks of regulatory RNAs) and HepSYS (Functional genomics of viral hepatitis and liver disease), which cover all areas of molecular and cellular biology at the levels of molecular factors, genes, cells and organisms from model systems to diseases. The complementarities and synergies between the LabEx researchers constitute an attractive training community for the future IMCBio PhD students. Trainees also benefit from outstanding technology infrastructures and platforms to develop high-level research projects in a stimulating and interdisciplinary environment.</p><p><i>Covid-19 notice:\u00a0Please note that the recruitment process might be done online and all necessary precautions will be taken on arrival according to the sanitary situation in October 2022.</i></p><p>If you are a highly motivated candidate of academic excellence and if you want to start an innovative research project in 2022, then click below to have a look at the projects advertised and apply to join the IMCBio graduate school!\u00a0</p><figure class=\"image image_resized\" style=\"width:48.41%;\"><a href=\"http://imcbio-phdprogram.unistra.fr/\" target=\"_blank\"><img src=\"https://ap-production-media-archive.s3.eu-north-1.amazonaws.com/uploads/BS1lg5KV60dkrgN8FKgWYOhNIxTgM3UKc38zE2U2.jpg\"/></a></figure><p><strong>The first PhD Call in 2022</strong>:</p><p>Application deadline:\u00a0<strong> March 21st 2022</strong>\u00a0(noon time Paris).\u00a0</p><p>Online registration deadline: <strong>March 17, 2022</strong>\u00a0(noon time Paris).\u00a0</p><p>Candidates have to complete an online form in English via a web-based application\u00a0portal.\u00a0Applications will be evaluated through a three-step process:</p><ul><li><strong>1st\u00a0round selection</strong>:\u00a0evaluation &amp; ranking of applications by the IMCBio PhD committee in March \u00e2\u0080\u0093 April 2022</li><li><strong>2nd\u00a0round selection</strong>: shortlisted candidates are invited for an\u00a0<strong>online</strong> interview session\u00a0by members of the PhD committee on April 25- May 5, 2022.</li><li><strong>3rd\u00a0round selection</strong>: shortlisted candidates are invited for an interview session by the whole PhD committee and interviews with their possible future PhD supervisor in May 23 - 27, 2022.</li><li><strong>Final results will be given in Early June 2022</strong>. <strong>Start of PhD on October 1st 2022</strong>.</li></ul><p><strong>Additional comments:</strong></p><p>The IMCBio PhD Program is in English. International students willing to apply for the IMCBio PhD Program should inquire about the visa procedure regarding their country.</p><p><strong>Web site for application:</strong>\u00a0<a href=\"http://imcbio-phdprogram.unistra.fr/\" target=\"_blank\">http://imcbio-phdprogram.unistra.fr</a>\u00e2\u0080\u008b</p><p><i>Please indicate that you saw this advert on\u00a0Academic Positions\u00a0when applying.</i></p><p><strong>And for more information about the IMCBio graduate school:</strong>\u00a0<a href=\"https://imcbio.unistra.fr/\" target=\"_blank\">https://imcbio.unistra.fr/</a></p><p><strong>About the employer</strong></p><figure class=\"image image_resized image-style-side\" style=\"width:52.04%;\"><img src=\"https://ap-production-media-archive.s3.eu-north-1.amazonaws.com/uploads/0q4YXlJXXZUdFBw7Eo4qxe3zPy4MkyY453emjVlB.jpg\"/></figure><p>The\u00a0<a href=\"https://www.unistra.fr/\" target=\"_blank\">University of Strasbourg</a> was founded in the 16th century with the mandate of disseminating knowledge, one of the core values of Humanism. Today, the University of Strasbourg hosts 3 Nobel Prize winners, 42 000 students, offers initial and further education in a wide range of academic fields and is an international player in scientific research. It creates the synergies and fertile ground for a new generation of researchers who will meet the challenges and emerging needs of our society. Strasbourg is the second most international university city in France (after Paris)</p>\n</div>", "requirements_description": "N/A", "conditions_description": "N/A", "employer_description": "N/A", "department_description": "N/A", "additional_information": "N/A", "apply_link": "N/A", "employer_link": "N/A", "job_type": "N/A", "logo": "https://content.academicpositions.com/eyJidWNrZXQiOiJhcC1wcm9kdWN0aW9uLW1lZGlhLWFyY2hpdmUiLCJrZXkiOiJmMDdcLzNlMlwvZjA3M2UyMWViMTMyNDBlY2M0NjI4YjVlNGEwZWI0YjEucG5nIiwiZWRpdHMiOltdfQ=="}