{"url": "https://academicpositions.com/ad/fraunhofer-fhr-wachtberg/2021/wissenschaftliche-r-mitarbeiter-in-radar-zur-entdeckung-von-bewegtzielen/163910", "title": "Scientific staff - radar for the detection of moving targets", "publish_date": "2021-09-28", "deadline": "N/A", "location": "Fraunhoferstra\u00c3\u009fe 20 Bad Neuenahr-Ahrweiler, Germany", "city": "Fraunhoferstra\u00c3\u009fe 20 Bad Neuenahr-Ahrweiler", "country": "Germany", "position": "Researcher", "field": "Applied Mathematics, Applied Physics, Electrical Engineering, Engineering, Mathematics, and 1 morePhysics", "salary": "N/A", "max_working_hours": "N/A", "employer": "Fraunhofer FHR, Wachtberg", "job_description": "N/A", "requirements_description": "N/A", "conditions_description": "N/A", "employer_description": "N/A", "department_description": "N/A", "additional_information": "N/A", "apply_link": "N/A", "employer_link": "N/A", "job_type": "N/A", "logo": "https://content.academicpositions.com/eyJidWNrZXQiOiJhcC1wcm9kdWN0aW9uLW1lZGlhLWFyY2hpdmUiLCJrZXkiOiIyMDE1XC8wM1wvZnJhdW5ob2Zlci1maHIuanBnIiwiZWRpdHMiOltdfQ=="}