{"url": "https://academicpositions.com/ad/wenzhou-kean-university/2022/assistant-professor-tenure-track-in-business-law-lecturer-in-business-law/173673", "title": "Assistant Professor (Tenure Track) in Business Law Lecturer in Business Law", "publish_date": "2022-01-05", "deadline": "N/A", "location": "88 Daxue Rd, Ouhai, Zhejiang Province Wenzhou, China", "city": "88 Daxue Rd", "country": "China", "position": "Assistant Professor", "field": "Commercial Law,", "salary": "N/A", "max_working_hours": "N/A", "employer": "Wenzhou-Kean University", "job_description": "<div class=\"editor ck-content mt-6 mb-6 mb-md-8 mt-md-8\" id=\"editor\">\n<p>Along with NYU Shanghai and Duke University Kunshan, Wenzhou-Kean University (WKU) is one of only three full legal-person Sino-American universities with all English instruction approved by the Ministry of Education in China. We invite applications for full-time positions at the rank of Assistant Professor (tenure track) or Lecturer in Business Law to begin in <strong>Spring or Fall 2022</strong>. Ability to demonstrate quality teaching is a must. The successful candidate will be able to teach business law and ethics courses, as well as participate in the full range of faculty responsibilities. JD or LLM degree from a top law school and seasoned industry or teaching experience are required; experience waiver is granted to those graduate in the top 10% of the class by July 2022. To receive full consideration by the search committee, candidates need to submit a cover letter, CV, research statement if you are applying for tenure track, unofficial transcripts and contact information for three references by email to: Search Committee Chairperson at <a href=\"mailto:wkucbpm@wku.edu.cn\">wkucbpm@wku.edu.cn</a> . Official transcripts for terminal degrees and three current letters of recommendation are required before appointment. \u00a0</p><p>WKU sits on over 500 beautiful acres with new state-of-the-art facility (<a href=\"http://www.wku.edu.cn/en/cbpm/\" target=\"_blank\">http://www.wku.edu.cn/en/cbpm/</a>). A city of 9 million people, Wenzhou is only one hour by plane and just over three hours by high-speed train from Shanghai and Hong Kong.\u00a0</p><p>Business faculty positions at WKU offer:\u00a0</p><ul><li>Highly competitive salaries that are multi-year Tax-Free for citizens of countries such as U.S.A.</li><li>Generous home leave, housing, schooling, and relocation allowances, as well as 8% front-load retirement benefits with immediate vesting.</li><li>Research funding</li><li>A collegial environment</li><li>The opportunity to teach high quality students with half of them go to the graduate schools at Top 50 Universities in the world.</li></ul><p>Wenzhou-Kean University is an Equal Opportunity Employer</p>\n</div>", "requirements_description": "N/A", "conditions_description": "N/A", "employer_description": "N/A", "department_description": "N/A", "additional_information": "N/A", "apply_link": "N/A", "employer_link": "N/A", "job_type": "N/A", "logo": "https://content.academicpositions.com/eyJidWNrZXQiOiJhcC1wcm9kdWN0aW9uLW1lZGlhLWFyY2hpdmUiLCJrZXkiOiIyODNcLzY0NFwvMjgzNjQ0MTViNjFlMWM1NTViMTU2ZjljNjM5MjZmMTYucG5nIiwiZWRpdHMiOltdfQ=="}