{"url": "https://academicpositions.com/ad/vtt/2022/senior-scientist-data-strategies/175040", "title": "Senior Scientist, Data Strategies", "publish_date": "2022-02-08", "deadline": "2022-02-28", "location": "Vuorimiehentie 3 Helsinki, Finland", "city": "Vuorimiehentie 3 Helsinki", "country": "Finland", "position": "Researcher", "field": "Data Mining, Data Structures, Databases, Management, Marketing, and 1 moreStrategic Management", "salary": "N/A", "max_working_hours": "N/A", "employer": "VTT", "job_description": "<div class=\"editor ck-content mt-6 mb-6 mb-md-8 mt-md-8\" id=\"editor\">\n<p><strong>Are you interested in data economy? Would you like to develop co-creation and research projects with companies, cities, universities and ministries in complex ecosystems? Do you want to innovate with superb colleagues who are top experts in their field? Do you want to build an excellent data focused career and work at the interface of academy and industry? Are you enthusiastic about working with fascinating projects across the world?</strong></p><p><i>VTT is one of the leading applied research organisations in Europe. What unites us are curiosity, a passion for learning and a purpose: to solve the biggest challenges of our time\u00a0and turn them into sustainable growth and well-being. Our cross-disciplinary community of over 2000 brilliant minds is focused on creating impact through science-based innovation. Get to know us further\u00a0by exploring VTT\u00e2\u0080\u0099s research infra at\u00e2\u0080\u00af</i><a href=\"https://www.vttresearch.com/en/vtt-world/\" target=\"_blank\"><i><strong>VTT World</strong></i></a><i><strong>.\u00a0</strong></i></p><p><strong>We are now looking for Senior Scientist, Data Strategies to join our Data Intensive Economy -team.</strong></p><p>As a Senior Scientist, your key goals are to develop new, unified approach to data taxonomy, data strategies and management in areas of research, development and commerzialisation. The position is located in Espoo, Tampere or Oulu. Other locations in Finland are negotiable.</p><p>You are a true data enthusiast who embraces multi-disciplinary approach, have strong practical or scholar background in both data and strategy domains and proven ability to fluently scale between abstract, complex, and multidimensional contexts and to-the-point, practical solutioning.\u00a0</p><p>Data Intensive Economy -team helps businesses and societies to excel in data and technology intensive competition where highly scalable business models and value networks are a necessity. Our Data economy research encompasses aspects of data design, data strategy and data taxonomy development always in multi-disciplinary and cross-sectoral way. We look at the world through the data lenses and in our unique position work on novel solutions bridging public and private sectors as well as worlds of science and facts, analysts, research and business development. We\u00e2\u0080\u0099re often engaged in ecosystems and value networks with global reach. We concretize the future opportunities and create actionable strategies for future-proof businesses and societies.</p><h2><strong>Your responsibilities:</strong></h2><ul><li>Explore data-based opportunities of grand challenges together with our customers, research and business networks both nationally and internationally and drive solution creation by working closely with different VTT units</li><li>Develop replicable, repeatable data and business models for national and international sales based on our unique research portfolio</li><li>Act as thought leader who inspires and influences continuous development and growth of her/his own research field and actively communicates and promotes the topic.</li><li>Enable different societal stakeholders to understand and harness data assets - wide view to public research environment to generate and manage high impact research portfolio and in nominated challenge focus area(s) towards customer needs</li><li>Manage and coordinate new project initiatives</li><li>Creation of new collaboration in the field of data economy, active role in different stakeholder collaborations as well as participation in development of strategic customer partnerships from research perspective</li><li>Enable and deliver business impact from data, leverage VTT technologies and partners to manage data efficiently and extract value.</li><li>Drive a unified approach to data management and holistic taxonomies, build on best practices across data domain.</li></ul><h2><strong>Your skills and experience:</strong></h2><ul><li>Good understanding of data economy, data strategies, market needs and global trends</li><li>Strong and accomplished work and/or research experience of at least 5-10 years from field of expertise such as data strategy consultancy, data management, data and platform economy</li><li>Native or fluent professional English language skills (spoken and written)</li><li>5+ years of experience from one or more key data proficiency domains such as data management / governance, data science, data modelling, data design, system modelling</li><li>Solid background, practical experience of establishing data centric practises in one or more data technology or management domains e.g., of scalable data systems, ML, data ingestion, lifecycle management, security, catalogues</li><li>Proven experience in developing and extracting business value from data for enterprises or other complex organisations</li><li>Excellent communication skills and ability to synthesize and articulate solutions for complex decisions and problems. Ability to communicate a vision and build confidence and trust</li><li>Ability to generate high level digitalisation plans</li><li>You may have worked as data or cloud architect, IT responsible, data governance, master data or data lifecycle responsible \u00e2\u0080\u0093 as long as the main perspective has been data forming the professional core of the work.</li><li>MSc or PhD degree in a relevant field from an accredited college/university.</li></ul><h2><strong>As a person, you:</strong></h2><ul><li>are ambitious, out-of-the-box minded, innovative and fearless</li><li>are capable of working in a flexible and independent manner</li><li>collaborate always constructively and in results-oriented manner with colleagues across different fields of science and technology.</li><li>We appreciate curiosity, passion as well as the ability to take the long-term perspective and find beyond-the-obvious solutions.</li></ul><h2><strong>With VTT, you\u00e2\u0080\u0099ll\u00a0enjoy:</strong></h2><ul><li><strong>Visionary work in technology.\u00a0</strong> Our research agenda is dedicated to creating sustainable growth by solving systemic and technological challenges, so your work will go towards creating real, positive impact. Read more about our strategy \u00e2\u0080\u0093\u00a0<a href=\"https://www.vttresearch.com/en/news-and-ideas/welcome-path-exponential-hope-how-turn-turbulence-2020s-sustainable-growth\" target=\"_blank\">the path of exponential hope</a>.</li><li><strong>Fascinating projects, excellent research environment.\u00a0</strong>Our researchers get to work on a combination of cutting-edge academic research and applied customer projects, both locally and internationally. At VTT, you\u00e2\u0080\u0099ll have leading innovation ecosystems at your disposal.</li><li><strong>Great career opportunities, superb colleagues.</strong>\u00a0At VTT, excellence in research is a strategic priority. We offer long-term positions and stable career paths in top-level research. Collaborating in a cross-disciplinary community with superb colleagues is a source of learning, inspiration, and fun.</li><li><strong>Support for your well-being. </strong>Our people are our main asset, so we take good care of them. We aim to nurture great team spirit and leadership and offer versatile well-being</li></ul><p><strong>Apply now\u00a0and\u00a0join our community of brilliant minds!</strong></p><p>Please\u00e2\u0080\u00afsend your CV and application with your salary request via our recruitment system as soon as possible\u00e2\u0080\u00afbut\u00a0<strong>latest by 28th February 2022.\u00a0</strong>We will process applications as they come in, and fill in the position as soon as we find the right candidate.\u00a0\u00a0</p><h2><strong>Interested and want to know more?</strong></h2><p>For further information, please contact Research Team Leader Riina Luoma, riina.luoma@VTT.fi, +358 40\u00a0568 35 82 on Tue-Thu 13-14 EET.</p><p><strong>We look forward to hearing from you!</strong></p><p>Apply between <strong>24 January 2022</strong> and <strong>28 February 2022 23:59 (Europe/Helsinki)</strong></p><p><strong>Employment type:</strong> Full-time, Permanent (hybrid work)</p><h2>VTT</h2><p><i>VTT is a visionary research, development and innovation partner. We drive sustainable growth and tackle the biggest global challenges of our time and turn them into growth opportunities. We go beyond the obvious to help the society and companies to grow through technological innovations. We have over 75 years of experience of top-level research and science-based results. VTT is at the sweet spot where innovation and business come together.</i></p><p>VTT \u00e2\u0080\u0093 beyond the obvious.</p>\n</div>", "requirements_description": "N/A", "conditions_description": "N/A", "employer_description": "N/A", "department_description": "N/A", "additional_information": "N/A", "apply_link": "N/A", "employer_link": "N/A", "job_type": "N/A", "logo": "https://content.academicpositions.com/eyJidWNrZXQiOiJhcC1wcm9kdWN0aW9uLW1lZGlhLWFyY2hpdmUiLCJrZXkiOiIxYjJcLzA2Y1wvMWIyMDZjODQ0MTljY2ZlNWNjODU2MzM0MTZjMWVhMmUucG5nIiwiZWRpdHMiOltdfQ=="}