{"url": "https://academicpositions.com/ad/university-of-bordeaux/2021/post-doctoral-position-modelling-of-atrial-fibrillation-at-a-very-fine-scale/166244", "title": "Post-doctoral position \"Modelling of Atrial Fibrillation at a very Fine Scale\"", "publish_date": "2021-11-23", "deadline": "2022-02-23", "location": "IHU Liryc avenue du haut leveque Bordeaux, France", "city": "IHU Liryc avenue du haut leveque Bordeaux", "country": "France", "position": "Postdoc", "field": "Big Data, Biomedical Engineering, Biomedicine, Cardiology, Computing in Mathematics, Natural Science, Engineering and Medicine, and 4 moreElectrical Engineering,Image Processing,Medical Imaging,Software Engineering", "salary": "N/A", "max_working_hours": "N/A", "employer": "University of Bordeaux", "job_description": "N/A", "requirements_description": "N/A", "conditions_description": "N/A", "employer_description": "N/A", "department_description": "N/A", "additional_information": "N/A", "apply_link": "N/A", "employer_link": "N/A", "job_type": "N/A", "logo": "https://content.academicpositions.com/eyJidWNrZXQiOiJhcC1wcm9kdWN0aW9uLW1lZGlhLWFyY2hpdmUiLCJrZXkiOiIyMDEzXC8wNFwvYm9yZGVhdXgtbG9nby5wbmciLCJlZGl0cyI6W119"}