{"url": "https://academicpositions.com/ad/university-of-cologne/2022/postdoctoral-researcher-f-m-d-institute-of-physical-chemistry-disch-group/175132", "title": "Postdoctoral Researcher (f/m/d) - Institute of Physical Chemistry | Disch Group", "publish_date": "2022-02-10", "deadline": "2022-03-10", "location": "Frangenheimstra\u00c3\u009fe 4 Cologne, Germany", "city": "Frangenheimstra\u00c3\u009fe 4 Cologne", "country": "Germany", "position": "Postdoc", "field": "Electromagnetism, Materials Chemistry, Materials Physics, Nanotechnology, Particle Physics, and 2 morePhysical Chemistry,Solid-state Chemistry", "salary": "N/A", "max_working_hours": "N/A", "employer": "University of Cologne", "job_description": "N/A", "requirements_description": "N/A", "conditions_description": "N/A", "employer_description": "N/A", "department_description": "N/A", "additional_information": "N/A", "apply_link": "N/A", "employer_link": "N/A", "job_type": "N/A", "logo": "https://content.academicpositions.com/eyJidWNrZXQiOiJhcC1wcm9kdWN0aW9uLW1lZGlhLWFyY2hpdmUiLCJrZXkiOiIyMDEzXC8wOFwvQ29sb2duZUxvZ28ucG5nIiwiZWRpdHMiOltdfQ=="}