{"url": "https://academicpositions.com/ad/imec/2022/mechanical-engineer-micro-fluidics/175236", "title": "Mechanical Engineer - Micro-fluidics", "publish_date": "2022-02-15", "deadline": "N/A", "location": "Kapeldreef 75 Heverlee, Belgium", "city": "Kapeldreef 75 Heverlee", "country": "Belgium", "position": "Engineer/Technician", "field": "Applied Physics, Electronics, Engineering Physics, Manufacturing Engineering, Materials Engineering, and 1 moreMechanical Engineering", "salary": "N/A", "max_working_hours": "N/A", "employer": "imec", "job_description": "<div class=\"editor ck-content mt-6 mb-6 mb-md-8 mt-md-8\" id=\"editor\">\n<p><i>Design and implement mechanical and microfluidic components for the integration of sensor chips.</i></p><h2>What you will do</h2><p>We are looking for a microfluidic-mechanical design engineer with excellent technical skills in the field of micro-fabrication and experience in microfluidic building blocks. You will work on a variety of different projects in which customized sensor chip integration is demanded and will combine both technical and project management tasks.</p><p>In this job, your main activities will be:</p><ul><li>Design and implement mechanical and microfluidic components for the integration of sensor chips.</li><li>Perform experiments in the lab to test and characterize the physical behavior of such integration solutions</li><li>Define, follow-up and validate manufacturing routes for customized components at external suppliers and in-house lab facilities</li><li>Analyse, interpret and report experimental data to the project team</li><li>Take-up project management responsibilities for specific projects.</li><li>Manage time effectively according to project schedules</li><li>Quickly adapt to new project requirements</li><li>Work closely with an interdisciplinary team of electronic design engineers and life science researchers</li></ul><h2>What we do for you</h2><p>We offer you the opportunity to join one of the world\u00e2\u0080\u0099s premier research centers in nanotechnology at its headquarters in Leuven, Belgium. With your talent, passion and expertise, you\u00e2\u0080\u0099ll become part of a team that makes the impossible possible. Together, we shape the technology that will determine the society of tomorrow.</p><p>We are <a href=\"http://www.imec-int.com/en/careers#diversity\" target=\"_blank\">committed to being an inclusive employer</a> and proud of our open, multicultural, and informal working environment with ample possibilities to take initiative and show responsibility. We commit to supporting and guiding you in this process; not only with words but also with tangible actions. Through imec.academy, 'our corporate university', we actively invest in your development to further your technical and personal growth.\u00a0</p><p>We are aware that your valuable contribution makes imec a top player in its field. Your energy and commitment are therefore appreciated by means of a market appropriate salary with many fringe benefits.\u00a0</p><h2>Who you are</h2><ul><li>You have a master\u00e2\u0080\u0099s degree in mechanical engineering, materials science, applied physics or other equivalent discipline.</li><li>You have relevant experience in microfluidic device product/prototyping design in industry or life science applications. You also have experience with CAD design for microfluidic applications</li><li>You are familiar with micro-fabrication manufacturing methods, microfluidic products and existing device solutions</li><li>You have hands-on experience with laboratory equipment, device testing and general purpose programming</li><li>You have strong analytical skills and can perform data processing using analytical or computational tools.</li><li>You have experience working in a research or development environment with an interdisciplinary team.</li><li>You have excellent project management skills, are capable to manage projects, and deliver on time and within budget.</li><li>You are a team player.</li><li>You are fluent in English and have excellent communication skills.</li></ul>\n</div>", "requirements_description": "N/A", "conditions_description": "N/A", "employer_description": "N/A", "department_description": "N/A", "additional_information": "N/A", "apply_link": "N/A", "employer_link": "N/A", "job_type": "N/A", "logo": "https://content.academicpositions.com/eyJidWNrZXQiOiJhcC1wcm9kdWN0aW9uLW1lZGlhLWFyY2hpdmUiLCJrZXkiOiJjZGRcL2E2ZFwvY2RkYTZkZTg0NDkzZDY0ZWEyODQwYWRkMzdmZDhiM2QucG5nIiwiZWRpdHMiOltdfQ=="}