{"url": "https://academicpositions.com/ad/deutsches-elektronen-synchrotron-desy/2022/project-manager-of-the-punch4nfdi-consortium-in-the-nfdi/174486", "title": "Project Manager of the PUNCH4NFDI Consortium in the NFDI", "publish_date": "2022-01-26", "deadline": "2022-02-28", "location": "Notkestra\u00c3\u009fe 85 Hamburg, Germany", "city": "Notkestra\u00c3\u009fe 85 Hamburg", "country": "Germany", "position": "Management", "field": "Astrophysics, Management, Nuclear Physics, Particle Physics, Project Management, and 1 moreStrategic Management", "salary": "N/A", "max_working_hours": "N/A", "employer": "Deutsches Elektronen-Synchrotron (DESY)", "job_description": "<div class=\"editor ck-content mt-6 mb-6 mb-md-8 mt-md-8\" id=\"editor\">\n<p>Remuneration Group 14 | Limited: 31.12.2026 | Starting date: earliest possible | ID: FHMA029/2021 | Deadline: 28.02.2022 | Full-time/Part-time</p><p>DESY, with its more than 2700 employees at its two locations in Hamburg and Zeuthen, is one of the world's leading research centres. Its research focuses on decoding the structure and function of matter, from the smallest particles of the universe to the building blocks of life. In this way, DESY contributes to solving the major questions and urgent challenges facing science, society and industry. With its ultramodern research infrastructure, its interdisciplinary research platforms and its international networks, DESY offers a highly attractive working environment in the fields of science, technology and administration as well as for the education of highly qualified young scientists.</p><p>The PUNCH4NFDI consortium aims at a sustainable utilisation of research data and the establishment of a FAIR data management for particle physics, astroparticle physics, astronomy, and hadron&amp;nuclear physics. In doing so, the consortium builds especially on unique expertise in \"big data\" management, in \"open data\" and in data transformations. The consortium, which is part of the German national research data infrastructure (Nationale Forschungsdateninfrastruktur, NFDI) represents more than 40 institutions - university institutes, Max Planck institutes, Helmholtz centres, as well as Leibniz institutes. For its purposes, the consortium receives funding from the DFG for an initial period of 5 years. As project manager of PUNCH4NFDI, you are the central point of coordination and will drive the scientific and technical developments. As chair of the Management Board, you oversee the execution of the consortium's work plan and build the bridge to other consortia in the NFDI and to the larger science community on the german and European level. You organise the internal procedures of the consortium, and you are also the administrative head of the consortium, responsible (assisted by a project office at DESY) for the distribution and reporting of the received DFG funds.</p><h4>About your role:</h4><ul><li>Project manager of the PUNCH4NFDI consortium and chair of the PUNCH4NFDI Management Board</li><li>Coordination of work in the PUNCH4NFDI task areas</li><li>Development and maintenance of working contacts to NFDI e.V., to the DFG, and to other NFDI consortia</li><li>Reporting to the PUNCH4NFDI Executive Board on scientific and financial developments</li><li>Reporting towards DFG and NFDI e.V. and preparation of relevant material</li><li>Regulation of distribution of funds and controlling of funds together with the DESY administrative support</li><li>Preparation of general PUNCH4NFDI meetings</li><li>Scientific contribution to a DESY project within the PUNCH4NFDI consortium</li></ul><h4>Good reasons to join:</h4><p>Look forward to a unique working environment on our international research campus. We attach particular importance to appreciative cooperation and the well-being of our DESY employees. Gender equality is an important aspect for us. To support work life balance we offer flexible working hours, variable part-time and job-sharing. You will benefit from our family-friendly and collegial atmosphere, our established health management and occupational pension provision. As a public employer, we offer you a secure workplace and facilitate your individual career with our comprehensive training and development opportunities. Remuneration is according to the regulations of the TV-AVH.</p><h4>About you:</h4><ul><li>Scientific qualification in at least one of the scientific branches of PUNCH4NFDI (particle physics, astroparticle physics, astronomy, hadron&amp;nuclear physics)</li><li>Long-term professional experience, preferentially at the Ph.D. level</li><li>Experience or proven significant interest in computing or data management</li><li>Experience in the management of scientific projects is seen as an advantage</li><li>Excellent networking and communication skills</li><li>Good ability to work in teams</li><li>Good mastering of written and spoken German and English</li></ul><p><strong>For further information please contact Dr. Thomas Sch\u00c3\u00b6rner-Sadenius at +49 40 8998-3429 (thomas.schoerner@desy.de).</strong></p><p>We look forward to receiving your application via our application portal:</p><p><a href=\"https://v22.desy.de/e67416/records143439/index_eng.html\" target=\"_blank\">Apply now</a></p><p>DESY promotes equal opportunities and diversity. The professional development of women is very important to us and therefore we strongly encourage women to apply for the vacant position. Applications from severely disabled persons will be given preference if they are equally qualified.</p><p>You can find further information here:<br/><a href=\"https://www.desy.de/career/\" target=\"_blank\">https://www.desy.de/career/</a></p><p>Deutsches Elektronen-Synchrotron DESY<br/>Personalabteilung<br/>Notkestra\u00c3\u009fe 85<br/>22607 Hamburg<br/>Phone: +49 40 8998-3392</p>\n</div>", "requirements_description": "N/A", "conditions_description": "N/A", "employer_description": "N/A", "department_description": "N/A", "additional_information": "N/A", "apply_link": "N/A", "employer_link": "N/A", "job_type": "N/A", "logo": "https://content.academicpositions.com/eyJidWNrZXQiOiJhcC1wcm9kdWN0aW9uLW1lZGlhLWFyY2hpdmUiLCJrZXkiOiIyMDEyXC8wOFwvRGV1dHNjaGVzLUVsZWt0cm9uZW4tU3luY2hyb3Ryb24ucG5nIiwiZWRpdHMiOltdfQ=="}