{"url": "https://academicpositions.com/ad/vlerick-business-school/2022/phd-researcher-on-the-impact-of-investors-in-private-firms/174296", "title": "PhD Researcher on the Role of Impact Investors in Private Firms", "publish_date": "2022-01-20", "deadline": "N/A", "location": "Reep 1 Ghent, Belgium", "city": "Reep 1 Ghent", "country": "Belgium", "position": "PhD", "field": "Business Administration, Business Economics, Entrepreneurship, Financial Economics, Management, and 1 moreRisk Management", "salary": "N/A", "max_working_hours": "N/A", "employer": "Vlerick Business School", "job_description": "<div class=\"editor ck-content mt-6 mb-6 mb-md-8 mt-md-8\" id=\"editor\">\n<p><img src=\"https://ap-production-media-archive.s3.eu-north-1.amazonaws.com/uploads/WNTxtcXvzICSXKNj8QVDKKdguV3tDRpsRAFPolZq.png\"/><strong>Do you have a passion for applied research? Are you ready to explore impact investing and the role of impact investors in private firms? Would you like to make a difference in an open, dynamic and professional environment??\u00a0</strong><br/><strong>Let\u00e2\u0080\u0099s talk!</strong></p><p><strong>PhD RESEARCHER ON THE ROLE OF IMPACT INVESTORS IN PRIVATE FIRMS \u00a0</strong><br/>Vlerick Business School is a <strong>triple-accredited</strong>, international business school at the heart of Europe \u00e2\u0080\u0093 ranked <strong>number one in the Benelux for executive education</strong> and 19 in Europe. We strive to make a difference, offering high quality, interactive and impactful learning journeys and in doing so, helping form <strong>positive change-makers</strong> with a vision that is rooted in a dream.\u00a0</p><p>Vlerick is a school, but it is run as a company, aligned with the high standards we foster in our different programmes. We are looking for an enthusiastic <strong>PhD researcher with a passion for entrepreneurship</strong> to help us carry out our mission!\u00a0</p><p><strong>The job</strong></p><ul><li>Conduct research on entrepreneurship in collaboration with faculty and other researchers, incl. desk research, data collection &amp; data analysis.</li><li>Plan and perform research projects, especially\u00a0regarding the role of impact investors in private firms.</li><li>Disseminate findings to an academic and business audience, and to society at large, incl. papers, reports, articles &amp; social media posts.\u00a0</li></ul><p><strong>You</strong></p><ul><li>Have obtained a master\u00e2\u0080\u0099s degree (preferably related to economics) with an above-average academic performance. Your yearly exam results equal 68% (honours) or more, at least twice, of which minimum once in the Masters\u00e2\u0080\u0099 degree.</li><li>Are passionate about the topic of entrepreneurial\u00a0finance and impact investing.\u00a0</li><li>Have good analytical skills including knowledge of statistical packages (e.g. STATA).\u00a0</li><li>Want to conduct research, relevant to both the academic and the business world.</li><li>Have good writing and computing skills and are fluent in English.\u00a0</li><li>Have a proactive and customer-oriented attitude.</li><li>Can choose to be located on our campus in Gent, Brussels or Leuven, in combination with your home-office.\u00a0</li></ul><p><strong>#ProudtobeVlerick</strong></p><ul><li>Autonomy and responsibility in a challenging work environment.\u00a0</li><li>A dynamic, open, and international research community and company culture.\u00a0</li><li>Internal &amp; externa opportunities for professional and personal development.\u00a0</li><li>The chance to become a content expert whilst developing and maintaining interesting contacts within the business world.</li><li>Flexibility: 30+ holiday days, working on one of our beautiful campuses in combination with your home-office, flexible benefits based on your personal needs, \u00e2\u0080\u00a6.\u00a0</li><li>Be a part of something bigger and inspire people to live, learn and leap.</li></ul><p>At Vlerick, <strong>openness to the world</strong> is part of our DNA. We are continuously working towards being a truly diverse, equitable and inclusive place to work and learn at. So, no matter who you are, where you come from, or what your dreams are, we are looking forward to receiving your application.\u00a0</p><p><strong>Take the leap and join us</strong></p><p>If you think you meet these criteria, please apply with your resume and motivation letter on\u00a0<a href=\"https://jobpage.cvwarehouse.com/?companyGuid=951122b9-c73b-42a1-9310-21d56e286e08&amp;lang=en-US\" target=\"_blank\">our website</a>. We look forward to hearing from you! Happy to give you more information on the job content:\u00a0<a href=\"mailto:filip.goeman@vlerick.com\">filip.goeman@vlerick.com</a>.\u00a0</p>\n</div>", "requirements_description": "N/A", "conditions_description": "N/A", "employer_description": "N/A", "department_description": "N/A", "additional_information": "N/A", "apply_link": "N/A", "employer_link": "N/A", "job_type": "N/A", "logo": "https://content.academicpositions.com/eyJidWNrZXQiOiJhcC1wcm9kdWN0aW9uLW1lZGlhLWFyY2hpdmUiLCJrZXkiOiIyMDEzXC8xMVwvdmxlcmlja2xvZ28ucG5nIiwiZWRpdHMiOltdfQ=="}