{"url": "https://academicpositions.com/ad/labex-lio/2021/postdoctoral-position-cross-section-measurements-for-the-p-process-nucleosynthesis/169448", "title": "Postdoctoral position - Cross section measurements for the p-process nucleosynthesis", "publish_date": "2021-11-25", "deadline": "N/A", "location": "4 Rue Enrico Fermi Villeurbanne, France", "city": "4 Rue Enrico Fermi Villeurbanne", "country": "France", "position": "Postdoc", "field": "Astrophysics, Experimental Physics, Nuclear Physics, Optics, Photonics, and 1 moreTheoretical Physics", "salary": "N/A", "max_working_hours": "N/A", "employer": "LabEx LIO", "job_description": "<div class=\"editor ck-content mt-6 mb-6 mb-md-8 mt-md-8\" id=\"editor\">\n<p><img src=\"https://ap-production-media-archive.s3.eu-north-1.amazonaws.com/uploads/PXMLoHJAxxtDJb1YGXq59mbbFpKzcZX5f4BkDNMH.png\"/></p><p><strong><u>Short description</u></strong></p><p>The LIO Laboratory of Excellence (LabEx) proposes a 2-year post-doctoral position.</p><p><strong>Starting date: between\u00a0September the 1st, 2022 and November the 1st, 2022</strong></p><p>The net salary (+social benefits) will depend on experience. A \u00e2\u0082\u00ac3,000 annual package for travels and equipment will be allotted.</p><p><strong><u>Research project</u></strong></p><p>In the Universe chemical composition, several elements beyond iron are observed to have stable isotopes situated on the proton-rich side of the stability valley: these isotopes are called <strong>p-nuclei</strong>. Their specificity is that they cannot have been produced by neutron-capture processes, contrary to the majority of nuclei heavier than iron. The nucleosynthesis mechanism that leads to the formation of p-nuclei is called the <strong>p-process</strong>. According to the dominant astrophysical scenario, it takes place during core-collapse supernovae, and mainly involves the photodisintegration of a seed population of nuclei originating from the neutron rich side of the stability valley. First, several neutrons are expelled by (\u00ce\u00b3,n) reactions, but the final abundance of the different p-nuclei crucially depends on (\u00ce\u00b3,p) and (\u00ce\u00b3,\u00ce\u00b1) reactions that occur in the end. They are an essential input for the nucleosynthesis calculations that aim to test different astrophysical models to reproduce the observed abundance of p-nuclei.</p><p>Globally, the p-process involves a network around 2000 nuclei and 20000 reactions, most of which cannot be measured experimentally. <strong>Nucleosynthesis calculations have to rely on theoretical calculations</strong> of cross sections based on the Hauser-Feshbach statistical model. The nuclear statistical parameters that allow to perform such calculations are the optical model potentials, the level density and the gamma strength, which are themselves described by different models. <strong>Experimental data are much needed to better constrain these models</strong>. Especially, it is repeatedly mentioned in the literature that the lack of experimental knowledge on the alpha-nucleus optical potential at energy of astrophysical interest (namely far below the Coulomb barrier) hinders the progress in the nucleosynthesis modeling. Our project is focused on the measurement of cross sections that are crucial to improve the knowledge of astrophysical reaction rates.\u00a0</p><p>We have selected several key reactions for this purpose. The main objective of our project is to perform <strong>alpha and proton capture experiments at the NFS-SPIRAL2 facility</strong>, whose high-intensity alpha and proton beams in the relevant energy range offers a unique opportunity to access the very low cross sections that are needed in the astrophysical context. These measurements will involve two types of techniques: if the lifetime of the reaction product allows, the well-known <strong>activation</strong> technique can be used ; else, <strong>in-beam</strong> techniques have to be employed to count the gamma rays produced instantaneously after the reaction. We plan to perform such experiments around 2023. Meanwhile, <strong>preparatory experiments</strong> should be performed at medium-scale facilities, to better control the classical experimental issues before facing the new challenges associated with very high intensity. Furthermore, the knowledge of alpha-nucleus optical potentials also need to be increased by <strong>complementary alpha-scattering measurements</strong>: the exploration of isotopic and deformation effects should be particularly enlightening, and several such measurements will take place in the next years, for instance at the Orsay Split-Pole facility.</p><p><strong><u>Research field(s)</u></strong></p><p>Experimental nuclear astrophysics / p-process nucleosynthesis</p><p><strong><u>Supervisor and contact</u></strong></p><p><a href=\"mailto:c.ducoin@ipnl.in2p3.fr\">C.Ducoin</a></p><p>Institut de Physique des 2 Infinis de Lyon</p><p>Campus LyonTech la Doua, b\u00c3\u00a2timent\u00a0Dirac</p><p>4 rue Enrico Fermi, 69622 Villeurbanne</p><p>France</p><p>TEL: +33 (0)4 72 43 13 41</p><p>c.ducoin@ipnl.in2p3.fr</p><p><a href=\"mailto:o.stezowski@ip2i.in2p3.fr\">O.St\u00c3\u00a9zowski</a></p><p>Institut de Physique des 2 Infinis de Lyon</p><p>Campus LyonTech la Doua, b\u00c3\u00a2timent\u00a0Dirac</p><p>4 rue Enrico Fermi, 69622 Villeurbanne</p><p>France</p><p>TEL: +33 (0)4 72 43 13 46</p><p>o.stezowski@ip2i.in2p3.fr</p><p><strong><u>Working environment</u></strong></p><p><strong><u>Job location and description</u></strong></p><p>Most of the <strong>work is performed</strong> in the\u00a0<a href=\"https://www.ip2i.in2p3.fr/\" target=\"_blank\"><strong>IP2I Laboratory</strong></a> and consists in conducting an <strong>experimental research program</strong> using <strong>international infrastructures</strong>.\u00a0</p><p>The recruited <strong>candidate</strong> will have the <strong>charge</strong> to <strong>develop our p-process program</strong> and thus she/he will <strong>have to manage</strong> the <strong>experiments</strong> already <strong>accepted</strong> and the ones <strong>to be proposed</strong>. It requires also to perform <strong>data analysis</strong> and <strong>simulations</strong> in close collaboration with a PhD student. As well, \u00a0the candidate will have the charge to <strong>strengthen</strong> our <strong>collaboration</strong> <strong>with the\u00a0</strong><a href=\"http://lgltpe.ens-lyon.fr/\" target=\"_blank\"><strong>\u00e2\u0080\u009cLaboratoire de G\u00c3\u00a9ologie de Lyon \u00e2\u0080\u0093 Terre, Plan\u00c3\u00a8tes, Environnement\u00e2\u0080\u009d</strong></a> which is working also on the p-process though measurements of compositions of micrometeorites.\u00a0</p><p><strong><u>Team</u></strong></p><p>The IP2I \u00c2\u00ab\u00a0Mati\u00c3\u00a8re Nucl\u00c3\u00a9aire\u00a0\u00c2\u00bb (Nuclear Matter) group, composed of six permanent members and two students, is involved in experimental nuclear structure &amp; nuclear astrophysics studies.\u00a0C. Ducoin (enseignante-chercheuse, Universit\u00c3\u00a9 de Lyon) and O. St\u00c3\u00a9zowski (chercheur, CNRS) are co directors of the thesis of Y. Demane (2020-2023) who is working on a subject directly linked with the postdoc program. N. Millard (enseignante-chercheuse, Universit\u00c3\u00a9 de Lyon, IP2I \u00c2\u00ab\u00a0Mati\u00c3\u00a8re Nucl\u00c3\u00a9aire\u00a0\u00c2\u00bb group) is also strongly involved in the p-process program and will be then a close collaborator.</p><p>The recruited candidate will also interact with our local/national/international collaborators on the p-process project located mostly at GANIL, IJCLab and LGLTPE.\u00a0 \u00a0</p><p><strong><u>Allocated resources (technical facilites, computing\u00e2\u0080\u00a6)</u></strong></p><p>Most of the experimental work is performed using international facilities such as\u00a0<a href=\"https://alto.ijclab.in2p3.fr/\" target=\"_blank\">ALTO</a> at Orsay or\u00a0<a href=\"https://www.ganil-spiral2.eu/\" target=\"_blank\">NFS-SPIRAL2 at GANIL/Caen</a> using existing (split-pole, gamma-ray) detectors. The computing resources are provided by\u00a0<a href=\"https://www.ip2i.in2p3.fr/\" target=\"_blank\">IP2I</a>, possibly, if mandatory, by\u00a0<a href=\"https://cc.in2p3.fr/en/\" target=\"_blank\">CCIN2P3</a>.\u00a0 \u00a0</p><p><strong><u>Recent publications of the team</u></strong></p><p>Gamma-ray intensities in multi-gated spectra - Camille Ducoin, Guillaume Maquart, Olivier St\u00c3\u00a9zowski\u00a0</p><p><i>NIM A 931, 105-120 (2019)</i></p><p><span style=\"color:blue;\"><i>DOI:\u00a0\u00a0 </i></span><a href=\"https://doi.org/10.1016/j.nima.2019.04.035\" target=\"_blank\"><i>https://doi.org/10.1016/j.nima.2019.04.035</i></a></p><p><a href=\"https://arxiv.org/pdf/1802.06076.pdf\" target=\"_blank\"><span style=\"color:windowtext;\">https://arxiv.org/pdf/1802.06076.pdf</span></a>\u00a0</p><p>Backbending in the pear-shaped\u00a022390Th nucleus: Evidence of a high-spin octupole to quadrupole shape transition in the actinides -\u00a0G.Maquart et al.,</p><p>Phys.Rev. C 95, 034304 (2017)</p><p><span style=\"color:blue;\">DOI:\u00a0 \u00a0\u00a0 <i><u>1</u></i></span><a href=\"http://dx.doi.org/10.1103/PhysRevC.95.034304\" target=\"_blank\"><i>0.1103/PhysRevC.95.034304</i></a><span style=\"color:blue;\"><i><u>\u00a0</u></i></span></p><p><strong><u>Description of LabEx LIO</u></strong></p><p>In 2011, The Lyon Institute of Origins LabEx was selected following the first \u00e2\u0080\u009cLaboratory of Excellence\u00e2\u0080\u009d call for projects, part of the \u00e2\u0080\u009cInvestissement d\u00e2\u0080\u0099Avenir\u00e2\u0080\u009d program for forward-looking research. It is one of 12 LabExes supported by the University of Lyon community of universities and establishments (COMUE). LIO brings together more than 200 elite researchers recruited throughout the word and forming 18 research teams from four laboratories in the Rh\u00c3\u00b4ne-Alps region, all leaders in their fields, under the auspices of the University Claude Bernard Lyon 1 (UCBL), the Ecole Normale Sup\u00c3\u00a9rieure de Lyon, and the CNRS. LIO\u00e2\u0080\u0099s goal is to explore questions about our origins, operating in a broad field of study that ranges from particle physics to geophysics, and includes cosmology, astrophysics, planetology and life.</p><p><strong><u>Selection process</u></strong></p><p><strong><u>Qualifications / Skills / Education &amp; Research requirements</u></strong></p><p>The ideal candidate must hold a PhD in experimental nuclear physics/astrophysics, should have facilities in conducting an experimental program involving large collaborations and international facilities: it thus required to travel on a regular basis. Skills in running complex codes, nuclear reaction codes (Ex: TALYS) and simulation codes (Ex: GEANT4), and in programming (C++,python) are very welcome. Experience in experimental gamma-ray spectroscopy (with very high resolution Germanium detectors or gamma-ray calorimeters) is an advantage.\u00a0</p><p><strong><u>Application deadline</u></strong></p><p>April the 1st, 2022</p><p><strong><u>Requested documents for application</u></strong></p><p>Applicants must email a <strong>CV, a statement of interest, a\u00a0letter of recommendation and contact details for 2-3 references</strong>\u00a0<strong>at</strong>\u00a0<a href=\"mailto:c.ducoin@ipnl.in2p3.fr\">c.ducoin@ipnl.in2p3.fr</a> and <a href=\"mailto:o.stezowski@ip2i.in2p3.fr\">o.stezowski@ip2i.in2p3.fr</a>\u00a0before <u>April the 1st, 2022.</u>\u00a0</p><p>Candidates on the short list will be informed by the end of April. They will be interviewed in May.\u00a0</p>\n</div>", "requirements_description": "N/A", "conditions_description": "N/A", "employer_description": "N/A", "department_description": "N/A", "additional_information": "N/A", "apply_link": "N/A", "employer_link": "N/A", "job_type": "N/A", "logo": "https://content.academicpositions.com/eyJidWNrZXQiOiJhcC1wcm9kdWN0aW9uLW1lZGlhLWFyY2hpdmUiLCJrZXkiOiI5ZWFcLzI3NVwvOWVhMjc1MmM0OGYzZWNiYmJmNjY4ZmJjZGZmMDY5MTkuanBlZyIsImVkaXRzIjpbXX0="}