{"url": "https://academicpositions.com/ad/sodertorn-university/2022/one-doctoral-studentship-in-sociology/174010", "title": "One doctoral studentship in Sociology", "publish_date": "2022-02-11", "deadline": "2022-02-21", "location": "Alfred Nobels all\u00c3\u00a9 7 Huddinge, Sweden", "city": "Alfred Nobels all\u00c3\u00a9 7 Huddinge", "country": "Sweden", "position": "PhD", "field": "Criminology, Gender Studies, Human Geography, Social Research, Social Stratification, and 2 moreSociology,Urban Studies", "salary": "N/A", "max_working_hours": "N/A", "employer": "S\u00c3\u00b6dert\u00c3\u00b6rn University", "job_description": "<div class=\"editor ck-content mt-6 mb-6 mb-md-8 mt-md-8\" id=\"editor\">\n<p><span style=\"color:rgb(80,0,80);\">S\u00c3\u00b6dert\u00c3\u00b6rn University in south Stockholm is a dynamic institute of higher education with a unique profile and high academic standard. A large proportion of the university staff holds doctorates and there is a strong link between undergraduate education and research. S\u00c3\u00b6dert\u00c3\u00b6rn University has around 11 000 students and 840 employees. S\u00c3\u00b6dert\u00c3\u00b6rn University is an equal opportunities employer.</span></p><p>As a doctoral student in <strong>Sociology</strong>, you will join a research environment that offers multidisciplinary perspectives and an advanced curriculum. Doctoral students are affiliated with a Social Science research area called <strong>Politics, Economy and the Organisation of Society (PESO),</strong> encompassing the disciplines of Business Studies, Journalism, Political Science, Social Work, and Sociology. In addition, they are affiliated with the<strong> Baltic and East European Graduate School (BEEGS),</strong> which is part of the <strong>Centre for Baltic and East European Studies (CBEES</strong>) at S\u00c3\u00b6dert\u00c3\u00b6rn University.</p><p>The primary workplace for doctoral students is the Sociology Department at the School of Social Sciences, where they are schooled in independent scholarly research. Here, research is conducted within the following sub-fields of sociology: political sociology (social movements, civil society, etc.); social stratification (ethnicity, class, gender, etc.); sociological criminology (surveillance, violence, etc.); sociology of organisation; urban sociology; sociology of education; sociology of migration, sociology of health and illness; social welfare and the labour market. While the discipline has a global analytical orientation, many of our projects focus specifically on the Baltic Sea region, Eastern Europe, the Nordic countries, and the European Union. Moreover, the Sociology Department and doctoral students are greatly involved in national and international sociology networks, as well as engaging in multidisciplinary cooperation through the Centre for the Study of Political Organisation and Reinvent \u00e2\u0080\u0093 the Centre for City Dynamics at S\u00c3\u00b6dert\u00c3\u00b6rn University. For more information on Sociology at S\u00c3\u00b6dert\u00c3\u00b6rn University, <a href=\"https://www.sh.se/english/sodertorn-university/research/our-research/sociology\" target=\"_blank\">read here</a>.</p><p><span style=\"color:rgb(80,0,80);\">Your doctoral research must have a geographical link to the Baltic Sea region and/or the post-communist part of Europe. Theses with a comparative approach must include at least one country in the above-mentioned regions, but may include other countries. A thesis may not solely relate to Sweden and Swedish society.</span></p><p>For complete information regarding the position, please visit the following link:</p><p><a href=\"https://www.sh.se/english/sodertorn-university/meet-sodertorn-university/this-is-sodertorn-university/vacant-positions?rmpage=job&amp;rmjob=5229&amp;rmlang=UK\" target=\"_blank\">https://www.sh.se/english/sodertorn-university/meet-sodertorn-university/this-is-sodertorn-university/vacant-positions?rmpage=job&amp;rmjob=5229&amp;rmlang=UK</a></p><p><span style=\"color:rgb(80,0,80);\"><strong>Admission and employment</strong></span><br/><span style=\"color:rgb(80,0,80);\">An application for a place on a third-cycle programme is also an application for employment on a doctoral studentship. Employment is for a maximum of four years of full-time study. The position may be extended by a maximum of one year due to the inclusion of departmental duties, i.e. education, research and/or administration (equivalent to no more than 20% of full-time). The provisions relating to employment on a doctoral studentship are stated in the Higher Education Ordinance, Chapter 5, Sections 1-7. Doctoral students will be employed by the School of Social Sciences at S\u00c3\u00b6dert\u00c3\u00b6rn University. The first date of employment is 1 September 2022.</span></p><p><span style=\"color:rgb(80,0,80);\"><strong>Contact</strong></span><br/>Apostolis Papakostas, Professor of Sociology, email <a href=\"mailto:apostolis.papakostas@sh.se\">apostolis.papakostas@sh.se</a> and tel. +46 (0)8 608 4263<br/><span style=\"color:rgb(80,0,80);\">Liudmila Voronova, Director of Studies PESO, email </span><a href=\"mailto:liudmila.voronova@sh.se\"><span style=\"color:rgb(80,0,80);\">liudmila.voronova@sh.se</span></a><span style=\"color:rgb(80,0,80);\"> and tel. +46 8 608 52 16</span><br/><span style=\"color:rgb(80,0,80);\">Ali Hajighasemi, Head of the School of Social Sciences, email </span><a href=\"mailto:ali.hajighasemi@sh.se\"><span style=\"color:rgb(80,0,80);\">ali.hajighasemi@sh.se</span></a><span style=\"color:rgb(80,0,80);\"> and tel. +46 (0)8 608 4887</span><br/><span style=\"color:rgb(80,0,80);\">Ulrica Lindb\u00c3\u00a4ck, HR officer, email </span><a href=\"mailto:ulrica.lindback@sh.se\"><span style=\"color:rgb(80,0,80);\">ulrica.lindback@sh.se</span></a><span style=\"color:rgb(80,0,80);\"> and tel\u00a0+46 (0)8 608 4442</span></p><p><span style=\"color:rgb(80,0,80);\"><strong>Application</strong></span><br/><span style=\"color:rgb(80,0,80);\">The application deadline is <strong>21 February 2022.</strong></span></p>\n</div>", "requirements_description": "N/A", "conditions_description": "N/A", "employer_description": "N/A", "department_description": "N/A", "additional_information": "N/A", "apply_link": "N/A", "employer_link": "N/A", "job_type": "N/A", "logo": "https://content.academicpositions.com/eyJidWNrZXQiOiJhcC1wcm9kdWN0aW9uLW1lZGlhLWFyY2hpdmUiLCJrZXkiOiI1MzBcLzI5OVwvNTMwMjk5ZGI4NzkzYjJiMDYxNjQxNjY0MjZhMmUxNGIucG5nIiwiZWRpdHMiOltdfQ=="}