{"url": "https://academicpositions.com/ad/eth-zurich/2022/postdoctoral-researcher-on-net-zero-strategies/175265", "title": "Postdoctoral Researcher on Net Zero Strategies", "publish_date": "2022-02-15", "deadline": "N/A", "location": "R\u00c3\u00a4mistrasse 101 Zurich, Switzerland", "city": "R\u00c3\u00a4mistrasse 101 Zurich", "country": "Switzerland", "position": "Postdoc", "field": "Energy Technology,", "salary": "N/A", "max_working_hours": "N/A", "employer": "ETH Zurich", "job_description": "N/A", "requirements_description": "N/A", "conditions_description": "N/A", "employer_description": "N/A", "department_description": "N/A", "additional_information": "N/A", "apply_link": "N/A", "employer_link": "N/A", "job_type": "N/A", "logo": "https://content.academicpositions.com/eyJidWNrZXQiOiJhcC1wcm9kdWN0aW9uLW1lZGlhLWFyY2hpdmUiLCJrZXkiOiJkZGRcLzQzYlwvZGRkNDNiNjg4NjEyZDM1MDI1NGFiNzQ4MzY3NTNiMjUucG5nIiwiZWRpdHMiOltdfQ=="}