{"url": "https://academicpositions.com/ad/international-baccalaureate-ib/2021/become-an-ib-examiner-for-latvian-a-literature/169706", "title": "Become an IB Examiner for Latvian A: Literature", "publish_date": "2021-11-26", "deadline": "N/A", "location": "N/A", "city": "N/A", "country": "N/A", "position": "Other Category", "field": "Applied Linguistics, Baltic languages, World Literatures,", "salary": "N/A", "max_working_hours": "N/A", "employer": "International Baccalaureate\u00c2\u00ae (IB)", "job_description": "<div class=\"editor ck-content mt-6 mb-6 mb-md-8 mt-md-8\" id=\"editor\">\n<p>As part of assessment processes, the IB works with educators in a variety of different roles. We are always looking to recruit new, skilled examiners and senior examiners as the IB continues to grow.</p><p>As an examiner you will play an important role in maintaining the quality of assessment for which the IB is known worldwide. This experience will enable you to:</p><ul><li>Enhance your professional development</li><li>Expand your subject knowledge</li><li>Earn extra income working from the convenience of your home</li></ul><p>Founded in 1968, the International Baccalaureate\u00c2\u00ae (IB) is a non-profit educational foundation offering four highly respected programmes of international education that develop the intellectual, personal, emotional and social skills needed to live, learn and work in a rapidly globalizing world.</p><p>We strive to develop students who will build a better world through intercultural understanding and respect.</p><p><span style=\"color:#211D1E;\">Through the study of a wide range of literature, the <strong>language A: literature</strong> course encourages students to appreciate the artistry of literature and to develop an ability to reflect critically on their reading. Works are studied in their literary and cultural contexts, through close study of individual texts and passages, and by considering a range of critical approaches. In view of the international nature of the IB and its commitment to intercultural understanding, the language A: literature course does not limit the study of works to the products of one culture or the cultures covered by any one language. The study of works in translation is especially important in introducing students, through literature, to other cultural perspectives.\u00a0</span></p><p><strong>Applicants must have:</strong></p><ul><li>a degree or equivalent in the subject (or a related subject) for which they are applying,</li><li>a minimum of one year\u00e2\u0080\u0099s experience teaching the subject (or a related subject) to students in an appropriate age range:<ul><li>16 to 19 years of age \u00e2\u0080\u0093 DP</li><li>applicants who are no longer teaching must have taught or examined within the last three years</li></ul></li><li>access to the internet, via a broadband (or faster) connection, in an environment that is suitable for marking confidential assessment material</li></ul><p>IB teaching experience is not essential.</p><p>For more information and to apply, please visit our website:</p><p><a href=\"http://www.ibo.org/examiners\" target=\"_blank\">http://www.ibo.org/examiners</a></p>\n</div>", "requirements_description": "N/A", "conditions_description": "N/A", "employer_description": "N/A", "department_description": "N/A", "additional_information": "N/A", "apply_link": "N/A", "employer_link": "N/A", "job_type": "N/A", "logo": "https://content.academicpositions.com/eyJidWNrZXQiOiJhcC1wcm9kdWN0aW9uLW1lZGlhLWFyY2hpdmUiLCJrZXkiOiIyMDE2XC8xMVwvaWItbG9nby5qcGciLCJlZGl0cyI6W119"}