{"url": "https://academicpositions.com/ad/university-of-oulu/2022/a-doctoral-student-for-fellow-feelings-co-creating-biodiverse-communities-with-young-people-science-and-bioart/174650", "title": "A Doctoral Student for Fellow Feelings\u00e2\u0080\u0093 Co-Creating Biodiverse Communities With Young People, Science And Bioart", "publish_date": "2022-02-03", "deadline": "2022-02-27", "location": "Pentti Kaiteran katu 1 Oulu, Finland", "city": "Pentti Kaiteran katu 1 Oulu", "country": "Finland", "position": "PhD", "field": "Child and Youth Studies, Cultural Studies, Teacher Education,", "salary": "N/A", "max_working_hours": "N/A", "employer": "University of Oulu", "job_description": "N/A", "requirements_description": "N/A", "conditions_description": "N/A", "employer_description": "N/A", "department_description": "N/A", "additional_information": "N/A", "apply_link": "N/A", "employer_link": "N/A", "job_type": "N/A", "logo": "https://content.academicpositions.com/eyJidWNrZXQiOiJhcC1wcm9kdWN0aW9uLW1lZGlhLWFyY2hpdmUiLCJrZXkiOiJmNjJcLzg4Y1wvZjYyODhjMGNjZDI0NzAzMTNlNDRhOWQzNjM2M2IzZGMucG5nIiwiZWRpdHMiOltdfQ=="}