{"url": "https://academicpositions.com/ad/paul-scherrer-institute/2022/group-leader/174968", "title": "Group Leader", "publish_date": "2022-02-07", "deadline": "2022-03-14", "location": "Forschungsstrasse 111 Villigen, Switzerland", "city": "Forschungsstrasse 111 Villigen", "country": "Switzerland", "position": "Management", "field": "Environmental Chemistry, Environmental Science, Geochemistry, Materials Chemistry, Nuclear Chemistry, and 1 moreWaste Management", "salary": "N/A", "max_working_hours": "N/A", "employer": "Paul Scherrer Institute (PSI)", "job_description": "<div class=\"editor ck-content mt-6 mb-6 mb-md-8 mt-md-8\" id=\"editor\">\n<p>The Paul Scherrer Institute PSI is the largest research institute for natural and engineering sciences within Switzerland. We perform cutting-edge research in the fields of matter and materials, energy and environment and human health. By performing fundamental and applied research, we work on sustainable solutions for major challenges facing society, science and economy. PSI is committed to the training of future generations. Therefore, about one quarter of our staff are post-docs, post-graduates or apprentices. Altogether, PSI employs 2100 people.</p><p>The <a href=\"https://www.psi.ch/de/les\" target=\"_blank\">Laboratory for Waste Management</a> LES conducts multidisciplinary research in the field of the geological disposal of radioactive waste. LES maintains a unique combination of experimental infrastructure and modelling capabilities for studying radionuclide retention and reactive transport processes in the near\u00e2\u0080\u0090field of cementitious repository systems. The research aspects of waste degradation, reactivity of the barriers, extended interim storage and decommissioning are topics of high relevance in the Swiss waste disposal program. These studies have strong synergies with the fields of environmental engineering, circular economy including carbon capture and sequestration and long-term performance of construction materials.</p><p>For the development of expert knowledge in the field of \"repository and material chemistry\u00e2\u0080\u009d we are looking for a</p><h2>Group Leader</h2><p>Cementitious Repository Systems</p><h2>Your tasks</h2><ul><li>Conduct of an experimental research program on the geochemical evolution of underground cementitious repository systems with special focus on near\u00e2\u0080\u0090field chemistry, radionuclide speciation, materials chemistry and nuclear waste degradation processes</li><li>Supervision of scientific research projects incl. initiation of new lines of research in collaboration with national and international partner research institutes</li><li>Coaching of experienced scientists, technical staff and early carrier researchers (PhD, Postdocs). Supervision of the team\u00e2\u0080\u0099s scientific performance, personnel management, budgeting</li><li>Scientific consulting work for waste disposal implementers</li></ul><h2>Your profile</h2><ul><li>You hold a PhD degree in materials science, environmental chemistry or related disciplines</li><li>You are an expert in materials science and are interested to continue and broaden the activities of the cement systems group</li><li>Experience in radioactive waste disposal research is beneficial</li><li>Previous collaboration with waste management organizations and participation in European research programs, as well as your engagement into international networks are a clear advantage</li><li>You possess strong leadership qualities and people management skills, innovative thinking and a high motivation to launch collaborative projects in waste management, environmental science and energy research</li><li>Excellent knowledge of English is required and knowledge of German is a great advantage</li></ul><h2>We offer</h2><p>Our institution is based on an interdisciplinary, innovative and dynamic collaboration. You will profit from a systematic training on the job, in addition to personal development possibilities and our pronounced vocational training culture. If you wish to optimally combine work and family life or other personal interests, we are able to support you with our modern employment conditions and the on-site infrastructure.</p><p>PSI is an equal opportunity employer that is committed to promote diversity, equity and inclusion and strongly encourages applications of qualified female candidates.</p><p>While the employment contract is initially limited to three years (Tenure Track), long-term employment is envisaged.</p><p>For further information, please contact Prof. Dr. Sergey Churakov, phone +41 56 310 41 13.</p><p>Please submit your application online <strong>by 14 March 2022</strong> (including list of publications and addresses of referees) for the position as a Group Leader (index no. 4406-00).</p><p>Paul Scherrer Institut, Human Resources Management, Elke Baumann, 5232 Villigen PSI, Switzerland</p>\n</div>", "requirements_description": "N/A", "conditions_description": "N/A", "employer_description": "N/A", "department_description": "N/A", "additional_information": "N/A", "apply_link": "N/A", "employer_link": "N/A", "job_type": "N/A", "logo": "https://content.academicpositions.com/eyJidWNrZXQiOiJhcC1wcm9kdWN0aW9uLW1lZGlhLWFyY2hpdmUiLCJrZXkiOiIyMDE2XC8wOVwvUFNJLUxvZ28tc2VwLmpwZyIsImVkaXRzIjpbXX0="}