{"url": "https://academicpositions.com/ad/serra-hunter-programme-shp/2021/upcoming-academic-positions-with-the-serra-hunter-programme-2022/166284", "title": "Upcoming academic positions with the Serra H\u00c3\u00banter Programme 2022", "publish_date": "2021-11-23", "deadline": "N/A", "location": "Gran Via de les Corts Catalanes, 585 Barcelona, Spain", "city": "Gran Via de les Corts Catalanes", "country": "Spain", "position": "Other Category", "field": "Abnormal Psychology, Accelerator Physics, Accounting, Acoustics, Administrative Law, and 289 moreAdult Education,Algebra,Analysis,Analytical Chemistry,Ancient History,Animal Biology & Ethology,Applied Mathematics,Applied Physics,Applied Psychology,Architecture,Arts Administration,Arts Education,Atmospheric Chemistry,Atmospheric Sciences,Atomic, Molecular and Optical Physics,Behavioural Economics,Behavioural Science,Biochemistry,Biogeography,Bioinformatics,Biological Psychology,Biophysics,Biostatistics,Biotechnology,Botany and plant science,Business Administration,Business Economics,Business Education,Business Ethics,Cancer Research,Cartography,Catalysis,Cell Biology,Chemical Biology,Chemical Physics,Chemical Thermodynamics,Chemo-informatics,Chronobiology,Civil Law,Climatology,Cognitive Psychology,Commercial Law,Communication Design,Community Psychology,Comparative Education,Computational Biology,Computational Chemistry,Computational Economics,Computational Mathematics,Computational Physics,Condensed Matter Physics,Constitutional Law,Consumer Economics,Contract Law,Controlling,Corporate Finance,Corporate Governance,Corporate Law,Criminal Law,Cryogenics,Cultural History,Cultural Studies,Curriculum Theory,Design History,Development Economics,Developmental Biology,Developmental Psychology,Didactics,Differential Psychology,Digital Education,Digital Law,Early Childhood Education,Ecology,Econometrics,Economic Geography,Economic History,Economic Psychology,Economic Sociology,Educational Assessment,Educational Leadership,Educational Management,Educational Policy,Educational Psychology,Educational Technology,Educational Theory,Electrochemistry,Electromagnetism,Emotion,Energy Economics,Entomology,Entrepreneurship,Environmental Chemistry,Environmental Economics,Environmental Law,European Law,Evolutionary Biology,Evolutionary Psychology,Experimental Physics,Experimental Psychology,Fashion Design,Film Studies,Finance,Financial Economics,Financial Law,Fine Arts,Fluid Dynamics,Fluid Mechanics,Food Economics,Forensic Psychology,Further (Post-compulsory) Education,Game Theory,Gender and Law,Genetics,Geochemistry,Geodesy and Surveying,Geography,Geoinformatics (GIS),Geology,Geometry and Topology,Geomicrobiology,Geomorphology,Geophysics,Geostatistics,Graphic Design,Health Economics,Health Psychology,Higher Education,Histology,History of Art,History of Geography,History of History,History of Mathematics,History of Philosophy,History of Religion,History of Science,Human Biology,Human Development Theory,Human Resource Management,Humanities Education,Hydrogeology,Hydrology,Immunochemistry,Industrial Design,Industrial Economics,Information Systems,Inorganic Chemistry,Interior Design,International Economics,International Education,International Law,International and Comparative Labour,Intrapersonal Communications,Jurisprudence,Labour Economics,Labour Law,Landscape Architecture,Language Education,Laser Physics,Legal History,Legal Psychology (Psychology and Law),Limnology,Literacy Education,Logic,Logistics,Macroeconomics,Management,Manufacturing,Marine Biology,Marine Geoscience,Marketing,Materials Chemistry,Materials Physics,Mathematical Chemistry,Mathematical Economics,Mathematical Physics,Mathematics Education,Media Education,Media Law,Media Psychology,Medical Physics,Medicinal Chemistry,Meteorology,Microbiology,Microeconomics,Mineralogy,Modern History,Molecular Biology,Molecular Chemistry,Molecular Physics,Museology,Music,Musicology,Mycology,Nanobiochemistry,Nanobiology,Nanochemistry,Nanotechnology,Neuropsychology,Neuroscience,Nordic Law,Nuclear Chemistry,Nuclear Physics,Number Theory,Oceanography,Optics,Organic Chemistry,Organizational Economics,Organizational Psychology,Organometallic Chemistry,Paleobiology,Paleoclimatology,Paleontology,Parasitology,Particle Physics,Peace Education,Pedagogic Theory,Performing Arts,Personality Psychology,Petrochemistry,Petrology,Photochemistry,Photonics,Physical Chemistry,Physiology,Phytochemistry,Plasma Physics,Polymer Chemistry,Positive Psychology,Pre-school Education,Primary Education,Probability Theory,Procedural Law,Product Design,Production development,Project Management,Property Law,Psychoanalysis,Psychophysics,Public Economics,Public Law,Quantitative Psychology,Quantum Physics,Radiochemistry,Real Estate Economics,Remote Sensing,Resource Economics,Risk Management,Science Education,Secondary Education,Seismology,Social Psychology,Social Science Education,Social Work,Socioeconomics,Software Design,Solid-state Chemistry,Solid-state Physics,Spatial Planning,Special Education,Spectroscopy,Sport Psychology,Statistics,Stochastics,Strategic Management,Structural Biology,Supply Chain Management,Surface Chemistry,Synthetic Chemistry,Systematics (Taxonomy),Systems Biology,Tax Law,Teacher Education,Teaching Methods,Technology Education,Textile Design,Theoretical Chemistry,Theoretical Physics,Thermochemistry,Thermodynamics,Tourism Economics,Transport Economics,Urban Design,Vehicle Dynamics,Virology,Visual Arts,Vocational Education,Volcanology,Welfare Economics,Zoology", "salary": "N/A", "max_working_hours": "N/A", "employer": "Serra H\u00c3\u00banter Programme (SHP)", "job_description": "N/A", "requirements_description": "N/A", "conditions_description": "N/A", "employer_description": "N/A", "department_description": "N/A", "additional_information": "N/A", "apply_link": "N/A", "employer_link": "N/A", "job_type": "N/A", "logo": "https://content.academicpositions.com/eyJidWNrZXQiOiJhcC1wcm9kdWN0aW9uLW1lZGlhLWFyY2hpdmUiLCJrZXkiOiIyMDE2XC8wNlwvc2VycmEtaHVudGVyLlBORyIsImVkaXRzIjpbXX0="}