{"url": "https://academicpositions.com/ad/university-of-gothenburg/2022/2-phd-students-in-theoretical-physics-condensed-matter-theory-statistical-physics/174206", "title": "2 PhD Students in theoretical physics (condensed-matter theory/statistical physics)", "publish_date": "2022-01-19", "deadline": "2022-02-28", "location": "Vasagatan 33 Gothenburg, Sweden", "city": "Vasagatan 33 Gothenburg", "country": "Sweden", "position": "PhD", "field": "Atomic, Molecular and Optical Physics, Condensed Matter Physics, Mathematical Physics, Particle Physics, Quantum Physics, and 1 moreTheoretical Physics", "salary": "N/A", "max_working_hours": "N/A", "employer": "University of Gothenburg", "job_description": "<div class=\"editor ck-content mt-6 mb-6 mb-md-8 mt-md-8\" id=\"editor\">\n<p>G\u00c3\u00b6teborgs universitet m\u00c3\u00b6ter samh\u00c3\u00a4llets utmaningar med m\u00c3\u00a5ngsidig kunskap. 53 300 studenter och 6 500 medarbetare g\u00c3\u00b6r universitetet till en stor och inspirerande arbetsplats. Stark forskning och attraktiva utbildningar lockar forskare och studenter fr\u00c3\u00a5n hela v\u00c3\u00a4rlden. Med ny kunskap och nya perspektiv bidrar G\u00c3\u00b6teborgs universitet till en b\u00c3\u00a4ttre framtid.</p><p>The Department of Physics at the University of Gothenburg is located in the center of Gothenburg, with approximately 100 employees. The communication routes are good both nationally and internationally. The research focuses within the fields of Atom- and Molecular Physics, Condensed Matter Physics and Spintronics, and Complex Systems and Biophysics and is performed in an international environment with extensive national and international collaborations. The education programs at the Department include Bachelor- and Master programs in Physics, physics teacher-training programs, as well as outreach courses in Physics aimed for the general public.</p><p>The research group works in theoretical and statistical physics, classical and quantum. On the quantum side we work on many-particle systems in condensed- matter and atomic physics, on the classical side on the mathematical analysis of models for particles in turbulence and reaction-diffusion systems.</p><p><strong>Job assignments</strong></p><p>The goal of PhD project 1 is to develop quantum-field theoretical methods (both analytical and numerical) that describe the non-equilibrium dynamics of classical and quantum systems, and to apply these methods to experimentally relevant situations.</p><p>The goal of PhD project 2 is to develop statistical methods for interactions and collisions of particles in turbulence, and to analyse these models with perturbation theory, asymptotic methods, and numerics.</p><p>As a PhD student you are expected to independently contribute to the development of mathematical models and their analysis with analytical and numerical methods.</p><p>Being a PhD is a 4 year full-time studies and leads to a Doctoral Degree. Those who are employed as doctoral students must primarily devote themselves to their doctoral education. However, a doctoral student may to a limited extent work with education, research and administration. Such work may, before the doctoral degree is completed, not cover more than 20 % of full-time work.</p><p><strong>Eligibility</strong></p><p>To be eligible for third-cycle studies, the applicant must meet both the general and specific entry requirements:</p><p>A person meets the general entry requirements for third-cycle courses and study programs if he or she:</p><ol><li>has been awarded a second-cycle qualification,</li><li>has satisfied the requirements for courses comprising at least 240 credits of which at least 60 credits were awarded in the second-cycle,</li></ol><p>or</p><ol><li>has acquired substantially equivalent knowledge in some other way in Sweden or abroad.</li></ol><p>To meet the specific entry requirements for third-cycle studies, applicants must: (i) have a second-cycle (advanced -level) degree in a relevant* subject area in the natural sciences, or (ii) have completed studies for at least 60 higher education credits at a second-cycle level in relevant subject areas in the natural sciences, or (iii) have completed a corresponding programme of relevance to the planned third-cycle programme, in Sweden or in another country, or have equivalent qualifications.</p><p>*Relevant for the planned third-cycle education</p><p>The specific entry requirements also include an acceptable command of spoken and written English. Guidelines for assessing English proficiency may include a minimum score of 550 on the TOEFL test (or 213 on the TOEFL-CBT, or 79 on the TOEFL-iBT).</p><p><strong>Assessment</strong></p><p>Regulations for the evaluation of qualifications for education on a doctoral level are given in SFS 1993:100.</p><p>We are looking for highly motivated individuals with substantial experience and interest in analytical and numerical calculations in statistical, atomic, or condensed-matter physics. A genuine enthusiasm to work with experimental data is required. The successful candidates will demonstrate outstanding experience of independently pursuing analytical calculations (e.g. using singular perturbation theory, tensor analysis, quantum-mechanical few-body calculations, or quantum-field theory), and will be expected to perform advanced numerical simulations of model systems, quantum or classical.</p><p><strong>Employment</strong></p><p>Type of employment: Fixed-term employment, 4 years full time</p><p>Extent: 100 %</p><p>Location: Department of Physics, Gothenburg</p><p>First day of employment: February 2022 or by agreement</p><p><strong>Appointment procedure</strong></p><p>The application shall include:</p><p>Cover letter</p><p>CV including scientific publications</p><p>Summary of your previous experience in theoretical physics (max one A4 page)</p><p>Copy or draft of the Master thesis</p><p>Copy of exam certificates</p><p>Two letters of reference to johannes.hofmann@physics.gu.se</p><p><strong>For further information regarding the position</strong></p><p>Dr. Johannes Benedict Hofmann<span style=\"color:#0000EE;\">\u00a0</span><a href=\"mailto:johannes.hofmann@physics.gu.se\"><span style=\"color:#0000EE;\">johannes.hofmann@physics.gu.se</span></a></p><p>Professor Bernhard Mehlig<span style=\"color:#0000EE;\">\u00a0</span><a href=\"mailto:bernhard.mehlig@physics.gu.se\"><span style=\"color:#0000EE;\">bernhard.mehlig@physics.gu.se</span></a></p><p><strong>Unions</strong></p><p><a href=\"http://www.gu.se/english/about_the_university/job-opportunities/union-representatives\" target=\"_blank\"><span style=\"color:windowtext;\">Union representatives at the University of Gothenburg:</span><span style=\"color:#0000EE;\">\u00a0http://www.gu.se/english/about_the_university/job-opportunities/union-representatives</span></a></p><p><strong>How to apply</strong></p><p>In order to apply for a position at the University of Gothenburg, you have to register an account in our online recruitment system. It is the responsibility of the applicant to ensure that the application is complete in accordance with the instructions in the job advertisement, and that it is submitted before the deadline. The selection of candidates is made based of the qualifications registered in the application.</p><p><i>The University of Gothenburg promotes equal opportunities, equality and diversity.</i></p><p><i>Salaries for doctoral students are regulated in a local agreement at the University.</i></p><p><i>Applications will be destroyed or returned (upon request) two years after the decision of employment has become final. Applications from the employed and from those who appeal the decision will not be returned.</i></p><p>Till bemannings - och rekryteringsf\u00c3\u00b6retag och till dig som \u00c3\u00a4r f\u00c3\u00b6rs\u00c3\u00a4ljare: G\u00c3\u00b6teborgs universitet anlitar upphandlad annonsbyr\u00c3\u00a5 i samband med rekrytering av personal. Vi undanber oss v\u00c3\u00a4nligen men best\u00c3\u00a4mt direktkontakt med bemannings- och rekryteringsf\u00c3\u00b6retag samt f\u00c3\u00b6rs\u00c3\u00a4ljare av jobbannonser.</p>\n</div>", "requirements_description": "N/A", "conditions_description": "N/A", "employer_description": "N/A", "department_description": "N/A", "additional_information": "N/A", "apply_link": "N/A", "employer_link": "N/A", "job_type": "N/A", "logo": "https://content.academicpositions.com/eyJidWNrZXQiOiJhcC1wcm9kdWN0aW9uLW1lZGlhLWFyY2hpdmUiLCJrZXkiOiIyMDE2XC8wNFwvR290aGVuYnVyZ0xvZ28ucG5nIiwiZWRpdHMiOltdfQ=="}