{"url": "https://academicpositions.com/ad/university-of-cologne/2022/postdoc-position-in-scientific-computing-f-m-d-department-of-mathematics-and-computer-science/174604", "title": "Postdoc Position in Scientific Computing (f/m/d) Department of Mathematics and Computer Science", "publish_date": "2022-01-28", "deadline": "N/A", "location": "Frangenheimstra\u00c3\u009fe 4 Cologne, Germany", "city": "Frangenheimstra\u00c3\u009fe 4 Cologne", "country": "Germany", "position": "Postdoc", "field": "Applied Mathematics, Astrophysics, Fluid Dynamics, Geophysics, Machine Learning, and 2 moreNumber Theory,Programming Languages", "salary": "N/A", "max_working_hours": "N/A", "employer": "University of Cologne", "job_description": "N/A", "requirements_description": "N/A", "conditions_description": "N/A", "employer_description": "N/A", "department_description": "N/A", "additional_information": "N/A", "apply_link": "N/A", "employer_link": "N/A", "job_type": "N/A", "logo": "https://content.academicpositions.com/eyJidWNrZXQiOiJhcC1wcm9kdWN0aW9uLW1lZGlhLWFyY2hpdmUiLCJrZXkiOiIyMDEzXC8wOFwvQ29sb2duZUxvZ28ucG5nIiwiZWRpdHMiOltdfQ=="}