{"url": "https://academicpositions.com/ad/king-abdullah-university-science-technology-kaust/2021/faculty-position-in-bioinformatics-and-systems-biology/170691", "title": "Faculty Position in Bioinformatics and Systems Biology", "publish_date": "2021-12-02", "deadline": "N/A", "location": "King Abdullah University of Science and Technology Thuwal, Saudi Arabia", "city": "King Abdullah University of Science and Technology Thuwal", "country": "Saudi Arabia", "position": "Other Category", "field": "Artificial Intelligence, Bioinformatics, Genetics, Image Processing, Machine Learning, and 1 moreSystems Biology", "salary": "N/A", "max_working_hours": "N/A", "employer": "King Abdullah University of Science and Technology (KAUST)", "job_description": "N/A", "requirements_description": "N/A", "conditions_description": "N/A", "employer_description": "N/A", "department_description": "N/A", "additional_information": "N/A", "apply_link": "N/A", "employer_link": "N/A", "job_type": "N/A", "logo": "https://content.academicpositions.com/eyJidWNrZXQiOiJhcC1wcm9kdWN0aW9uLW1lZGlhLWFyY2hpdmUiLCJrZXkiOiIyMDEzXC8xMFwva2F1c3QucG5nIiwiZWRpdHMiOltdfQ=="}