{"url": "https://academicpositions.com/ad/singapore-institute-of-technology-sit/2021/faculty-positions-in-computer-science-computer-engineering-and-information-security/160584", "title": "Faculty Positions in Computer Science, Computer Engineering and Information Security", "publish_date": "2021-12-01", "deadline": "N/A", "location": "10 Dover Drive , Singapore", "city": "10 Dover Drive ", "country": "Singapore", "position": "Researcher", "field": "Algorithms, Artificial Intelligence, Artificial Neural Network, Big Data, Computational Engineering, and 21 moreComputational Sciences,Computer Architecture,Computer Communications (Networks),Computer Engineering,Computer Graphics,Computer Vision,Computing in Mathematics, Natural Science, Engineering and Medicine,Computing in Social science, Arts and Humanities,Cyber Security,Data Mining,Data Structures,Databases,Human-computer Interaction,Informatics,Information Science,Information Systems (Business Informatics),Machine Learning,Machine Vision,Operating Systems,Programming Languages,Software Engineering", "salary": "N/A", "max_working_hours": "N/A", "employer": "Singapore Institute of Technology (SIT)", "job_description": "N/A", "requirements_description": "N/A", "conditions_description": "N/A", "employer_description": "N/A", "department_description": "N/A", "additional_information": "N/A", "apply_link": "N/A", "employer_link": "N/A", "job_type": "N/A", "logo": "https://content.academicpositions.com/eyJidWNrZXQiOiJhcC1wcm9kdWN0aW9uLW1lZGlhLWFyY2hpdmUiLCJrZXkiOiI5MDJcLzE2NFwvOTAyMTY0OTc3MDhiYjNiMDUyZTQ1MWE0ODkwMWI1ZTMucG5nIiwiZWRpdHMiOltdfQ=="}