{"url": "https://academicpositions.com/ad/ghent-university/2022/phd-student-department-of-geology/174898", "title": "PhD Student - Department of Geology", "publish_date": "2022-02-04", "deadline": "2022-04-07", "location": "Sint-Pietersnieuwstraat 33 Ghent, Belgium", "city": "Sint-Pietersnieuwstraat 33 Ghent", "country": "Belgium", "position": "PhD", "field": "Civil Engineering, Geotechnical Engineering, Hydrogeology, Hydrology, Mechanics, and 2 moreMineralogy,Seismology", "salary": "N/A", "max_working_hours": "N/A", "employer": "Ghent University", "job_description": "N/A", "requirements_description": "N/A", "conditions_description": "N/A", "employer_description": "N/A", "department_description": "N/A", "additional_information": "N/A", "apply_link": "N/A", "employer_link": "N/A", "job_type": "N/A", "logo": "https://content.academicpositions.com/eyJidWNrZXQiOiJhcC1wcm9kdWN0aW9uLW1lZGlhLWFyY2hpdmUiLCJrZXkiOiIyMDE2XC8xMVwvZ2hlbnQtbG9nby1lbmcuanBnIiwiZWRpdHMiOltdfQ=="}