{"url": "https://academicpositions.com/ad/university-of-liege/2022/permanent-full-time-scientific-vacancy-in-the-field-of-environmental-evaluation-in-bioengineering/174126", "title": "Permanent (full-time) scientific vacancy in the field of \u00e2\u0080\u009cEnvironmental evaluation in bioengineering\u00e2\u0080\u009d", "publish_date": "2022-01-18", "deadline": "2022-03-31", "location": "Place du Vingt Aout 7 Li\u00c3\u00a8ge, Belgium", "city": "Place du Vingt Aout 7 Li\u00c3\u00a8ge", "country": "Belgium", "position": "Researcher", "field": "Agricultural Engineering, Agronomy, Bioengineering, Energy Technology, Environmental Engineering, and 4 moreEnvironmental Science,Food Science,Soil Science,Water Science", "salary": "N/A", "max_working_hours": "N/A", "employer": "University of Li\u00c3\u00a8ge (ULi\u00c3\u00a8ge)", "job_description": "<div class=\"editor ck-content mt-6 mb-6 mb-md-8 mt-md-8\" id=\"editor\">\n<p><strong>Start date:</strong> 01/10/2022</p><p><i><strong>Vacancy reference:\u00a0</strong></i>GxABT-211215-01</p><h3>Job description\u00a0</h3><p><strong>A position of first</strong> <strong>assistant</strong>, in the field of <strong>Environmental evaluation in bioengineering,</strong> attached to the <strong>Gembloux Agro-Bio\u00a0</strong>Tech Faculty (single department).</p><p>Our society is embarking on an environmental transition that should aim to reduce or compensate for the damage caused by anthropogenic pressures (climate change, pollution and scarcity of resources). This will involve the development of new production routes and processes that have been proven to minimise their environmental footprint through quantified assessment. Bioengineers have a role to play in this transition process as highlighted in the conclusions of our forward-looking workshops dedicated to the challenges facing bioengineers in 2030. This is also reflected in the objectives of Wallonia\u00e2\u0080\u0099s smart specialisation strategy (Strategic Innovation Areas), which emphasise reducing the energy and environmental impact of its food production. For the bioengineer, the subject is complex because it covers processes from production through to the end of the transformation chain. The evolution of these sectors towards green production by managing assessments, reducing needs and losses (carbon footprint, water costs) and also by increasing value through recycling or recapitalisation must be guided by a quantified scientific evaluation. While many processes related to the production and processing of agricultural products are already studied within the Faculty, a cross-sectional assessment of the environmental balance of the entire value chain is as yet untouched in light of the challenges mentioned above.</p><p><u>Teaching activities</u></p><p>The teaching activities consist of the introduction of environmental evaluation in courses directly related to components of the water-soil-air continuum and/or involving the use of material and energy resources (e.g. the use of water and energy in the production of electricity):\u00a0GERE0024-1, <i>Ecosystem-atmosphere exchange under climate change</i>; GERE0034-1, <i>Practical assessment of soil and water resources</i>; GERE0025-1,<i> Digital eco-design</i>; GERE0028-2, <i>Physics of construction and special techniques</i>).\u00a0</p><p>Activities also include:</p><ul><li>A contribution to the course \u00e2\u0080\u009c<i>Introduction to Environmental Assessment</i>\u00e2\u0080\u009d (ENVT2049-2, two credits) given by a faculty member of the Faculty of Applied Sciences, by providing concrete cases related to the production and processing of agricultural products.\u00a0</li><li>Responsibility for the activity \u00e2\u0080\u009c<i>Field applications and visits</i>\u00e2\u0080\u009d (two credits) in the Master\u00e2\u0080\u0099s in Bioengineering in environmental sciences and technologies, which should illustrate, through visits to companies and institutions, the notions of reducing the impact of human activity on the environment.</li></ul><p><u>Research Activities</u></p><p>The specific research activities of the position will focus on the environmental balance of one or more stages related to the production/processing of agricultural products, namely:</p><ul><li>Quantify the resources needed and the losses in the different environmental compartments (greenhouse gases or reagents, water, energy);\u00a0</li><li>Propose itineraries with a lower impact in light of the most recent knowledge.\u00a0</li><li>Integrating results into tools such as Life Cycle Assessment and participating in the development and improvement of these tools.\u00a0</li></ul><p>To develop applied research, the successful candidate will draw on the knowledge of other <i>TERRA</i> researchers in the field of environmental exchange and energy management.\u00a0</p><p><u>Services to the Community</u></p><p>According to their skills, the successful candidate will be able to become actively involved in the Faculty Commission for Sustainable Development and to participate in facilitating the <i>VivaSciences</i> and <i>Green Office\u00a0</i>workshops. They will also be able to take on responsibilities within the <i>Gembloux Campus Sustainability\u00a0</i>Committee.\u00a0 They will represent the Faculty to institutions and organisations concerned with the environmental impact of agricultural products and will act as the lead spokesperson for the press and general public on this subject.</p><p>Other community service activities will be determined in consultation with senior staff.</p><p>Qualifications required / profile</p><ul><li>Must hold a first degree in agronomic engineering (or bioengineering) or an equivalent Master\u00e2\u0080\u0099s degree and a doctoral research degree with experience in the relevant field;</li><li>Must demonstrate recognised scientific experience, both in the field and through publications at international level in the relevant field;</li><li>Must be open-minded to the international world (having completed a scientific stay abroad of at least six months is an advantage);</li><li>Must be a good teacher (teaching experience is an advantage);</li><li>Must demonstrate the ability to work on interdisciplinary themes;</li><li>Must be able to work independently and within a team, using pooled human and material resources within the GxABT facilities, and must have excellent organisational skills and the ability to coordinate technical staff;</li><li>Must be available for a variety of different roles relating to services to the community and public education;</li><li>Master French and English (including writing);</li><li>Must be available for missions abroad;</li><li>Must subscribe to the general quality objectives developed by the University and the faculty;</li><li>Upon appointment, the post holder must sign an agreement on the ownership of any research results.</li></ul><p>Selection\u00a0procedure</p><p>An ad hoc Faculty committee will select the candidates to be interviewed, giving reasons for its decisions in the light of the call for applications and the candidates' qualifications and merits. It will then interview the candidates. The committee will submit to the Faculty Council its reasoned proposal for appointment on the basis of the evaluation of the applications and the interviews.\u00a0</p><p>On the basis of the information communicated by the committee and the comparison of the respective publications and merits of the candidates, the Faculty Council shall adopt a reasoned proposal for the appointment or closure of the post, which it transmits to the decision-making bodies of the University of Li\u00c3\u00a8ge.</p><p>Our institutional policy is based on diversity and equal opportunities. We select candidates on the basis of their qualities regardless of age, sexual orientation, origin, beliefs, disability or nationality.</p><p>Applications</p><p>Applicants are requested to submit their applications electronically, to the following address:<i>\u00a0</i><a href=\"mailto:Postesscientifiques@uliege.be\">Postesscientifiques@uliege.be</a> with a copy to the <strong>secretariat of the Dean of Gembloux Agro-Bio Tech</strong>: <a href=\"mailto:decanat.gembloux@uliege.be\">decanat.gembloux@uliege.be</a> no later than <strong>31/03/2022</strong>.</p><p>Documents required:</p><ul><li>An application (with a cover letter) accompanied by a complete\u00a0curriculum vitae ;</li><li>A report on past and current research activities and a research plan, including the envisaged integration within the University of Li\u00c3\u00a8ge;</li><li>A teaching file including a report on any prior teaching activities and a teaching plan;</li><li>A complete list of the candidate\u00e2\u0080\u0099s publications and a copy of the five publications they consider to be most significant in relation to the area in question.\u00a0</li></ul><p>Recruitment conditions</p><p>The position shall be assigned either for a fixed term of four years, which may lead to the permanent appointment of the person concerned or on a permanent basis from the outset.</p><p>Information</p><p>For any further information, please contact <strong>Professor Fr\u00c3\u00a9d\u00c3\u00a9ric Francis, Dean of the Faculty</strong> \u00e2\u0080\u0093 <a href=\"mailto:doyen.gembloux@uliege.be\">doyen.gembloux@uliege.be</a></p><p>Remuneration:\u00a0</p><p>Salary scales and how they are applied are available from the human resources department of the University: <strong>Ms</strong>\u00a0<strong>Ludivine\u00a0Depas</strong>\u00a0\u00e2\u0080\u0093\u00a0tel.: +32\u00a0(0) 4 366\u00a052\u00a004\u00a0\u00e2\u0080\u0093 <a href=\"mailto:Ludivine.Depas@uliege.be\">Ludivine.Depas@uliege.be</a></p>\n</div>", "requirements_description": "N/A", "conditions_description": "N/A", "employer_description": "N/A", "department_description": "N/A", "additional_information": "N/A", "apply_link": "N/A", "employer_link": "N/A", "job_type": "N/A", "logo": "https://content.academicpositions.com/eyJidWNrZXQiOiJhcC1wcm9kdWN0aW9uLW1lZGlhLWFyY2hpdmUiLCJrZXkiOiJjZWJcLzZkMlwvY2ViNmQyM2IxMDg2NjAyMGExZWIwOGQyYjk0MmQ3YTkucG5nIiwiZWRpdHMiOltdfQ=="}