{"url": "https://academicpositions.com/ad/university-of-antwerp/2022/junior-research-professor-tenure-track-zapbof-early-life-stages-and-postnatal-dysfunction-in-vertebrates/174182", "title": "Junior research professor (tenure track ZAPBOF), Early life stages and postnatal (dys)function in vertebrates", "publish_date": "2022-01-24", "deadline": "2022-03-01", "location": "Prinsstraat 13 Antwerp, Belgium", "city": "Prinsstraat 13 Antwerp", "country": "Belgium", "position": "Assistant Professor", "field": "Animal Biology & Ethology, Biomedicine, Cell Biology, Molecular Biology, Physiology, and 3 moreToxicology,Veterinary sciences,Zoology", "salary": "N/A", "max_working_hours": "N/A", "employer": "University of Antwerp", "job_description": "N/A", "requirements_description": "N/A", "conditions_description": "N/A", "employer_description": "N/A", "department_description": "N/A", "additional_information": "N/A", "apply_link": "N/A", "employer_link": "N/A", "job_type": "N/A", "logo": "https://content.academicpositions.com/eyJidWNrZXQiOiJhcC1wcm9kdWN0aW9uLW1lZGlhLWFyY2hpdmUiLCJrZXkiOiJlY2FcLzc1NlwvZWNhNzU2NzRiYmMzZGVlNjNmNjk0MWRmZTdmYWRmYTAucG5nIiwiZWRpdHMiOltdfQ=="}