{"url": "https://academicpositions.com/ad/king-abdullah-university-science-technology-kaust/2022/postdoctoral-fellow-in-cryo-em-of-human-dna-replication/174637", "title": "Postdoctoral fellow in cryo-EM of human DNA replication", "publish_date": "2022-01-30", "deadline": "N/A", "location": "King Abdullah University of Science and Technology Thuwal, Saudi Arabia", "city": "King Abdullah University of Science and Technology Thuwal", "country": "Saudi Arabia", "position": "Postdoc", "field": "Biochemistry, Molecular Biology, Structural Biology,", "salary": "N/A", "max_working_hours": "N/A", "employer": "King Abdullah University of Science and Technology (KAUST)", "job_description": "N/A", "requirements_description": "N/A", "conditions_description": "N/A", "employer_description": "N/A", "department_description": "N/A", "additional_information": "N/A", "apply_link": "N/A", "employer_link": "N/A", "job_type": "N/A", "logo": "https://content.academicpositions.com/eyJidWNrZXQiOiJhcC1wcm9kdWN0aW9uLW1lZGlhLWFyY2hpdmUiLCJrZXkiOiIyMDEzXC8xMFwva2F1c3QucG5nIiwiZWRpdHMiOltdfQ=="}