{"url": "https://academicpositions.com/ad/aix-marseille-universite/2022/ph-d-candidate-in-computer-science/175352", "title": "Ph.D. Candidate in Computer science", "publish_date": "2022-02-17", "deadline": "2022-04-15", "location": "Jardin du Pharo 58, bd Charles Livon Marseille, France", "city": "Jardin du Pharo 58", "country": "France", "position": "Researcher", "field": "Applied Mathematics, Computational Mathematics, Computational Sciences, Informatics, Information Systems (Business Informatics), and 2 moreLogic,Software Engineering", "salary": "N/A", "max_working_hours": "N/A", "employer": "Aix-Marseille Universit\u00c3\u00a9", "job_description": "<div class=\"editor ck-content mt-6 mb-6 mb-md-8 mt-md-8\" id=\"editor\">\n<p><strong>Duration: 36 months</strong></p><p><strong>Salary</strong>: 1769 euros brut</p><p>The income may increase with a teaching activity.\u00a0</p><p>For that an application to \u00c2\u00ab\u00a0<i>Mission d\u00e2\u0080\u0099enseignement 2021-2022 \u00c3\u00a0 destination des doctorants\u00a0contractuels</i> \u00c2\u00bb should be done</p><p><strong>RESEARCH FIELD(S)1</strong></p><p>\u00a0\u00a0\u00a0\u00a0\u00a0\u00a0\u00a0\u00a0 Computer sciences: Modelling and Simulation; Formal Verification</p><p><strong>JOB DESCRIPTION</strong></p><p><i><strong>Formal Verification of DEVS/GDEVS Hybrid Systems</strong></i></p><p>Continuous complex systems are often described using differential equations, a privileged paradigm by the system modelers for its ease-use. However, the analytic methods to solve such equations rely on methods that discretize time with equal steps. Euler and Rung-Kutta are well-known examples, they discretize the time space to compute the state trajectory. Unfortunately, these methods collide with the complexity of the modelled system whose increase the computation time and memory size needed to solve the problem. In addition, they are approximation and induce often a rate of errors unacceptable in comparison to the state trajectory of the real system under steady.</p><p>The formalism Generalized Discrete Event System Specification (GDEVS) known to be a generalization of Discrete Event System Specification formalism allows the modelling of the dynamics of continuous systems using polynomial functions. Such a formalism provides a faithful representation of hybrid systems where the discrete approach driven by events quotes with the continuous approach which allows to compute the state of the system between the occurrence of two successive events.</p><p>Few works were interested to checking formally hybrid systems. This is due to the dynamics of such systems which is not possible to describe using a state machine or an underlying formalism. In addition, such a topic covers two different communities of scientists: software systems and continuous systems where the goals of modelling are totally opposed.</p><p>These works of thesis will provide answers to relevant questions such as the legitimacy of hybrid systems for simulation by verifying the absence of algebraic loops. Such a verification will guarantee that the simulation will execute a finite number of transitions for a given time interval. Other verifications related to the system environment will be possible. For example, does the system always ensure the control of its elements? Is any transition always possible? Etc.</p><p>A second aspect of this work that seems interesting to develop is the self-adaptability of hybrid systems in the face of a new context (environment).\u00a0 Knowing that work has been done at the macroscopic level (DS-DEVS), work at the microscopic level remains to be developed. For example, how to define a set of transitions that will allow to go back to the initial state? How to define a set of transitions that will allow to correct an error? Etc.</p><p>Therefore, these works will allow, at the end, defining a formal framework for the modelers of hybrid systems.</p><p><strong>References:</strong></p><p>- Alur, R.: Formal versification of hybrid systems. In proceedings of EMSOFT 2011.</p><p>- Giambiasi N., B. Escud\u00c3\u00a9 and S. Gosh: GDEVS: A Generalized Discrete Event Specification for Accurate Modeling of Dynamic systems. <i>Transactions of SCSI</i>, 2000, 17 (3), pp.120-134.</p><p>- Platzer A.: Logics of dynamical systems. In proceeding of LICS 2012.</p><p><span style=\"color:#3B3838;\">- Zeigler B.P., H. Praehofer and T. Gon Kim: Theory of Modeling and Simulation. Second edition 2000.</span></p><p><strong>QUALIFICATIONS/SKILLS/EDUCATION &amp; RESEARCH REQUIREMENTS</strong></p><p>\u00a0\u00a0\u00a0\u00a0\u00a0\u00a0\u00a0\u00a0 Computer science with strong background in mathematics</p><p><strong>APPLICATION DEADLINE</strong></p><p>15th April 2022</p><p><strong>STARTING DATE\u00a0</strong></p><p>01st September 2022</p><p><strong>JOB LOCATION</strong></p><p><i>Laboratoire of Informatics and Systems (LIS) UMR CNRS 7020</i></p><p><i>Aix-Marseille University</i></p><p><i>Campus scientifique de St J\u00c3\u00a9r\u00c3\u00b4me \u00e2\u0080\u0093 Av. Escadrille Normandie Niemen -13397 Marseille Cedex 20</i></p><p><strong>REQUESTED DOCUMENTS OF APPLICATION</strong></p><p><i>1- CV (max. 2 pages)</i></p><p><i>2- Master diploma, academic transcripts level M1 (Bac+4) and M2 (Bac+5) if available\u00a0 \u00a0 \u00a0</i></p><p><i>3- Letter of motivation showing the engagement into the doctoral college and the reasons for choosing the PhD subject above.</i></p><p><strong>CONTACT TO APPLY\u00a0</strong><span style=\"color:#3B3838;\">(Email, Websites, etc.)</span></p><p><i>\u00a0\u00a0\u00a0\u00a0\u00a0\u00a0\u00a0\u00a0 Supervisor of thesis: Amine HAMRI (</i><a href=\"mailto:amine.hamri@lis-lab.fr\"><i>amine.hamri@li</i><span style=\"color:windowtext;\"><i>s-lab.fr</i></span></a><i>), Associate professor HDR</i></p>\n</div>", "requirements_description": "N/A", "conditions_description": "N/A", "employer_description": "N/A", "department_description": "N/A", "additional_information": "N/A", "apply_link": "N/A", "employer_link": "N/A", "job_type": "N/A", "logo": "https://content.academicpositions.com/eyJidWNrZXQiOiJhcC1wcm9kdWN0aW9uLW1lZGlhLWFyY2hpdmUiLCJrZXkiOiIxNzZcLzFlY1wvMTc2MWVjMWYwZGFkNGU2MmViMDllZDk2NzNkMjQ5YzQucG5nIiwiZWRpdHMiOltdfQ=="}