{"url": "https://academicpositions.com/ad/university-of-liege/2022/permanent-full-time-scientific-vacancy-in-the-field-of-the-health-of-forest-ecosystems/174125", "title": "Permanent (full-time) scientific vacancy in the field of \u00e2\u0080\u009cThe health of forest ecosystems\u00e2\u0080\u009d", "publish_date": "2022-01-18", "deadline": "2022-03-31", "location": "Place du Vingt Aout 7 Li\u00c3\u00a8ge, Belgium", "city": "Place du Vingt Aout 7 Li\u00c3\u00a8ge", "country": "Belgium", "position": "Researcher", "field": "Agricultural Economics, Agricultural Engineering, Agronomy, Bioengineering, Ecology, and 2 moreEnvironmental Science,Forestry", "salary": "N/A", "max_working_hours": "N/A", "employer": "University of Li\u00c3\u00a8ge (ULi\u00c3\u00a8ge)", "job_description": "<div class=\"editor ck-content mt-6 mb-6 mb-md-8 mt-md-8\" id=\"editor\">\n<p><strong>Start date:</strong> 01/10/2022</p><p><i><strong>Vacancy reference:\u00a0</strong></i>GxABT-211215-03</p><h3>Job description\u00a0</h3><p><strong>A position of first</strong> <strong>assistant</strong>, in the field of <strong>The health of forest Ecosystems,</strong> attached to the <strong>Gembloux Agro-Bio\u00a0</strong>Tech Faculty (single department).</p><p>In Europe, recurrent droughts affect how forests function and make them more susceptible to fire, disease and attacks by pests, such as bark beetles. Thousands of hectares of diseased trees have had to be felled in recent years. When it comes to reforesting these areas, questions arise as to how to optimise the ways in which they are composed and managed. At the same time, forests in the tropics are being affected by global change. Their surface area is shrinking, and the landscape is becoming fragmented, mainly due to agricultural conversion and charcoal production. Tree mortality rates are increasing due to increased seasonality and large fauna are disappearing due to poaching. The way in which they function is being disrupted, their role as a carbon sink is diminishing and zoonotic diseases are increasing. Given the many ecosystem services provided by these ecosystems, close monitoring of their biodiversity and health status, in relation to human and animal health, is necessary. This monitoring should be based on networks of field-based approaches. It must also use efficient tools to document threats and deal with them quickly. This notion of \u00e2\u0080\u009chealth\u00e2\u0080\u009d should be considered in a broad sense and from the perspective of maintaining ecosystem services over the long term.</p><p><u>Teaching activities</u></p><p>The successful candidate will support teaching at GxABT, both in the Bachelor\u00e2\u0080\u0099s degree (courses in <i>Forest Ecosystem Management, Biosphere, Agriculture, Society, Current Environmental Issues</i>) and in the Master\u00e2\u0080\u0099s degree in Bioengineering in Forest and Natural Area Management (modules on <i>Forest Health, Tropical Forestry, Silviculture</i>) They will also support teaching of the interfaculty Master\u00e2\u0080\u0099s \u00e2\u0080\u009cOne Health\u00e2\u0080\u009d degree (ecosystems part).</p><p><u>Research Activities</u></p><p>The <i>Forest is Life</i> research and teaching support unit (CARE) has a unique wildlife monitoring network, both in Wallonia and in Central Africa. It also houses a very high resolution remote sensing platform. The scientists involved in the CARE have a wide range of skills and integrating these skills into research would enable the design of effective monitoring systems for intact and damaged forests, plantations, urban forests and agroforests. The successful candidate will be able to analyse this monitoring data to design (1) preventive management methods adapted to the threats and crises facing temperate and tropical (agro)forestry systems and (2) crisis management systems based on innovative real-time information transmission tools.\u00a0</p><p><u>Services to the Community</u></p><p>Due to issues currently being addressed (deforestation, degradation, climate impacts, etc.) and the geographical scope, the successful candidate will be able to make a useful contribution to the following dynamics and structures within the University: <i>Viva Science, Green Office, Pacodel, Open Science</i>, and with regard to the faculty themes of sustainable campus and international mobility. Synergies with the university NGO <i>Eclosio</i> will be sought.\u00a0</p><p>Other community service activities will be determined in consultation with senior staff.</p><p>Qualifications required / profile</p><ul><li>Must hold a first degree in agronomic engineering (or bioengineering) or a Master\u00e2\u0080\u0099s degree and a doctoral research degree with experience in the relevant field;</li><li>Must demonstrate recognised scientific experience, both in the field and through publications at international level in the relevant field;</li><li>Must be open-minded to the international world (having completed a scientific stay abroad of at least six months is an advantage);</li><li>Must be a good teacher (teaching experience is an advantage);</li><li>Must demonstrate the ability to work on interdisciplinary themes;</li><li>Must be able to work independently and within a team, using pooled human and material resources within the GxABT facilities, and must have excellent organisational skills and the ability to coordinate technical staff;</li><li>Must be available for a variety of different roles relating to services to the community and public education;</li><li>Master French and English (including writing);</li><li>Must be available for missions abroad;</li><li>Must subscribe to the general quality objectives developed by the University and the faculty;</li><li>Upon appointment, the post holder must sign an agreement on the ownership of any research results.</li></ul><p>Selection\u00a0procedure</p><p>An ad hoc Faculty committee will select the candidates to be interviewed, giving reasons for its decisions in the light of the call for applications and the candidates' qualifications and merits. It will then interview the candidates. The committee will submit to the Faculty Council its reasoned proposal for appointment on the basis of the evaluation of the applications and the interviews.\u00a0</p><p>On the basis of the information communicated by the committee and the comparison of the respective publications and merits of the candidates, the Faculty Council shall adopt a reasoned proposal for the appointment or closure of the post, which it transmits to the decision-making bodies of the University of Li\u00c3\u00a8ge.</p><p>Our institutional policy is based on diversity and equal opportunities. We select candidates on the basis of their qualities regardless of age, sexual orientation, origin, beliefs, disability or nationality.</p><p>Applications</p><p>Applicants are requested to submit their applications electronically, to the following address:<i>\u00a0</i><a href=\"mailto:Postesscientifiques@uliege.be\">Postesscientifiques@uliege.be</a> with a copy to the <strong>secretariat of the Dean of Gembloux Agro-Bio Tech</strong>:\u00a0- <a href=\"mailto:decanat.gembloux@uliege.be\">decanat.gembloux@uliege.be</a>\u00a0 by<strong> 31/03/2022 at the latest</strong>.</p><p>Documents required:</p><ul><li>An application (with a cover letter) accompanied by a complete\u00a0curriculum vitae;</li><li>A report on past and current research activities and a research plan, including the envisaged integration within the University of Li\u00c3\u00a8ge;</li><li>A teaching file including a report on any prior teaching activities and a teaching plan;</li><li>A complete list of the candidate\u00e2\u0080\u0099s publications and a copy of the five publications they consider to be most significant in relation to the area in question.\u00a0</li></ul><p>Recruitment conditions</p><p>The position shall be assigned either for a fixed term of four years, which may lead to the permanent appointment of the person concerned or on a permanent basis from the outset.</p><p>Information</p><p>For any further information, please contact <strong>Professor Fr\u00c3\u00a9d\u00c3\u00a9ric Francis, Dean of the Faculty</strong> \u00e2\u0080\u0093 <a href=\"mailto:doyen.gembloux@uliege.be\">doyen.gembloux@uliege.be</a></p><p>Remuneration:\u00a0</p><p>Salary scales and how they are applied are available from the human resources department of the University: <strong>Ms.</strong>\u00a0<strong>Ludivine\u00a0Depas</strong>\u00a0\u00e2\u0080\u0093\u00a0tel.: +32\u00a0(0) 4 366\u00a052\u00a004\u00a0\u00e2\u0080\u0093 <a href=\"mailto:Ludivine.Depas@uliege.be\">Ludivine.Depas@uliege.be</a></p>\n</div>", "requirements_description": "N/A", "conditions_description": "N/A", "employer_description": "N/A", "department_description": "N/A", "additional_information": "N/A", "apply_link": "N/A", "employer_link": "N/A", "job_type": "N/A", "logo": "https://content.academicpositions.com/eyJidWNrZXQiOiJhcC1wcm9kdWN0aW9uLW1lZGlhLWFyY2hpdmUiLCJrZXkiOiJjZWJcLzZkMlwvY2ViNmQyM2IxMDg2NjAyMGExZWIwOGQyYjk0MmQ3YTkucG5nIiwiZWRpdHMiOltdfQ=="}