{"url": "https://academicpositions.com/ad/free-university-of-bozen-bolzano/2022/research-assistant-agricultural-microbiology-prof-gobbetti-pos-2/151070", "title": "Research Assistant - Agricultural Microbiology (Prof. Gobbetti) - Pos. 2", "publish_date": "2022-02-03", "deadline": "2022-02-18", "location": "Universit\u00c3\u00a4tsplatz 1 - piazza Universit\u00c3\u00a0 Bolzano, Italy", "city": "Universit\u00c3\u00a4tsplatz 1 - piazza Universit\u00c3\u00a0 Bolzano", "country": "Italy", "position": "Research Assistant", "field": "Agronomy, Bioinformatics, Biotechnology, Environmental Science, Food Science, and 1 moreMicrobiology", "salary": "N/A", "max_working_hours": "N/A", "employer": "Free University of Bozen - Bolzano", "job_description": "N/A", "requirements_description": "N/A", "conditions_description": "N/A", "employer_description": "N/A", "department_description": "N/A", "additional_information": "N/A", "apply_link": "N/A", "employer_link": "N/A", "job_type": "N/A", "logo": "https://content.academicpositions.com/eyJidWNrZXQiOiJhcC1wcm9kdWN0aW9uLW1lZGlhLWFyY2hpdmUiLCJrZXkiOiIyMDExXC8xMFwvVU5JQlotMXgxLnBuZyIsImVkaXRzIjpbXX0="}