{"url": "https://academicpositions.com/ad/institute-of-science-and-technology-austria-ist/2022/ist-bridge-international-postdoctoral-program/162456", "title": "IST-BRIDGE: International Postdoctoral Program", "publish_date": "2022-02-05", "deadline": "2022-05-05", "location": "Campus 1 Klosterneuburg, Austria", "city": "Campus 1 Klosterneuburg", "country": "Austria", "position": "Postdoc", "field": "Accelerator Physics, Acoustics, Algebra, Algorithms, Analysis, and 126 moreAnalytical Chemistry,Applied Mathematics,Applied Physics,Artificial Intelligence,Artificial Neural Network,Atmospheric Chemistry,Atmospheric Sciences,Atomic, Molecular and Optical Physics,Big Data,Biochemistry,Biogeography,Biophysics,Cartography,Catalysis,Cell Biology,Chemical Biology,Chemical Physics,Chemical Thermodynamics,Chemo-informatics,Climatology,Computational Chemistry,Computational Mathematics,Computational Physics,Computational Sciences,Computer Architecture,Computer Communications (Networks),Computer Graphics,Computer Vision,Computer and Society,Computing in Mathematics, Natural Science, Engineering and Medicine,Computing in Social science, Arts and Humanities,Condensed Matter Physics,Cryogenics,Cyber Security,Data Mining,Data Structures,Databases,Distributed Computing,Ecology,Electrochemistry,Electromagnetism,Environmental Chemistry,Evolutionary Biology,Experimental Physics,Fluid Dynamics,Fluid Mechanics,Game Design,Geochemistry,Geodesy and Surveying,Geography,Geoinformatics (GIS),Geology,Geometry and Topology,Geomicrobiology,Geomorphology,Geophysics,Geostatistics,Human-computer Interaction,Hydrogeology,Hydrology,Immunochemistry,Informatics,Information Science,Information Systems (Business Informatics),Inorganic Chemistry,Laser Physics,Logic,Machine Learning,Machine Vision,Marine Geoscience,Materials Chemistry,Materials Physics,Mathematical Chemistry,Mathematical Physics,Medical Physics,Medicinal Chemistry,Meteorology,Mineralogy,Molecular Chemistry,Molecular Physics,Nanobiochemistry,Nanochemistry,Nanotechnology,Neuroscience,Nuclear Chemistry,Nuclear Physics,Number Theory,Oceanography,Operating Systems,Optics,Organic Chemistry,Organometallic Chemistry,Paleoclimatology,Paleontology,Parallel Computing,Particle Physics,Petrochemistry,Petrology,Photochemistry,Photonics,Physical Chemistry,Phytochemistry,Plasma Physics,Polymer Chemistry,Probability Theory,Programming Languages,Quantum Computing,Quantum Physics,Radiochemistry,Remote Sensing,Seismology,Software Engineering,Solid-state Chemistry,Solid-state Physics,Spectroscopy,Statistics,Stochastics,Surface Chemistry,Synthetic Chemistry,Theoretical Chemistry,Theoretical Physics,Theory of Computation,Thermochemistry,Thermodynamics,Vehicle Dynamics,Volcanology", "salary": "N/A", "max_working_hours": "N/A", "employer": "Institute of Science and Technology Austria (IST Austria)", "job_description": "N/A", "requirements_description": "N/A", "conditions_description": "N/A", "employer_description": "N/A", "department_description": "N/A", "additional_information": "N/A", "apply_link": "N/A", "employer_link": "N/A", "job_type": "N/A", "logo": "https://content.academicpositions.com/eyJidWNrZXQiOiJhcC1wcm9kdWN0aW9uLW1lZGlhLWFyY2hpdmUiLCJrZXkiOiJhOTBcL2Q0MFwvYTkwZDQwOGZhOWMwYmM3OWM4MjlhODc4MmYxOTRlMTMuanBlZyIsImVkaXRzIjpbXX0="}