{"url": "https://academicpositions.com/ad/european-synchrotron-radiation-facility-esrf/2022/phd-student-engage-05/174876", "title": "PhD student ENGAGE 05", "publish_date": "2022-02-04", "deadline": "2022-03-15", "location": "71 avenue des Martyrs Grenoble, France", "city": "71 avenue des Martyrs Grenoble", "country": "France", "position": "PhD", "field": "Algorithms, Catalysis, Computational Chemistry, Computational Physics, Machine Learning, and 4 moreMaterials Chemistry,Materials Physics,Nanotechnology,Spectroscopy", "salary": "N/A", "max_working_hours": "N/A", "employer": "European Synchrotron Radiation Facility (ESRF)", "job_description": "<div class=\"editor ck-content mt-6 mb-6 mb-md-8 mt-md-8\" id=\"editor\">\n<p>The European Synchrotron, the ESRF, is an international research centre based in Grenoble, France.</p><p>Through its innovative engineering, pioneering scientific vision and a strong commitment from its 700 staff members, the ESRF is recognised as one of the top research facilities worldwide. Its particle accelerator produces intense X-ray beams that are used by thousands of scientists each year for experiments in diverse fields such as biology, medicine, environmental sciences, cultural heritage, materials science, and physics.</p><p>Supported by 22 countries, the ESRF is an equal opportunity employer and encourages diversity.</p><p>Thesis Subject: Machine Learning for the Real-Time Analysis of X-Ray Spectroscopy Data</p><p>X-ray spectroscopy is an indispensable tool for element-specific analysis in most fields of natural sciences. It gives access to a wealth of information regarding the structural parameters and electronic properties of materials.</p><p>Currently, mapping the experimental data to the various properties of materials relies on manual processing, i.e., every single spectrum is interactively analyzed by a scientist. However, with the ever-increasing acquisition rates allowed by the emergence of extremely brilliant light sources, such workflows will become unpractical.</p><p>You will join the Algorithms &amp; Scientific Data Analysis (ADA) group and develop machine-learning techniques to make fast and accurate predictions of properties (e.g., coordination number, oxidation state, concentration, etc.) from X-ray spectroscopic data. Your objectives will be to:</p><p>- build large datasets of theoretical calculations and experimental data that will be used to train machine learning models,</p><p>- set up and evaluate the performance of various machine learning models,</p><p>- design and implement an autonomous experimental acquisition pipeline that leverages the predictions made using these models,</p><p>- apply the automated pipelines to characterise catalytic systems, g., Cu-zeolites, Pt nanoparticles.</p><p>The project will bring much-needed automation of the data analysis workflows for X-ray spectroscopy, enable non-expert users to make better use of their data, and make the techniques more accessible to an even larger scientific community and especially industry. All work will be carried out in close collaboration with the ESRF spectroscopy beamlines, in particular ID24 and ID26.</p><p>Further information may be obtained from Dr. Marius Retegan (tel.: +33 (0)4 76 88 19 29, email: <a href=\"mailto:marius.retegan@esrf.fr\"><span style=\"color:windowtext;\">marius.retegan@esrf.fr</span></a>).</p><p>- Degree allowing enrolment for a PhD (such as MSc, Master 2 de Recherche, Laurea or equivalent) in physics, chemistry, computational science, or a related field.</p><p>- Knowledge of computational chemistry/physics software.</p><p>- Proficiency in English (working language at the ESRF)</p><p>- Compliance with the Marie Sklodowska-Curie mobility rule: candidates must not have resided or carried out their main activity (work, studies, etc.) in France for more than twelve months in the three years immediately before the date of recruitment</p><p>- Eligibility: Early-Stage Researchers (ESRs) shall, at the time of recruitment by the host organisation, be in the first four years (full-time equivalent research experience) of their research careers and have not been awarded a doctoral degree</p><p>The successful candidate will be enrolled at the Universit\u00c3\u00a9 Grenoble-Alpes. The candidate will be hired by the ESRF (Grenoble, France). The contract is of two years renewable (subject to satisfactory progress) for one year.</p><p>The ESRF is an equal opportunity employer and encourages diversity.</p><p>If you are interested in this position, please apply via the ENGAGE website (not on the ESRF website) by 15 March 2022</p><p>Link: <a href=\"https://engage.cyi.ac.cy/?page_id=36\" target=\"_blank\">https://engage.cyi.ac.cy/?page_id=36</a></p><p>This PhD is co-funded by the Marie Sk\u00c5\u0082odowska-Curie COFUND project ENGAGE (grant agreement101034267), and applicants must follow the associated rules notably regarding mobility (see <a href=\"http://ec.europa.eu/research/participants/portal/doc/call/h2020/h2020-msca-itn-2015/1622613-itn_2015_-_guide_for_applicants_v1_en.pdf\" target=\"_blank\">http://ec.europa.eu/research/participants/portal/doc/call/h2020/h2020-msca-itn-2015/1622613-itn_2015_-_guide_for_applicants_v1_en.pdf</a>). In particular, applicants must not have resided or carried out their main activity (work, studies, etc.) in France for more than 12 months in the last 3 years.</p>\n</div>", "requirements_description": "N/A", "conditions_description": "N/A", "employer_description": "N/A", "department_description": "N/A", "additional_information": "N/A", "apply_link": "N/A", "employer_link": "N/A", "job_type": "N/A", "logo": "https://content.academicpositions.com/eyJidWNrZXQiOiJhcC1wcm9kdWN0aW9uLW1lZGlhLWFyY2hpdmUiLCJrZXkiOiIyMDE0XC8wMVwvZXNyZi1sb2dvLnBuZyIsImVkaXRzIjpbXX0="}