{"url": "https://academicpositions.com/ad/oslo-school-of-architecture-and-design-aho/2022/phd-position-nature-based-solutions-for-climate-change-upscaling-landscape-based-climate-mitigation-and-adaptation-actions/173748", "title": "PhD position: Nature-based solutions for climate change: upscaling landscape\u00e2\u0080\u0090based climate mitigation and adaptation actions", "publish_date": "2022-01-07", "deadline": "2022-03-06", "location": "Maridalsveien 29 Oslo, Norway", "city": "Maridalsveien 29 Oslo", "country": "Norway", "position": "PhD", "field": "Environmental Science, Landscape Architecture, Spatial Planning,", "salary": "N/A", "max_working_hours": "N/A", "employer": "Oslo School of Architecture and Design (AHO)", "job_description": "<div class=\"editor ck-content mt-6 mb-6 mb-md-8 mt-md-8\" id=\"editor\">\n<h2>About the position</h2><p>The\u00a0Institute of Urbanism and Landscape\u00a0in collaboration with the Institute of Design at\u00a0AHO offers a PhD position linked to a research project granted\u00a0by the Research Council Norway named:\u00a0NATURACT.\u00a0This project\u00a0seeks to\u00a0develop three landscape-based\u00a0transition plans\u00a0utilising\u00a0Nature-based solutions\u00a0(NBS)\u00a0in order to prevent\u00a0and\u00a0mitigate geohazard events primarly related to flooding in\u00a0Norway.\u00a0NATURACT integrates the\u00a0expertise and competence of various\u00a0academic disciplines\u00a0within risk management, ecology, earth systems science and landscape architecture, as well as explore community attitudes linked to landscape changes.\u00a0</p><p>We call for a PhD candidate in landscape\u00a0architecture\u00a0or a related field, that can use methods and tools for large-scale cultural landscapes in transformation as well as methods informed by systems\u00a0thinking and design (social-centered design and\u00a0complex design projects through visual diagraming).\u00a0The work will require working with and for communities. Based on an exploration of different modes\u00a0of community engagement relating to enacting and anticipating long term changes of local landscapes, the project will map past and present landscape situations and develop a desirable alternative future that is both impactful and feasible.\u00a0</p><p>The PhD candidate will, through a site-specific practice, focus on one or\u00a0two given\u00a0case study sites, and look for transferable\u00a0methods to the other cases included in the project at large. The candidate will:\u00a0</p><ul><li>Gather background information including geographical description and exposure to climate impacts, cultural landscape characteristics and historical evolution of landscape</li><li>Make an outline of the organisational structures for decision-making and planning bodies at the local and regional levels</li><li>Map the stakeholders and their roles</li><li>Participate in workshops with the stakeholders</li><li>Participate in creating common ground of knowledge between project researchers\u00e2\u0080\u0099 structure and to develop systems thinking competency</li><li>The overall project will enable an engagement plan based on questionaries and workshops with the community or other methods that the PhD candidate will\u00a0explore in order to develop different climate scenarios\u00a0for the concerned landscapes under risk.</li></ul><p>For more information about\u00a0this research project, please visit\u00a0<a href=\"http://www.ahophdlive.com/naturact\" target=\"_blank\"><u>www.ahophdlive.com</u></a></p><h2>About the candidate</h2><p><strong>Formal requirements\u00a0</strong></p><ul><li>The candidate\u00a0should\u00a0have a master\u00e2\u0080\u0099s degree in\u00a0landscape architecture or a related disipline</li><li>The candidate should have experience in working across fields and with tools for the representation of landscape driven design potential</li><li>Experience with\u00a0community-based landscape development\u00a0is an advantage</li><li>The candidate should document past experience in academic writing</li></ul><p><strong>Personal characteristics\u00a0</strong></p><ul><li>The ability to read landscape specificities and to consider\u00a0past and future dynamics</li><li>The ability to work independently as well as in teams</li><li>The ability to work both in a Norwegian and an International context</li><li>A strong motivation to contribute to good working and social environment</li><li>Speaks a Scandinavian language,\u00a0necessary for working with a local community</li></ul><h2>The Application must include</h2><ul><li>An application letter describing relevant background, motivation, research experience and network. (Two A4 pages maximum)</li><li>A tentative project outline of maximum 5 pages, formulating and discussing research tasks, types of problems and methodology</li><li>CV</li><li>A list of publications and/or academic work if available</li><li>Examples of work written by the applicant if available. (Three works maximum)</li><li>Examples of relevant types of plans and projects developed/designed by the applicant if available. (Two works maximum)</li><li>Certified copies of educational certificates, transcript of records, diplomas and letters of recommendation</li><li>2 references (name, relation to candidate, e-mail address and telephone number)</li></ul><p>Please note that all documentation must be in English or a Scandinavian language. Applications that do not comply with the formal requirements will not be considered. Attachments beyond the required documents will not be taken into consideration.</p><p><strong>The material for the PhD application will be assessed according to the following criteria:\u00a0</strong></p><ul><li>The quality of the project description (outline)</li><li>The applicant's suitability for the research tasks</li><li>The academic competence of the applicant</li></ul><h2>We offer</h2><ul><li>The PhD scholarship is fully funded and there is no tuition fee.</li><li>The position (SKO1017) has a pay grade of 54 with salary NOK\u00a0491\u00a0200\u00a0per year for a full position; extensive relevant experience can give a higher start salary. From the salary, there will be a mandatory deduction of 2 % as a contribution to the State Pension fund (SPK). Standard employment conditions for state employees in Norway apply for the position.</li><li>The PhD is a full-time 3-year position, with the possibility for negotiating a 4-year position with 25% teaching.</li><li>An annual sum of 20 000 NOK for literature and other necessary academic activities.</li><li>Attractive welfare benefits and generous pension agreement, in addition to Oslo\u00e2\u0080\u0099s family-friendly environment with its rich opportunities for culture and outdoor activities.</li></ul><p><strong>Formal regulations</strong></p><p>The educational component in the AHO PhD Programme is mandatory and requires fulltime attendance. Residency in Oslo for the employment period is mandatory. Research stay at a relevant international academic institution is encouraged. The PhD fellowship will start September 1st\u00a02022.</p><h2>Information meeting</h2><p>The PhD Programme at The Oslo School of Architecture and Design (AHO) will arrange an online information meeting about the AHO PhD Programme on Friday, February 4th\u00a02022 at 14:00 CET. See\u00a0<a href=\"http://www.ahophdlive.com/information-meeting-phd-positions-2022\" target=\"_blank\"><u>www.ahophdlive.com</u></a>\u00a0for more information.</p><p><strong>Contact Information:\u00a0</strong></p><p>Questions about this PhD position can be directed to the supervisors:\u00a0</p><ul><li>Professor Karin Helms, Institute of Urbanism and Landscape. Email:\u00a0<a href=\"mailto:karin.helms@aho.no\"><u>karin.helms@aho.no</u></a></li><li>Professor Janike Kampevold Larsen, Institute of Urbanism and Landscape. Email:\u00a0<a href=\"mailto:janike.larsen@aho.no\"><u>janike.larsen@aho.no</u></a></li></ul><p>For more information about the PhD Programme, please visit our <a href=\"https://aho.no/en/content/phd-program\" target=\"_blank\"><u>website</u></a>.</p><h2>About AHO</h2><p>The Oslo School of Architecture and Design (AHO) is an internationally leading, specialized university within the disciplines design, architecture, landscape architecture and urbanism. AHO offers a unique research-based education of international standing. Established in 1945, today it has built a solid national funding base and is prominently ranked internationally.\u00a0AHO offers Master\u00e2\u0080\u0099s degree programmes that are designed to best equip the student to enter directly into professional practice or academia. Within the Master\u00e2\u0080\u0099s programmes, students may specialise in the fields of architecture, landscape architecture and urbanism, industrial design, interaction design, service and systems-oriented design. The school has approx. 800 students and 155 employees.</p><p>The Institute of Urbanism and Landscape has a multi-disciplinary approach to education and research within the fields of urbanism and landscape architecture. Particular attention is paid to understanding change and transformation of cities and territories and to developing knowledge in order to enable strategy development and support design interventions in urban situations and landscapes. The institute has a strong international profile, with a well-established network of partner institutions within practice, teaching and research. Education activities comprise the MA in Architecture, MA in Landscape Architecture, MA in Urbanism as well as AHO\u00e2\u0080\u0099s PhD programme.</p>\n</div>", "requirements_description": "N/A", "conditions_description": "N/A", "employer_description": "N/A", "department_description": "N/A", "additional_information": "N/A", "apply_link": "N/A", "employer_link": "N/A", "job_type": "N/A", "logo": "https://content.academicpositions.com/eyJidWNrZXQiOiJhcC1wcm9kdWN0aW9uLW1lZGlhLWFyY2hpdmUiLCJrZXkiOiIyMDE2XC8wNFwvQVJLSVRFS1RVUi0gT0cgREVTSUdOSFx1MDBkNkdTS09MQU4gSSBPU0xPLnBuZyIsImVkaXRzIjpbXX0="}