{"url": "https://academicpositions.com/ad/ghent-university/2022/professor-in-large-animal-anaesthesia-and-analgesia-22353-faculty-of-veterinary-medicine/175332", "title": "Professor in Large Animal Anaesthesia and Analgesia (22353) - Faculty of Veterinary Medicine", "publish_date": "2022-02-16", "deadline": "2022-03-15", "location": "Sint-Pietersnieuwstraat 33 Ghent, Belgium", "city": "Sint-Pietersnieuwstraat 33 Ghent", "country": "Belgium", "position": "Assistant Professor", "field": "Anesthesiology, Clinical Sciences, Surgery, Veterinary sciences,", "salary": "N/A", "max_working_hours": "N/A", "employer": "Ghent University", "job_description": "N/A", "requirements_description": "N/A", "conditions_description": "N/A", "employer_description": "N/A", "department_description": "N/A", "additional_information": "N/A", "apply_link": "N/A", "employer_link": "N/A", "job_type": "N/A", "logo": "https://content.academicpositions.com/eyJidWNrZXQiOiJhcC1wcm9kdWN0aW9uLW1lZGlhLWFyY2hpdmUiLCJrZXkiOiIyMDE2XC8xMVwvZ2hlbnQtbG9nby1lbmcuanBnIiwiZWRpdHMiOltdfQ=="}