{"url": "https://academicpositions.com/ad/ghent-university/2022/professor-in-audit-21635-faculty-of-economics-and-business-administration/174319", "title": "Professor in Audit (21635) - Faculty of Economics and Business Administration", "publish_date": "2022-01-21", "deadline": "2022-02-18", "location": "Sint-Pietersnieuwstraat 33 Ghent, Belgium", "city": "Sint-Pietersnieuwstraat 33 Ghent", "country": "Belgium", "position": "Assistant Professor", "field": "Accounting, Controlling, Corporate Finance, Finance, Financial Economics,", "salary": "N/A", "max_working_hours": "N/A", "employer": "Ghent University", "job_description": "N/A", "requirements_description": "N/A", "conditions_description": "N/A", "employer_description": "N/A", "department_description": "N/A", "additional_information": "N/A", "apply_link": "N/A", "employer_link": "N/A", "job_type": "N/A", "logo": "https://content.academicpositions.com/eyJidWNrZXQiOiJhcC1wcm9kdWN0aW9uLW1lZGlhLWFyY2hpdmUiLCJrZXkiOiIyMDE2XC8xMVwvZ2hlbnQtbG9nby1lbmcuanBnIiwiZWRpdHMiOltdfQ=="}