{"url": "https://academicpositions.com/ad/life-science-zurich-graduate-school-1/2021/perform-your-phd-in-the-life-sciences-in-the-heart-of-europe/164418", "title": "International PhD Programs in the Life Sciences", "publish_date": "2021-10-12", "deadline": "2022-07-01", "location": "Winterthurerstr. 190 Building 55, Room K12CH-8057 Zurich Zurich, Switzerland", "city": "Winterthurerstr. 190 Building 55", "country": "Switzerland", "position": "PhD", "field": "Animal Biology & Ethology, Animal Science, Biochemistry, Bioengineering, Bioinformatics, and 43 moreBiological Anthropology,Biomedical Engineering,Biomedicine,Biophysics,Biostatistics,Biosystems Engineering,Biotechnology,Botany and plant science,Cancer Research,Cell Biology,Chemical Biology,Chronobiology,Clinical Sciences,Computational Biology,Developmental Biology,Ecology,Entomology,Environmental Science,Epidemiology,Evolutionary Biology,Food Science,Genetics,Histology,Human Biology,Immunology,Limnology,Medicinal Chemistry,Microbiology,Molecular Biology,Molecular Chemistry,Molecular Medicine,Mycology,Nanobiology,Neuroscience,Paleobiology,Parasitology,Physiology,Structural Biology,Systematics (Taxonomy),Systems Biology,Toxicology,Virology,Zoology", "salary": "N/A", "max_working_hours": "N/A", "employer": "Life Science Zurich Graduate School", "job_description": "N/A", "requirements_description": "N/A", "conditions_description": "N/A", "employer_description": "N/A", "department_description": "N/A", "additional_information": "N/A", "apply_link": "N/A", "employer_link": "N/A", "job_type": "N/A", "logo": "https://content.academicpositions.com/eyJidWNrZXQiOiJhcC1wcm9kdWN0aW9uLW1lZGlhLWFyY2hpdmUiLCJrZXkiOiI2NzJcLzRhMVwvNjcyNGExYTFmNmIwYzdjODM3NjM2MDI4NjBkMjhjNmIucG5nIiwiZWRpdHMiOltdfQ=="}