{"url": "https://academicpositions.com/ad/imt-atlantique/2022/imt-atlantique-is-recruiting-an-associate-professor-in-embedded-systems/174063", "title": "IMT ATLANTIQUE is recruiting an Associate Professor in Embedded Systems", "publish_date": "2022-01-17", "deadline": "2022-04-10", "location": "525 Avenue Alexis de Rochon Plouzan\u00c3\u00a9, France", "city": "525 Avenue Alexis de Rochon Plouzan\u00c3\u00a9", "country": "France", "position": "Associate Professor", "field": "Algorithms, Computer Architecture, Computing in Mathematics, Natural Science, Engineering and Medicine, Information Systems (Business Informatics),", "salary": "N/A", "max_working_hours": "N/A", "employer": "IMT Atlantique", "job_description": "<div class=\"editor ck-content mt-6 mb-6 mb-md-8 mt-md-8\" id=\"editor\">\n<p><strong><u>Thematic and research challenges\u00a0</u></strong></p><p>Research on <strong>sustainable embedded systems</strong> has gained immense interest from academia and industry alike, as embedded systems have become pervasive and interconnected. Focus has been recently placed on energy-efficient and sustainable architectures as well as tools and methodologies, supporting diverse emerging applications and frameworks for Internet of Things, Mobile applications, Cyber-Physical Systems, Health or Smart Cities.\u00a0</p><p>The open position is devoted to contributing to this domain and should allow to propose disruptive methodologies and developing know-how. Several approaches are envisaged in this regard:</p><ol><li>A co-design approach of algorithms and hardware architectures that allow novel optimizations and original mapping of the required resources with respect to the targeted performance.</li><li>Dynamic and intelligent adaptation of the system, through flexible and reconfigurable architecture models, which constitutes another way to make it energy efficient and capable of adapting to its environment, to its usage and to the evolution of the applications, thus extending the life span of hardware systems</li><li>New computing paradigms that break with conventional models, such as Processing-in-Memory, introducing another innovative dimension that complements these approaches by taking advantage of emerging integration technologies to achieve significant gains in energy efficiency and flexibility.</li></ol><p><strong><u>Eco-system and context:</u></strong></p><p><a href=\"https://www.imt-atlantique.fr/en\" target=\"_blank\">IMT Atlantique</a> internationally recognized for the quality of its research, is a leading technological university ranked in the three main international rankings (THE, SHANGHAI, QS).\u00a0</p><p>The position is open at the campus of Brest within the <a href=\"https://www.imt-atlantique.fr/en/about/departments/mathematical-electrical-engineering\" target=\"_blank\">Mathematical and Electrical Engineering Department</a>, as well as attached to the CNRS Research Unit Lab-STICC.</p><p>IMT Atlantique has privileged relationships with major industrial national and international partners, as well as a dense network of SME, start-ups and innovation networks.\u00a0With 290 permanent faculty members, 2000 students among which 300 PhD students, IMT Atlantique produces every year 1000 publications and raises 18M\u00e2\u0082\u00ac of research funding.</p><p><strong><u>Education:</u></strong></p><p>The\u00a0<a href=\"https://www.imt-atlantique.fr/en/study\" target=\"_blank\">education program</a> of IMT Atlantique has been recognized as amongst the most innovative in French High Education and Research and offers large possibilities of developing innovative engineering curriculum and educational approach.\u00a0</p><p>The candidate is expected to develop the teaching of sustainable design approaches and tools for embedded systems and will be invited to propose related new educational projects, programs and methodologies, especially inspired by and supported by industrial requirements and partnerships.</p><p><strong><u>Expected competences:\u00a0</u></strong></p><p>Please read carefully the mandatory and expected qualities of candidates for Associate Professor positions at IMT Atlantique at the following address:</p><p><a href=\"https://www.imt-atlantique.fr/en/about/job-offers?arg=7767_2_8158\" target=\"_blank\">https://www.imt-atlantique.fr/en/about/job-offers?arg=7767_2_8158</a></p><p>In the special case of this open position, a special and complementary emphasis will be put on the candidates\u00e2\u0080\u0099 abilities to develop multidisciplinary projects\u00a0while demonstrating their sensibility to the challenges of sustainable development.</p><p><strong><u>Contact and schedule</u></strong></p><p>To apply, please connect to the following address:</p><p><a href=\"https://institutminestelecom.recruitee.com/l/en/o/associate-professor-in-embedded-systems\" target=\"_blank\">https://institutminestelecom.recruitee.com/l/en/o/associate-professor-in-embedded-systems</a>\u00a0</p><p><strong>Deadline for applications:\u00a0 April 10th, 2022</strong></p><p><strong>Date of Recruitment interview: May, 2022</strong></p><p><strong>Starting date: 2nd half of 2022</strong></p><p>For any further information, please contact:</p><p>Pr Samir SAOUDI\u00a0:</p><p><a href=\"mailto:samir.saoudi@imt-atlantique.fr\"><span style=\"color:windowtext;\">samir.saoudi@imt-atlantique.fr</span></a> , +33\u00a0229\u00a0001 179,</p><p>Pr Amer BAGHDADI\u00a0:</p><p><a href=\"mailto:amer.baghdadi@imt-atlantique.fr\"><span style=\"color:windowtext;\">amer.baghdadi@imt-atlantique.fr</span></a>, +33\u00a0229\u00a0001 037,\u00a0</p><p>Pr Matthieu ARZEL\u00a0:</p><p><a href=\"mailto:matthieu.arzel@imt-atlantique.fr\"><span style=\"color:windowtext;\">matthieu.arzel@imt-atlantique.fr</span></a>, +33\u00a0229\u00a0001 311,</p>\n</div>", "requirements_description": "N/A", "conditions_description": "N/A", "employer_description": "N/A", "department_description": "N/A", "additional_information": "N/A", "apply_link": "N/A", "employer_link": "N/A", "job_type": "N/A", "logo": "https://content.academicpositions.com/eyJidWNrZXQiOiJhcC1wcm9kdWN0aW9uLW1lZGlhLWFyY2hpdmUiLCJrZXkiOiJlNzRcL2ZlMVwvZTc0ZmUxMmMzZWZjMzhkMDVkM2U0NDZiZTNjNjkwZDguanBlZyIsImVkaXRzIjpbXX0="}