{"url": "https://academicpositions.com/ad/universite-libre-de-bruxelles/2022/full-time-research-and-teaching-position-in-philosophy/174699", "title": "Full-time Research and Teaching Position in Philosophy", "publish_date": "2022-02-01", "deadline": "2022-03-06", "location": "Avenue Franklin Roosevelt 50 Brussels, Belgium", "city": "Avenue Franklin Roosevelt 50 Brussels", "country": "Belgium", "position": "Researcher", "field": "Aesthetics, Applied Philosophy, Epistemology, Ethics, Logic, and 3 moreMetaphysics,Philosophy of Science,Social and Political Philosophy", "salary": "N/A", "max_working_hours": "N/A", "employer": "Universit\u00c3\u00a9 libre de Bruxelles (ULB)", "job_description": "<div class=\"editor ck-content mt-6 mb-6 mb-md-8 mt-md-8\" id=\"editor\">\n<p><img src=\"https://ap-production-media-archive.s3.eu-north-1.amazonaws.com/uploads/Zoteq5WPzTsrZcQCZ3tIageStqOzfzTY2LDw3Fq2.png\"/> <img class=\"image_resized\" src=\"https://ap-production-media-archive.s3.eu-north-1.amazonaws.com/uploads/hNB6IjG3wBIHpU3sMQDizdqFnQNbRS3CMot9q4Jz.png\" style=\"width:16.14%;\"/></p><p>The candidate will have to organize the Methodology seminar and some sessions of the Dissertation course. She/He will have to explain the content of lessons and the requirements of exams, to contribute to the correction of exams and of exercices, to help the lecturers in fulfilling various academic and administrative duties, to organize study and training sessions for students as well as feed-back sessions after the exams, to coordinate work with the Centre de M\u00c3\u00a9thodologie Universitaire. The candidate must engage research work in philosophy, which should result in a doctoral thesis. It is required to join a presentation of the doctoral project to the application folder.</p><p>Main Research Field : Philosophy</p><p>Sub Research Field :\u00a0</p><p>Required educational level : Master level\u00a0 in Philosophy<span style=\"color:#A6A6A6;\">\u00a0</span></p><p>Required Languages\u00a0:</p><p>Fran\u00c3\u00a7ais\u00a0: native</p><p>English : good</p><p><span style=\"color:#2F5496;\">Interested\u00a0?</span></p><p>For more information, please contact Thomas Berns (phone : +32\u00a02\u00a0650.47.17 \u00e2\u0080\u0093 emaill :\u00a0<a href=\"mailto:thomas.berns@ulb.be\">thomas.berns@ulb.be</a>\u00a0</p><p>Applications must be sent by e-mail to the rectorate of the Universit\u00c3\u00a9 Libre de Bruxelles (<a href=\"mailto:rectrice@ulb.be\">rectrice@ulb.be</a>) and to the faculty deanship\u00a0<a href=\"mailto:SPES.philoscsoc@ulb.be\">SPES.philoscsoc@ulb.be</a></p><p>They must include the following :</p><ul><li>a motivation letter</li><li>a Curriculum vitae including a list of publications :<br/><i>if you want you can complete a standard form via our website at</i><span style=\"color:purple;\">\u00a0</span><a href=\"https://www.ulb.be/fr/documents-officiels/completer-votre-cv-en-ligne\" target=\"_blank\">https://www.ulb.be/fr/documents-officiels/completer-votre-cv-en-ligne</a>.\u00a0 <i>Once completed, it must be downloaded and attached to the application file.</i></li><li>a note on the applicant\u00e2\u0080\u0099s PhD research project (4 pages)</li><li>two letters of reference</li></ul><p><span style=\"color:#2F5496;\">Equal opportunities policy</span></p><p>ULB's personnel management policy is geared towards diversity and equal opportunities.</p><p>We recruit candidates on the basis of their skills, irrespective of age, gender, sexual orientation, origin, nationality, beliefs, disability, etc.</p><p>Would you like to be provided with reasonable accommodation in the selection procedure because of a disability, disorder, or illness?\u00a0 Do not hesitate to contact Marie Botty, the Gender and Diversity resource person of the Human resources Department - SPES (<a href=\"mailto:marie.botty@ulb.be\">marie.botty@ulb.be</a><span style=\"color:#004C93;\"><u>)</u></span>. Be assured of the confidentiality of this information.</p><p>More details on the ULB gender and diversity policy are available at\u00a0<a href=\"https://www.ulb.be/en/about-ulb/gender-equality-at-ulb\" target=\"_blank\"><span style=\"color:#004C93;\">https://www.ulb.be/en/about-ulb/gender-equality-at-ulb</span></a>.\u00a0</p><p>You will find all the regulations relating to research careers on our site at\u00a0<a href=\"http://www.ulb.ac.be/emploi/academique.html\" target=\"_blank\"><span style=\"color:#004C93;\">http://www.ulb.ac.be/emploi/academique.html</span></a>.</p><p>Reference\u00a0: 2022/S003</p><p>Application deadline : 06/03/2022</p><p>Start date: 10/01/2022</p>\n</div>", "requirements_description": "N/A", "conditions_description": "N/A", "employer_description": "N/A", "department_description": "N/A", "additional_information": "N/A", "apply_link": "N/A", "employer_link": "N/A", "job_type": "N/A", "logo": "https://content.academicpositions.com/eyJidWNrZXQiOiJhcC1wcm9kdWN0aW9uLW1lZGlhLWFyY2hpdmUiLCJrZXkiOiIyMDE0XC8wMVwvdWxiLWxvZ28ucG5nIiwiZWRpdHMiOltdfQ=="}