{"url": "https://academicpositions.com/ad/silicon-austria-labs-sal/2021/project-staff-f-m-d/165400", "title": "Project staff (f/m/d)", "publish_date": "2021-11-03", "deadline": "N/A", "location": "Inffeldgasse 33 Graz, Austria", "city": "Inffeldgasse 33 Graz", "country": "Austria", "position": "Other Category", "field": "Communication Engineering, Computer Communications (Networks), Computer Science, Control Systems Engineering, Engineering, and 3 moreProgramming Languages,Signal Processing,Software Engineering", "salary": "N/A", "max_working_hours": "N/A", "employer": "Silicon Austria Labs (SAL)", "job_description": "N/A", "requirements_description": "N/A", "conditions_description": "N/A", "employer_description": "N/A", "department_description": "N/A", "additional_information": "N/A", "apply_link": "N/A", "employer_link": "N/A", "job_type": "N/A", "logo": "https://content.academicpositions.com/eyJidWNrZXQiOiJhcC1wcm9kdWN0aW9uLW1lZGlhLWFyY2hpdmUiLCJrZXkiOiI3YjZcLzM0NlwvN2I2MzQ2ODRlNjQ2YThlYmM4ODM3ZmI2NDQ4OGM1NTcuc3ZnIiwiZWRpdHMiOltdfQ=="}