{"url": "https://academicpositions.com/ad/leibniz-institute-natural-product-research-infection-biology-hans-knoll-institute-hki/2022/research-coordinator-f-div-m/174958", "title": "Research Coordinator (f/div/m)", "publish_date": "2022-02-07", "deadline": "2022-03-18", "location": "Beutenbergstrasse 11a Jena, Germany", "city": "Beutenbergstrasse 11a Jena", "country": "Germany", "position": "Researcher", "field": "Clinical Sciences, Infectious Diseases,", "salary": "N/A", "max_working_hours": "N/A", "employer": "Leibniz Institute for Natural Product Research and Infection Biology \u00e2\u0080\u0093 Hans Kn\u00c3\u00b6ll Institute (HKI)", "job_description": "<div class=\"editor ck-content mt-6 mb-6 mb-md-8 mt-md-8\" id=\"editor\">\n<h4><strong>Job Advertisement Leibniz-HKI-05/2022</strong></h4><p>The <strong>Leibniz Center for Photonics in Infection Research</strong> (LPI, <a href=\"http://www.lpi-jena.de/en\" target=\"_blank\">www.lpi-jena.de</a>) is a project of the National Roadmap for Research Infrastructures of the Federal Ministry of Education and Research (BMBF). As one of the supporting institutions of the LPI, the Leibniz Institute for Natural Product Research and Infection Biology \u00e2\u0080\u0093 Hans Kn\u00c3\u00b6ll Institute \u00e2\u0080\u0093 (Leibniz-HKI, <a href=\"http://www.leibniz-hki.de/en\" target=\"_blank\">www.leibniz-hki.de</a>) is looking to recruit a</p><h2><strong>Research Coordinator (f/div/m)</strong></h2><p>for 2 years initially with the possibility of extension.</p><p>The LPI is being established by a consortium of four research institutions (<a href=\"https://www.leibniz-hki.de/en/home.html\" target=\"_blank\">Leibniz-HKI</a>, <a href=\"https://www.leibniz-ipht.de/en/homepage/\" target=\"_blank\">Leibniz-IPHT</a>, <a href=\"https://www.uni-jena.de/en\" target=\"_blank\">FSU Jena</a>, <a href=\"https://www.uniklinikum-jena.de/en/\" target=\"_blank\">University Hospital Jena</a>). In the future, scientists at the LPI will combine photonic technologies with infection research and thus contribute to the development of new diagnostic and therapeutic methods for human medicine. Research results will be transferred to clinical practice along the entire value chain. A coordination office will be established at each participating institution to manage all scientific, administrative and organizational interactions between the respective institution and the LPI and to actively shape the establishment of the center in the context of the strategic profile development of Jena as a research location. To this end, the coordination office is responsible for efficient internal and external communication, reports to the board of the Leibniz-HKI and to prepare draft decisions. The tasks also include management of the subproject Basic Technology 5, which is lead by the Leibniz-HKI.</p><h4><strong>We expect:</strong></h4><ul><li>A high level of motivation to decisively and proactively advance the research and control of infectious diseases within the framework of LPI</li><li>A university degree in the natural or life sciences with a doctorate</li><li>Extensive experience in the management of large, transdisciplinary research collaborations</li><li>Active participation in the acquisition of external funding and the management of large project budgets</li><li>Adherence to deadlines in teamwork at the interface between science, administration and funding agencies</li><li>Responsible management of reporting, contributing own text and collecting the required data</li><li>An integrative personality with great creative drive, assertiveness and excellent networking skills</li><li>Experience in the conception, organization and implementation of scientific events</li><li>Active participation in building up a partner/user network and strategy development for the center</li><li>Very good communication skills in German and English, intercultural competence and experience abroad</li></ul><h4><strong>We offer:</strong></h4><ul><li>A responsible position in the coordination of a highly innovative research network</li><li>A lively and dynamic network of excellent partners from science and industry</li><li>An open and collegial atmosphere between all involved persons and institutions</li></ul><p>Salary is paid according to German TV-L (salary agreement for public service employees). As an equal opportunity employer, the Leibniz-HKI is committed to increasing the percentage of female scientists and therefore especially encourages them to apply.</p><h4><strong>Further information:</strong></h4><p><a href=\"https://www.leibniz-hki.de/en/staff-details.html?member=6\" target=\"_blank\">Dr. Michael Ramm</a> | <a href=\"tel:+4936415321011\">+49\u00a03641\u00a0532\u00a01011</a> | <a href=\"mailto:career@leibniz-hki.de?subject=Research%20Coordinator%20(f/div/m)%20-%20Leibniz-HKI-05/2022\">career@leibniz-hki.de</a></p><h4><strong>Applications:</strong></h4><p>Complete applications in English, including a cover letter with a brief statement of research experiences, a CV with a complete list of publications, and the addresses of two possible referees should be submitted by <strong>March 18, 2022,</strong> via the Leibniz-HKI <a href=\"https://jobs.hki-jena.de/jobs/Research-Coordinator-fdivm-eng-f355.html.html\" target=\"_blank\"><strong>online application system</strong></a>.</p>\n</div>", "requirements_description": "N/A", "conditions_description": "N/A", "employer_description": "N/A", "department_description": "N/A", "additional_information": "N/A", "apply_link": "N/A", "employer_link": "N/A", "job_type": "N/A", "logo": "https://content.academicpositions.com/eyJidWNrZXQiOiJhcC1wcm9kdWN0aW9uLW1lZGlhLWFyY2hpdmUiLCJrZXkiOiJiN2NcLzA4ZlwvYjdjMDhmYmY5OTM1N2Y4ZDgxNmY1ZDJlMWExMzNiMTYucG5nIiwiZWRpdHMiOltdfQ=="}