{"url": "https://academicpositions.com/ad/university-of-agder-uia/2022/research-assistant-in-renewable-energy/174411", "title": "Research Assistant in renewable energy", "publish_date": "2022-01-25", "deadline": "2022-03-15", "location": "Gimlemoen 25 Kristiansand, Norway", "city": "Gimlemoen 25 Kristiansand", "country": "Norway", "position": "Research Assistant", "field": "Energy Economics, Energy Technology, Environmental Economics, Industrial Economics, Industrial Engineering, and 2 moreRenewable Energy,Resource Economics", "salary": "N/A", "max_working_hours": "N/A", "employer": "University of Agder (UiA)", "job_description": "N/A", "requirements_description": "N/A", "conditions_description": "N/A", "employer_description": "N/A", "department_description": "N/A", "additional_information": "N/A", "apply_link": "N/A", "employer_link": "N/A", "job_type": "N/A", "logo": "https://content.academicpositions.com/eyJidWNrZXQiOiJhcC1wcm9kdWN0aW9uLW1lZGlhLWFyY2hpdmUiLCJrZXkiOiJjNWRcLzYyOFwvYzVkNjI4MGVhN2ZjMjA3MDU2ZWRkZjU0YjAwMGRlNzYucG5nIiwiZWRpdHMiOltdfQ=="}