{"url": "https://academicpositions.com/ad/tampere-university/2022/msc-thesis-worker-electrical-energy-engineering-and-power-electronics-4-positions/174386", "title": "MSc thesis worker (Electrical Energy Engineering and Power Electronics), 4 positions", "publish_date": "2022-01-24", "deadline": "2022-02-25", "location": "Kalevantie 4 Tampere, Finland", "city": "Kalevantie 4 Tampere", "country": "Finland", "position": "Master", "field": "Electrical Engineering, Electronics, Energy Technology, Renewable Energy, Systems Engineering,", "salary": "N/A", "max_working_hours": "N/A", "employer": "Tampere University", "job_description": "N/A", "requirements_description": "N/A", "conditions_description": "N/A", "employer_description": "N/A", "department_description": "N/A", "additional_information": "N/A", "apply_link": "N/A", "employer_link": "N/A", "job_type": "N/A", "logo": "https://content.academicpositions.com/eyJidWNrZXQiOiJhcC1wcm9kdWN0aW9uLW1lZGlhLWFyY2hpdmUiLCJrZXkiOiI3NThcLzk0YlwvNzU4OTRiNGY4NTYwMDI5MGZmZDUxNmZmYjZjZTI4YmYucG5nIiwiZWRpdHMiOltdfQ=="}