{"url": "https://academicpositions.com/ad/european-research-council-erc/2022/are-you-a-researcher-interested-in-doing-research-in-slovakia-then-we-invite-you-to-join-our-webinar-on-erc-research-grant-opportunities/175015", "title": "Are you a scientist or scholar interested in doing research in Slovakia? Then we invite you to join our webinar on ERC funding opportunities.", "publish_date": "2022-02-08", "deadline": "2022-02-23", "location": "Place Charles Rogier 16 Brussels, Belgium", "city": "Place Charles Rogier 16 Brussels", "country": "Belgium", "position": "Researcher", "field": "Abnormal Psychology, Abrahamic Religions, Accelerator Physics, Accounting, Acoustic Engineering, and 574 moreAcoustics,Addiction Medicine,Administrative Law,Adult Education,Aeronautical Engineering,Aerospace Engineering,Aesthetics,African languages,Agricultural Economics,Agricultural Engineering,Agronomy,Algebra,Algorithms,Allergology,Altaic languages,Analysis,Analytical Chemistry,Anatomy,Ancient History,Andrology,Anesthesiology,Animal Biology & Ethology,Animal Science,Anthropological Linguistics,Applied Linguistics,Applied Mathematics,Applied Philosophy,Applied Physics,Applied Psychology,Aquaculture,Archaeology,Architecture,Artificial Intelligence,Artificial Neural Network,Arts Administration,Arts Education,Astrobiology,Astrochemistry,Astronomy,Astrophysics,Atheism and Humanism,Atmospheric Chemistry,Atmospheric Sciences,Atomic, Molecular and Optical Physics,Audio Systems Engineering,Audiology,Austroasiatic languages,Austronesian languages,Automotive Engineering,Automotive Systems Engineering,Bacteriology,Baltic languages,Bariatrics,Behavioural Economics,Behavioural Science,Big Data,Biochemistry,Bioengineering,Biogeography,Bioinformatics,Biological Anthropology,Biological Psychology,Biomedical Engineering,Biomedicine,Biophysics,Biostatistics,Biosystems Engineering,Biotechnology,Botany and plant science,Business Administration,Business Economics,Business Education,Business Ethics,Cancer Research,Cardiology,Cartography,Catalysis,Cell Biology,Chemical Biology,Chemical Engineering,Chemical Physics,Chemical Thermodynamics,Chemo-informatics,Child and Youth Studies,Chronobiology,Civil Engineering,Civil Law,Classical Philology,Climatology,Clinical Sciences,Cognitive Psychology,Commercial Law,Communication Design,Communication Engineering,Community Psychology,Comparative Democratization,Comparative Education,Comparative Politics,Comparative Religion,Composition Studies,Computational Biology,Computational Chemistry,Computational Economics,Computational Engineering,Computational Linguistics,Computational Mathematics,Computational Physics,Computational Sciences,Computer Architecture,Computer Communications (Networks),Computer Engineering,Computer Graphics,Computer Vision,Computer and Society,Computing in Mathematics, Natural Science, Engineering and Medicine,Computing in Social science, Arts and Humanities,Condensed Matter Physics,Conflict Processes,Constitutional Law,Constructed languages,Consumer Economics,Contract Law,Control Systems Engineering,Controlling,Corporate Finance,Corporate Governance,Corporate Law,Cosmology,Criminal Law,Criminology,Crop Science,Cryogenics,Cultural Anthropology,Cultural History,Cultural Studies,Curriculum Theory,Cyber Security,Data Mining,Data Structures,Databases,Dentistry,Dermatology,Design History,Developing Country Research,Development Economics,Developmental Biology,Developmental Psychology,Didactics,Differential Psychology,Digital Education,Digital Law,Disability Research,Disaster Medicine,Discourse Analysis,Distributed Computing,Early Childhood Education,Ecological Engineering,Ecology,Econometrics,Economic Geography,Economic History,Economic Psychology,Economic Sociology,Educational Assessment,Educational Leadership,Educational Management,Educational Policy,Educational Psychology,Educational Technology,Educational Theory,Electrical Engineering,Electrochemistry,Electromagnetism,Electronics,Emergency Medicine,Emotion,Endocrinology,Energy Economics,Energy Technology,Engineering Education,Engineering Physics,English Literature,Entomology,Entrepreneurship,Environmental Chemistry,Environmental Economics,Environmental Engineering,Environmental Law,Environmental Science,Epidemiology,Epistemology,Ethics,Ethnology,European Law,Evolutionary Biology,Evolutionary Psychology,Experimental Physics,Experimental Psychology,Fashion Design,Federalism and Intergovernmental Relations,Film Studies,Finance,Financial Economics,Financial Law,Fine Arts,Fire Safety Engineering,Fluid Dynamics,Fluid Mechanics,Food Economics,Food Science,Foreign Policy,Forensic Psychology,Forensic Science,Forestry,Foundations of Political Theory,Further (Post-compulsory) Education,Game Design,Game Theory,Gastroenterology,Gender Studies,Gender and Law,Genetics,Geochemistry,Geodesy and Surveying,Geography,Geoinformatics (GIS),Geology,Geometry and Topology,Geomicrobiology,Geomorphology,Geophysics,Geostatistics,Geotechnical Engineering,Geriatrics,Germanic languages,Gerontology,Graphic Design,Health Economics,Health Politics and Policy,Health Psychology,Health Science,Hellenic languages,Hematology,Hepatology,Higher Education,Histology,Historical Anthropology,Historical Linguistics,History of Art,History of Geography,History of History,History of Linguistics,History of Mathematics,History of Philosophy,History of Religion,History of Science,Horticulture,Human Biology,Human Development Theory,Human Geography,Human Resource Management,Human rights,Human-computer Interaction,Humanities Education,Hydraulics,Hydrogeology,Hydrology,Image Processing,Immunochemistry,Immunology,Implantology,Indian Religions,Indigenous languages,Indo-Iranian languages,Industrial Design,Industrial Economics,Industrial Engineering,Infectious Diseases,Informatics,Information Science,Information Systems,Information Systems (Business Informatics),Information Technology and Politics,Inorganic Chemistry,Instrumentation Engineering,Interior Design,Interlinguistics,Internal Medicine (General Medicine),International Economics,International Education,International History and Politics,International Law,International Relations,International Security and Arms Control,International and Comparative Labour,International and Humanitarian Medicine,Intrapersonal Communications,Journalism,Jurisprudence,Labour Economics,Labour Law,Landscape Architecture,Language Education,Language Technology,Laser Physics,Latin,Legal History,Legal Psychology (Psychology and Law),Legislative Studies,Lexicography,Limnology,Linguistic Typology,Literacy Education,Literary Theory,Logic,Logic,Logistics,Logopedics,Machine Learning,Machine Vision,Macroeconomics,Management,Manufacturing,Manufacturing Engineering,Marine Biology,Marine Engineering,Marine Geoscience,Marketing,Materials Chemistry,Materials Engineering,Materials Physics,Mathematical Chemistry,Mathematical Economics,Mathematical Physics,Mathematics Education,Mechanical Engineering,Mechanics,Mechatronics,Media Education,Media Law,Media Psychology,Media and Communication Studies,Medical Anthropology,Medical Imaging,Medical Management,Medical Physics,Medical Technology,Medicinal Chemistry,Metaphysics,Meteorology,Microbiology,Microeconomics,Military Engineering,Mineralogy,Mining Engineering,Modern History,Molecular Biology,Molecular Chemistry,Molecular Medicine,Molecular Physics,Morphology,Museology,Music,Musicology,Mycology,Mythology and Folklore,Nanobiochemistry,Nanobiology,Nanochemistry,Nanotechnology,National Politics,Nephrology,Neurolinguistics,Neurology,Neuropsychology,Neuroscience,Nordic Law,Nuclear Chemistry,Nuclear Engineering,Nuclear Physics,Number Theory,Nursing Science,Nutrition and Dietetics,Observation Medicine,Observational Astronomy,Obstetrics & Gynecology,Occupational Therapy,Oceanography,Oncology,Operating Systems,Ophthalmology,Optical Engineering,Optics,Optometry,Organic Chemistry,Organizational Economics,Organizational Psychology,Organometallic Chemistry,Orthopedics,Other Religions,Otolaryngology,Paleobiology,Paleoclimatology,Paleontology,Parallel Computing,Parasitology,Particle Physics,Pathology,Peace Education,Pedagogic Theory,Pediatrics,Performing Arts,Personality Psychology,Petrochemistry,Petroleum Engineering,Petrology,Pharmacy & Pharmacology,Philology,Philosophy of Science,Phonetics,Phonology,Photochemistry,Photonics,Physical Chemistry,Physiology,Physiotherapy,Phytochemistry,Plant Fertilization, Animal and Human Nutrition,Plant Protection and Animal Health,Plasma Physics,Political Communication,Political Economy,Political Methodology,Political Networks,Political Organizations and Parties,Political Psychology,Political Science Education,Political Theory,Politics,Politics and History,Politics, Literature and Film,Polymer Chemistry,Positive Psychology,Pragmatics,Pre-school Education,Primary Education,Probability Theory,Procedural Law,Product Design,Production development,Programming Languages,Project Management,Property Law,Psychiatry & Psychology,Psychoanalysis,Psycholinguistics,Psychophysics,Public Administration,Public Economics,Public Health,Public Law,Public Policy,Quality Assurance Engineering,Quantitative Psychology,Quantum Computing,Quantum Physics,Race, Ethnicity and Politics,Radiochemistry,Radiology,Railway Engineering,Real Estate Economics,Regenerative Medicine,Rehabilitation Medicine,Remote Sensing,Renewable Energy,Representation and Electoral Systems,Resource Economics,Respiratory Medicine,Rhetoric,Rheumatology,Risk Management,Robotics,Romance languages,Safety Engineering,Scandinavian languages,Science Education,Science, Technology and Environmental Politics,Secondary Education,Seismology,Semantics,Semiotics,Semitic languages,Sign languages,Signal Processing,Sino-Tibetan languages,Slavic languages,Social Anthropology,Social Psychology,Social Research,Social Science Education,Social Stratification,Social Theory,Social Work,Social and Political Philosophy,Sociobiology,Sociocybernetics,Socioeconomics,Sociolinguistics,Sociology,Software Design,Software Engineering,Soil Science,Solid-state Chemistry,Solid-state Physics,Spatial Planning,Special Education,Spectroscopy,Sport Psychology,Sport Science,Sports Medicine & Exercise Physiology,State Politics and Policy,Statistics,Stochastics,Strategic Management,Structural Biology,Structural Engineering,Supply Chain Management,Surface Chemistry,Surgery,Syntax,Synthetic Chemistry,Systematics (Taxonomy),Systems Biology,Systems Engineering,Taoic Religions,Tax Law,Teacher Education,Teaching Methods,Technology Education,Technology Management,Telecommunications Engineering,Textile Design,Theoretical Chemistry,Theoretical Physics,Theory of Computation,Thermochemistry,Thermodynamics,Tourism,Tourism Economics,Toxicology,Transfusion Medicine,Transplantation,Transport Economics,Transportation Engineering,Traumatology,Uralic languages,Urban Design,Urban Politics,Urban Studies,Urology,Vascular Medicine,Vehicle Dynamics,Veterinary sciences,Virology,Visual Arts,Vocational Education,Volcanology,Waste Management,Water Science,Welfare Economics,West Germanic languages,Women and Politics Research,World Literatures,Zoology", "salary": "N/A", "max_working_hours": "N/A", "employer": "European Research Council (ERC)", "job_description": "<div class=\"editor ck-content mt-6 mb-6 mb-md-8 mt-md-8\" id=\"editor\">\n<p>The webinar, co-organised by the\u00a0Centre of Scientific and Technical Information (CVTI SR)\u00a0together with the ERC, will take place on the 23rd\u00a0of February 2022! You can find all relevant information\u00a0<a href=\"https://erc.europa.eu/event/erc-information-day-slovakia?utm_source=academic_positions&amp;utm_medium=campaign&amp;utm_campaign=academicpositions-feb22\" target=\"_blank\">here.</a>\u00a0The webinar will also include live Q&amp;A sessions and participation of ERC grantees to share their experiences. Please\u00a0<a href=\"https://eraportal.sk/podujatia/registrations-erc-infoday/?utm_source=academic_positions&amp;utm_medium=campaign&amp;utm_campaign=academicpositions-feb22\" target=\"_blank\">register now</a>\u00a0to secure your spot. You will find the webinar program and registration link\u00a0<a href=\"https://eraportal.sk/podujatia/registrations-erc-infoday/?utm_source=academic_positions&amp;utm_medium=campaign&amp;utm_campaign=academicpositions-feb22\" target=\"_blank\">here</a>.</p><p><strong>What will the webinar cover?</strong></p><p>In the webinar we will tell you about the ERC funding opportunities available for researchers interested in working in Slovakia, how to apply for a grant and explain how funding applications are evaluated. You will learn first-hand from current ERC grantees about their experience applying for grants and their best advice to applicants.</p><p>Prof. Andrzej Jajszczyk, Vice-President of the European Research Council and Chair of the Working Group on Widening European Participation, an ERC Scientific Officer and the ERC National Contact point will take part in the webinar and explain how the ERC is helping to strengthen the participation of researchers in ERC calls from Europe less research-performing regions.</p><p>The webinar will have\u00a0live Q&amp;A\u00a0sessions!</p><p><strong>Did you know this about the ERC?</strong></p><p>The European Research Council funds creative researchers of any nationality and age, to run projects based across Europe. The ERC offers four core grant schemes: Starting Grants, Consolidator Grants, Advanced Grants and Synergy Grants. With its additional Proof of Concept Grant scheme, the ERC helps grantees to bridge the gap between their pioneering research and early phases of its commercialization.\u00a0<strong>Researchers from anywhere in the world can apply for\u00a0</strong><a href=\"https://erc.europa.eu/funding?utm_source=academic_positions&amp;utm_medium=campaign&amp;utm_campaign=academicpositions-feb22\" target=\"_blank\">ERC grants</a><strong>\u00a0provided the research they undertake will be carried out in an\u00a0</strong><a href=\"http://europa.eu/about-eu/countries/index_en.htm?utm_source=academic_positions&amp;utm_medium=campaign&amp;utm_campaign=academicpositions-feb22\" target=\"_blank\">EU Member State</a><strong>\u00a0or\u00a0</strong><a href=\"http://ec.europa.eu/research/participants/data/ref/h2020/grants_manual/hi/3cpart/h2020-hi-list-ac_en.pdf\" target=\"_blank\">Associated Country</a><strong>.\u00a0</strong>If you are moving to Europe (EU Member State or Associated Country), you can apply for additional funding, which can total up to \u00e2\u0082\u00ac2.5 million for a Starting Grant, \u00e2\u0082\u00ac3 million for a Consolidator Grant and \u00e2\u0082\u00ac3.5 million for an Advanced Grant.</p><p><strong>What type of projects does the ERC fund?</strong></p><p>Research projects funded by the ERC can last up to five years and can cover frontier research\u00a0<i>in any scientific domain</i>, including social sciences, humanities and interdisciplinary studies. The\u00a0<a href=\"https://erc.europa.eu/funding\" target=\"_blank\">grants</a>\u00a0may help both emerging research leaders ('ERC Starting Grants' and 'ERC Consolidator Grants') and already well-established and recognized scientists ('ERC Advanced Grants').</p><p>To register for the webinar click\u00a0<a href=\"https://eraportal.sk/podujatia/registrations-erc-infoday/\" target=\"_blank\">here</a><img src=\"\"/></p>\n</div>", "requirements_description": "N/A", "conditions_description": "N/A", "employer_description": "N/A", "department_description": "N/A", "additional_information": "N/A", "apply_link": "N/A", "employer_link": "N/A", "job_type": "N/A", "logo": "https://content.academicpositions.com/eyJidWNrZXQiOiJhcC1wcm9kdWN0aW9uLW1lZGlhLWFyY2hpdmUiLCJrZXkiOiIyMWNcLzY4ZVwvMjFjNjhlMmI4MjViZGM1OTFlNjBlNzYyMDFjMmIwYjQuanBlZyIsImVkaXRzIjpbXX0="}