{"url": "https://academicpositions.com/ad/silicon-austria-labs-sal/2021/master-thesis-characterization-of-piezoelectric-micromachined-ultrasonic-transducers-pmuts-for-medical-imaging-f-m-d/173100", "title": "Master Thesis - Characterization of Piezoelectric Micromachined Ultrasonic Transducers (pMUTs) for Medical Imaging (f/m/d)", "publish_date": "2021-12-17", "deadline": "N/A", "location": "Inffeldgasse 33 Graz, Austria", "city": "Inffeldgasse 33 Graz", "country": "Austria", "position": "Master", "field": "Acoustic Engineering, Acoustics, Biomedical Engineering, Biomedicine, Electrical Engineering, and 4 moreImage Processing,Mechanical Engineering,Medical Imaging,Signal Processing", "salary": "N/A", "max_working_hours": "N/A", "employer": "Silicon Austria Labs (SAL)", "job_description": "N/A", "requirements_description": "N/A", "conditions_description": "N/A", "employer_description": "N/A", "department_description": "N/A", "additional_information": "N/A", "apply_link": "N/A", "employer_link": "N/A", "job_type": "N/A", "logo": "https://content.academicpositions.com/eyJidWNrZXQiOiJhcC1wcm9kdWN0aW9uLW1lZGlhLWFyY2hpdmUiLCJrZXkiOiI3YjZcLzM0NlwvN2I2MzQ2ODRlNjQ2YThlYmM4ODM3ZmI2NDQ4OGM1NTcuc3ZnIiwiZWRpdHMiOltdfQ=="}