{"url": "https://academicpositions.com/ad/wenzhou-kean-university/2022/2022-assistant-professor-lecturer-in-industrial-product-design/173657", "title": "2022 Assistant Professor/Lecturer in Industrial/Product Design", "publish_date": "2022-01-05", "deadline": "N/A", "location": "88 Daxue Rd, Ouhai, Zhejiang Province Wenzhou, China", "city": "88 Daxue Rd", "country": "China", "position": "Assistant Professor", "field": "Architecture, Industrial Design, Product Design,", "salary": "N/A", "max_working_hours": "N/A", "employer": "Wenzhou-Kean University", "job_description": "<div class=\"editor ck-content mt-6 mb-6 mb-md-8 mt-md-8\" id=\"editor\">\n<p><strong>About Wenzhou-Kean University</strong></p><p>Wenzhou-Kean University (WKU), located in Wenzhou, China, one of three Sino-American universities along with NYU Shanghai and Duke Kunshan University, is approved by the Ministry of Education of China. Launched in 2012, WKU offers a unique model of higher education in partnership with Kean University, a comprehensive, public university in the state of New Jersey that is accredited by the Middle States Commission on Higher Education. WKU sits on approximately 500 beautiful acres and currently enrolls about 3,500 undergraduate students, and it is now in the midst of a rapid growth that will bring enrollment to 7,000 students within the next five years. All instruction is in English and all curriculum is provided by Kean University. In addition to its current 18 undergraduate programs, WKU has been approved by the Ministry of Education for offering 8 Master\u00e2\u0080\u0099s and 3 doctorate programs. Wenzhou is one of the most vibrant and economically advanced developed cities on China\u00e2\u0080\u0099s East Coast, located one hour by plane and just over three hours by high-speed train from Shanghai.</p><p>Wenzhou-Kean University currently offers the following degree programs: Doctor of Educational Leadership (Ed.D.), Biotechnology Science (M.S.), Computer Information Systems (M.S.), Instruction and Curriculum (M.A.), Global Management (M.B.A.), Architecture (M.Arch.), Educational Administration (M.A.), Psychology (M.A.), Finance (B.S.), Accounting (with emphasis on international standards and practices) (B.S.), Global Business (B.S.), Marketing (B.S.), Management (Business Analytics option/ Supply Chain &amp; Information Management option) (B.S.), Economics (B.S.), Graphic Design (B.F.A.), Interior Design (B.F.A), Industrial Design (B.I.D.), Architectural Studies (B.A.), Computer Science (B.S.), Mathematical Sciences (Supply Chain and Management Information option and Analytics Option) (B.A.), Biology (Cell and Molecular option) (B.S.), Chemistry (B.S.); Earth Science (Environmental Science option) (B.S.); English (English in Global Settings option) (B.A.); Psychology (General option/Forensic Psychology option) (B.A.); and Communication (Public Relations option) (B.A.). In addition, WKU has a substantial commitment to the teaching of ESL/EFL.</p><p><br/>\u00a0</p><p><strong>About the Job:</strong></p><p>College of Architecture &amp; Design at WKU is seeking vibrant candidates to teach undergraduate studio and lecture courses within the professional industrial design program experience in one or more of the following: 3D technologies, domestic product, furniture, sustainability preferred. Additional experience in space-saving products, and toys, pharmaceutical, point of purchase desirable. In addition to teaching and/or research, faculty are expected to devote non-teaching hours to advising and providing other support services to students, primarily career mentorship and placement. The ideal candidate will contribute intellectually to the formation of this professional program by developing research and/or creative scholarship that may include refereed publications, competitive creative work, scholarly presentations and sponsored projects appropriate to an assistant academic level; participating in innovative teaching and curriculum development; and actively engaging in professional organizations.</p><p>All faculty positions are full-time assignments, effective for the start of the Fall 2022 semester.\u00a0</p><p>A Lecturer is a full-time, 12-month employee who teaches 39 credits per year and provides student and learning support services during the assigned period. Lecturers will be expected to provide high quality teaching, student advisement, learning support services, and service to the university/college/school/program and/or professional community; and perform related work as required. Lecturer positions are non-tenure track and may be renewed on an annual basis.</p><p>Teaching assignments and related responsibilities may include day, evening, weekend and online courses. Interest or experience in using advanced instructional technologies to improve the teaching/learning process is highly desirable. All faculty may be required to teach General Education courses as needed. Opportunities are also available to teach disciplinary support courses. Candidates with an interest in teaching across disciplines are encouraged to apply.</p><p><strong>Qualifications:</strong>\u00a0</p><p>A terminal degree is required for tenure-track positions in Design and Architecture. Equivalent professional experience may be considered to substitute for a Master\u00e2\u0080\u0099s degree as determined by the University. Candidate must have a proven record of professional work and/or academic scholarship. A minimum of one year of teaching experience at the post-secondary level and English fluency are required for all positions.</p><p><strong>Application Information:</strong></p><p>Review of applications will begin immediately and continue until positions are filled. Please send cover letter, resume, statement of teaching philosophy, research and creative work statement describing research and creative work interest, past accomplishments, awards, exhibits, and design projects, unofficial transcripts and contact information of three professional references by email to Search Committee Chairperson at <strong>wkudesign@wku.edu.cn</strong>. Official transcripts for all degrees and three current letters of recommendation are required before appointment.</p><p><strong>Faculty positions at WKU offer:</strong></p><ul><li>Annual salary is commensurate with qualifications and experience with the range from $62,000-$68,000 for Lecturers; $66,000-$75,000 for Assistant Professors. Salary of extraordinary candidates shall be determined on a case-by-case basis.</li><li>A well-rounded healthcare coverage, academic travel up to $2,000, housing options and subsidy up to $3,000, home traveling up to $6,000 (2 international round-trip airfares), a reimbursement to cover relocation expenses up to $1,000, shuttle bus to campus for work, and up to 8% front-load retirement benefits within accordance with completion of years of service with the University.</li><li>WKU tuition waiver up to 80% for spouse/dependent children of faculty for undergraduate programs, and tuition discount of private/international kindergarten, elementary, middle and high schools for children of faculty.\u00a0</li><li>A collegial environment.</li><li>The opportunity to teach high quality students. About 45% of graduates have been admitted to the graduate schools at the World\u00e2\u0080\u0099s Top 50 Universities, and about 60% of graduates at the World\u00e2\u0080\u0099s Top 100 Universities.</li></ul><p><strong>Background Screening:</strong></p><p>Wenzhou-Kean University conducts background screenings on all job candidates upon acceptance of a contingent offer and may use a third party administrator to conduct background Screenings.</p>\n</div>", "requirements_description": "N/A", "conditions_description": "N/A", "employer_description": "N/A", "department_description": "N/A", "additional_information": "N/A", "apply_link": "N/A", "employer_link": "N/A", "job_type": "N/A", "logo": "https://content.academicpositions.com/eyJidWNrZXQiOiJhcC1wcm9kdWN0aW9uLW1lZGlhLWFyY2hpdmUiLCJrZXkiOiIyODNcLzY0NFwvMjgzNjQ0MTViNjFlMWM1NTViMTU2ZjljNjM5MjZmMTYucG5nIiwiZWRpdHMiOltdfQ=="}