{"url": "https://academicpositions.com/ad/king-abdullah-university-science-technology-kaust/2021/postdoctoral-research-fellow-positions-cybersecurity-and-dependability-202122/163275", "title": "Postdoctoral Research Fellow Positions - Cybersecurity and Dependability - 2021/22", "publish_date": "2021-09-08", "deadline": "2022-03-30", "location": "King Abdullah University of Science and Technology Thuwal, Saudi Arabia", "city": "King Abdullah University of Science and Technology Thuwal", "country": "Saudi Arabia", "position": "Postdoc", "field": "Computational Sciences, Cyber Security, Informatics,", "salary": "N/A", "max_working_hours": "N/A", "employer": "King Abdullah University of Science and Technology (KAUST)", "job_description": "N/A", "requirements_description": "N/A", "conditions_description": "N/A", "employer_description": "N/A", "department_description": "N/A", "additional_information": "N/A", "apply_link": "N/A", "employer_link": "N/A", "job_type": "N/A", "logo": "https://content.academicpositions.com/eyJidWNrZXQiOiJhcC1wcm9kdWN0aW9uLW1lZGlhLWFyY2hpdmUiLCJrZXkiOiIyMDEzXC8xMFwva2F1c3QucG5nIiwiZWRpdHMiOltdfQ=="}