{"url": "https://academicpositions.com/ad/king-abdullah-university-science-technology-kaust/2021/faculty-position-in-structural-biology-cryo-electron-microscopy-2022/173427", "title": "Faculty Position in Structural Biology - Cryo-Electron Microscopy - 2022", "publish_date": "2021-12-22", "deadline": "N/A", "location": "King Abdullah University of Science and Technology Thuwal, Saudi Arabia", "city": "King Abdullah University of Science and Technology Thuwal", "country": "Saudi Arabia", "position": "Other Category", "field": "Animal Biology & Ethology, Bioinformatics, Biostatistics, Biotechnology, Botany and plant science, and 26 moreCancer Research,Cell Biology,Chronobiology,Computational Biology,Developmental Biology,Ecology,Entomology,Evolutionary Biology,Genetics,Histology,Human Biology,Limnology,Marine Biology,Microbiology,Molecular Biology,Mycology,Nanobiology,Neuroscience,Paleobiology,Parasitology,Physiology,Structural Biology,Systematics (Taxonomy),Systems Biology,Virology,Zoology", "salary": "N/A", "max_working_hours": "N/A", "employer": "King Abdullah University of Science and Technology (KAUST)", "job_description": "N/A", "requirements_description": "N/A", "conditions_description": "N/A", "employer_description": "N/A", "department_description": "N/A", "additional_information": "N/A", "apply_link": "N/A", "employer_link": "N/A", "job_type": "N/A", "logo": "https://content.academicpositions.com/eyJidWNrZXQiOiJhcC1wcm9kdWN0aW9uLW1lZGlhLWFyY2hpdmUiLCJrZXkiOiIyMDEzXC8xMFwva2F1c3QucG5nIiwiZWRpdHMiOltdfQ=="}