{
  "url":"https://metadatacatalogue.lifewatch.eu/srv/eng/catalog.search#/metadata/20630581-de64-41d8-ab92-1103f600ae04",
  "name":"Alien and Invasive Species Virtual Research Environment",
  "description":"The LifeWatch Italy national node has realised the Alien and Invasive Species Virtual Research Environment (Alien Species VRE) for supporting researchers to address basic and applied studies on ecosystem vulnerability to alien species arrival.\nThe Alien Species VRE allows to:\n- access and download harmonised data on the national distribution of species of fauna and flora belonging to different habitats (marine, fresh and transitional waters, and terrestrial) published through the LifeWatch Italy Data Portal and distributed by the LifeWatch ERIC Metadata Catalogue;\n- upload their own datasets structured according to the LifeWatch Italy Data Schema in order to execute the service included in the VRE.",
  "datePublished":"2016-01-01",
  "language":"en",
  "creator":"LifeWatch",
  "metadataProvider":"N/A",
  "contact":"Giuseppe Corriero, Cataldo Pierri, Angela Boggero, Paolo Tagliolato",
  "associatedParty":"University of Bari, Biology Department",
  "licenseInformation":"N/A",
  "downloadLink":"http://ecoportal.lifewatch.eu/ontologies/ALIENSPECIES",
  "keywords":"alien species, ecosystem vulnerability, Virtual Research Environment, thesaurus, data analysis  ",
  "geographicCoverage":"N/A",
  "westBoundingCoordinate":"N/A",
  "eastBoundingCoordinate":"N/A",
  "northBoundingCoordinate":"N/A",
  "southBoundingCoordinate":"N/A",
  "dateCreated":"N/A",
  "temporalCoverageEndDate":"N/A",
  "license":"N/A",
  "distribution":"N/A",
  "distributionInfo":"N/A",
  "identifier":"N/A",
  "accessibilitySummary":"N/A",
  "version":"N/A",
  "temporalCoverage":"N/A",
  "publisher":"N/A",
  "spatial":"N/A",
  "citation":"N/A",
  "genre":"N/A",
  "modificationDate":"N/A",
  "image":"N/A",
  "thumbnailUrl":"N/A",
  "headline":"LifeWatch ERIC Metadata Catalogue",
  "abstract":"N/A",
  "theme":"N/A",
  "creditText":"N/A",
  "producer":"N/A",
  "author":"N/A",
  "spatialCoverage":"N/A",
  "sponsor":"N/A",
  "size":"N/A",
  "sameAs":"N/A",
  "publication":"N/A",
  "provider":"N/A",
  "position":"N/A",
  "measurementTechnique":"N/A",
  "material":"N/A",
  "maintainer":"N/A",
  "locationCreated":"N/A",
  "issn":"N/A",
  "isPartOf":"N/A",
  "isBasedOn":"N/A",
  "isAccessibleForFree":"N/A",
  "includedInDataCatalog":"N/A",
  "editor":"N/A",
  "editEIDR":"N/A",
  "copyrightYear":"N/A",
  "copyrightNotice":"N/A",
  "copyrightHolder":"N/A",
  "contributor":"N/A",
  "contentReferenceTime":"N/A",
  "contentLocation":"N/A",
  "character":"N/A",
  "acquireLicensePage":"N/A",
  "accessModeSufficient":"N/A",
  "about":"N/A",
  "rights":"N/A",
  "relation":"N/A",
  "qualifiedRelation":"N/A",
  "qualifiedAttribution":"N/A",
  "previousVersion":"N/A",
  "nextVersion":"N/A",
  "landingPage":"N/A",
  "isReferencedBy":"N/A",
  "hasVersion":"N/A",
  "hasPolicy":"N/A",
  "hasCurrentVersion":"N/A",
  "useConstraints":"N/A",
  "status":"N/A",
  "spatialRepresentationType":"N/A",
  "scope":"N/A",
  "purpose":"N/A",
  "otherLocale":"N/A",
  "metadataProfile":"N/A",
  "metadataLinkage":"N/A",
  "metadataIdentifier":"N/A",
  "environmentDescription":"N/A",
  "contentInfo":"N/A",
  "ResearchInfrastructure":"LifeWatch",
  "EssentialVariables":"N/A",
  "potentialTopics":"N/A"
}