{
  "url":"https://metadatacatalogue.lifewatch.eu/srv/eng/catalog.search#/metadata/2c294dd0-4849-42f6-bfd4-8af065f1e3da",
  "name":"Phytoplankton Virtual Research Environment",
  "description":"The LifeWatch Italy national node has realised the Phytoplankton Virtual Research Environment (Phyto VRE) for supporting researchers to address basic and applied studies on phytoplankton ecology at a level of resolution going from individual cells to whole assemblages.\nThe Phyto VRE enables researchers to:\n- produce harmonised data on taxonomy and morphological traits by using the Atlas of Phytoplankton, Atlas of Shapes and Phytoplankton Traits Thesaurus;\n- access, download, and select LifeWatch Italy datasets (published through the LifeWatch Italy Data Portal and distributed by the LifeWatch ERIC Metadata Catalogue) or upload their own datasets structured according to the Phyto template based on the LifeWatch Italy Data Schema in order to execute the services included in the VRE;\n- faciliatate the computation of morphological and demographic traits (such as hidden dimension, biovolume, surface area, surface-volume ratio, cell carbon content, etc.) and investigate their distribution patterns at different levels of data aggregation (i.e. spatial, temporal, taxonomic) by means of services which automate a set of operations written in the R language.",
  "datePublished":"2021-01-01",
  "language":"en",
  "creator":"LifeWatch",
  "metadataProvider":"N/A",
  "contact":"Elena Stanca, Leonilde Roselli, Francesco Cozzoli, Nicola Fiore, Alberto Basset, Lucia Vaira, Ilaria Rosati, Maria Teresa Manca",
  "associatedParty":"Stazione Zoologica Anton Dohrn, Naples (Italy)",
  "licenseInformation":"N/A",
  "downloadLink":"https://www.phytovre.lifewatchitaly.eu/",
  "keywords":"Virtual Research Environment, phytoplankton, functional traits, atlas of shapes, taxonomy, controlled vocabulary, computational services, data analysis  ",
  "geographicCoverage":"N/A",
  "westBoundingCoordinate":"N/A",
  "eastBoundingCoordinate":"N/A",
  "northBoundingCoordinate":"N/A",
  "southBoundingCoordinate":"N/A",
  "dateCreated":"N/A",
  "temporalCoverageEndDate":"N/A",
  "license":"N/A",
  "distribution":"N/A",
  "distributionInfo":"N/A",
  "identifier":"N/A",
  "accessibilitySummary":"N/A",
  "version":"N/A",
  "temporalCoverage":"N/A",
  "publisher":"N/A",
  "spatial":"N/A",
  "citation":"N/A",
  "genre":"N/A",
  "modificationDate":"N/A",
  "image":"N/A",
  "thumbnailUrl":"N/A",
  "headline":"LifeWatch ERIC Metadata Catalogue",
  "abstract":"N/A",
  "theme":"N/A",
  "creditText":"N/A",
  "producer":"N/A",
  "author":"N/A",
  "spatialCoverage":"N/A",
  "sponsor":"N/A",
  "size":"N/A",
  "sameAs":"N/A",
  "publication":"N/A",
  "provider":"N/A",
  "position":"N/A",
  "measurementTechnique":"N/A",
  "material":"N/A",
  "maintainer":"N/A",
  "locationCreated":"N/A",
  "issn":"N/A",
  "isPartOf":"N/A",
  "isBasedOn":"N/A",
  "isAccessibleForFree":"N/A",
  "includedInDataCatalog":"N/A",
  "editor":"N/A",
  "editEIDR":"N/A",
  "copyrightYear":"N/A",
  "copyrightNotice":"N/A",
  "copyrightHolder":"N/A",
  "contributor":"N/A",
  "contentReferenceTime":"N/A",
  "contentLocation":"N/A",
  "character":"N/A",
  "acquireLicensePage":"N/A",
  "accessModeSufficient":"N/A",
  "about":"N/A",
  "rights":"N/A",
  "relation":"N/A",
  "qualifiedRelation":"N/A",
  "qualifiedAttribution":"N/A",
  "previousVersion":"N/A",
  "nextVersion":"N/A",
  "landingPage":"N/A",
  "isReferencedBy":"N/A",
  "hasVersion":"N/A",
  "hasPolicy":"N/A",
  "hasCurrentVersion":"N/A",
  "useConstraints":"N/A",
  "status":"N/A",
  "spatialRepresentationType":"N/A",
  "scope":"N/A",
  "purpose":"N/A",
  "otherLocale":"N/A",
  "metadataProfile":"N/A",
  "metadataLinkage":"N/A",
  "metadataIdentifier":"N/A",
  "environmentDescription":"N/A",
  "contentInfo":"N/A",
  "ResearchInfrastructure":"LifeWatch",
  "EssentialVariables":"N/A",
  "potentialTopics":"N/A"
}