{
  "url":"https://metadatacatalogue.lifewatch.eu/srv/eng/catalog.search#/metadata/f9bd669f-bca8-4784-bb17-d53bfb37594e",
  "name":"TITAN-DRAMA",
  "description":"TITAN comprises a well-grounded stack of Big Data technologies including Apache Kafka for inter-component communication, Apache Avro for data serialisation and Apache Spark for data analytics. Furthermore, DRAMA framework is the underlying workflow orchestrator engine used by TITAN.",
  "datePublished":"2021-01-01",
  "language":"en",
  "creator":"LifeWatch",
  "metadataProvider":"N/A",
  "contact":"Lucia Vaira, Juan Miguel GONZÁLEZ-ARANDA",
  "associatedParty":"LifeWatchGreece, HCMR",
  "licenseInformation":"N/A",
  "downloadLink":"http://51.210.124.210:8000/api",
  "keywords":"big data analytics, semantics knowledge extraction, workflow orchestrator  ",
  "geographicCoverage":"N/A",
  "westBoundingCoordinate":"N/A",
  "eastBoundingCoordinate":"N/A",
  "northBoundingCoordinate":"N/A",
  "southBoundingCoordinate":"N/A",
  "dateCreated":"N/A",
  "temporalCoverageEndDate":"N/A",
  "license":"N/A",
  "distribution":"N/A",
  "distributionInfo":"N/A",
  "identifier":"N/A",
  "accessibilitySummary":"N/A",
  "version":"N/A",
  "temporalCoverage":"N/A",
  "publisher":"N/A",
  "spatial":"N/A",
  "citation":"N/A",
  "genre":"N/A",
  "modificationDate":"N/A",
  "image":"N/A",
  "thumbnailUrl":"N/A",
  "headline":"LifeWatch ERIC Metadata Catalogue",
  "abstract":"N/A",
  "theme":"N/A",
  "creditText":"N/A",
  "producer":"N/A",
  "author":"N/A",
  "spatialCoverage":"N/A",
  "sponsor":"N/A",
  "size":"N/A",
  "sameAs":"N/A",
  "publication":"N/A",
  "provider":"N/A",
  "position":"N/A",
  "measurementTechnique":"N/A",
  "material":"N/A",
  "maintainer":"N/A",
  "locationCreated":"N/A",
  "issn":"N/A",
  "isPartOf":"N/A",
  "isBasedOn":"N/A",
  "isAccessibleForFree":"N/A",
  "includedInDataCatalog":"N/A",
  "editor":"N/A",
  "editEIDR":"N/A",
  "copyrightYear":"N/A",
  "copyrightNotice":"N/A",
  "copyrightHolder":"N/A",
  "contributor":"N/A",
  "contentReferenceTime":"N/A",
  "contentLocation":"N/A",
  "character":"N/A",
  "acquireLicensePage":"N/A",
  "accessModeSufficient":"N/A",
  "about":"N/A",
  "rights":"N/A",
  "relation":"N/A",
  "qualifiedRelation":"N/A",
  "qualifiedAttribution":"N/A",
  "previousVersion":"N/A",
  "nextVersion":"N/A",
  "landingPage":"N/A",
  "isReferencedBy":"N/A",
  "hasVersion":"N/A",
  "hasPolicy":"N/A",
  "hasCurrentVersion":"N/A",
  "useConstraints":"N/A",
  "status":"N/A",
  "spatialRepresentationType":"N/A",
  "scope":"N/A",
  "purpose":"N/A",
  "otherLocale":"N/A",
  "metadataProfile":"N/A",
  "metadataLinkage":"N/A",
  "metadataIdentifier":"N/A",
  "environmentDescription":"N/A",
  "contentInfo":"N/A",
  "ResearchInfrastructure":"LifeWatch",
  "EssentialVariables":"N/A",
  "potentialTopics":"N/A"
}