{
  "url":"https://metadatacatalogue.lifewatch.eu/srv/eng/catalog.search#/metadata/3e4c8e71-ad02-49ed-be9b-c2fb82b22db9",
  "name":"UvA-BiTS Virtual Lab",
  "description":"The Bird Movement Modelling virtual lab was developed by SURFsara Computing & Networking Services and the Institute for Biodiversity and Ecosystem Dynamics of the University of Amsterdam. It is an e-Science infrastructure designed for users of the UvA Bird Tracking System (UvA-BiTS), a bio-logging system which includes hardware, software and a supporting data infrastructure. The VL-BMM can be used by project partners to control the tracking system, access data log files, access processed data from a centralized PostgreSQL database, explore or analyze measurements of the UvA-BiTS. The VL-BMM also includes a website where the public view and interact with the most recently downloaded data from select projects.",
  "datePublished":"2012-01-01",
  "language":"en",
  "creator":"LifeWatch",
  "metadataProvider":"N/A",
  "contact":"Judy Shamoun-Baranes",
  "associatedParty":"University of Amsterdam",
  "licenseInformation":"N/A",
  "downloadLink":"https://www.uva-bits.nl/virtual-lab/",
  "keywords":"GPS tracking, database, birds, visualization  ",
  "geographicCoverage":"N/A",
  "westBoundingCoordinate":"N/A",
  "eastBoundingCoordinate":"N/A",
  "northBoundingCoordinate":"N/A",
  "southBoundingCoordinate":"N/A",
  "dateCreated":"N/A",
  "temporalCoverageEndDate":"N/A",
  "license":"N/A",
  "distribution":"N/A",
  "distributionInfo":"N/A",
  "identifier":"N/A",
  "accessibilitySummary":"N/A",
  "version":"N/A",
  "temporalCoverage":"N/A",
  "publisher":"N/A",
  "spatial":"N/A",
  "citation":"N/A",
  "genre":"N/A",
  "modificationDate":"N/A",
  "image":"N/A",
  "thumbnailUrl":"N/A",
  "headline":"LifeWatch ERIC Metadata Catalogue",
  "abstract":"N/A",
  "theme":"N/A",
  "creditText":"N/A",
  "producer":"N/A",
  "author":"N/A",
  "spatialCoverage":"N/A",
  "sponsor":"N/A",
  "size":"N/A",
  "sameAs":"N/A",
  "publication":"N/A",
  "provider":"N/A",
  "position":"N/A",
  "measurementTechnique":"N/A",
  "material":"N/A",
  "maintainer":"N/A",
  "locationCreated":"N/A",
  "issn":"N/A",
  "isPartOf":"N/A",
  "isBasedOn":"N/A",
  "isAccessibleForFree":"N/A",
  "includedInDataCatalog":"N/A",
  "editor":"N/A",
  "editEIDR":"N/A",
  "copyrightYear":"N/A",
  "copyrightNotice":"N/A",
  "copyrightHolder":"N/A",
  "contributor":"N/A",
  "contentReferenceTime":"N/A",
  "contentLocation":"N/A",
  "character":"N/A",
  "acquireLicensePage":"N/A",
  "accessModeSufficient":"N/A",
  "about":"N/A",
  "rights":"N/A",
  "relation":"N/A",
  "qualifiedRelation":"N/A",
  "qualifiedAttribution":"N/A",
  "previousVersion":"N/A",
  "nextVersion":"N/A",
  "landingPage":"N/A",
  "isReferencedBy":"N/A",
  "hasVersion":"N/A",
  "hasPolicy":"N/A",
  "hasCurrentVersion":"N/A",
  "useConstraints":"N/A",
  "status":"N/A",
  "spatialRepresentationType":"N/A",
  "scope":"N/A",
  "purpose":"N/A",
  "otherLocale":"N/A",
  "metadataProfile":"N/A",
  "metadataLinkage":"N/A",
  "metadataIdentifier":"N/A",
  "environmentDescription":"N/A",
  "contentInfo":"N/A",
  "ResearchInfrastructure":"LifeWatch",
  "EssentialVariables":"N/A",
  "potentialTopics":"N/A"
}