{
  "url":"https://metadatacatalogue.lifewatch.eu/srv/eng/catalog.search#/metadata/189ba300-8317-493a-be31-4a28d1072ec8",
  "name":"Ecological Modeling",
  "description":"This vLab comprises of two online coupled models, which are parameterised and initialised for the specific conditions at a few specifically identified areas for which the required datasets exist. In an attempt to make the tool user friendly a graphic user interface (GUI) developed in the course of previous projects will be used. The GUI allows the user to view model results dynamically through any internet browser. Model results will be stored at the HCMR servers and the user will be able to select the area, scenario, and parameter required, which will then be returned as results in the form of plots. All model parameters and options will be available to the user online. The ultimate operation, therefore, of this vLab will be to allow the user to submit a request for the model to run under a different scenario than those already available.",
  "datePublished":"2021-01-01",
  "language":"en",
  "creator":"LifeWatch",
  "metadataProvider":"N/A",
  "contact":"Emmanouela Panteri",
  "associatedParty":"LifeWatchGreece, HCMR",
  "licenseInformation":"N/A",
  "downloadLink":"https://portal.lifewatchgreece.eu/",
  "keywords":"coupled models, user scenarios, eutrophication, nutrients, fish population load",
  "geographicCoverage":"N/A",
  "westBoundingCoordinate":"N/A",
  "eastBoundingCoordinate":"N/A",
  "northBoundingCoordinate":"N/A",
  "southBoundingCoordinate":"N/A",
  "dateCreated":"N/A",
  "temporalCoverageEndDate":"N/A",
  "license":"N/A",
  "distribution":"N/A",
  "distributionInfo":"N/A",
  "identifier":"N/A",
  "accessibilitySummary":"N/A",
  "version":"N/A",
  "temporalCoverage":"N/A",
  "publisher":"N/A",
  "spatial":"N/A",
  "citation":"N/A",
  "genre":"N/A",
  "modificationDate":"N/A",
  "image":"N/A",
  "thumbnailUrl":"N/A",
  "headline":"LifeWatch ERIC Metadata Catalogue",
  "abstract":"N/A",
  "theme":"N/A",
  "creditText":"N/A",
  "producer":"N/A",
  "author":"N/A",
  "spatialCoverage":"N/A",
  "sponsor":"N/A",
  "size":"N/A",
  "sameAs":"N/A",
  "publication":"N/A",
  "provider":"N/A",
  "position":"N/A",
  "measurementTechnique":"N/A",
  "material":"N/A",
  "maintainer":"N/A",
  "locationCreated":"N/A",
  "issn":"N/A",
  "isPartOf":"N/A",
  "isBasedOn":"N/A",
  "isAccessibleForFree":"N/A",
  "includedInDataCatalog":"N/A",
  "editor":"N/A",
  "editEIDR":"N/A",
  "copyrightYear":"N/A",
  "copyrightNotice":"N/A",
  "copyrightHolder":"N/A",
  "contributor":"N/A",
  "contentReferenceTime":"N/A",
  "contentLocation":"N/A",
  "character":"N/A",
  "acquireLicensePage":"N/A",
  "accessModeSufficient":"N/A",
  "about":"N/A",
  "rights":"N/A",
  "relation":"N/A",
  "qualifiedRelation":"N/A",
  "qualifiedAttribution":"N/A",
  "previousVersion":"N/A",
  "nextVersion":"N/A",
  "landingPage":"N/A",
  "isReferencedBy":"N/A",
  "hasVersion":"N/A",
  "hasPolicy":"N/A",
  "hasCurrentVersion":"N/A",
  "useConstraints":"N/A",
  "status":"N/A",
  "spatialRepresentationType":"N/A",
  "scope":"N/A",
  "purpose":"N/A",
  "otherLocale":"N/A",
  "metadataProfile":"N/A",
  "metadataLinkage":"N/A",
  "metadataIdentifier":"N/A",
  "environmentDescription":"N/A",
  "contentInfo":"N/A",
  "ResearchInfrastructure":"LifeWatch",
  "EssentialVariables":"N/A",
  "potentialTopics":"N/A"
}